sex,year,name,frequency,State,rank,percentage
F,1950,Queen,7,MI,1020,0.005
F,1953,Queen,5,MI,1314,0.003
F,1975,Qiana,6,MI,1413,0.005
F,1976,Qiana,7,MI,1271,0.006
F,1977,Qiana,19,MI,681,0.016
F,1977,Quiana,13,MI,881,0.011
F,1977,Quintella,5,MI,1618,0.004
F,1978,Qiana,31,MI,490,0.025
F,1978,Quiana,20,MI,665,0.016
F,1979,Qiana,21,MI,665,0.017
F,1979,Quiana,17,MI,766,0.013
F,1979,Quinn,9,MI,1161,0.007
F,1980,Qiana,12,MI,946,0.009
F,1980,Quiana,8,MI,1228,0.006
F,1980,Quinn,5,MI,1630,0.004
F,1981,Quiana,9,MI,1081,0.007
F,1981,Quinn,9,MI,1081,0.007
F,1981,Qiana,8,MI,1182,0.006
F,1981,Quintina,7,MI,1283,0.006
F,1982,Qiana,8,MI,1162,0.007
F,1982,Quinn,5,MI,1569,0.004
F,1983,Quiana,7,MI,1234,0.006
F,1984,Qiana,9,MI,1076,0.007
F,1984,Quiana,5,MI,1568,0.004
F,1986,Quinn,5,MI,1654,0.004
F,1987,Quinn,6,MI,1485,0.005
F,1988,Quinn,7,MI,1385,0.006
F,1990,Quanisha,7,MI,1562,0.005
F,1990,Quinn,5,MI,1913,0.004
F,1991,Quinn,8,MI,1432,0.006
F,1992,Quinn,9,MI,1334,0.007
F,1993,Quinn,7,MI,1522,0.006
F,1994,Quinn,7,MI,1556,0.006
F,1995,Quinn,12,MI,1093,0.011
F,1995,Quanisha,8,MI,1411,0.007
F,1996,Quinn,14,MI,991,0.013
F,1996,Quanisha,6,MI,1707,0.005
F,1998,Quinn,10,MI,1298,0.009
F,1998,Quincy,5,MI,2053,0.004
F,1999,Quinn,15,MI,961,0.014
F,2000,Quinn,14,MI,1056,0.013
F,2001,Quinn,13,MI,1093,0.012
F,2001,Quincy,5,MI,2160,0.005
F,2002,Quinn,21,MI,786,0.02
F,2003,Quinn,27,MI,650,0.026
F,2004,Quinn,22,MI,768,0.021
F,2005,Quinn,29,MI,612,0.028
F,2006,Quinn,25,MI,713,0.025
F,2006,Queen,5,MI,2346,0.005
F,2007,Quinn,16,MI,983,0.016
F,2008,Quinn,32,MI,569,0.033
F,2008,Quincy,5,MI,2333,0.005
F,2009,Quinn,20,MI,822,0.022
F,2010,Quinn,60,MI,317,0.067
F,2011,Quinn,69,MI,284,0.077
F,2011,Quincy,6,MI,2027,0.007
F,2012,Quinn,85,MI,234,0.096
F,2013,Quinn,107,MI,192,0.119
F,2014,Quinn,110,MI,192,0.121
F,2015,Quinn,123,MI,167,0.137
F,2015,Quincy,5,MI,2350,0.006
F,2016,Quinn,144,MI,135,0.16
F,2016,Queen,7,MI,1902,0.008
F,2017,Quinn,150,MI,123,0.171
F,2017,Queen,11,MI,1380,0.013
F,2017,Quincy,6,MI,2112,0.007
F,2018,Quinn,175,MI,94,0.203
F,2018,Queen,9,MI,1576,0.01
F,2019,Quinn,119,MI,162,0.142
F,2019,Queen,11,MI,1336,0.013
F,2020,Quinn,123,MI,139,0.153
F,2020,Queen,12,MI,1291,0.015
F,2020,Quincy,5,MI,2304,0.006
F,2021,Quinn,131,MI,122,0.161
F,2021,Queen,6,MI,2073,0.007
F,2021,Quincy,5,MI,2369,0.006
F,2022,Quinn,109,MI,153,0.139
F,2022,Quincy,9,MI,1565,0.011
F,2022,Queen,8,MI,1699,0.01
F,2023,Quinn,109,MI,141,0.145
F,2023,Queen,10,MI,1438,0.013
F,2023,Qamar,6,MI,2064,0.008
F,2023,Quincy,6,MI,2064,0.008
F,2024,Quinn,106,MI,153,0.141
F,2024,Quincy,8,MI,1668,0.011
F,2024,Qamar,5,MI,2302,0.007
M,1918,Quentin,14,MI,506,0.02
M,1919,Quentin,13,MI,517,0.021
M,1920,Quentin,9,MI,656,0.013
M,1921,Quentin,7,MI,777,0.009
M,1923,Quentin,7,MI,765,0.009
M,1924,Quentin,5,MI,925,0.006
M,1925,Quentin,5,MI,916,0.006
M,1944,Quentin,5,MI,1008,0.005
M,1945,Quentin,5,MI,976,0.005
M,1951,Quentin,6,MI,1139,0.004
M,1952,Quentin,7,MI,1065,0.004
M,1953,Quentin,7,MI,1112,0.004
M,1955,Quentin,6,MI,1288,0.003
M,1956,Quentin,12,MI,934,0.006
M,1957,Quintin,5,MI,1490,0.003
M,1957,Quinton,5,MI,1490,0.003
M,1958,Quentin,8,MI,1146,0.004
M,1958,Quincy,5,MI,1471,0.003
M,1958,Quintin,5,MI,1471,0.003
M,1959,Quincy,6,MI,1326,0.003
M,1961,Quintin,10,MI,1036,0.006
M,1961,Quentin,9,MI,1092,0.005
M,1961,Quinton,5,MI,1511,0.003
M,1962,Quentin,7,MI,1211,0.004
M,1962,Quintin,7,MI,1211,0.004
M,1963,Quintin,9,MI,1058,0.005
M,1963,Quentin,8,MI,1134,0.005
M,1963,Quinn,5,MI,1435,0.003
M,1964,Quentin,8,MI,1126,0.005
M,1964,Quintin,8,MI,1126,0.005
M,1965,Quentin,7,MI,1190,0.005
M,1965,Quinton,6,MI,1280,0.004
M,1965,Quintin,5,MI,1423,0.003
M,1966,Quintin,6,MI,1341,0.004
M,1966,Quinton,5,MI,1460,0.003
M,1967,Quentin,6,MI,1341,0.004
M,1967,Quinn,6,MI,1341,0.004
M,1968,Quinn,9,MI,1097,0.006
M,1968,Quentin,8,MI,1154,0.005
M,1968,Quincy,5,MI,1461,0.003
M,1969,Quentin,15,MI,863,0.01
M,1969,Quincy,10,MI,1047,0.007
M,1969,Quinn,6,MI,1391,0.004
M,1970,Quentin,26,MI,650,0.017
M,1970,Quincy,11,MI,1055,0.007
M,1970,Quinn,7,MI,1346,0.005
M,1970,Quan,5,MI,1613,0.003
M,1971,Quentin,22,MI,692,0.015
M,1971,Quincy,13,MI,955,0.009
M,1971,Quinn,9,MI,1184,0.006
M,1972,Quincy,21,MI,680,0.016
M,1972,Quentin,17,MI,780,0.013
M,1972,Quinn,8,MI,1207,0.006
M,1973,Quincy,14,MI,856,0.011
M,1973,Quentin,13,MI,891,0.01
M,1973,Quinton,5,MI,1583,0.004
M,1974,Quincy,14,MI,848,0.012
M,1974,Quentin,11,MI,982,0.009
M,1974,Quinton,6,MI,1418,0.005
M,1975,Quentin,22,MI,634,0.019
M,1975,Quincy,20,MI,675,0.017
M,1975,Quinn,6,MI,1413,0.005
M,1975,Quinton,5,MI,1576,0.004
M,1976,Quincy,25,MI,556,0.022
M,1976,Quentin,22,MI,621,0.019
M,1976,Quinn,8,MI,1170,0.007
M,1977,Quincy,20,MI,653,0.016
M,1977,Quentin,16,MI,772,0.013
M,1977,Quinton,9,MI,1123,0.007
M,1978,Quincy,28,MI,528,0.023
M,1978,Quentin,19,MI,687,0.016
M,1978,Quinn,6,MI,1439,0.005
M,1979,Quentin,16,MI,793,0.013
M,1979,Quincy,12,MI,958,0.009
M,1979,Quinn,9,MI,1161,0.007
M,1979,Quinton,7,MI,1368,0.006
M,1979,Quintin,5,MI,1659,0.004
M,1980,Quincy,21,MI,650,0.016
M,1980,Quentin,20,MI,670,0.016
M,1980,Quinton,15,MI,819,0.012
M,1980,Quintin,7,MI,1336,0.005
M,1980,Quinn,6,MI,1457,0.005
M,1980,Quinten,5,MI,1630,0.004
M,1981,Quincy,15,MI,781,0.012
M,1981,Quentin,11,MI,963,0.009
M,1981,Quinton,7,MI,1283,0.006
M,1982,Quentin,18,MI,702,0.015
M,1982,Quincy,10,MI,1014,0.008
M,1982,Quinton,9,MI,1088,0.007
M,1982,Quintin,8,MI,1162,0.007
M,1982,Quenton,5,MI,1569,0.004
M,1983,Quentin,31,MI,470,0.026
M,1983,Quinton,13,MI,853,0.011
M,1983,Quintin,9,MI,1061,0.008
M,1983,Quincy,8,MI,1144,0.007
M,1983,Quinten,5,MI,1506,0.004
M,1984,Quentin,25,MI,559,0.021
M,1984,Quincy,14,MI,814,0.012
M,1984,Quintin,11,MI,945,0.009
M,1984,Quinton,10,MI,1001,0.008
M,1985,Quentin,28,MI,511,0.023
M,1985,Quincy,11,MI,979,0.009
M,1985,Quinton,10,MI,1042,0.008
M,1985,Quinn,6,MI,1419,0.005
M,1985,Quintin,6,MI,1419,0.005
M,1986,Quentin,16,MI,764,0.013
M,1986,Quinton,14,MI,846,0.012
M,1986,Quincy,9,MI,1106,0.007
M,1986,Quinn,8,MI,1209,0.007
M,1986,Quintin,8,MI,1209,0.007
M,1987,Quentin,26,MI,571,0.021
M,1987,Quincy,8,MI,1268,0.007
M,1987,Quinn,8,MI,1268,0.007
M,1987,Quintin,8,MI,1268,0.007
M,1988,Quentin,21,MI,656,0.017
M,1988,Quincy,11,MI,1027,0.009
M,1988,Quinton,7,MI,1385,0.006
M,1988,Quinn,6,MI,1528,0.005
M,1988,Quintin,6,MI,1528,0.005
M,1989,Quentin,31,MI,533,0.024
M,1989,Quinton,21,MI,729,0.016
M,1989,Quincy,14,MI,959,0.011
M,1989,Quinn,11,MI,1117,0.008
M,1989,Quintin,9,MI,1273,0.007
M,1990,Quentin,29,MI,593,0.022
M,1990,Quincy,22,MI,722,0.016
M,1990,Quinton,20,MI,780,0.015
M,1990,Quinn,13,MI,1052,0.01
M,1990,Quintin,11,MI,1171,0.008
M,1990,Quinten,9,MI,1341,0.007
M,1990,Quintez,5,MI,1913,0.004
M,1991,Quentin,30,MI,571,0.023
M,1991,Quinton,30,MI,571,0.023
M,1991,Quinn,19,MI,790,0.015
M,1991,Quincy,14,MI,993,0.011
M,1991,Quintin,10,MI,1236,0.008
M,1991,Quartez,5,MI,1939,0.004
M,1991,Quayshaun,5,MI,1939,0.004
M,1991,Quinten,5,MI,1939,0.004
M,1992,Quincy,23,MI,673,0.019
M,1992,Quentin,20,MI,769,0.016
M,1992,Quinton,18,MI,826,0.015
M,1992,Quinn,14,MI,978,0.011
M,1992,Quintin,11,MI,1163,0.009
M,1993,Quentin,23,MI,678,0.019
M,1993,Quincy,16,MI,898,0.013
M,1993,Quinn,15,MI,940,0.013
M,1993,Quinton,10,MI,1232,0.008
M,1993,Quinten,5,MI,1887,0.004
M,1994,Quinton,42,MI,424,0.036
M,1994,Quinn,26,MI,619,0.022
M,1994,Quentin,22,MI,708,0.019
M,1994,Quincy,17,MI,878,0.015
M,1994,Quintin,11,MI,1153,0.009
M,1994,Quinten,10,MI,1228,0.009
M,1995,Quentin,38,MI,454,0.034
M,1995,Quinton,33,MI,508,0.029
M,1995,Quinn,23,MI,677,0.02
M,1995,Quintin,22,MI,709,0.019
M,1995,Quincy,13,MI,1044,0.011
M,1995,Quinten,10,MI,1228,0.009
M,1996,Quinton,31,MI,544,0.028
M,1996,Quinn,24,MI,676,0.021
M,1996,Quentin,21,MI,730,0.019
M,1996,Quincy,13,MI,1040,0.012
M,1996,Quintin,13,MI,1040,0.012
M,1996,Quinten,5,MI,1898,0.004
M,1997,Quentin,51,MI,387,0.046
M,1997,Quinton,33,MI,527,0.03
M,1997,Quinn,30,MI,564,0.027
M,1997,Quincy,14,MI,1000,0.013
M,1997,Quintin,13,MI,1042,0.012
M,1997,Quinten,12,MI,1099,0.011
M,1998,Quentin,41,MI,453,0.037
M,1998,Quinn,33,MI,544,0.03
M,1998,Quinton,27,MI,622,0.024
M,1998,Quintin,21,MI,760,0.019
M,1998,Quincy,11,MI,1207,0.01
M,1998,Quinten,8,MI,1481,0.007
M,1998,Quantez,5,MI,2053,0.004
M,1999,Quentin,38,MI,490,0.034
M,1999,Quinn,37,MI,504,0.034
M,1999,Quinton,26,MI,655,0.024
M,1999,Quincy,13,MI,1087,0.012
M,1999,Quinten,13,MI,1087,0.012
M,1999,Quintin,13,MI,1087,0.012
M,1999,Quinlan,7,MI,1693,0.006
M,2000,Quentin,32,MI,577,0.029
M,2000,Quinn,30,MI,613,0.027
M,2000,Quinton,20,MI,816,0.018
M,2000,Quincy,13,MI,1123,0.012
M,2000,Quintin,13,MI,1123,0.012
M,2000,Quinten,9,MI,1422,0.008
M,2001,Quinn,46,MI,433,0.042
M,2001,Quentin,32,MI,574,0.03
M,2001,Quinton,17,MI,901,0.016
M,2001,Quintin,15,MI,974,0.014
M,2001,Quincy,14,MI,1028,0.013
M,2001,Quinten,5,MI,2160,0.005
M,2002,Quinn,32,MI,552,0.031
M,2002,Quentin,29,MI,594,0.028
M,2002,Quinton,21,MI,786,0.02
M,2002,Quincy,18,MI,888,0.017
M,2002,Quintin,15,MI,1000,0.014
M,2002,Quinten,11,MI,1220,0.01
M,2003,Quinn,35,MI,534,0.033
M,2003,Quentin,30,MI,602,0.028
M,2003,Quincy,16,MI,968,0.015
M,2003,Quintin,15,MI,1015,0.014
M,2003,Quinton,15,MI,1015,0.014
M,2003,Quinten,9,MI,1462,0.009
M,2004,Quinn,38,MI,498,0.036
M,2004,Quentin,34,MI,549,0.033
M,2004,Quintin,18,MI,900,0.017
M,2004,Quinton,15,MI,1014,0.014
M,2004,Quincy,12,MI,1189,0.012
M,2004,Quinten,7,MI,1769,0.007
M,2005,Quinn,48,MI,426,0.047
M,2005,Quincy,24,MI,721,0.024
M,2005,Quintin,23,MI,745,0.023
M,2005,Quentin,19,MI,855,0.019
M,2005,Quinton,17,MI,947,0.017
M,2005,Quinten,11,MI,1284,0.011
M,2006,Quinn,47,MI,426,0.046
M,2006,Quentin,29,MI,639,0.029
M,2006,Quincy,20,MI,849,0.02
M,2006,Quinton,13,MI,1149,0.013
M,2006,Quintin,10,MI,1398,0.01
M,2006,Quinten,9,MI,1514,0.009
M,2007,Quinn,54,MI,375,0.054
M,2007,Quinton,22,MI,778,0.022
M,2007,Quentin,21,MI,804,0.021
M,2007,Quintin,13,MI,1163,0.013
M,2007,Quincy,10,MI,1448,0.01
M,2007,Quinten,9,MI,1551,0.009
M,2008,Quentin,36,MI,516,0.038
M,2008,Quinn,36,MI,516,0.038
M,2008,Quinton,18,MI,913,0.019
M,2008,Quincy,16,MI,1011,0.017
M,2008,Quinten,8,MI,1703,0.008
M,2008,Quintin,7,MI,1858,0.007
M,2009,Quinn,48,MI,391,0.052
M,2009,Quentin,32,MI,566,0.035
M,2009,Quinton,20,MI,822,0.022
M,2009,Quinten,15,MI,1020,0.016
M,2009,Quincy,13,MI,1132,0.014
M,2009,Quintin,9,MI,1516,0.01
M,2010,Quinn,35,MI,510,0.039
M,2010,Quentin,24,MI,702,0.027
M,2010,Quinton,18,MI,888,0.02
M,2010,Quintin,15,MI,1023,0.017
M,2010,Quincy,14,MI,1095,0.016
M,2010,Quinten,6,MI,2007,0.007
M,2010,Quinlan,5,MI,2288,0.006
M,2011,Quinn,42,MI,451,0.047
M,2011,Quentin,25,MI,695,0.028
M,2011,Quinton,19,MI,850,0.021
M,2011,Quincy,14,MI,1072,0.016
M,2011,Quinten,8,MI,1656,0.009
M,2011,Quintin,8,MI,1656,0.009
M,2012,Quinn,40,MI,487,0.045
M,2012,Quentin,21,MI,791,0.024
M,2012,Quinton,15,MI,1035,0.017
M,2012,Quincy,11,MI,1308,0.012
M,2012,Quintin,10,MI,1390,0.011
M,2012,Quinten,6,MI,1989,0.007
M,2013,Quinn,32,MI,578,0.036
M,2013,Quentin,21,MI,808,0.023
M,2013,Quincy,21,MI,808,0.023
M,2013,Quinton,21,MI,808,0.023
M,2013,Quintin,15,MI,1048,0.017
M,2013,Quinten,11,MI,1316,0.012
M,2014,Quinn,33,MI,575,0.036
M,2014,Quentin,19,MI,892,0.021
M,2014,Quinton,18,MI,934,0.02
M,2014,Quinten,14,MI,1132,0.015
M,2014,Quincy,13,MI,1193,0.014
M,2014,Quintin,11,MI,1337,0.012
M,2015,Quentin,33,MI,569,0.037
M,2015,Quinn,27,MI,661,0.03
M,2015,Quinton,18,MI,929,0.02
M,2015,Quincy,16,MI,1032,0.018
M,2015,Quinten,9,MI,1589,0.01
M,2015,Quintin,7,MI,1883,0.008
M,2016,Quinn,37,MI,528,0.041
M,2016,Quentin,21,MI,835,0.023
M,2016,Quincy,21,MI,835,0.023
M,2016,Quinton,18,MI,942,0.02
M,2016,Quintin,9,MI,1582,0.01
M,2017,Quinn,30,MI,636,0.034
M,2017,Quentin,20,MI,861,0.023
M,2017,Quinton,17,MI,977,0.019
M,2017,Quincy,14,MI,1146,0.016
M,2017,Quintin,11,MI,1380,0.013
M,2017,Quinten,6,MI,2112,0.007
M,2018,Quinn,35,MI,549,0.041
M,2018,Quinton,21,MI,852,0.024
M,2018,Quentin,15,MI,1110,0.017
M,2018,Quincy,9,MI,1576,0.01
M,2018,Quintin,7,MI,1877,0.008
M,2018,Quill,5,MI,2325,0.006
M,2018,Quinten,5,MI,2325,0.006
M,2019,Quinn,23,MI,786,0.027
M,2019,Quentin,16,MI,1025,0.019
M,2019,Quincy,10,MI,1428,0.012
M,2019,Quintin,9,MI,1540,0.011
M,2019,Quinton,9,MI,1540,0.011
M,2019,Quinten,6,MI,2035,0.007
M,2019,Quadir,5,MI,2299,0.006
M,2020,Quinn,21,MI,832,0.026
M,2020,Quentin,16,MI,1019,0.02
M,2020,Quincy,14,MI,1140,0.017
M,2020,Quinton,14,MI,1140,0.017
M,2020,Quinten,11,MI,1362,0.014
M,2020,Quintin,7,MI,1859,0.009
M,2021,Quinn,25,MI,711,0.031
M,2021,Quentin,20,MI,871,0.025
M,2021,Quinton,13,MI,1196,0.016
M,2021,Quadir,6,MI,2073,0.007
M,2021,Quincy,6,MI,2073,0.007
M,2022,Quentin,16,MI,1026,0.02
M,2022,Quinn,16,MI,1026,0.02
M,2022,Quinton,12,MI,1275,0.015
M,2022,Quincy,8,MI,1699,0.01
M,2022,Quinten,6,MI,2066,0.008
M,2023,Quinn,22,MI,784,0.029
M,2023,Quinton,10,MI,1438,0.013
M,2023,Quentin,9,MI,1556,0.012
M,2023,Quintin,9,MI,1556,0.012
M,2023,Quincy,8,MI,1688,0.011
M,2024,Quinn,18,MI,932,0.024
M,2024,Quincy,17,MI,992,0.023
M,2024,Quentin,10,MI,1434,0.013
M,2024,Quinten,6,MI,2029,0.008
M,2024,Quinton,6,MI,2029,0.008
F,1928,Queen,5,MO,856,0.009
F,1936,Queen,7,MO,666,0.013
F,1938,Queen,6,MO,724,0.011
F,1952,Queen,5,MO,951,0.006
F,1956,Queen,5,MO,1063,0.005
F,1977,Qiana,5,MO,1095,0.008
F,1978,Quiana,9,MO,748,0.014
F,1978,Qiana,8,MO,797,0.012
F,1979,Quiana,11,MO,689,0.016
F,1979,Qiana,7,MO,913,0.01
F,1980,Quiana,15,MO,572,0.021
F,1980,Qiana,11,MO,696,0.016
F,1980,Quinn,5,MO,1114,0.007
F,1981,Quiana,10,MO,710,0.015
F,1982,Quiana,6,MO,988,0.009
F,1983,Quiana,7,MO,878,0.01
F,1984,Quiana,7,MO,879,0.01
F,1985,Quiana,7,MO,897,0.01
F,1988,Quiana,5,MO,1168,0.007
F,1989,Quiana,6,MO,1091,0.009
F,1994,Quinn,5,MO,1247,0.008
F,1997,Quiana,5,MO,1361,0.008
F,1998,Quinn,5,MO,1420,0.008
F,1999,Quinn,6,MO,1246,0.009
F,2001,Quinn,9,MO,958,0.015
F,2002,Quincy,5,MO,1460,0.008
F,2003,Quinn,9,MO,1010,0.014
F,2004,Quinn,10,MO,962,0.016
F,2005,Quinn,10,MO,980,0.016
F,2005,Quincy,7,MO,1292,0.011
F,2006,Quinn,8,MO,1224,0.012
F,2007,Quinn,8,MO,1250,0.012
F,2008,Quinn,13,MO,887,0.02
F,2008,Quincy,5,MO,1765,0.008
F,2009,Quinn,12,MO,920,0.02
F,2010,Quinn,23,MO,559,0.038
F,2010,Quincy,5,MO,1729,0.008
F,2011,Quinn,43,MO,318,0.072
F,2011,Quincy,6,MO,1538,0.01
F,2012,Quinn,63,MO,215,0.107
F,2012,Quincy,5,MO,1723,0.009
F,2013,Quinn,69,MO,203,0.117
F,2013,Quincy,6,MO,1513,0.01
F,2014,Quinn,70,MO,205,0.118
F,2014,Quincy,10,MO,1074,0.017
F,2014,Queen,5,MO,1799,0.008
F,2015,Quinn,91,MO,149,0.155
F,2015,Quincy,11,MO,1011,0.019
F,2016,Quinn,97,MO,133,0.165
F,2016,Quincy,10,MO,1100,0.017
F,2016,Queen,7,MO,1419,0.012
F,2017,Quinn,97,MO,131,0.172
F,2018,Quinn,96,MO,131,0.169
F,2018,Queen,9,MO,1191,0.016
F,2018,Quincy,7,MO,1424,0.012
F,2018,Quinley,5,MO,1818,0.009
F,2019,Quinn,82,MO,155,0.148
F,2019,Quincy,8,MO,1312,0.014
F,2019,Queen,5,MO,1811,0.009
F,2020,Quinn,74,MO,165,0.14
F,2020,Queen,8,MO,1297,0.015
F,2020,Quincy,8,MO,1297,0.015
F,2020,Quinley,6,MO,1577,0.011
F,2021,Quinn,78,MO,154,0.147
F,2021,Quincy,10,MO,1105,0.019
F,2021,Queen,6,MO,1590,0.011
F,2022,Quinn,75,MO,152,0.144
F,2022,Quincy,9,MO,1195,0.017
F,2022,Quinley,6,MO,1592,0.012
F,2023,Quinn,63,MO,188,0.125
F,2023,Quincy,12,MO,945,0.024
F,2023,Queen,6,MO,1553,0.012
F,2024,Quinn,67,MO,181,0.132
F,2024,Quincy,10,MO,1121,0.02
F,2024,Quinley,6,MO,1546,0.012
M,1918,Quentin,16,MO,480,0.028
M,1919,Quentin,27,MO,330,0.05
M,1920,Quentin,13,MO,541,0.022
M,1921,Quentin,12,MO,586,0.019
M,1921,Quinton,7,MO,756,0.011
M,1922,Quentin,8,MO,722,0.014
M,1923,Quentin,10,MO,615,0.017
M,1924,Quentin,12,MO,576,0.019
M,1931,Quentin,5,MO,801,0.009
M,1934,Quentin,5,MO,811,0.009
M,1935,Quentin,5,MO,795,0.009
M,1939,Quentin,6,MO,724,0.011
M,1941,Quentin,5,MO,822,0.008
M,1948,Quentin,6,MO,830,0.008
M,1953,Quentin,7,MO,829,0.008
M,1954,Quentin,8,MO,806,0.009
M,1957,Quentin,7,MO,930,0.007
M,1958,Quinton,5,MO,1079,0.005
M,1959,Quincy,6,MO,996,0.006
M,1960,Quintin,6,MO,989,0.006
M,1961,Quintin,9,MO,820,0.01
M,1961,Quentin,8,MO,874,0.009
M,1961,Quinton,6,MO,994,0.006
M,1962,Quintin,9,MO,830,0.01
M,1962,Quentin,7,MO,941,0.008
M,1963,Quentin,8,MO,850,0.009
M,1963,Quintin,8,MO,850,0.009
M,1964,Quintin,13,MO,668,0.016
M,1964,Quentin,12,MO,693,0.015
M,1965,Quentin,6,MO,925,0.008
M,1965,Quintin,5,MO,1013,0.007
M,1966,Quinton,5,MO,1019,0.007
M,1969,Quinton,7,MO,879,0.01
M,1969,Quentin,5,MO,1053,0.007
M,1970,Quentin,7,MO,910,0.009
M,1971,Quentin,12,MO,675,0.017
M,1972,Quincy,10,MO,721,0.015
M,1972,Quentin,9,MO,762,0.014
M,1972,Quinton,7,MO,882,0.011
M,1973,Quentin,11,MO,655,0.018
M,1973,Quincy,9,MO,743,0.014
M,1974,Quentin,19,MO,497,0.03
M,1974,Quincy,14,MO,577,0.022
M,1975,Quincy,9,MO,742,0.015
M,1975,Quentin,8,MO,796,0.013
M,1975,Quintin,5,MO,1063,0.008
M,1976,Quentin,17,MO,512,0.027
M,1976,Quincy,10,MO,702,0.016
M,1977,Quentin,21,MO,446,0.032
M,1977,Quincy,11,MO,668,0.017
M,1977,Quinton,6,MO,970,0.009
M,1978,Quincy,16,MO,532,0.024
M,1978,Quentin,12,MO,624,0.018
M,1978,Quinton,10,MO,703,0.015
M,1979,Quentin,15,MO,569,0.022
M,1979,Quincy,12,MO,646,0.017
M,1979,Quinton,5,MO,1107,0.007
M,1980,Quincy,13,MO,632,0.018
M,1980,Quentin,11,MO,696,0.016
M,1980,Quinton,6,MO,1006,0.008
M,1980,Quintin,5,MO,1114,0.007
M,1981,Quentin,19,MO,464,0.028
M,1981,Quincy,12,MO,635,0.017
M,1981,Quinton,6,MO,986,0.009
M,1982,Quentin,18,MO,500,0.026
M,1982,Quinton,13,MO,609,0.019
M,1983,Quentin,11,MO,657,0.016
M,1983,Quinton,10,MO,704,0.015
M,1983,Quintin,7,MO,878,0.01
M,1983,Quincy,6,MO,976,0.009
M,1984,Quinton,11,MO,663,0.016
M,1984,Quentin,7,MO,879,0.01
M,1984,Quintin,7,MO,879,0.01
M,1984,Quincy,5,MO,1086,0.007
M,1985,Quentin,11,MO,676,0.016
M,1985,Quinton,8,MO,831,0.012
M,1985,Quintin,7,MO,897,0.01
M,1986,Quentin,15,MO,538,0.022
M,1986,Quinton,6,MO,1035,0.009
M,1986,Quincy,5,MO,1129,0.007
M,1987,Quentin,13,MO,611,0.019
M,1987,Quinton,11,MO,676,0.016
M,1988,Quentin,26,MO,381,0.038
M,1988,Quinn,12,MO,655,0.018
M,1988,Quinton,9,MO,799,0.013
M,1988,Quintin,6,MO,1049,0.009
M,1989,Quinton,21,MO,473,0.03
M,1989,Quentin,17,MO,538,0.024
M,1989,Quintin,9,MO,826,0.013
M,1989,Quincy,8,MO,911,0.011
M,1989,Quinn,7,MO,983,0.01
M,1990,Quinton,20,MO,481,0.028
M,1990,Quentin,11,MO,748,0.016
M,1990,Quinn,10,MO,792,0.014
M,1990,Quincy,7,MO,1017,0.01
M,1990,Quintin,5,MO,1256,0.007
M,1991,Quentin,22,MO,459,0.032
M,1991,Quinton,15,MO,609,0.022
M,1991,Quintin,12,MO,713,0.017
M,1991,Quincy,7,MO,1016,0.01
M,1991,Quinn,6,MO,1132,0.009
M,1992,Quentin,21,MO,462,0.031
M,1992,Quincy,9,MO,853,0.013
M,1992,Quinn,9,MO,853,0.013
M,1992,Quintin,8,MO,933,0.012
M,1992,Quinton,6,MO,1153,0.009
M,1993,Quentin,22,MO,450,0.033
M,1993,Quinton,20,MO,487,0.03
M,1993,Quinn,9,MO,863,0.014
M,1993,Quincy,8,MO,946,0.012
M,1993,Quintin,8,MO,946,0.012
M,1993,Quinten,5,MO,1296,0.008
M,1994,Quentin,23,MO,434,0.036
M,1994,Quinton,18,MO,522,0.028
M,1994,Quinn,11,MO,752,0.017
M,1994,Quincy,10,MO,798,0.016
M,1994,Quintin,7,MO,1031,0.011
M,1994,Quinten,6,MO,1127,0.009
M,1995,Quentin,28,MO,378,0.044
M,1995,Quinton,25,MO,406,0.039
M,1995,Quincy,17,MO,548,0.027
M,1995,Quintin,10,MO,824,0.016
M,1995,Quinten,9,MO,886,0.014
M,1995,Quade,6,MO,1171,0.009
M,1996,Quinton,32,MO,355,0.05
M,1996,Quentin,25,MO,423,0.039
M,1996,Quinn,16,MO,573,0.025
M,1996,Quintin,12,MO,710,0.019
M,1996,Quincy,10,MO,830,0.016
M,1996,Quinten,7,MO,1076,0.011
M,1997,Quentin,33,MO,350,0.052
M,1997,Quinton,29,MO,390,0.045
M,1997,Quinn,17,MO,569,0.027
M,1997,Quintin,12,MO,736,0.019
M,1997,Quincy,7,MO,1077,0.011
M,1997,Quinten,6,MO,1197,0.009
M,1998,Quentin,31,MO,385,0.048
M,1998,Quinton,25,MO,455,0.039
M,1998,Quinn,19,MO,545,0.03
M,1998,Quintin,14,MO,658,0.022
M,1998,Quinten,6,MO,1242,0.009
M,1998,Quincy,5,MO,1420,0.008
M,1999,Quentin,31,MO,404,0.049
M,1999,Quinton,20,MO,537,0.032
M,1999,Quinn,17,MO,610,0.027
M,1999,Quintin,14,MO,703,0.022
M,1999,Quenton,9,MO,933,0.014
M,1999,Quincy,9,MO,933,0.014
M,1999,Quinten,9,MO,933,0.014
M,2000,Quinton,32,MO,395,0.05
M,2000,Quentin,22,MO,509,0.034
M,2000,Quinn,18,MO,591,0.028
M,2000,Quinten,15,MO,663,0.024
M,2000,Quintin,9,MO,953,0.014
M,2000,Quincy,7,MO,1134,0.011
M,2001,Quinn,27,MO,424,0.044
M,2001,Quentin,23,MO,483,0.037
M,2001,Quinton,22,MO,510,0.035
M,2001,Quincy,10,MO,892,0.016
M,2001,Quinten,10,MO,892,0.016
M,2001,Quintin,9,MO,958,0.015
M,2001,Quin,5,MO,1451,0.008
M,2002,Quentin,33,MO,380,0.054
M,2002,Quinn,27,MO,441,0.044
M,2002,Quinton,26,MO,457,0.042
M,2002,Quincy,17,MO,608,0.028
M,2002,Quintin,8,MO,1034,0.013
M,2002,Quin,6,MO,1270,0.01
M,2002,Quinten,5,MO,1460,0.008
M,2003,Quentin,40,MO,327,0.064
M,2003,Quinton,31,MO,402,0.05
M,2003,Quinn,27,MO,446,0.043
M,2003,Quincy,14,MO,733,0.023
M,2003,Quinten,11,MO,877,0.018
M,2003,Quintin,9,MO,1010,0.014
M,2004,Quinn,33,MO,391,0.053
M,2004,Quentin,32,MO,399,0.051
M,2004,Quinton,20,MO,584,0.032
M,2004,Quincy,19,MO,600,0.03
M,2004,Quinten,14,MO,741,0.022
M,2004,Quintin,11,MO,905,0.018
M,2004,Quin,9,MO,1047,0.014
M,2005,Quinton,27,MO,471,0.043
M,2005,Quentin,25,MO,501,0.04
M,2005,Quinn,19,MO,608,0.03
M,2005,Quincy,14,MO,761,0.022
M,2005,Quintin,14,MO,761,0.022
M,2005,Quinten,6,MO,1453,0.01
M,2005,Quinlan,5,MO,1646,0.008
M,2006,Quentin,31,MO,424,0.048
M,2006,Quinn,29,MO,453,0.045
M,2006,Quinton,18,MO,646,0.028
M,2006,Quinten,12,MO,901,0.019
M,2006,Quincy,11,MO,960,0.017
M,2006,Quintin,7,MO,1346,0.011
M,2007,Quentin,34,MO,409,0.053
M,2007,Quincy,22,MO,558,0.034
M,2007,Quinn,19,MO,636,0.029
M,2007,Quinton,17,MO,693,0.026
M,2007,Quintin,15,MO,769,0.023
M,2007,Quinten,9,MO,1142,0.014
M,2008,Quentin,28,MO,481,0.044
M,2008,Quinton,21,MO,594,0.033
M,2008,Quinn,19,MO,642,0.03
M,2008,Quincy,17,MO,703,0.027
M,2008,Quinten,11,MO,1016,0.017
M,2008,Quintin,8,MO,1268,0.013
M,2009,Quinton,23,MO,556,0.037
M,2009,Quentin,22,MO,578,0.036
M,2009,Quinn,22,MO,578,0.036
M,2009,Quinten,14,MO,815,0.023
M,2009,Quintin,13,MO,859,0.021
M,2009,Quincy,11,MO,980,0.018
M,2010,Quentin,29,MO,456,0.048
M,2010,Quinn,27,MO,491,0.045
M,2010,Quinton,18,MO,673,0.03
M,2010,Quinten,12,MO,909,0.02
M,2010,Quincy,10,MO,1044,0.017
M,2010,Quintin,7,MO,1352,0.012
M,2011,Quinton,20,MO,612,0.034
M,2011,Quentin,19,MO,636,0.032
M,2011,Quinn,15,MO,762,0.025
M,2011,Quincy,9,MO,1142,0.015
M,2011,Quinten,6,MO,1538,0.01
M,2011,Quintin,6,MO,1538,0.01
M,2012,Quentin,18,MO,673,0.031
M,2012,Quinton,18,MO,673,0.031
M,2012,Quinn,17,MO,708,0.029
M,2012,Quinten,10,MO,1040,0.017
M,2012,Quintin,7,MO,1366,0.012
M,2012,Quincy,5,MO,1723,0.009
M,2013,Quentin,18,MO,687,0.031
M,2013,Quinton,18,MO,687,0.031
M,2013,Quinn,16,MO,750,0.027
M,2013,Quincy,14,MO,853,0.024
M,2013,Quintin,5,MO,1691,0.009
M,2014,Quentin,19,MO,677,0.032
M,2014,Quinn,14,MO,845,0.024
M,2014,Quincy,8,MO,1276,0.013
M,2014,Quinton,8,MO,1276,0.013
M,2014,Quintin,6,MO,1579,0.01
M,2015,Quentin,18,MO,717,0.031
M,2015,Quinn,18,MO,717,0.031
M,2015,Quinton,12,MO,957,0.02
M,2015,Quincy,9,MO,1166,0.015
M,2015,Quinten,6,MO,1570,0.01
M,2016,Quentin,25,MO,531,0.043
M,2016,Quinn,18,MO,699,0.031
M,2016,Quinton,13,MO,907,0.022
M,2016,Quincy,12,MO,966,0.02
M,2017,Quinton,25,MO,529,0.044
M,2017,Quentin,11,MO,1002,0.019
M,2017,Quinn,11,MO,1002,0.019
M,2017,Quincy,10,MO,1072,0.018
M,2017,Quintin,5,MO,1779,0.009
M,2018,Quinton,18,MO,715,0.032
M,2018,Quentin,15,MO,813,0.026
M,2018,Quinn,14,MO,852,0.025
M,2018,Quincy,13,MO,911,0.023
M,2019,Quentin,15,MO,796,0.027
M,2019,Quinn,14,MO,847,0.025
M,2019,Quincy,11,MO,1041,0.02
M,2019,Quinton,10,MO,1111,0.018
M,2019,Quill,5,MO,1811,0.009
M,2020,Quincy,15,MO,785,0.028
M,2020,Quinn,14,MO,833,0.026
M,2020,Quinton,12,MO,935,0.023
M,2020,Quentin,10,MO,1088,0.019
M,2021,Quincy,19,MO,666,0.036
M,2021,Quentin,17,MO,723,0.032
M,2021,Quinn,14,MO,842,0.026
M,2021,Quinton,12,MO,944,0.023
M,2021,Quade,5,MO,1801,0.009
M,2022,Quinton,21,MO,609,0.04
M,2022,Quentin,14,MO,831,0.027
M,2022,Quincy,10,MO,1082,0.019
M,2022,Quinn,10,MO,1082,0.019
M,2023,Quincy,13,MO,892,0.026
M,2023,Quentin,9,MO,1168,0.018
M,2023,Quinton,8,MO,1271,0.016
M,2023,Quinn,7,MO,1389,0.014
M,2023,Quade,6,MO,1553,0.012
M,2024,Quentin,15,MO,776,0.029
M,2024,Quinton,10,MO,1121,0.02
M,2024,Quinn,9,MO,1203,0.018
M,2024,Quincy,7,MO,1420,0.014
M,2024,Quade,5,MO,1765,0.01
F,2005,Quinn,5,ID,711,0.032
F,2007,Quincy,5,ID,769,0.03
F,2008,Quinn,5,ID,772,0.03
F,2009,Quinn,5,ID,772,0.032
F,2010,Quinn,8,ID,500,0.054
F,2010,Quincy,6,ID,638,0.041
F,2011,Quinn,10,ID,394,0.07
F,2011,Quincy,7,ID,558,0.049
F,2012,Quinn,14,ID,304,0.097
F,2012,Quincy,7,ID,565,0.048
F,2013,Quinn,18,ID,221,0.127
F,2014,Quinn,19,ID,213,0.129
F,2014,Quincy,10,ID,426,0.068
F,2015,Quinn,20,ID,201,0.139
F,2016,Quinn,32,ID,96,0.221
F,2017,Quinn,26,ID,133,0.183
F,2017,Quincy,5,ID,769,0.035
F,2018,Quinn,24,ID,143,0.174
F,2018,Quincey,5,ID,745,0.036
F,2019,Quinn,23,ID,167,0.163
F,2019,Quincy,9,ID,450,0.064
F,2020,Quinn,24,ID,149,0.173
F,2020,Quincy,9,ID,457,0.065
F,2021,Quinn,19,ID,201,0.132
F,2021,Quincy,11,ID,392,0.076
F,2022,Quinn,23,ID,167,0.159
F,2022,Quincy,9,ID,471,0.062
F,2023,Quinn,16,ID,268,0.111
F,2023,Quincy,14,ID,303,0.097
F,2024,Quinn,21,ID,215,0.138
F,2024,Quincy,8,ID,540,0.053
M,1918,Quentin,5,ID,341,0.061
M,1919,Quentin,10,ID,222,0.129
M,1984,Quinn,5,ID,466,0.036
M,1984,Quinton,5,ID,466,0.036
M,1995,Quinton,6,ID,462,0.047
M,1996,Quentin,8,ID,396,0.061
M,1997,Quinton,9,ID,361,0.069
M,1997,Quinn,8,ID,396,0.061
M,1998,Quinn,7,ID,451,0.052
M,1998,Quentin,6,ID,507,0.044
M,1999,Quinn,7,ID,467,0.051
M,2000,Quintin,9,ID,400,0.065
M,2000,Quinn,7,ID,487,0.05
M,2000,Quinton,6,ID,553,0.043
M,2000,Quentin,5,ID,632,0.036
M,2001,Quinn,12,ID,319,0.086
M,2001,Quinton,7,ID,494,0.05
M,2002,Quinn,9,ID,417,0.063
M,2002,Quinton,6,ID,570,0.042
M,2002,Quinten,5,ID,646,0.035
M,2003,Quinn,10,ID,382,0.068
M,2003,Quentin,6,ID,579,0.041
M,2003,Quinton,5,ID,669,0.034
M,2004,Quentin,11,ID,378,0.073
M,2005,Quinton,8,ID,494,0.052
M,2005,Quentin,7,ID,555,0.045
M,2005,Quinn,5,ID,711,0.032
M,2006,Quentin,9,ID,475,0.056
M,2006,Quinn,6,ID,630,0.037
M,2007,Quinn,9,ID,473,0.055
M,2007,Quentin,8,ID,519,0.049
M,2007,Quintin,5,ID,769,0.03
M,2007,Quinton,5,ID,769,0.03
M,2008,Quinn,12,ID,383,0.072
M,2008,Quade,5,ID,772,0.03
M,2009,Quinn,17,ID,251,0.109
M,2009,Quentin,9,ID,467,0.058
M,2009,Quinton,5,ID,772,0.032
M,2010,Quinn,10,ID,402,0.068
M,2010,Quinton,6,ID,638,0.041
M,2011,Quinn,7,ID,558,0.049
M,2012,Quinton,6,ID,644,0.042
M,2013,Quentin,8,ID,492,0.057
M,2013,Quincy,5,ID,731,0.035
M,2013,Quinn,5,ID,731,0.035
M,2014,Quinn,9,ID,479,0.061
M,2014,Quinton,7,ID,595,0.047
M,2015,Quinn,11,ID,400,0.076
M,2015,Quinton,8,ID,539,0.055
M,2016,Quinn,7,ID,585,0.048
M,2016,Quentin,5,ID,771,0.035
M,2017,Quinn,6,ID,664,0.042
M,2019,Quinton,7,ID,571,0.05
M,2020,Quinn,7,ID,563,0.051
M,2020,Quinton,5,ID,749,0.036
M,2021,Quinn,8,ID,513,0.055
M,2021,Quinton,7,ID,583,0.049
M,2021,Quentin,6,ID,668,0.042
M,2022,Quinn,8,ID,522,0.055
M,2023,Quinn,7,ID,586,0.049
F,2011,Quinn,5,NM,815,0.03
F,2013,Quinn,6,NM,675,0.038
F,2014,Quinn,13,NM,336,0.081
F,2015,Quinn,12,NM,355,0.078
F,2016,Quinn,19,NM,207,0.129
F,2017,Quinn,10,NM,389,0.072
F,2018,Quinn,14,NM,268,0.104
F,2019,Quinn,16,NM,224,0.121
F,2021,Quinn,12,NM,312,0.1
F,2023,Quinn,5,NM,658,0.046
M,1963,Quentin,7,NM,595,0.03
M,1977,Quentin,5,NM,649,0.029
M,1978,Quentin,6,NM,590,0.033
M,1979,Quentin,6,NM,593,0.032
M,1982,Quentin,6,NM,631,0.028
M,1983,Quentin,5,NM,706,0.024
M,1986,Quentin,5,NM,722,0.024
M,1987,Quentin,5,NM,699,0.024
M,1989,Quentin,6,NM,619,0.029
M,1989,Quincy,5,NM,720,0.024
M,1989,Quinton,5,NM,720,0.024
M,1990,Quinn,5,NM,744,0.024
M,1991,Quinn,7,NM,581,0.034
M,1992,Quinn,6,NM,662,0.029
M,1993,Quintin,5,NM,767,0.024
M,1994,Quentin,8,NM,525,0.04
M,1994,Quintin,6,NM,653,0.03
M,1995,Quentin,8,NM,521,0.041
M,1995,Quinton,6,NM,642,0.031
M,1996,Quentin,5,NM,748,0.026
M,1996,Quinn,5,NM,748,0.026
M,1997,Quentin,8,NM,514,0.042
M,1997,Quinn,6,NM,644,0.032
M,1998,Quentin,5,NM,749,0.026
M,1998,Quintin,5,NM,749,0.026
M,1999,Quinn,5,NM,723,0.026
M,2000,Quinn,7,NM,597,0.037
M,2000,Quintin,6,NM,670,0.032
M,2001,Quentin,8,NM,533,0.043
M,2002,Quinn,7,NM,620,0.037
M,2002,Quentin,6,NM,694,0.032
M,2002,Quintin,5,NM,801,0.026
M,2003,Quentin,9,NM,499,0.048
M,2003,Quinn,5,NM,771,0.027
M,2004,Quentin,5,NM,803,0.026
M,2004,Quinn,5,NM,803,0.026
M,2004,Quinton,5,NM,803,0.026
M,2005,Quentin,5,NM,791,0.026
M,2006,Quinn,7,NM,633,0.035
M,2006,Quentin,6,NM,730,0.03
M,2006,Quintin,6,NM,730,0.03
M,2007,Quentin,10,NM,483,0.05
M,2007,Quinn,9,NM,532,0.045
M,2008,Quentin,7,NM,656,0.036
M,2008,Quinn,6,NM,755,0.031
M,2009,Quincy,11,NM,431,0.059
M,2009,Quentin,8,NM,570,0.043
M,2009,Quinn,6,NM,750,0.032
M,2009,Quintin,5,NM,857,0.027
M,2009,Quinton,5,NM,857,0.027
M,2010,Quintin,6,NM,698,0.034
M,2010,Quentin,5,NM,819,0.029
M,2010,Quinn,5,NM,819,0.029
M,2010,Quinton,5,NM,819,0.029
M,2011,Quinn,6,NM,701,0.036
M,2011,Quentin,5,NM,815,0.03
M,2012,Quentin,6,NM,696,0.036
M,2012,Quinn,6,NM,696,0.036
M,2013,Quentin,7,NM,584,0.044
M,2014,Quentin,7,NM,592,0.044
M,2014,Quincy,5,NM,790,0.031
M,2015,Quentin,6,NM,669,0.039
M,2015,Quinn,5,NM,775,0.032
M,2016,Quinn,5,NM,749,0.034
M,2017,Quinn,6,NM,636,0.043
M,2019,Quentin,6,NM,613,0.045
M,2020,Quentin,5,NM,697,0.04
M,2021,Quinn,5,NM,692,0.042
M,2022,Quinn,7,NM,496,0.06
F,2008,Quinn,6,HI,416,0.07
F,2010,Quinn,8,HI,312,0.1
F,2011,Quinn,11,HI,214,0.135
F,2012,Quinn,9,HI,278,0.112
F,2013,Quinn,12,HI,211,0.148
F,2015,Quinn,16,HI,131,0.202
F,2016,Quinn,21,HI,88,0.272
F,2017,Quinn,12,HI,176,0.168
F,2018,Quinn,15,HI,112,0.224
F,2019,Quinn,8,HI,277,0.12
F,2020,Quinn,12,HI,136,0.203
F,2021,Quinn,6,HI,329,0.103
F,2022,Quinn,13,HI,119,0.229
F,2023,Quinn,12,HI,129,0.227
F,2024,Quinn,9,HI,178,0.178
M,1980,Quinton,5,HI,566,0.042
M,1987,Quentin,5,HI,506,0.043
M,1992,Quinn,6,HI,447,0.052
M,1992,Quinton,5,HI,512,0.043
M,1993,Quinton,6,HI,443,0.053
M,1994,Quintin,9,HI,296,0.081
M,1995,Quinn,6,HI,430,0.058
M,1996,Quentin,5,HI,494,0.051
M,1996,Quinton,5,HI,494,0.051
M,1997,Quinton,6,HI,399,0.067
M,1998,Quinn,5,HI,473,0.056
M,1999,Quentin,7,HI,330,0.082
M,1999,Quinn,7,HI,330,0.082
M,1999,Quincy,5,HI,472,0.059
M,2000,Quentin,5,HI,494,0.057
M,2002,Quinn,8,HI,290,0.096
M,2002,Quinton,5,HI,468,0.06
M,2003,Quinn,9,HI,276,0.104
M,2003,Quentin,5,HI,484,0.058
M,2004,Quincy,6,HI,432,0.069
M,2009,Quentin,5,HI,495,0.063
M,2014,Quinn,5,HI,515,0.063
M,2016,Quinn,6,HI,422,0.078
M,2021,Quinn,7,HI,280,0.12
F,1995,Quinn,5,IA,770,0.016
F,1998,Quinn,6,IA,739,0.02
F,2001,Quinn,8,IA,636,0.027
F,2002,Quinn,5,IA,904,0.017
F,2003,Quinn,11,IA,536,0.037
F,2004,Quinn,8,IA,694,0.027
F,2005,Quinn,6,IA,889,0.02
F,2006,Quinn,11,IA,574,0.035
F,2007,Quinn,12,IA,560,0.039
F,2008,Quinn,11,IA,596,0.037
F,2009,Quinn,10,IA,662,0.034
F,2010,Quinn,25,IA,292,0.089
F,2011,Quinn,35,IA,210,0.127
F,2012,Quinn,45,IA,141,0.163
F,2013,Quinn,59,IA,112,0.211
F,2014,Quinn,50,IA,132,0.174
F,2015,Quinn,64,IA,97,0.223
F,2016,Quinn,83,IA,50,0.294
F,2017,Quinn,62,IA,93,0.227
F,2018,Quinn,59,IA,95,0.222
F,2019,Quinn,55,IA,101,0.207
F,2020,Quinn,54,IA,89,0.215
F,2020,Quincy,6,IA,968,0.024
F,2021,Quinn,58,IA,76,0.225
F,2022,Quinn,56,IA,86,0.219
F,2023,Quinn,49,IA,103,0.196
F,2024,Quinn,49,IA,106,0.194
F,2024,Quincy,6,IA,1009,0.024
M,1918,Quentin,14,IA,413,0.033
M,1919,Quentin,23,IA,299,0.059
M,1920,Quentin,7,IA,609,0.016
M,1921,Quentin,7,IA,600,0.016
M,1922,Quentin,6,IA,645,0.014
M,1924,Quentin,6,IA,648,0.014
M,1925,Quentin,5,IA,700,0.012
M,1930,Quentin,7,IA,553,0.018
M,1931,Quentin,5,IA,627,0.013
M,1947,Quentin,5,IA,729,0.009
M,1963,Quentin,7,IA,666,0.013
M,1964,Quentin,5,IA,761,0.01
M,1969,Quinn,5,IA,744,0.012
M,1971,Quentin,6,IA,675,0.015
M,1972,Quentin,5,IA,690,0.014
M,1973,Quentin,6,IA,594,0.017
M,1975,Quincy,5,IA,695,0.014
M,1976,Quentin,6,IA,637,0.016
M,1977,Quentin,12,IA,436,0.03
M,1977,Quintin,6,IA,658,0.015
M,1978,Quentin,5,IA,714,0.013
M,1979,Quentin,6,IA,664,0.014
M,1979,Quincy,6,IA,664,0.014
M,1980,Quinn,8,IA,572,0.019
M,1980,Quincy,5,IA,744,0.012
M,1981,Quentin,5,IA,721,0.012
M,1982,Quentin,7,IA,582,0.017
M,1982,Quintin,7,IA,582,0.017
M,1983,Quentin,7,IA,576,0.018
M,1984,Quinn,6,IA,622,0.016
M,1986,Quinn,7,IA,562,0.021
M,1986,Quentin,6,IA,617,0.018
M,1987,Quentin,7,IA,563,0.021
M,1988,Quinn,7,IA,578,0.021
M,1988,Quentin,5,IA,709,0.015
M,1989,Quinn,12,IA,412,0.035
M,1989,Quinton,7,IA,576,0.021
M,1989,Quentin,5,IA,706,0.015
M,1990,Quinn,7,IA,611,0.02
M,1990,Quintin,7,IA,611,0.02
M,1990,Quinton,6,IA,669,0.017
M,1991,Quinn,18,IA,324,0.054
M,1991,Quinton,9,IA,507,0.027
M,1991,Quentin,8,IA,547,0.024
M,1991,Quintin,5,IA,740,0.015
M,1992,Quinn,15,IA,360,0.046
M,1992,Quentin,9,IA,494,0.027
M,1992,Quintin,6,IA,661,0.018
M,1993,Quinn,16,IA,339,0.049
M,1993,Quentin,7,IA,609,0.022
M,1993,Quinton,7,IA,609,0.022
M,1994,Quinn,14,IA,377,0.045
M,1994,Quentin,12,IA,422,0.038
M,1994,Quinton,9,IA,517,0.029
M,1994,Quincy,5,IA,761,0.016
M,1995,Quentin,12,IA,417,0.039
M,1995,Quinn,12,IA,417,0.039
M,1995,Quinton,10,IA,464,0.033
M,1995,Quintin,9,IA,503,0.029
M,1995,Quinten,8,IA,555,0.026
M,1996,Quentin,27,IA,257,0.087
M,1996,Quinn,14,IA,396,0.045
M,1996,Quinton,12,IA,442,0.039
M,1996,Quinten,5,IA,809,0.016
M,1997,Quinn,14,IA,397,0.047
M,1997,Quinton,13,IA,420,0.043
M,1997,Quentin,12,IA,445,0.04
M,1997,Quintin,7,IA,652,0.023
M,1998,Quentin,19,IA,328,0.063
M,1998,Quinton,14,IA,407,0.046
M,1998,Quinn,13,IA,435,0.043
M,1998,Quinten,5,IA,839,0.016
M,1999,Quinn,23,IA,301,0.076
M,1999,Quentin,17,IA,377,0.056
M,1999,Quinton,12,IA,478,0.04
M,1999,Quintin,5,IA,846,0.016
M,2000,Quinn,19,IA,352,0.062
M,2000,Quentin,17,IA,385,0.055
M,2000,Quinton,10,IA,558,0.032
M,2000,Quincy,7,IA,703,0.023
M,2001,Quinton,20,IA,342,0.067
M,2001,Quentin,17,IA,380,0.057
M,2001,Quincy,13,IA,460,0.044
M,2001,Quintin,12,IA,483,0.04
M,2001,Quinn,10,IA,544,0.034
M,2001,Quinten,6,IA,770,0.02
M,2002,Quinton,12,IA,491,0.04
M,2002,Quincy,10,IA,554,0.034
M,2002,Quentin,8,IA,662,0.027
M,2002,Quinn,8,IA,662,0.027
M,2002,Quinlan,6,IA,815,0.02
M,2002,Quinten,5,IA,904,0.017
M,2002,Quintin,5,IA,904,0.017
M,2003,Quinton,12,IA,508,0.04
M,2003,Quinn,10,IA,584,0.033
M,2003,Quentin,8,IA,673,0.027
M,2003,Quintin,7,IA,736,0.023
M,2003,Quincy,5,IA,925,0.017
M,2004,Quinn,14,IA,462,0.047
M,2004,Quinton,12,IA,514,0.04
M,2004,Quinten,11,IA,551,0.037
M,2004,Quintin,9,IA,641,0.03
M,2004,Quentin,8,IA,694,0.027
M,2004,Quincy,5,IA,960,0.017
M,2005,Quinn,14,IA,482,0.047
M,2005,Quentin,11,IA,569,0.037
M,2005,Quinten,9,IA,643,0.03
M,2005,Quincy,8,IA,700,0.027
M,2005,Quinton,8,IA,700,0.027
M,2005,Quintin,5,IA,1014,0.017
M,2006,Quinn,17,IA,418,0.055
M,2006,Quentin,15,IA,456,0.048
M,2006,Quinton,10,IA,624,0.032
M,2006,Quinten,6,IA,910,0.019
M,2006,Quintin,6,IA,910,0.019
M,2006,Quincy,5,IA,1022,0.016
M,2007,Quinn,21,IA,356,0.069
M,2007,Quentin,17,IA,418,0.056
M,2007,Quinton,14,IA,490,0.046
M,2007,Quinten,7,IA,829,0.023
M,2007,Quincy,6,IA,916,0.02
M,2007,Quintin,6,IA,916,0.02
M,2008,Quinton,14,IA,503,0.047
M,2008,Quintin,11,IA,596,0.037
M,2008,Quinn,10,IA,648,0.033
M,2008,Quentin,8,IA,755,0.027
M,2008,Quincy,7,IA,831,0.023
M,2008,Quinten,6,IA,924,0.02
M,2009,Quinn,19,IA,391,0.065
M,2009,Quentin,15,IA,479,0.052
M,2009,Quincy,11,IA,611,0.038
M,2009,Quinton,7,IA,845,0.024
M,2009,Quinten,6,IA,946,0.021
M,2009,Quintin,5,IA,1066,0.017
M,2010,Quentin,14,IA,499,0.05
M,2010,Quinn,14,IA,499,0.05
M,2010,Quinton,5,IA,1058,0.018
M,2011,Quinn,18,IA,395,0.065
M,2011,Quinten,13,IA,521,0.047
M,2011,Quincy,12,IA,566,0.044
M,2011,Quentin,9,IA,690,0.033
M,2011,Quintin,7,IA,816,0.025
M,2011,Quinton,7,IA,816,0.025
M,2012,Quentin,14,IA,494,0.051
M,2012,Quinn,13,IA,526,0.047
M,2012,Quinton,10,IA,630,0.036
M,2012,Quincy,9,IA,689,0.033
M,2012,Quinten,5,IA,1094,0.018
M,2012,Quintin,5,IA,1094,0.018
M,2013,Quinn,10,IA,651,0.036
M,2013,Quinton,10,IA,651,0.036
M,2013,Quincy,8,IA,775,0.029
M,2014,Quinton,15,IA,487,0.052
M,2014,Quentin,12,IA,579,0.042
M,2014,Quinn,12,IA,579,0.042
M,2014,Quincy,10,IA,672,0.035
M,2015,Quentin,13,IA,540,0.045
M,2015,Quincy,10,IA,686,0.035
M,2015,Quinn,10,IA,686,0.035
M,2015,Quinton,7,IA,919,0.024
M,2015,Quinten,6,IA,1024,0.021
M,2015,Quintin,5,IA,1152,0.017
M,2016,Quinn,13,IA,544,0.046
M,2016,Quinton,11,IA,641,0.039
M,2016,Quentin,7,IA,886,0.025
M,2016,Quinten,7,IA,886,0.025
M,2016,Quincy,6,IA,999,0.021
M,2017,Quentin,10,IA,687,0.037
M,2017,Quincy,9,IA,745,0.033
M,2017,Quinn,8,IA,807,0.029
M,2017,Quintin,5,IA,1130,0.018
M,2017,Quinton,5,IA,1130,0.018
M,2018,Quinn,16,IA,441,0.06
M,2018,Quentin,7,IA,881,0.026
M,2018,Quinton,7,IA,881,0.026
M,2018,Quincy,6,IA,997,0.023
M,2019,Quincy,11,IA,617,0.041
M,2019,Quentin,5,IA,1141,0.019
M,2019,Quinn,5,IA,1141,0.019
M,2020,Quentin,11,IA,599,0.044
M,2020,Quinn,11,IA,599,0.044
M,2020,Quincy,10,IA,645,0.04
M,2020,Quinton,8,IA,779,0.032
M,2021,Quinn,9,IA,728,0.035
M,2021,Quinton,9,IA,728,0.035
M,2021,Quincy,8,IA,801,0.031
M,2021,Quentin,6,IA,999,0.023
M,2022,Quinn,9,IA,732,0.035
M,2022,Quinton,8,IA,815,0.031
M,2023,Quinn,7,IA,877,0.028
M,2023,Quentin,6,IA,997,0.024
M,2024,Quinn,12,IA,573,0.048
M,2024,Quinton,7,IA,887,0.028
F,1978,Qiana,5,CO,882,0.013
F,1979,Quinn,5,CO,920,0.012
F,1982,Quinn,5,CO,1007,0.011
F,1994,Quinn,6,CO,1001,0.013
F,1996,Quiana,5,CO,1218,0.011
F,1996,Quinn,5,CO,1218,0.011
F,1998,Quinn,12,CO,716,0.025
F,1998,Quincy,6,CO,1171,0.012
F,1998,Quiana,5,CO,1312,0.01
F,1999,Quinn,11,CO,783,0.022
F,2000,Quinn,14,CO,716,0.027
F,2001,Quinn,7,CO,1174,0.013
F,2001,Quincy,5,CO,1441,0.009
F,2002,Quinn,14,CO,736,0.026
F,2003,Quinn,11,CO,888,0.02
F,2003,Quincy,6,CO,1343,0.011
F,2004,Quinn,10,CO,967,0.018
F,2005,Quinn,14,CO,750,0.026
F,2005,Quincy,8,CO,1122,0.015
F,2006,Quinn,21,CO,578,0.038
F,2006,Quincy,9,CO,1079,0.016
F,2007,Quinn,20,CO,608,0.036
F,2008,Quinn,23,CO,538,0.042
F,2008,Quincy,9,CO,1104,0.017
F,2009,Quinn,26,CO,471,0.049
F,2010,Quinn,40,CO,301,0.079
F,2011,Quinn,41,CO,300,0.083
F,2011,Quincy,9,CO,1053,0.018
F,2012,Quinn,49,CO,242,0.099
F,2012,Quincy,9,CO,1094,0.018
F,2013,Quinn,56,CO,218,0.113
F,2014,Quinn,71,CO,162,0.141
F,2015,Quinn,72,CO,163,0.141
F,2015,Quincy,5,CO,1660,0.01
F,2016,Quinn,86,CO,126,0.168
F,2016,Quincy,6,CO,1487,0.012
F,2017,Quinn,99,CO,97,0.202
F,2017,Quincy,9,CO,1090,0.018
F,2018,Quinn,78,CO,138,0.162
F,2018,Quincy,5,CO,1661,0.01
F,2019,Quinn,85,CO,114,0.178
F,2019,Quincy,8,CO,1188,0.017
F,2020,Quinn,74,CO,137,0.159
F,2020,Quincy,7,CO,1345,0.015
F,2021,Quinn,98,CO,86,0.204
F,2022,Quinn,77,CO,132,0.163
F,2022,Quincy,6,CO,1480,0.013
F,2023,Quinn,78,CO,125,0.168
F,2023,Quincy,9,CO,1119,0.019
F,2024,Quinn,77,CO,139,0.158
F,2024,Quincy,8,CO,1245,0.016
M,1919,Quentin,8,CO,350,0.054
M,1921,Quentin,6,CO,440,0.033
M,1969,Quentin,6,CO,744,0.017
M,1971,Quinn,5,CO,840,0.014
M,1973,Quinn,5,CO,838,0.015
M,1976,Quincy,9,CO,580,0.026
M,1976,Quentin,8,CO,633,0.023
M,1977,Quentin,9,CO,591,0.025
M,1977,Quincy,7,CO,698,0.019
M,1978,Quincy,6,CO,761,0.016
M,1979,Quincy,7,CO,740,0.017
M,1980,Quinn,9,CO,644,0.021
M,1981,Quentin,6,CO,871,0.013
M,1981,Quincy,6,CO,871,0.013
M,1982,Quinn,6,CO,888,0.013
M,1983,Quinn,6,CO,867,0.013
M,1984,Quentin,5,CO,958,0.011
M,1984,Quincy,5,CO,958,0.011
M,1984,Quinn,5,CO,958,0.011
M,1985,Quinn,5,CO,1000,0.011
M,1985,Quinton,5,CO,1000,0.011
M,1986,Quentin,5,CO,973,0.011
M,1986,Quincy,5,CO,973,0.011
M,1987,Quinn,7,CO,784,0.015
M,1987,Quentin,5,CO,988,0.011
M,1989,Quentin,7,CO,805,0.016
M,1989,Quinn,7,CO,805,0.016
M,1989,Quinton,7,CO,805,0.016
M,1990,Quinn,10,CO,656,0.022
M,1990,Quinton,9,CO,702,0.02
M,1990,Quentin,6,CO,937,0.013
M,1991,Quinn,14,CO,508,0.031
M,1991,Quincy,7,CO,859,0.016
M,1992,Quinn,15,CO,523,0.033
M,1992,Quinton,8,CO,796,0.017
M,1992,Quentin,7,CO,878,0.015
M,1993,Quinn,15,CO,520,0.034
M,1993,Quinton,10,CO,693,0.022
M,1993,Quentin,6,CO,991,0.013
M,1994,Quinn,18,CO,450,0.04
M,1994,Quinton,7,CO,902,0.016
M,1994,Quentin,5,CO,1129,0.011
M,1995,Quinton,11,CO,674,0.025
M,1995,Quentin,10,CO,721,0.022
M,1995,Quinn,10,CO,721,0.022
M,1995,Quincy,7,CO,927,0.016
M,1995,Quintin,5,CO,1151,0.011
M,1996,Quinn,22,CO,427,0.048
M,1996,Quentin,15,CO,555,0.033
M,1996,Quinton,12,CO,649,0.026
M,1996,Quincy,10,CO,747,0.022
M,1996,Quinten,8,CO,869,0.017
M,1997,Quinn,32,CO,313,0.07
M,1997,Quentin,16,CO,558,0.035
M,1997,Quinton,12,CO,668,0.026
M,1997,Quintin,11,CO,714,0.024
M,1997,Quinten,6,CO,1090,0.013
M,1998,Quentin,19,CO,514,0.039
M,1998,Quinn,19,CO,514,0.039
M,1998,Quinton,9,CO,871,0.019
M,1998,Quincy,7,CO,1039,0.014
M,1998,Quintin,6,CO,1171,0.012
M,1999,Quinn,24,CO,447,0.048
M,1999,Quentin,20,CO,508,0.04
M,1999,Quinton,15,CO,645,0.03
M,1999,Quincy,10,CO,841,0.02
M,1999,Quintin,10,CO,841,0.02
M,1999,Quinten,6,CO,1217,0.012
M,2000,Quinn,29,CO,418,0.055
M,2000,Quentin,14,CO,716,0.027
M,2000,Quinton,12,CO,793,0.023
M,2000,Quinten,9,CO,961,0.017
M,2000,Quintin,9,CO,961,0.017
M,2000,Quincy,7,CO,1140,0.013
M,2001,Quinn,36,CO,353,0.067
M,2001,Quinton,16,CO,661,0.03
M,2001,Quentin,12,CO,809,0.022
M,2001,Quinten,10,CO,932,0.019
M,2001,Quincy,9,CO,1006,0.017
M,2001,Quintin,6,CO,1288,0.011
M,2002,Quinn,21,CO,558,0.038
M,2002,Quentin,18,CO,621,0.033
M,2002,Quincy,11,CO,870,0.02
M,2002,Quinton,10,CO,927,0.018
M,2002,Quinten,8,CO,1082,0.015
M,2002,Quintin,8,CO,1082,0.015
M,2002,Quinlan,5,CO,1482,0.009
M,2003,Quinn,41,CO,319,0.074
M,2003,Quentin,21,CO,555,0.038
M,2003,Quincy,11,CO,888,0.02
M,2003,Quinton,11,CO,888,0.02
M,2003,Quintin,9,CO,1012,0.016
M,2003,Quinlan,6,CO,1343,0.011
M,2004,Quinn,28,CO,442,0.052
M,2004,Quentin,20,CO,580,0.037
M,2004,Quincy,12,CO,838,0.022
M,2004,Quinton,7,CO,1227,0.013
M,2004,Quinten,6,CO,1343,0.011
M,2005,Quinn,50,CO,267,0.091
M,2005,Quentin,22,CO,554,0.04
M,2005,Quincy,9,CO,1046,0.016
M,2005,Quinton,8,CO,1122,0.015
M,2005,Quinten,6,CO,1370,0.011
M,2005,Quintin,5,CO,1579,0.009
M,2006,Quinn,44,CO,313,0.079
M,2006,Quentin,15,CO,742,0.027
M,2006,Quintin,11,CO,925,0.02
M,2006,Quincy,10,CO,992,0.018
M,2006,Quinton,10,CO,992,0.018
M,2007,Quinn,36,CO,359,0.066
M,2007,Quentin,24,CO,520,0.044
M,2007,Quincy,12,CO,883,0.022
M,2007,Quinton,10,CO,1010,0.018
M,2007,Quinlan,7,CO,1306,0.013
M,2007,Quintin,7,CO,1306,0.013
M,2008,Quinn,43,CO,299,0.079
M,2008,Quentin,17,CO,698,0.031
M,2008,Quincy,12,CO,902,0.022
M,2008,Quinton,11,CO,953,0.02
M,2008,Quintin,9,CO,1104,0.017
M,2008,Quinten,7,CO,1328,0.013
M,2009,Quinn,35,CO,369,0.067
M,2009,Quentin,26,CO,471,0.049
M,2009,Quinten,10,CO,1005,0.019
M,2009,Quincy,7,CO,1302,0.013
M,2009,Quintin,5,CO,1663,0.01
M,2009,Quinton,5,CO,1663,0.01
M,2010,Quinn,51,CO,232,0.101
M,2010,Quentin,20,CO,590,0.04
M,2010,Quinton,13,CO,805,0.026
M,2010,Quintin,10,CO,992,0.02
M,2010,Quinten,9,CO,1062,0.018
M,2010,Quincy,6,CO,1428,0.012
M,2011,Quinn,36,CO,334,0.073
M,2011,Quentin,23,CO,514,0.046
M,2011,Quinton,10,CO,973,0.02
M,2011,Quintin,9,CO,1053,0.018
M,2011,Quincy,7,CO,1252,0.014
M,2012,Quinn,41,CO,296,0.083
M,2012,Quentin,16,CO,695,0.032
M,2012,Quinton,12,CO,862,0.024
M,2012,Quincy,7,CO,1295,0.014
M,2012,Quinten,7,CO,1295,0.014
M,2013,Quinn,34,CO,372,0.069
M,2013,Quentin,18,CO,622,0.036
M,2013,Quinton,13,CO,809,0.026
M,2013,Quintin,12,CO,862,0.024
M,2013,Quincy,7,CO,1296,0.014
M,2013,Quinten,6,CO,1443,0.012
M,2014,Quinn,30,CO,411,0.059
M,2014,Quentin,13,CO,814,0.026
M,2014,Quincy,12,CO,876,0.024
M,2014,Quinton,9,CO,1092,0.018
M,2014,Quintin,7,CO,1308,0.014
M,2014,Quinten,5,CO,1693,0.01
M,2015,Quinn,30,CO,422,0.059
M,2015,Quentin,20,CO,597,0.039
M,2015,Quinton,10,CO,1047,0.02
M,2015,Quincy,7,CO,1326,0.014
M,2015,Quintin,6,CO,1451,0.012
M,2016,Quinn,27,CO,461,0.053
M,2016,Quentin,16,CO,727,0.031
M,2016,Quincy,10,CO,1050,0.02
M,2016,Quinton,9,CO,1124,0.018
M,2017,Quinn,33,CO,372,0.067
M,2017,Quentin,14,CO,786,0.029
M,2017,Quinton,14,CO,786,0.029
M,2017,Quincy,12,CO,877,0.024
M,2018,Quinn,28,CO,426,0.058
M,2018,Quentin,13,CO,835,0.027
M,2018,Quincy,9,CO,1092,0.019
M,2018,Quinton,7,CO,1308,0.015
M,2019,Quinn,18,CO,642,0.038
M,2019,Quincy,14,CO,788,0.029
M,2019,Quintin,9,CO,1105,0.019
M,2019,Quinton,6,CO,1456,0.013
M,2019,Quinlan,5,CO,1655,0.01
M,2020,Quinn,20,CO,582,0.043
M,2020,Quentin,14,CO,784,0.03
M,2020,Quincy,9,CO,1103,0.019
M,2021,Quinn,17,CO,686,0.035
M,2021,Quincy,13,CO,855,0.027
M,2021,Quinton,9,CO,1109,0.019
M,2021,Quentin,8,CO,1223,0.017
M,2021,Quinten,7,CO,1333,0.015
M,2022,Quinn,19,CO,600,0.04
M,2022,Quentin,15,CO,745,0.032
M,2022,Quintin,7,CO,1328,0.015
M,2022,Quincy,6,CO,1480,0.013
M,2022,Quinton,5,CO,1668,0.011
M,2023,Quinn,13,CO,846,0.028
M,2023,Quentin,12,CO,901,0.026
M,2023,Quincy,8,CO,1215,0.017
M,2024,Quinn,13,CO,862,0.027
M,2024,Quinton,7,CO,1371,0.014
M,2024,Quentin,6,CO,1515,0.012
F,1924,Queenie,6,NY,1193,0.003
F,1944,Queen,5,NY,1388,0.002
F,1956,Queen,8,NY,1600,0.002
F,1962,Queen,7,NY,1867,0.002
F,1963,Queen,6,NY,2074,0.002
F,1968,Quetcy,17,NY,1229,0.006
F,1969,Quetcy,5,NY,2535,0.002
F,1970,Quanda,7,NY,2201,0.002
F,1975,Qiana,11,NY,1621,0.005
F,1975,Quiana,6,NY,2373,0.003
F,1976,Qiana,9,NY,1840,0.004
F,1977,Qiana,30,NY,872,0.014
F,1977,Quiana,16,NY,1293,0.007
F,1977,Quanisha,6,NY,2461,0.003
F,1978,Qiana,33,NY,782,0.016
F,1978,Quiana,14,NY,1394,0.007
F,1978,Quintina,5,NY,2714,0.002
F,1979,Qiana,31,NY,841,0.015
F,1979,Quiana,20,NY,1117,0.01
F,1979,Quinn,11,NY,1636,0.005
F,1979,Queen,7,NY,2168,0.003
F,1980,Quiana,17,NY,1230,0.008
F,1980,Qiana,11,NY,1639,0.005
F,1980,Quinn,8,NY,2022,0.004
F,1980,Queen,6,NY,2419,0.003
F,1981,Quiana,20,NY,1093,0.009
F,1981,Qiana,10,NY,1721,0.005
F,1981,Quanisha,5,NY,2685,0.002
F,1981,Quinn,5,NY,2685,0.002
F,1982,Quiana,23,NY,1027,0.011
F,1982,Qiana,7,NY,2189,0.003
F,1982,Quinn,6,NY,2430,0.003
F,1982,Queen,5,NY,2742,0.002
F,1983,Quiana,17,NY,1216,0.008
F,1983,Qiana,8,NY,2006,0.004
F,1983,Quanisha,8,NY,2006,0.004
F,1983,Quianna,5,NY,2704,0.002
F,1984,Quiana,16,NY,1285,0.007
F,1984,Quanisha,10,NY,1728,0.005
F,1984,Queen,7,NY,2191,0.003
F,1984,Quinn,7,NY,2191,0.003
F,1984,Qiana,5,NY,2784,0.002
F,1985,Quiana,13,NY,1509,0.006
F,1985,Quanisha,11,NY,1712,0.005
F,1985,Quinn,7,NY,2316,0.003
F,1986,Quiana,8,NY,2153,0.003
F,1986,Quinn,8,NY,2153,0.003
F,1986,Quanisha,7,NY,2349,0.003
F,1986,Qiana,6,NY,2594,0.003
F,1987,Quanisha,9,NY,2031,0.004
F,1987,Quiana,9,NY,2031,0.004
F,1987,Quinn,7,NY,2386,0.003
F,1987,Quintessa,5,NY,3014,0.002
F,1988,Quiana,13,NY,1618,0.005
F,1988,Quinn,11,NY,1823,0.005
F,1988,Quanisha,7,NY,2479,0.003
F,1988,Qiana,5,NY,3145,0.002
F,1988,Quanasia,5,NY,3145,0.002
F,1989,Quanisha,17,NY,1421,0.007
F,1989,Quiana,15,NY,1560,0.006
F,1989,Quinn,6,NY,2906,0.002
F,1989,Quanesha,5,NY,3322,0.002
F,1990,Quanisha,13,NY,1784,0.005
F,1990,Quanasia,8,NY,2441,0.003
F,1990,Quinn,8,NY,2441,0.003
F,1990,Quiana,6,NY,2974,0.002
F,1990,Queen,5,NY,3396,0.002
F,1991,Quanisha,17,NY,1491,0.007
F,1991,Quiana,9,NY,2256,0.004
F,1991,Quinn,9,NY,2256,0.004
F,1991,Quanasia,5,NY,3431,0.002
F,1991,Queen,5,NY,3431,0.002
F,1992,Quiana,12,NY,1868,0.005
F,1992,Queen,9,NY,2269,0.004
F,1992,Quinn,9,NY,2269,0.004
F,1992,Quanisha,8,NY,2465,0.003
F,1992,Qiana,6,NY,3040,0.002
F,1992,Quanasia,6,NY,3040,0.002
F,1993,Quanisha,18,NY,1442,0.007
F,1993,Queen,13,NY,1805,0.005
F,1993,Quinn,12,NY,1900,0.005
F,1993,Quanasia,9,NY,2305,0.004
F,1993,Quadasia,7,NY,2720,0.003
F,1993,Quiana,7,NY,2720,0.003
F,1993,Queenasia,5,NY,3428,0.002
F,1993,Queenie,5,NY,3428,0.002
F,1994,Quiana,21,NY,1290,0.009
F,1994,Quinn,12,NY,1884,0.005
F,1994,Quanasia,8,NY,2515,0.003
F,1994,Qiana,6,NY,3081,0.003
F,1994,Quanisha,6,NY,3081,0.003
F,1994,Queenie,6,NY,3081,0.003
F,1994,Quincy,6,NY,3081,0.003
F,1995,Quinn,17,NY,1461,0.007
F,1995,Quiana,10,NY,2138,0.004
F,1995,Quanisha,8,NY,2495,0.003
F,1995,Quanesha,5,NY,3447,0.002
F,1995,Quincy,5,NY,3447,0.002
F,1996,Quinn,11,NY,2001,0.005
F,1996,Qiana,9,NY,2316,0.004
F,1996,Quiana,9,NY,2316,0.004
F,1996,Quanisha,6,NY,3070,0.003
F,1996,Queen,6,NY,3070,0.003
F,1996,Quanasia,5,NY,3490,0.002
F,1997,Quinn,14,NY,1682,0.006
F,1997,Quiana,10,NY,2129,0.005
F,1997,Quanasia,7,NY,2717,0.003
F,1997,Quanisha,5,NY,3443,0.002
F,1998,Quinn,23,NY,1188,0.011
F,1998,Queen,12,NY,1924,0.006
F,1998,Queena,6,NY,3080,0.003
F,1998,Quanasia,5,NY,3529,0.002
F,1998,Quiana,5,NY,3529,0.002
F,1998,Quianna,5,NY,3529,0.002
F,1999,Quinn,32,NY,950,0.015
F,1999,Quiana,8,NY,2519,0.004
F,1999,Quiara,8,NY,2519,0.004
F,1999,Queen,6,NY,3110,0.003
F,1999,Quianna,6,NY,3110,0.003
F,1999,Qiana,5,NY,3564,0.002
F,2000,Quinn,19,NY,1409,0.009
F,2000,Queen,9,NY,2429,0.004
F,2000,Queenie,8,NY,2655,0.004
F,2000,Quiana,7,NY,2916,0.003
F,2001,Quinn,16,NY,1605,0.008
F,2001,Queen,13,NY,1877,0.006
F,2001,Quiana,6,NY,3257,0.003
F,2002,Quinn,19,NY,1412,0.009
F,2002,Queenie,5,NY,3666,0.002
F,2003,Quinn,28,NY,1102,0.013
F,2003,Queen,10,NY,2302,0.005
F,2004,Quinn,28,NY,1091,0.014
F,2004,Queen,7,NY,2985,0.003
F,2004,Quiana,6,NY,3344,0.003
F,2005,Quinn,32,NY,999,0.016
F,2006,Quinn,35,NY,957,0.017
F,2006,Queen,11,NY,2277,0.005
F,2006,Queenie,8,NY,2859,0.004
F,2007,Quinn,31,NY,1073,0.015
F,2007,Queenie,13,NY,2043,0.006
F,2007,Queena,5,NY,4042,0.002
F,2008,Quinn,35,NY,979,0.017
F,2008,Queenie,7,NY,3238,0.003
F,2008,Quincy,6,NY,3603,0.003
F,2008,Queen,5,NY,4051,0.002
F,2008,Queena,5,NY,4051,0.002
F,2009,Quinn,35,NY,973,0.017
F,2009,Queenie,15,NY,1876,0.007
F,2009,Queen,6,NY,3583,0.003
F,2009,Queena,5,NY,4072,0.002
F,2010,Quinn,77,NY,483,0.039
F,2010,Queenie,13,NY,2047,0.007
F,2010,Quetzalli,10,NY,2513,0.005
F,2010,Queen,6,NY,3597,0.003
F,2011,Quinn,77,NY,495,0.039
F,2011,Queenie,16,NY,1773,0.008
F,2011,Queena,6,NY,3526,0.003
F,2011,Quinlan,5,NY,3992,0.003
F,2012,Quinn,112,NY,351,0.057
F,2012,Queenie,21,NY,1458,0.011
F,2012,Queena,9,NY,2708,0.005
F,2012,Queen,8,NY,2941,0.004
F,2012,Quincy,6,NY,3559,0.003
F,2013,Quinn,150,NY,262,0.077
F,2013,Queen,13,NY,2052,0.007
F,2013,Queenie,12,NY,2163,0.006
F,2013,Queena,7,NY,3123,0.004
F,2014,Quinn,138,NY,289,0.071
F,2014,Queenie,21,NY,1471,0.011
F,2014,Queen,11,NY,2345,0.006
F,2014,Queena,11,NY,2345,0.006
F,2014,Quincy,5,NY,4013,0.003
F,2015,Quinn,189,NY,212,0.097
F,2015,Queenie,19,NY,1597,0.01
F,2015,Queena,14,NY,1963,0.007
F,2015,Queen,10,NY,2534,0.005
F,2016,Quinn,173,NY,222,0.091
F,2016,Queenie,20,NY,1473,0.011
F,2016,Queena,17,NY,1696,0.009
F,2016,Queen,12,NY,2199,0.006
F,2016,Quetzaly,5,NY,3986,0.003
F,2016,Quincy,5,NY,3986,0.003
F,2017,Quinn,196,NY,193,0.106
F,2017,Queenie,14,NY,1955,0.008
F,2017,Queen,7,NY,3148,0.004
F,2017,Queena,7,NY,3148,0.004
F,2017,Quincy,5,NY,3913,0.003
F,2018,Quinn,184,NY,199,0.101
F,2018,Queen,17,NY,1670,0.009
F,2018,Queenie,8,NY,2891,0.004
F,2018,Quincy,8,NY,2891,0.004
F,2019,Quinn,195,NY,183,0.109
F,2019,Queen,16,NY,1745,0.009
F,2019,Queenie,9,NY,2672,0.005
F,2019,Queena,7,NY,3136,0.004
F,2019,Quincy,6,NY,3464,0.003
F,2020,Quinn,175,NY,197,0.105
F,2020,Queen,12,NY,2123,0.007
F,2020,Quincy,6,NY,3351,0.004
F,2021,Quinn,183,NY,187,0.107
F,2021,Queen,12,NY,2128,0.007
F,2021,Quincy,7,NY,3115,0.004
F,2021,Queenie,5,NY,3890,0.003
F,2022,Quinn,170,NY,197,0.102
F,2022,Queen,10,NY,2448,0.006
F,2022,Quincy,9,NY,2625,0.005
F,2022,Qamar,6,NY,3455,0.004
F,2023,Quinn,159,NY,198,0.097
F,2023,Qamar,12,NY,2156,0.007
F,2023,Queen,7,NY,3068,0.004
F,2024,Quinn,163,NY,192,0.099
F,2024,Quincy,10,NY,2477,0.006
F,2024,Queenie,5,NY,3883,0.003
M,1917,Quentin,6,NY,1145,0.003
M,1918,Quentin,16,NY,733,0.008
M,1919,Quentin,25,NY,561,0.014
M,1920,Quentin,17,NY,695,0.009
M,1921,Quentin,11,NY,867,0.006
M,1922,Quentin,13,NY,805,0.007
M,1923,Quentin,9,NY,949,0.005
M,1924,Quentin,13,NY,827,0.007
M,1925,Quentin,6,NY,1192,0.003
M,1927,Quentin,7,NY,1123,0.004
M,1928,Quentin,9,NY,1003,0.005
M,1929,Quentin,6,NY,1197,0.003
M,1930,Quentin,8,NY,1062,0.004
M,1931,Quentin,8,NY,1018,0.004
M,1932,Quentin,5,NY,1261,0.003
M,1933,Quentin,8,NY,1001,0.005
M,1934,Quentin,6,NY,1114,0.004
M,1936,Quentin,5,NY,1207,0.003
M,1937,Quentin,6,NY,1128,0.004
M,1938,Quentin,5,NY,1245,0.003
M,1942,Quentin,11,NY,963,0.005
M,1943,Quentin,6,NY,1313,0.003
M,1944,Quentin,9,NY,1050,0.004
M,1945,Quentin,12,NY,928,0.005
M,1946,Quentin,9,NY,1189,0.003
M,1947,Quentin,7,NY,1439,0.002
M,1948,Quentin,11,NY,1128,0.004
M,1949,Quentin,8,NY,1355,0.003
M,1950,Quentin,9,NY,1273,0.003
M,1951,Quentin,5,NY,1758,0.002
M,1953,Quentin,6,NY,1692,0.002
M,1954,Quentin,8,NY,1526,0.002
M,1955,Quentin,10,NY,1411,0.003
M,1956,Quentin,18,NY,1079,0.005
M,1957,Quentin,11,NY,1409,0.003
M,1957,Quintin,6,NY,1903,0.002
M,1957,Quincy,5,NY,2092,0.001
M,1958,Quentin,13,NY,1318,0.004
M,1959,Quentin,14,NY,1287,0.004
M,1960,Quintin,11,NY,1488,0.003
M,1960,Quentin,9,NY,1643,0.003
M,1961,Quentin,15,NY,1281,0.004
M,1961,Quintin,9,NY,1644,0.003
M,1961,Quinton,7,NY,1869,0.002
M,1962,Quentin,14,NY,1327,0.004
M,1962,Quintin,9,NY,1637,0.003
M,1962,Quinton,7,NY,1867,0.002
M,1963,Quentin,13,NY,1389,0.004
M,1963,Quintin,10,NY,1580,0.003
M,1963,Quinn,8,NY,1779,0.002
M,1964,Quentin,14,NY,1355,0.004
M,1964,Quinn,9,NY,1710,0.003
M,1964,Quintin,8,NY,1821,0.002
M,1964,Quint,5,NY,2336,0.002
M,1965,Quintin,14,NY,1328,0.004
M,1965,Quentin,13,NY,1372,0.004
M,1965,Quinton,8,NY,1784,0.003
M,1965,Quincy,5,NY,2314,0.002
M,1966,Quentin,9,NY,1680,0.003
M,1966,Quinn,6,NY,2120,0.002
M,1966,Quintin,5,NY,2320,0.002
M,1967,Quentin,12,NY,1457,0.004
M,1967,Quinn,8,NY,1791,0.003
M,1967,Quintin,5,NY,2349,0.002
M,1968,Quentin,16,NY,1265,0.006
M,1968,Quintin,6,NY,2125,0.002
M,1968,Quincy,5,NY,2383,0.002
M,1968,Quinn,5,NY,2383,0.002
M,1968,Quinton,5,NY,2383,0.002
M,1969,Quentin,16,NY,1296,0.006
M,1969,Quinn,10,NY,1678,0.003
M,1969,Quinton,6,NY,2266,0.002
M,1969,Quintin,5,NY,2535,0.002
M,1970,Quentin,28,NY,995,0.009
M,1970,Quinn,12,NY,1609,0.004
M,1970,Quinton,6,NY,2412,0.002
M,1970,Quincy,5,NY,2695,0.002
M,1971,Quentin,22,NY,1084,0.008
M,1971,Quincy,12,NY,1532,0.005
M,1971,Quinton,6,NY,2348,0.002
M,1972,Quincy,13,NY,1398,0.006
M,1972,Quentin,10,NY,1653,0.004
M,1972,Quinn,6,NY,2287,0.003
M,1973,Quincy,12,NY,1452,0.006
M,1973,Quentin,9,NY,1754,0.004
M,1973,Quinn,7,NY,2049,0.003
M,1974,Quincy,18,NY,1153,0.008
M,1974,Quentin,11,NY,1572,0.005
M,1974,Quinn,9,NY,1780,0.004
M,1974,Quinton,5,NY,2611,0.002
M,1975,Quincy,18,NY,1184,0.008
M,1975,Quentin,14,NY,1401,0.007
M,1975,Quinton,9,NY,1856,0.004
M,1975,Quinn,6,NY,2373,0.003
M,1976,Quentin,23,NY,1008,0.011
M,1976,Quincy,22,NY,1036,0.01
M,1976,Quinton,7,NY,2173,0.003
M,1976,Quinn,5,NY,2716,0.002
M,1977,Quincy,26,NY,968,0.012
M,1977,Quentin,19,NY,1152,0.009
M,1977,Quinton,9,NY,1888,0.004
M,1977,Quinn,8,NY,2045,0.004
M,1977,Quintin,6,NY,2461,0.003
M,1978,Quentin,16,NY,1270,0.008
M,1978,Quincy,15,NY,1324,0.007
M,1978,Quinn,12,NY,1530,0.006
M,1978,Quran,5,NY,2714,0.002
M,1979,Quentin,16,NY,1284,0.008
M,1979,Quincy,12,NY,1533,0.006
M,1979,Quinn,6,NY,2405,0.003
M,1980,Quincy,20,NY,1108,0.009
M,1980,Quinn,14,NY,1391,0.007
M,1980,Quentin,10,NY,1745,0.005
M,1980,Quinton,5,NY,2722,0.002
M,1981,Quincy,20,NY,1093,0.009
M,1981,Quentin,11,NY,1614,0.005
M,1982,Quincy,25,NY,972,0.011
M,1982,Quentin,23,NY,1027,0.011
M,1982,Quinton,10,NY,1718,0.005
M,1982,Quintin,9,NY,1843,0.004
M,1982,Quinn,6,NY,2430,0.003
M,1982,Qasim,5,NY,2742,0.002
M,1982,Quran,5,NY,2742,0.002
M,1983,Quentin,19,NY,1137,0.009
M,1983,Quincy,12,NY,1553,0.005
M,1983,Quintin,11,NY,1636,0.005
M,1983,Quinton,11,NY,1636,0.005
M,1983,Quinn,7,NY,2167,0.003
M,1984,Quentin,15,NY,1333,0.007
M,1984,Quinton,14,NY,1383,0.006
M,1984,Quincy,10,NY,1728,0.005
M,1984,Quintin,10,NY,1728,0.005
M,1984,Quan,5,NY,2784,0.002
M,1985,Quentin,26,NY,980,0.011
M,1985,Quintin,13,NY,1509,0.006
M,1985,Quincy,11,NY,1712,0.005
M,1985,Quinn,8,NY,2115,0.004
M,1985,Quran,5,NY,2864,0.002
M,1986,Quentin,26,NY,969,0.011
M,1986,Quincy,22,NY,1075,0.01
M,1986,Quinn,13,NY,1551,0.006
M,1986,Quinton,12,NY,1634,0.005
M,1986,Quintin,10,NY,1837,0.004
M,1986,Quran,6,NY,2594,0.003
M,1987,Quentin,23,NY,1093,0.01
M,1987,Quincy,16,NY,1389,0.007
M,1987,Quinn,15,NY,1444,0.006
M,1987,Quinton,14,NY,1508,0.006
M,1987,Quintin,11,NY,1784,0.005
M,1988,Quentin,41,NY,794,0.017
M,1988,Quintin,16,NY,1406,0.007
M,1988,Quinn,13,NY,1618,0.005
M,1988,Quinton,10,NY,1950,0.004
M,1988,Quincy,7,NY,2479,0.003
M,1988,Quinten,5,NY,3145,0.002
M,1989,Quentin,30,NY,1001,0.012
M,1989,Quincy,26,NY,1076,0.01
M,1989,Quinn,26,NY,1076,0.01
M,1989,Quintin,21,NY,1248,0.008
M,1989,Quinton,13,NY,1711,0.005
M,1989,Quasim,5,NY,3322,0.002
M,1990,Quinton,30,NY,1018,0.011
M,1990,Quentin,29,NY,1036,0.011
M,1990,Quincy,26,NY,1130,0.01
M,1990,Quinn,21,NY,1303,0.008
M,1990,Quintin,15,NY,1625,0.006
M,1990,Quamel,7,NY,2695,0.003
M,1990,Quenton,7,NY,2695,0.003
M,1990,Quashawn,6,NY,2974,0.002
M,1990,Quinten,6,NY,2974,0.002
M,1991,Quentin,31,NY,989,0.012
M,1991,Quincy,25,NY,1138,0.01
M,1991,Quinn,25,NY,1138,0.01
M,1991,Quinton,21,NY,1293,0.008
M,1991,Quintin,19,NY,1389,0.007
M,1991,Quayshaun,9,NY,2256,0.004
M,1991,Quashawn,8,NY,2452,0.003
M,1991,Quamel,7,NY,2699,0.003
M,1991,Qasim,6,NY,3005,0.002
M,1991,Quayshawn,6,NY,3005,0.002
M,1991,Quandell,5,NY,3431,0.002
M,1991,Quinten,5,NY,3431,0.002
M,1992,Quentin,28,NY,1061,0.011
M,1992,Quincy,26,NY,1130,0.01
M,1992,Quinn,22,NY,1267,0.009
M,1992,Quintin,17,NY,1477,0.007
M,1992,Quinton,10,NY,2109,0.004
M,1992,Quashawn,8,NY,2465,0.003
M,1992,Quinten,6,NY,3040,0.002
M,1992,Quran,6,NY,3040,0.002
M,1993,Quinn,31,NY,980,0.013
M,1993,Quentin,28,NY,1056,0.012
M,1993,Quincy,26,NY,1122,0.011
M,1993,Quran,17,NY,1492,0.007
M,1993,Quinton,16,NY,1554,0.007
M,1993,Quintin,15,NY,1639,0.006
M,1993,Quashawn,8,NY,2498,0.003
M,1993,Quavon,8,NY,2498,0.003
M,1993,Qasim,5,NY,3428,0.002
M,1993,Quinten,5,NY,3428,0.002
M,1994,Quentin,32,NY,943,0.014
M,1994,Quinn,29,NY,1016,0.012
M,1994,Quincy,26,NY,1090,0.011
M,1994,Quinton,25,NY,1124,0.011
M,1994,Quashawn,11,NY,1999,0.005
M,1994,Quran,9,NY,2314,0.004
M,1994,Quintin,7,NY,2792,0.003
M,1994,Qasim,5,NY,3475,0.002
M,1995,Quentin,38,NY,853,0.017
M,1995,Quinn,34,NY,927,0.015
M,1995,Quinton,32,NY,961,0.014
M,1995,Quincy,30,NY,1005,0.013
M,1995,Quintin,18,NY,1420,0.008
M,1995,Quran,8,NY,2495,0.003
M,1995,Qasim,7,NY,2724,0.003
M,1995,Quinten,7,NY,2724,0.003
M,1995,Quan,6,NY,3019,0.003
M,1996,Quinn,55,NY,631,0.025
M,1996,Quentin,34,NY,901,0.015
M,1996,Quinton,31,NY,969,0.014
M,1996,Quincy,29,NY,1025,0.013
M,1996,Quran,19,NY,1341,0.009
M,1996,Quintin,18,NY,1401,0.008
M,1996,Qasim,8,NY,2507,0.004
M,1996,Quashawn,6,NY,3070,0.003
M,1996,Quinlan,6,NY,3070,0.003
M,1996,Quinten,6,NY,3070,0.003
M,1996,Quamel,5,NY,3490,0.002
M,1996,Quavon,5,NY,3490,0.002
M,1997,Quinn,56,NY,621,0.026
M,1997,Quentin,47,NY,705,0.022
M,1997,Quinton,33,NY,917,0.015
M,1997,Quincy,32,NY,934,0.015
M,1997,Quintin,22,NY,1197,0.01
M,1997,Quran,19,NY,1359,0.009
M,1997,Quinten,9,NY,2285,0.004
M,1997,Quamel,8,NY,2458,0.004
M,1997,Qasim,7,NY,2717,0.003
M,1997,Quayshawn,5,NY,3443,0.002
M,1998,Quentin,46,NY,719,0.021
M,1998,Quinn,38,NY,832,0.018
M,1998,Quinton,35,NY,888,0.016
M,1998,Quincy,28,NY,1040,0.013
M,1998,Quran,18,NY,1416,0.008
M,1998,Quintin,16,NY,1549,0.007
M,1998,Quinten,7,NY,2792,0.003
M,1998,Qasim,6,NY,3080,0.003
M,1998,Quinlan,6,NY,3080,0.003
M,1998,Quron,5,NY,3529,0.002
M,1999,Quinn,59,NY,580,0.028
M,1999,Quentin,35,NY,879,0.016
M,1999,Quincy,27,NY,1075,0.013
M,1999,Quinton,23,NY,1199,0.011
M,1999,Quintin,19,NY,1361,0.009
M,1999,Quran,8,NY,2519,0.004
M,1999,Quamel,7,NY,2770,0.003
M,1999,Quinten,7,NY,2770,0.003
M,1999,Quinlan,5,NY,3564,0.002
M,2000,Quinn,66,NY,541,0.031
M,2000,Quentin,39,NY,826,0.018
M,2000,Quincy,28,NY,1075,0.013
M,2000,Quintin,20,NY,1344,0.009
M,2000,Quinton,14,NY,1746,0.007
M,2000,Quran,12,NY,1946,0.006
M,2000,Quinten,11,NY,2101,0.005
M,2000,Qasim,8,NY,2655,0.004
M,2000,Quinlan,5,NY,3661,0.002
M,2001,Quinn,54,NY,628,0.026
M,2001,Quentin,33,NY,949,0.016
M,2001,Quincy,29,NY,1030,0.014
M,2001,Quinton,17,NY,1533,0.008
M,2001,Quadir,13,NY,1877,0.006
M,2001,Qasim,9,NY,2440,0.004
M,2001,Quinten,8,NY,2664,0.004
M,2001,Quinlan,7,NY,2930,0.003
M,2001,Quintin,7,NY,2930,0.003
M,2002,Quinn,61,NY,571,0.029
M,2002,Quincy,45,NY,734,0.022
M,2002,Quentin,36,NY,879,0.017
M,2002,Quadir,20,NY,1358,0.01
M,2002,Quinton,18,NY,1464,0.009
M,2002,Quintin,14,NY,1754,0.007
M,2002,Quinten,10,NY,2254,0.005
M,2002,Quran,5,NY,3666,0.002
M,2003,Quinn,72,NY,492,0.034
M,2003,Quincy,37,NY,897,0.018
M,2003,Quentin,31,NY,1025,0.015
M,2003,Quadir,24,NY,1220,0.011
M,2003,Quinton,17,NY,1560,0.008
M,2003,Quintin,13,NY,1900,0.006
M,2003,Quinten,7,NY,2938,0.003
M,2003,Quran,6,NY,3275,0.003
M,2003,Qasim,5,NY,3762,0.002
M,2003,Quamel,5,NY,3762,0.002
M,2003,Quaron,5,NY,3762,0.002
M,2003,Quinlan,5,NY,3762,0.002
M,2004,Quinn,60,NY,587,0.029
M,2004,Quentin,45,NY,762,0.022
M,2004,Quincy,29,NY,1067,0.014
M,2004,Quintin,25,NY,1198,0.012
M,2004,Quadir,21,NY,1378,0.01
M,2004,Quinton,12,NY,2023,0.006
M,2004,Qasim,7,NY,2985,0.003
M,2004,Quinlan,7,NY,2985,0.003
M,2004,Quran,5,NY,3777,0.002
M,2005,Quinn,65,NY,535,0.032
M,2005,Quentin,32,NY,999,0.016
M,2005,Quincy,27,NY,1124,0.013
M,2005,Quadir,24,NY,1229,0.012
M,2005,Quintin,21,NY,1358,0.01
M,2005,Quinton,17,NY,1589,0.008
M,2005,Quinlan,11,NY,2160,0.005
M,2005,Qasim,8,NY,2768,0.004
M,2005,Quran,7,NY,3029,0.003
M,2005,Qadir,5,NY,3811,0.002
M,2006,Quinn,78,NY,468,0.038
M,2006,Quentin,43,NY,803,0.021
M,2006,Quincy,30,NY,1078,0.015
M,2006,Quinton,17,NY,1644,0.008
M,2006,Quintin,14,NY,1897,0.007
M,2006,Quadir,12,NY,2123,0.006
M,2006,Quinlan,10,NY,2450,0.005
M,2006,Quinten,9,NY,2630,0.004
M,2006,Quran,9,NY,2630,0.004
M,2007,Quinn,73,NY,522,0.035
M,2007,Quentin,27,NY,1195,0.013
M,2007,Quincy,24,NY,1294,0.012
M,2007,Quinlan,19,NY,1536,0.009
M,2007,Quadir,14,NY,1947,0.007
M,2007,Quintin,12,NY,2156,0.006
M,2007,Quinten,11,NY,2293,0.005
M,2007,Quinton,10,NY,2441,0.005
M,2007,Quran,7,NY,3184,0.003
M,2007,Qadir,6,NY,3542,0.003
M,2008,Quinn,78,NY,482,0.038
M,2008,Quentin,34,NY,1002,0.017
M,2008,Quinton,23,NY,1351,0.011
M,2008,Quadir,21,NY,1442,0.01
M,2008,Quincy,21,NY,1442,0.01
M,2008,Quintin,12,NY,2177,0.006
M,2008,Quinten,9,NY,2712,0.004
M,2008,Quran,5,NY,4051,0.002
M,2009,Quinn,71,NY,527,0.035
M,2009,Quentin,35,NY,973,0.017
M,2009,Quincy,31,NY,1077,0.015
M,2009,Quadir,23,NY,1385,0.011
M,2009,Quintin,18,NY,1648,0.009
M,2009,Quinten,15,NY,1876,0.007
M,2009,Quinton,13,NY,2075,0.006
M,2009,Qasim,5,NY,4072,0.002
M,2009,Quinlan,5,NY,4072,0.002
M,2010,Quinn,72,NY,512,0.036
M,2010,Quentin,36,NY,951,0.018
M,2010,Quincy,27,NY,1199,0.014
M,2010,Quintin,18,NY,1636,0.009
M,2010,Quadir,16,NY,1770,0.008
M,2010,Quinton,13,NY,2047,0.007
M,2010,Quinten,12,NY,2170,0.006
M,2010,Quinlan,6,NY,3597,0.003
M,2010,Qasim,5,NY,4059,0.003
M,2011,Quinn,77,NY,495,0.039
M,2011,Quentin,33,NY,1023,0.017
M,2011,Quincy,27,NY,1200,0.014
M,2011,Quinton,15,NY,1858,0.008
M,2011,Quadir,11,NY,2325,0.006
M,2011,Quinten,9,NY,2669,0.005
M,2011,Quintin,8,NY,2908,0.004
M,2011,Quran,8,NY,2908,0.004
M,2011,Qasim,5,NY,3992,0.003
M,2011,Quin,5,NY,3992,0.003
M,2011,Quinlan,5,NY,3992,0.003
M,2012,Quinn,57,NY,646,0.029
M,2012,Quentin,28,NY,1172,0.014
M,2012,Quincy,26,NY,1229,0.013
M,2012,Quinton,22,NY,1406,0.011
M,2012,Quintin,15,NY,1867,0.008
M,2012,Quintus,9,NY,2708,0.005
M,2012,Quinlan,8,NY,2941,0.004
M,2012,Quinten,8,NY,2941,0.004
M,2012,Quadir,7,NY,3207,0.004
M,2013,Quinn,47,NY,744,0.024
M,2013,Quentin,36,NY,940,0.019
M,2013,Quincy,26,NY,1237,0.013
M,2013,Quinton,15,NY,1839,0.008
M,2013,Quintin,9,NY,2625,0.005
M,2013,Quintus,7,NY,3123,0.004
M,2013,Quinten,5,NY,3918,0.003
M,2014,Quinn,40,NY,863,0.02
M,2014,Quentin,32,NY,1081,0.016
M,2014,Quincy,30,NY,1134,0.015
M,2014,Quintin,13,NY,2094,0.007
M,2014,Quinton,13,NY,2094,0.007
M,2014,Qasim,10,NY,2505,0.005
M,2014,Quadir,9,NY,2674,0.005
M,2014,Quinten,7,NY,3182,0.004
M,2014,Quintus,6,NY,3517,0.003
M,2014,Quinlan,5,NY,4013,0.003
M,2014,Quran,5,NY,4013,0.003
M,2015,Quinn,65,NY,583,0.033
M,2015,Quentin,35,NY,981,0.018
M,2015,Quincy,30,NY,1109,0.015
M,2015,Quinton,18,NY,1652,0.009
M,2015,Quintin,11,NY,2351,0.006
M,2015,Qasim,7,NY,3243,0.004
M,2015,Quintus,6,NY,3580,0.003
M,2015,Qusai,6,NY,3580,0.003
M,2015,Quadir,5,NY,4044,0.003
M,2016,Quinn,64,NY,594,0.034
M,2016,Quentin,25,NY,1257,0.013
M,2016,Quincy,18,NY,1611,0.009
M,2016,Quinton,17,NY,1696,0.009
M,2016,Quinten,13,NY,2090,0.007
M,2016,Quintin,10,NY,2481,0.005
M,2016,Quran,6,NY,3494,0.003
M,2016,Quintus,5,NY,3986,0.003
M,2017,Quinn,63,NY,602,0.034
M,2017,Quincy,26,NY,1215,0.014
M,2017,Quentin,22,NY,1372,0.012
M,2017,Quinton,17,NY,1677,0.009
M,2017,Qasim,11,NY,2324,0.006
M,2017,Quinten,8,NY,2893,0.004
M,2017,Quintus,8,NY,2893,0.004
M,2017,Quintin,6,NY,3467,0.003
M,2018,Quinn,59,NY,636,0.032
M,2018,Quentin,27,NY,1188,0.015
M,2018,Quincy,25,NY,1263,0.014
M,2018,Quinton,12,NY,2154,0.007
M,2018,Quadir,11,NY,2291,0.006
M,2018,Quintin,9,NY,2650,0.005
M,2018,Qasim,8,NY,2891,0.004
M,2018,Quinten,7,NY,3157,0.004
M,2018,Qusay,5,NY,3939,0.003
M,2019,Quinn,53,NY,674,0.03
M,2019,Quincy,36,NY,935,0.02
M,2019,Quentin,19,NY,1536,0.011
M,2019,Quinton,17,NY,1668,0.01
M,2019,Qasim,8,NY,2889,0.004
M,2019,Quest,6,NY,3464,0.003
M,2019,Quintus,6,NY,3464,0.003
M,2019,Quran,6,NY,3464,0.003
M,2019,Qais,5,NY,3876,0.003
M,2019,Quadir,5,NY,3876,0.003
M,2019,Qusai,5,NY,3876,0.003
M,2020,Quinn,39,NY,865,0.023
M,2020,Quentin,36,NY,912,0.022
M,2020,Quincy,29,NY,1077,0.017
M,2020,Quinton,14,NY,1885,0.008
M,2020,Quest,8,NY,2794,0.005
M,2020,Quadir,7,NY,3048,0.004
M,2020,Quintin,7,NY,3048,0.004
M,2020,Qais,6,NY,3351,0.004
M,2020,Qasim,6,NY,3351,0.004
M,2020,Quinten,5,NY,3737,0.003
M,2021,Quinn,58,NY,622,0.034
M,2021,Quentin,22,NY,1378,0.013
M,2021,Quincy,19,NY,1543,0.011
M,2021,Quinton,16,NY,1736,0.009
M,2021,Quadir,10,NY,2446,0.006
M,2022,Quinn,44,NY,785,0.026
M,2022,Quincy,22,NY,1373,0.013
M,2022,Quentin,13,NY,2027,0.008
M,2022,Quadir,9,NY,2625,0.005
M,2022,Quinton,8,NY,2840,0.005
M,2022,Qasim,7,NY,3115,0.004
M,2022,Quinten,5,NY,3912,0.003
M,2022,Quintin,5,NY,3912,0.003
M,2023,Quinn,43,NY,786,0.026
M,2023,Quincy,24,NY,1289,0.015
M,2023,Quinton,17,NY,1685,0.01
M,2023,Quentin,12,NY,2156,0.007
M,2023,Qasim,6,NY,3397,0.004
M,2023,Quadir,6,NY,3397,0.004
M,2023,Quinten,6,NY,3397,0.004
M,2024,Quinn,39,NY,878,0.024
M,2024,Quincy,26,NY,1212,0.016
M,2024,Quentin,21,NY,1442,0.013
M,2024,Quinton,12,NY,2205,0.007
M,2024,Quadir,7,NY,3117,0.004
M,2024,Quran,6,NY,3457,0.004
M,2024,Qasim,5,NY,3883,0.003
M,2024,Qusay,5,NY,3883,0.003
F,1996,Quinn,5,DE,305,0.071
F,2011,Quinn,7,DE,280,0.109
F,2012,Quinn,15,DE,121,0.242
F,2013,Quinn,15,DE,119,0.246
F,2014,Quinn,11,DE,174,0.171
F,2015,Quinn,15,DE,123,0.24
F,2016,Quinn,10,DE,198,0.162
F,2017,Quinn,10,DE,188,0.168
F,2018,Quinn,10,DE,182,0.176
F,2020,Quinn,7,DE,267,0.129
F,2021,Quinn,11,DE,158,0.198
F,2022,Quinn,10,DE,185,0.179
F,2023,Quinn,7,DE,246,0.14
F,2024,Quinn,9,DE,191,0.179
M,1984,Quinton,7,DE,190,0.101
M,1997,Quinn,6,DE,270,0.086
M,2002,Quincy,7,DE,264,0.098
M,2005,Quinn,5,DE,370,0.07
M,2006,Quentin,6,DE,333,0.085
M,2007,Quinn,12,DE,174,0.169
M,2008,Quinn,5,DE,369,0.073
M,2010,Quentin,6,DE,297,0.095
M,2010,Quinn,5,DE,364,0.079
M,2011,Quinn,5,DE,390,0.078
M,2014,Quinn,5,DE,393,0.078
M,2019,Quinn,5,DE,372,0.089
M,2021,Quincy,5,DE,379,0.09
F,2012,Quinn,7,WV,501,0.047
F,2013,Quinn,16,WV,266,0.107
F,2014,Quinn,9,WV,418,0.062
F,2015,Quinn,8,WV,467,0.055
F,2016,Quinn,18,WV,209,0.129
F,2017,Quinn,15,WV,249,0.112
F,2018,Quinn,20,WV,175,0.152
F,2019,Quinn,10,WV,370,0.077
F,2020,Quinn,10,WV,362,0.081
F,2021,Quinn,11,WV,336,0.088
F,2022,Quinn,15,WV,244,0.125
F,2023,Quinn,9,WV,405,0.078
F,2024,Quinn,14,WV,250,0.122
M,1917,Quincy,5,WV,636,0.018
M,1918,Quentin,21,WV,274,0.066
M,1919,Quentin,20,WV,274,0.066
M,1920,Quentin,14,WV,379,0.042
M,1921,Quentin,7,WV,618,0.019
M,1922,Quentin,11,WV,470,0.03
M,1924,Quentin,6,WV,699,0.015
M,1942,Quentin,6,WV,634,0.014
M,1976,Quentin,6,WV,517,0.024
M,1977,Quinton,6,WV,531,0.023
M,1983,Quinton,5,WV,517,0.022
M,1984,Quentin,5,WV,510,0.023
M,1991,Quentin,6,WV,442,0.031
M,1995,Quentin,8,WV,373,0.047
M,1996,Quentin,5,WV,507,0.03
M,1996,Quinton,5,WV,507,0.03
M,1997,Quentin,5,WV,521,0.03
M,1997,Quintin,5,WV,521,0.03
M,1999,Quentin,7,WV,417,0.043
M,2000,Quinton,5,WV,557,0.03
M,2002,Quentin,6,WV,498,0.038
M,2002,Quinton,5,WV,566,0.031
M,2003,Quentin,5,WV,571,0.031
M,2004,Quentin,8,WV,428,0.05
M,2005,Quentin,5,WV,612,0.032
M,2006,Quentin,15,WV,267,0.095
M,2007,Quinton,10,WV,367,0.062
M,2007,Quentin,7,WV,468,0.044
M,2008,Quentin,5,WV,619,0.032
M,2011,Quinton,9,WV,416,0.06
M,2012,Quentin,5,WV,645,0.033
M,2013,Quentin,7,WV,518,0.047
M,2014,Quinton,5,WV,651,0.035
M,2015,Quentin,6,WV,589,0.041
M,2016,Quentin,6,WV,571,0.043
M,2016,Quinn,5,WV,659,0.036
M,2016,Quinton,5,WV,659,0.036
M,2017,Quentin,9,WV,417,0.067
M,2017,Quinn,7,WV,497,0.052
M,2018,Quinton,6,WV,556,0.046
M,2019,Quinton,5,WV,673,0.038
M,2020,Quentin,6,WV,576,0.048
F,2012,Quinn,7,WY,164,0.229
F,2015,Quinn,10,WY,110,0.305
F,2017,Quinn,6,WY,177,0.232
F,2018,Quinn,9,WY,94,0.374
F,2019,Quinn,9,WY,88,0.378
F,2021,Quinn,5,WY,189,0.23
F,2023,Quinn,6,WY,136,0.308
F,2024,Quincy,5,WY,172,0.251
M,1977,Quentin,5,WY,256,0.092
M,1999,Quinn,5,WY,207,0.163
M,2005,Quentin,7,WY,176,0.207
M,2009,Quentin,7,WY,167,0.208
M,2010,Quentin,5,WY,239,0.157
M,2016,Quinn,6,WY,180,0.208
F,2003,Quinn,6,NV,772,0.025
F,2006,Quinn,7,NV,805,0.025
F,2007,Quinn,5,NV,1099,0.017
F,2009,Quinn,6,NV,891,0.023
F,2010,Quinn,10,NV,574,0.041
F,2011,Quinn,9,NV,616,0.038
F,2011,Quincy,5,NV,1015,0.021
F,2012,Quinn,18,NV,335,0.076
F,2013,Quinn,26,NV,243,0.109
F,2013,Quincy,5,NV,983,0.021
F,2014,Quinn,21,NV,308,0.087
F,2015,Quinn,28,NV,232,0.114
F,2016,Quinn,36,NV,158,0.146
F,2017,Quinn,31,NV,192,0.13
F,2017,Quincy,6,NV,895,0.025
F,2018,Quinn,28,NV,228,0.118
F,2018,Queen,5,NV,1042,0.021
F,2018,Quincy,5,NV,1042,0.021
F,2019,Quinn,31,NV,189,0.135
F,2019,Queen,5,NV,1032,0.022
F,2019,Quincy,5,NV,1032,0.022
F,2020,Quinn,28,NV,188,0.13
F,2021,Quinn,22,NV,246,0.102
F,2022,Quinn,26,NV,209,0.124
F,2023,Quinn,26,NV,190,0.131
F,2024,Quinn,24,NV,206,0.121
M,1985,Quinton,5,NV,392,0.045
M,1990,Quinton,7,NV,412,0.045
M,1990,Quentin,5,NV,542,0.032
M,1990,Quinn,5,NV,542,0.032
M,1991,Quinn,7,NV,456,0.043
M,1991,Quincy,5,NV,573,0.031
M,1993,Quinn,10,NV,346,0.062
M,1994,Quinton,5,NV,634,0.029
M,1996,Quentin,12,NV,357,0.064
M,1996,Quincy,7,NV,545,0.037
M,1996,Quinn,7,NV,545,0.037
M,1996,Quinton,7,NV,545,0.037
M,1997,Quinn,11,NV,391,0.057
M,1997,Quinton,9,NV,464,0.047
M,1997,Quentin,8,NV,507,0.042
M,1998,Quinton,7,NV,602,0.034
M,1998,Quentin,5,NV,774,0.024
M,1999,Quinn,10,NV,491,0.048
M,1999,Quentin,6,NV,725,0.029
M,1999,Quinton,5,NV,806,0.024
M,2000,Quinn,7,NV,646,0.032
M,2000,Quentin,6,NV,719,0.027
M,2000,Quintin,5,NV,815,0.023
M,2000,Quinton,5,NV,815,0.023
M,2001,Quinn,9,NV,555,0.04
M,2002,Quinn,11,NV,490,0.048
M,2002,Quinton,8,NV,614,0.035
M,2002,Quentin,6,NV,766,0.026
M,2003,Quentin,10,NV,538,0.042
M,2003,Quincy,5,NV,885,0.021
M,2003,Quinn,5,NV,885,0.021
M,2003,Quintin,5,NV,885,0.021
M,2004,Quentin,11,NV,533,0.045
M,2004,Quinn,11,NV,533,0.045
M,2004,Quinton,10,NV,571,0.041
M,2004,Quincy,6,NV,816,0.024
M,2005,Quinn,11,NV,569,0.042
M,2005,Quincy,9,NV,654,0.034
M,2005,Quentin,5,NV,1004,0.019
M,2006,Quinn,9,NV,660,0.032
M,2006,Quentin,6,NV,902,0.021
M,2006,Quinton,6,NV,902,0.021
M,2007,Quinn,13,NV,529,0.045
M,2007,Quentin,8,NV,764,0.028
M,2007,Quincy,6,NV,956,0.021
M,2008,Quincy,10,NV,628,0.037
M,2008,Quinn,7,NV,804,0.026
M,2008,Quinton,6,NV,925,0.022
M,2008,Quintin,5,NV,1053,0.018
M,2009,Quinn,11,NV,553,0.043
M,2009,Quincy,5,NV,1025,0.019
M,2009,Quinton,5,NV,1025,0.019
M,2010,Quinn,12,NV,488,0.049
M,2010,Quincy,6,NV,874,0.024
M,2010,Quinton,6,NV,874,0.024
M,2010,Quentin,5,NV,1026,0.02
M,2011,Quinn,5,NV,1015,0.021
M,2011,Quintin,5,NV,1015,0.021
M,2012,Quinn,10,NV,565,0.042
M,2012,Quinton,7,NV,776,0.03
M,2012,Quincy,5,NV,998,0.021
M,2013,Quinn,10,NV,587,0.042
M,2013,Quincy,8,NV,700,0.034
M,2013,Quentin,7,NV,751,0.029
M,2014,Quentin,6,NV,891,0.025
M,2014,Quincy,6,NV,891,0.025
M,2015,Quinn,10,NV,590,0.041
M,2015,Quentin,6,NV,898,0.024
M,2016,Quinn,7,NV,820,0.028
M,2016,Quentin,5,NV,1078,0.02
M,2016,Quinton,5,NV,1078,0.02
M,2017,Quincy,8,NV,717,0.033
M,2017,Quinton,7,NV,785,0.029
M,2017,Quinn,5,NV,1034,0.021
M,2018,Quentin,6,NV,922,0.025
M,2018,Quincy,6,NV,922,0.025
M,2019,Quincy,9,NV,647,0.039
M,2019,Quinn,9,NV,647,0.039
M,2020,Quinton,7,NV,755,0.032
M,2020,Quinn,6,NV,871,0.028
M,2020,Quentin,5,NV,996,0.023
M,2021,Quincy,7,NV,780,0.032
M,2022,Quincy,6,NV,845,0.029
M,2022,Quinn,5,NV,1010,0.024
M,2023,Quinton,5,NV,1001,0.025
M,2024,Quinn,7,NV,752,0.035
M,2024,Quincy,5,NV,994,0.025
F,1924,Queenie,5,PA,1262,0.003
F,1927,Queenie,5,PA,1221,0.003
F,1929,Queen,5,PA,1149,0.003
F,1961,Queen,5,PA,1541,0.002
F,1969,Quanda,5,PA,1571,0.003
F,1970,Quanda,5,PA,1619,0.003
F,1972,Quanda,6,PA,1405,0.004
F,1973,Quanda,5,PA,1543,0.004
F,1974,Quiana,7,PA,1289,0.005
F,1975,Qiana,6,PA,1442,0.004
F,1975,Quiana,6,PA,1442,0.004
F,1976,Quiana,9,PA,1098,0.007
F,1976,Qiana,8,PA,1184,0.006
F,1977,Qiana,16,PA,809,0.011
F,1977,Quiana,7,PA,1328,0.005
F,1978,Qiana,17,PA,773,0.012
F,1978,Quiana,13,PA,912,0.009
F,1979,Quinn,16,PA,819,0.011
F,1979,Quiana,15,PA,855,0.01
F,1979,Qiana,11,PA,1040,0.008
F,1979,Quianna,5,PA,1678,0.003
F,1980,Quiana,23,PA,654,0.016
F,1980,Qiana,12,PA,988,0.008
F,1980,Quinn,6,PA,1481,0.004
F,1981,Quanda,7,PA,1364,0.005
F,1981,Quiana,7,PA,1364,0.005
F,1981,Qiana,5,PA,1648,0.003
F,1982,Quinn,14,PA,895,0.009
F,1982,Quiana,13,PA,945,0.009
F,1983,Quiana,11,PA,1005,0.008
F,1983,Qiana,6,PA,1479,0.004
F,1983,Quinn,6,PA,1479,0.004
F,1984,Quinn,6,PA,1456,0.004
F,1984,Quiana,5,PA,1621,0.003
F,1984,Quianna,5,PA,1621,0.003
F,1985,Quiana,10,PA,1092,0.007
F,1985,Quinn,9,PA,1167,0.006
F,1986,Quiana,7,PA,1428,0.005
F,1986,Quinn,5,PA,1735,0.003
F,1987,Quintina,5,PA,1784,0.003
F,1988,Quinn,6,PA,1628,0.004
F,1988,Quiana,5,PA,1820,0.003
F,1989,Quiana,6,PA,1710,0.004
F,1989,Quinn,5,PA,1895,0.003
F,1990,Quinn,6,PA,1760,0.004
F,1991,Quinn,13,PA,1090,0.009
F,1991,Quiana,8,PA,1458,0.005
F,1992,Quinn,8,PA,1460,0.005
F,1992,Quiana,6,PA,1767,0.004
F,1993,Queen,7,PA,1600,0.005
F,1993,Quiana,6,PA,1753,0.004
F,1993,Quinn,5,PA,1975,0.004
F,1994,Quiana,9,PA,1382,0.007
F,1994,Quinn,5,PA,2007,0.004
F,1995,Quinn,11,PA,1203,0.008
F,1996,Quadira,6,PA,1768,0.005
F,1996,Quinn,6,PA,1768,0.005
F,1997,Quinn,18,PA,857,0.014
F,1998,Quinn,26,PA,664,0.021
F,1999,Quinn,28,PA,645,0.023
F,1999,Quadira,5,PA,2061,0.004
F,2000,Quinn,15,PA,1018,0.012
F,2001,Quinn,17,PA,941,0.014
F,2002,Quinn,21,PA,804,0.018
F,2003,Quinn,21,PA,826,0.017
F,2004,Quinn,28,PA,692,0.024
F,2004,Queen,5,PA,2277,0.004
F,2005,Quinn,32,PA,623,0.027
F,2005,Queen,5,PA,2332,0.004
F,2006,Quinn,34,PA,607,0.028
F,2007,Quinn,37,PA,594,0.031
F,2008,Quinn,33,PA,635,0.028
F,2009,Quinn,33,PA,638,0.028
F,2010,Quinn,59,PA,384,0.052
F,2011,Quinn,107,PA,238,0.094
F,2012,Quinn,125,PA,198,0.111
F,2013,Quinn,161,PA,155,0.144
F,2013,Queen,6,PA,2201,0.005
F,2014,Quinn,145,PA,176,0.127
F,2015,Quinn,180,PA,133,0.16
F,2015,Queen,6,PA,2267,0.005
F,2016,Quinn,207,PA,114,0.186
F,2017,Quinn,211,PA,107,0.193
F,2017,Queen,9,PA,1756,0.008
F,2018,Quinn,187,PA,119,0.174
F,2018,Queen,13,PA,1343,0.012
F,2019,Quinn,200,PA,106,0.189
F,2019,Queen,8,PA,1910,0.008
F,2020,Quinn,169,PA,128,0.165
F,2020,Queen,15,PA,1242,0.015
F,2021,Quinn,188,PA,111,0.18
F,2021,Queen,7,PA,2112,0.007
F,2022,Quinn,167,PA,130,0.165
F,2022,Queen,8,PA,1931,0.008
F,2022,Quincy,5,PA,2643,0.005
F,2023,Quinn,156,PA,137,0.158
F,2023,Quincy,6,PA,2359,0.006
F,2024,Quinn,153,PA,135,0.156
F,2024,Queen,5,PA,2617,0.005
M,1915,Quentin,5,PA,1123,0.003
M,1916,Quentin,6,PA,1040,0.004
M,1917,Quentin,5,PA,1181,0.003
M,1918,Quentin,37,PA,429,0.02
M,1919,Quentin,45,PA,379,0.026
M,1920,Quentin,29,PA,497,0.016
M,1921,Quentin,30,PA,506,0.016
M,1921,Quinton,7,PA,1020,0.004
M,1922,Quentin,12,PA,767,0.007
M,1923,Quentin,16,PA,674,0.009
M,1924,Quentin,20,PA,620,0.011
M,1925,Quentin,11,PA,826,0.006
M,1926,Quentin,7,PA,1005,0.004
M,1926,Quintin,5,PA,1218,0.003
M,1927,Quentin,10,PA,865,0.006
M,1928,Quentin,10,PA,847,0.006
M,1930,Quentin,7,PA,987,0.004
M,1931,Quentin,7,PA,923,0.005
M,1935,Quentin,6,PA,986,0.004
M,1937,Quentin,5,PA,1089,0.003
M,1940,Quentin,6,PA,1023,0.004
M,1942,Quentin,9,PA,917,0.005
M,1944,Quentin,8,PA,908,0.005
M,1945,Quentin,5,PA,1144,0.003
M,1946,Quentin,8,PA,1009,0.004
M,1947,Quentin,9,PA,1060,0.004
M,1948,Quentin,11,PA,904,0.005
M,1949,Quentin,11,PA,885,0.005
M,1951,Quentin,8,PA,1083,0.004
M,1952,Quentin,6,PA,1258,0.003
M,1953,Quentin,6,PA,1291,0.003
M,1954,Quentin,7,PA,1230,0.003
M,1955,Quentin,7,PA,1234,0.003
M,1956,Quentin,12,PA,958,0.005
M,1956,Quintin,5,PA,1491,0.002
M,1957,Quentin,5,PA,1535,0.002
M,1958,Quentin,8,PA,1208,0.003
M,1959,Quentin,7,PA,1302,0.003
M,1960,Quentin,6,PA,1415,0.003
M,1960,Quintin,6,PA,1415,0.003
M,1961,Quentin,7,PA,1335,0.003
M,1961,Quinn,5,PA,1541,0.002
M,1962,Quentin,16,PA,860,0.007
M,1963,Quentin,9,PA,1157,0.004
M,1963,Quintin,5,PA,1492,0.002
M,1963,Quinton,5,PA,1492,0.002
M,1964,Quinn,10,PA,1083,0.005
M,1964,Quentin,8,PA,1222,0.004
M,1964,Quinton,7,PA,1316,0.003
M,1964,Quintin,5,PA,1553,0.002
M,1965,Quintin,5,PA,1483,0.003
M,1966,Quentin,6,PA,1349,0.003
M,1966,Quintin,6,PA,1349,0.003
M,1967,Quinn,7,PA,1249,0.004
M,1967,Quintin,7,PA,1249,0.004
M,1968,Quentin,11,PA,1006,0.006
M,1968,Quinn,6,PA,1360,0.003
M,1969,Quentin,7,PA,1297,0.004
M,1970,Quentin,15,PA,899,0.008
M,1970,Quinton,7,PA,1368,0.004
M,1970,Quinn,6,PA,1481,0.003
M,1971,Quentin,8,PA,1248,0.005
M,1971,Quinn,8,PA,1248,0.005
M,1971,Quincy,7,PA,1350,0.004
M,1972,Quentin,12,PA,970,0.008
M,1972,Quincy,12,PA,970,0.008
M,1972,Quinn,9,PA,1137,0.006
M,1973,Quentin,12,PA,944,0.008
M,1973,Quincy,12,PA,944,0.008
M,1973,Quinn,9,PA,1119,0.006
M,1973,Quinton,6,PA,1400,0.004
M,1974,Quincy,13,PA,901,0.009
M,1974,Quinn,6,PA,1408,0.004
M,1974,Quinton,5,PA,1557,0.004
M,1975,Quentin,12,PA,931,0.009
M,1975,Quincy,8,PA,1182,0.006
M,1976,Quincy,17,PA,768,0.013
M,1976,Quentin,15,PA,822,0.011
M,1977,Quentin,22,PA,661,0.016
M,1977,Quincy,16,PA,809,0.011
M,1977,Quinn,7,PA,1328,0.005
M,1978,Quentin,18,PA,733,0.013
M,1978,Quincy,14,PA,873,0.01
M,1978,Quinn,6,PA,1458,0.004
M,1979,Quentin,11,PA,1040,0.008
M,1979,Quinn,8,PA,1274,0.006
M,1979,Quincy,6,PA,1507,0.004
M,1979,Quinton,6,PA,1507,0.004
M,1980,Quentin,14,PA,888,0.01
M,1980,Quinn,10,PA,1087,0.007
M,1980,Quincy,7,PA,1349,0.005
M,1981,Quentin,11,PA,1044,0.007
M,1981,Quinn,10,PA,1095,0.007
M,1981,Quincy,8,PA,1262,0.005
M,1981,Quinton,8,PA,1262,0.005
M,1982,Quentin,11,PA,1044,0.007
M,1982,Quinton,7,PA,1374,0.005
M,1982,Quinn,5,PA,1678,0.003
M,1983,Quentin,16,PA,800,0.011
M,1983,Quinn,11,PA,1005,0.008
M,1983,Quinton,9,PA,1145,0.006
M,1983,Quintin,8,PA,1213,0.006
M,1984,Quentin,12,PA,960,0.008
M,1984,Quinton,11,PA,1017,0.008
M,1984,Quinn,9,PA,1150,0.006
M,1984,Quintin,7,PA,1324,0.005
M,1984,Quincy,5,PA,1621,0.003
M,1985,Quentin,13,PA,934,0.009
M,1985,Quinn,9,PA,1167,0.006
M,1985,Quintin,8,PA,1270,0.005
M,1985,Quinton,6,PA,1523,0.004
M,1986,Quentin,21,PA,704,0.014
M,1986,Quinn,11,PA,1072,0.008
M,1986,Quinton,11,PA,1072,0.008
M,1986,Quincy,10,PA,1130,0.007
M,1986,Quintin,7,PA,1428,0.005
M,1987,Quinton,18,PA,794,0.012
M,1987,Quentin,16,PA,868,0.011
M,1987,Quinn,8,PA,1326,0.005
M,1987,Quintin,8,PA,1326,0.005
M,1988,Quinn,14,PA,957,0.009
M,1988,Quentin,12,PA,1057,0.008
M,1988,Quintin,9,PA,1260,0.006
M,1988,Quinton,9,PA,1260,0.006
M,1988,Quran,6,PA,1628,0.004
M,1989,Quentin,24,PA,703,0.016
M,1989,Quinn,17,PA,886,0.011
M,1989,Quinton,12,PA,1102,0.008
M,1989,Quintin,11,PA,1159,0.007
M,1989,Quincy,5,PA,1895,0.003
M,1989,Quinten,5,PA,1895,0.003
M,1989,Quran,5,PA,1895,0.003
M,1990,Quentin,25,PA,704,0.016
M,1990,Quinn,25,PA,704,0.016
M,1990,Quintin,11,PA,1185,0.007
M,1990,Quinton,10,PA,1265,0.006
M,1990,Quincy,8,PA,1445,0.005
M,1990,Quran,8,PA,1445,0.005
M,1990,Quinten,5,PA,1972,0.003
M,1991,Quinn,29,PA,644,0.019
M,1991,Quentin,15,PA,991,0.01
M,1991,Quinton,13,PA,1090,0.009
M,1991,Quincy,9,PA,1351,0.006
M,1991,Quenton,6,PA,1758,0.004
M,1991,Quintin,6,PA,1758,0.004
M,1991,Quran,6,PA,1758,0.004
M,1992,Quinn,22,PA,756,0.015
M,1992,Quentin,16,PA,942,0.011
M,1992,Quinton,15,PA,983,0.01
M,1992,Quincy,13,PA,1081,0.009
M,1992,Quran,12,PA,1140,0.008
M,1992,Quintin,7,PA,1583,0.005
M,1992,Quadir,6,PA,1767,0.004
M,1993,Quinn,24,PA,704,0.017
M,1993,Quentin,22,PA,750,0.015
M,1993,Quinton,16,PA,947,0.011
M,1993,Quincy,14,PA,1046,0.01
M,1993,Quran,10,PA,1310,0.007
M,1993,Quintin,6,PA,1753,0.004
M,1994,Quinn,31,PA,593,0.022
M,1994,Quentin,20,PA,816,0.014
M,1994,Quinton,19,PA,856,0.014
M,1994,Quincy,18,PA,889,0.013
M,1994,Quran,11,PA,1227,0.008
M,1994,Quadir,10,PA,1292,0.007
M,1994,Quintin,10,PA,1292,0.007
M,1994,Qaadir,5,PA,2007,0.004
M,1994,Quinten,5,PA,2007,0.004
M,1995,Quinn,34,PA,545,0.026
M,1995,Quentin,29,PA,614,0.022
M,1995,Quinton,27,PA,638,0.02
M,1995,Quintin,16,PA,955,0.012
M,1995,Quadir,10,PA,1258,0.008
M,1995,Quincy,9,PA,1334,0.007
M,1995,Qadir,7,PA,1580,0.005
M,1995,Quinten,7,PA,1580,0.005
M,1995,Quran,7,PA,1580,0.005
M,1996,Quentin,32,PA,567,0.025
M,1996,Quinn,32,PA,567,0.025
M,1996,Quadir,25,PA,673,0.019
M,1996,Quinton,23,PA,714,0.018
M,1996,Quincy,18,PA,850,0.014
M,1996,Quintin,16,PA,937,0.012
M,1996,Quran,10,PA,1251,0.008
M,1996,Quamir,5,PA,1973,0.004
M,1997,Quinn,53,PA,390,0.043
M,1997,Quentin,41,PA,475,0.033
M,1997,Quinton,22,PA,734,0.018
M,1997,Quadir,17,PA,891,0.014
M,1997,Quincy,13,PA,1054,0.01
M,1997,Quran,9,PA,1372,0.007
M,1997,Quintin,8,PA,1487,0.006
M,1997,Quinten,6,PA,1814,0.005
M,1997,Quron,6,PA,1814,0.005
M,1998,Quinn,48,PA,437,0.038
M,1998,Quentin,37,PA,515,0.03
M,1998,Quinton,25,PA,683,0.02
M,1998,Quadir,23,PA,727,0.018
M,1998,Quintin,16,PA,958,0.013
M,1998,Quran,10,PA,1310,0.008
M,1998,Qadir,8,PA,1512,0.006
M,1998,Quincy,8,PA,1512,0.006
M,1998,Quamir,7,PA,1635,0.006
M,1998,Quinlan,5,PA,2042,0.004
M,1998,Quinten,5,PA,2042,0.004
M,1999,Quinn,53,PA,406,0.043
M,1999,Quentin,26,PA,676,0.021
M,1999,Quadir,23,PA,735,0.019
M,1999,Quinton,16,PA,943,0.013
M,1999,Quran,13,PA,1111,0.01
M,1999,Quintin,12,PA,1183,0.01
M,1999,Quincy,11,PA,1263,0.009
M,1999,Quinten,9,PA,1423,0.007
M,1999,Quamir,8,PA,1520,0.006
M,2000,Quinn,56,PA,393,0.045
M,2000,Quadir,32,PA,594,0.026
M,2000,Quentin,25,PA,709,0.02
M,2000,Quincy,19,PA,868,0.015
M,2000,Quinton,17,PA,926,0.014
M,2000,Quintin,16,PA,969,0.013
M,2000,Quinten,11,PA,1255,0.009
M,2000,Quran,11,PA,1255,0.009
M,2000,Quamir,10,PA,1342,0.008
M,2000,Qadir,8,PA,1594,0.006
M,2000,Quinlan,7,PA,1719,0.006
M,2000,Qasim,5,PA,2135,0.004
M,2001,Quinn,39,PA,510,0.032
M,2001,Quadir,23,PA,751,0.019
M,2001,Quinton,23,PA,751,0.019
M,2001,Quentin,21,PA,801,0.017
M,2001,Quincy,20,PA,828,0.017
M,2001,Quinten,14,PA,1074,0.012
M,2001,Quintin,14,PA,1074,0.012
M,2001,Quamir,13,PA,1128,0.011
M,2001,Quran,11,PA,1240,0.009
M,2002,Quinn,50,PA,423,0.042
M,2002,Quadir,40,PA,493,0.034
M,2002,Quentin,24,PA,735,0.02
M,2002,Quintin,20,PA,833,0.017
M,2002,Quincy,16,PA,975,0.013
M,2002,Quinton,14,PA,1078,0.012
M,2002,Quamir,10,PA,1378,0.008
M,2002,Quinten,10,PA,1378,0.008
M,2002,Quran,9,PA,1484,0.008
M,2002,Quinlan,6,PA,1925,0.005
M,2003,Quadir,44,PA,469,0.036
M,2003,Quinn,41,PA,503,0.034
M,2003,Quentin,29,PA,651,0.024
M,2003,Quinton,26,PA,706,0.022
M,2003,Quincy,18,PA,930,0.015
M,2003,Quintin,17,PA,975,0.014
M,2003,Quamir,14,PA,1110,0.012
M,2003,Quin,5,PA,2257,0.004
M,2003,Quinlan,5,PA,2257,0.004
M,2004,Quinn,61,PA,379,0.051
M,2004,Quentin,32,PA,619,0.027
M,2004,Quadir,29,PA,674,0.024
M,2004,Quincy,25,PA,751,0.021
M,2004,Quintin,18,PA,946,0.015
M,2004,Quinton,16,PA,1017,0.013
M,2004,Quamir,13,PA,1169,0.011
M,2004,Quran,10,PA,1414,0.008
M,2004,Quinten,6,PA,2002,0.005
M,2005,Quinn,57,PA,408,0.048
M,2005,Quentin,37,PA,535,0.031
M,2005,Quadir,23,PA,802,0.019
M,2005,Quintin,16,PA,1028,0.013
M,2005,Quincy,11,PA,1337,0.009
M,2005,Quamir,9,PA,1559,0.008
M,2005,Quinton,9,PA,1559,0.008
M,2005,Quinlan,5,PA,2332,0.004
M,2005,Quinten,5,PA,2332,0.004
M,2005,Quran,5,PA,2332,0.004
M,2006,Quinn,73,PA,329,0.061
M,2006,Quentin,32,PA,638,0.027
M,2006,Quadir,29,PA,685,0.024
M,2006,Quinton,22,PA,845,0.018
M,2006,Quincy,16,PA,1073,0.013
M,2006,Quintin,16,PA,1073,0.013
M,2006,Quamir,11,PA,1397,0.009
M,2006,Quinten,9,PA,1610,0.008
M,2006,Quran,8,PA,1747,0.007
M,2006,Quin,6,PA,2116,0.005
M,2006,Quinlan,6,PA,2116,0.005
M,2007,Quinn,69,PA,357,0.057
M,2007,Quentin,26,PA,760,0.022
M,2007,Quintin,20,PA,931,0.017
M,2007,Quadir,16,PA,1109,0.013
M,2007,Quincy,14,PA,1221,0.012
M,2007,Quinton,14,PA,1221,0.012
M,2007,Quinten,9,PA,1654,0.007
M,2007,Quamir,8,PA,1785,0.007
M,2007,Quran,6,PA,2189,0.005
M,2008,Quinn,73,PA,331,0.061
M,2008,Quentin,31,PA,674,0.026
M,2008,Quinton,21,PA,906,0.018
M,2008,Quintin,18,PA,1026,0.015
M,2008,Quadir,17,PA,1072,0.014
M,2008,Quincy,17,PA,1072,0.014
M,2008,Quamir,8,PA,1811,0.007
M,2008,Quinten,7,PA,2003,0.006
M,2008,Quinlan,6,PA,2238,0.005
M,2008,Quran,5,PA,2515,0.004
M,2009,Quinn,67,PA,352,0.057
M,2009,Quentin,28,PA,728,0.024
M,2009,Quadir,23,PA,836,0.02
M,2009,Quincy,16,PA,1121,0.014
M,2009,Quintin,15,PA,1170,0.013
M,2009,Quinton,15,PA,1170,0.013
M,2009,Quinten,9,PA,1689,0.008
M,2009,Quamir,7,PA,2006,0.006
M,2009,Quran,6,PA,2239,0.005
M,2010,Quinn,87,PA,285,0.076
M,2010,Quentin,25,PA,786,0.022
M,2010,Quincy,22,PA,862,0.019
M,2010,Quadir,19,PA,962,0.017
M,2010,Quintin,16,PA,1112,0.014
M,2010,Quinton,14,PA,1225,0.012
M,2010,Quran,11,PA,1458,0.01
M,2010,Quamir,8,PA,1804,0.007
M,2010,Quinten,7,PA,1969,0.006
M,2011,Quinn,63,PA,383,0.055
M,2011,Quentin,24,PA,814,0.021
M,2011,Quadir,19,PA,978,0.017
M,2011,Quinton,19,PA,978,0.017
M,2011,Quincy,15,PA,1170,0.013
M,2011,Quintin,12,PA,1374,0.011
M,2011,Quinten,10,PA,1551,0.009
M,2011,Quamir,7,PA,1992,0.006
M,2011,Quran,6,PA,2227,0.005
M,2012,Quinn,58,PA,403,0.051
M,2012,Quentin,27,PA,764,0.024
M,2012,Quintin,16,PA,1115,0.014
M,2012,Quinton,14,PA,1236,0.012
M,2012,Quincy,13,PA,1297,0.012
M,2012,Quadir,11,PA,1464,0.01
M,2012,Quinten,11,PA,1464,0.01
M,2012,Quran,6,PA,2258,0.005
M,2012,Qadir,5,PA,2562,0.004
M,2013,Quinn,56,PA,431,0.05
M,2013,Quentin,28,PA,738,0.025
M,2013,Quinton,22,PA,876,0.02
M,2013,Quincy,13,PA,1276,0.012
M,2013,Quadir,10,PA,1566,0.009
M,2013,Quinten,10,PA,1566,0.009
M,2013,Quamir,8,PA,1822,0.007
M,2013,Quintin,5,PA,2504,0.004
M,2014,Quinn,51,PA,474,0.045
M,2014,Quentin,25,PA,837,0.022
M,2014,Quincy,14,PA,1250,0.012
M,2014,Quadir,12,PA,1399,0.011
M,2014,Quinton,12,PA,1399,0.011
M,2014,Quintin,8,PA,1890,0.007
M,2014,Quran,7,PA,2069,0.006
M,2014,Quinten,5,PA,2559,0.004
M,2015,Quinn,56,PA,431,0.05
M,2015,Quentin,23,PA,895,0.02
M,2015,Quinton,23,PA,895,0.02
M,2015,Quincy,20,PA,987,0.018
M,2015,Quintin,14,PA,1300,0.012
M,2015,Quadir,10,PA,1619,0.009
M,2015,Quran,9,PA,1741,0.008
M,2015,Qasim,5,PA,2553,0.004
M,2015,Quinten,5,PA,2553,0.004
M,2016,Quinn,54,PA,448,0.049
M,2016,Quentin,27,PA,803,0.024
M,2016,Quincy,24,PA,875,0.022
M,2016,Quinton,24,PA,875,0.022
M,2016,Quadir,9,PA,1714,0.008
M,2016,Quintin,7,PA,2068,0.006
M,2017,Quinn,53,PA,460,0.048
M,2017,Quentin,25,PA,820,0.023
M,2017,Quinton,25,PA,820,0.023
M,2017,Quincy,16,PA,1193,0.015
M,2017,Quintin,11,PA,1525,0.01
M,2017,Quadir,5,PA,2626,0.005
M,2018,Quinn,48,PA,506,0.045
M,2018,Quentin,28,PA,775,0.026
M,2018,Quinton,25,PA,843,0.023
M,2018,Quincy,14,PA,1275,0.013
M,2018,Quintin,11,PA,1502,0.01
M,2018,Quadir,8,PA,1862,0.007
M,2018,Quinten,7,PA,2095,0.007
M,2019,Quinn,44,PA,530,0.042
M,2019,Quentin,23,PA,918,0.022
M,2019,Quincy,20,PA,993,0.019
M,2019,Quintin,12,PA,1434,0.011
M,2019,Quinton,11,PA,1515,0.01
M,2019,Quinten,7,PA,2084,0.007
M,2019,Qasim,5,PA,2635,0.005
M,2019,Quest,5,PA,2635,0.005
M,2020,Quinn,42,PA,544,0.041
M,2020,Quentin,29,PA,747,0.028
M,2020,Quinton,16,PA,1184,0.016
M,2020,Quincy,9,PA,1730,0.009
M,2020,Quinten,9,PA,1730,0.009
M,2020,Quintin,6,PA,2296,0.006
M,2021,Quinn,39,PA,589,0.037
M,2021,Quentin,28,PA,794,0.027
M,2021,Quinton,18,PA,1083,0.017
M,2021,Quincy,16,PA,1183,0.015
M,2021,Quill,5,PA,2664,0.005
M,2021,Quinten,5,PA,2664,0.005
M,2022,Quinn,32,PA,692,0.032
M,2022,Quentin,15,PA,1272,0.015
M,2022,Quincy,14,PA,1346,0.014
M,2022,Quinton,11,PA,1573,0.011
M,2022,Quintin,9,PA,1787,0.009
M,2022,Quinten,8,PA,1931,0.008
M,2022,Qais,6,PA,2352,0.006
M,2022,Quadir,6,PA,2352,0.006
M,2022,Quest,6,PA,2352,0.006
M,2023,Quinn,37,PA,609,0.038
M,2023,Quinton,13,PA,1369,0.013
M,2023,Quincy,11,PA,1561,0.011
M,2023,Quinten,6,PA,2359,0.006
M,2023,Quintin,5,PA,2637,0.005
M,2024,Quinn,28,PA,768,0.028
M,2024,Quentin,17,PA,1144,0.017
M,2024,Quincy,14,PA,1309,0.014
M,2024,Quinton,12,PA,1458,0.012
M,2024,Quadir,5,PA,2617,0.005
M,2024,Quintin,5,PA,2617,0.005
F,1912,Queen,10,AR,350,0.063
F,1913,Queen,9,AR,397,0.05
F,1914,Queen,8,AR,476,0.036
F,1915,Queen,12,AR,452,0.042
F,1916,Queen,10,AR,513,0.033
F,1917,Queen,11,AR,507,0.033
F,1918,Queen,11,AR,528,0.031
F,1919,Queen,13,AR,502,0.035
F,1920,Queen,22,AR,347,0.057
F,1921,Queen,17,AR,423,0.044
F,1922,Queen,18,AR,391,0.047
F,1923,Queen,14,AR,462,0.037
F,1924,Queen,21,AR,359,0.052
F,1925,Queen,25,AR,327,0.063
F,1926,Queen,17,AR,418,0.044
F,1927,Queen,26,AR,308,0.068
F,1928,Queen,12,AR,494,0.034
F,1929,Queen,14,AR,419,0.04
F,1930,Queen,17,AR,383,0.047
F,1931,Queen,12,AR,475,0.035
F,1932,Queen,12,AR,483,0.033
F,1933,Queen,14,AR,437,0.039
F,1934,Queen,7,AR,665,0.019
F,1935,Queen,14,AR,442,0.038
F,1936,Queen,15,AR,407,0.044
F,1937,Queen,9,AR,552,0.026
F,1938,Queen,8,AR,603,0.022
F,1939,Queen,14,AR,445,0.039
F,1940,Queen,13,AR,460,0.034
F,1941,Queen,7,AR,641,0.018
F,1942,Queen,17,AR,403,0.041
F,1943,Queen,17,AR,405,0.041
F,1944,Queen,14,AR,435,0.035
F,1945,Queen,9,AR,515,0.024
F,1946,Queen,11,AR,533,0.025
F,1947,Queen,13,AR,485,0.027
F,1948,Queen,9,AR,578,0.02
F,1949,Queen,8,AR,626,0.018
F,1950,Queen,15,AR,430,0.034
F,1951,Queen,10,AR,530,0.023
F,1952,Queen,10,AR,532,0.024
F,1953,Queen,6,AR,697,0.015
F,1954,Queen,10,AR,533,0.025
F,1955,Queen,6,AR,699,0.015
F,1956,Queen,9,AR,571,0.023
F,1958,Queen,5,AR,786,0.013
F,1959,Queen,5,AR,794,0.013
F,1979,Qiana,5,AR,744,0.017
F,2011,Quinn,8,AR,747,0.031
F,2012,Quinn,11,AR,581,0.043
F,2013,Quinn,8,AR,731,0.031
F,2014,Quinn,10,AR,648,0.038
F,2015,Quinn,15,AR,457,0.057
F,2016,Quinn,15,AR,454,0.058
F,2017,Quinn,21,AR,337,0.084
F,2018,Quinn,16,AR,420,0.065
F,2019,Quinn,16,AR,401,0.066
F,2020,Quinn,10,AR,610,0.043
F,2020,Queen,5,AR,1109,0.022
F,2021,Quinn,12,AR,550,0.05
F,2022,Quinn,20,AR,307,0.087
F,2023,Quinn,19,AR,323,0.083
F,2023,Quincy,6,AR,971,0.026
F,2024,Quinn,6,AR,947,0.026
M,1910,Quincy,5,AR,416,0.045
M,1918,Quinton,18,AR,391,0.05
M,1918,Quentin,10,AR,563,0.028
M,1919,Quentin,17,AR,415,0.045
M,1919,Quinton,6,AR,787,0.016
M,1919,Quenton,5,AR,887,0.013
M,1920,Quentin,9,AR,609,0.024
M,1920,Quinton,8,AR,663,0.021
M,1921,Quinton,7,AR,711,0.018
M,1923,Quinton,5,AR,863,0.013
M,1924,Quinton,9,AR,620,0.022
M,1931,Quinton,5,AR,779,0.015
M,1934,Quinton,5,AR,805,0.014
M,1944,Quinton,5,AR,755,0.013
M,1949,Quincy,5,AR,798,0.011
M,1950,Quinton,7,AR,645,0.016
M,1962,Quinton,6,AR,712,0.016
M,1963,Quentin,6,AR,734,0.016
M,1963,Quinton,5,AR,800,0.014
M,1964,Quintin,5,AR,802,0.014
M,1964,Quinton,5,AR,802,0.014
M,1970,Quentin,6,AR,644,0.02
M,1971,Quinton,6,AR,652,0.02
M,1972,Quentin,7,AR,586,0.025
M,1973,Quincy,5,AR,703,0.018
M,1974,Quincy,10,AR,489,0.035
M,1975,Quincy,5,AR,731,0.018
M,1976,Quincy,14,AR,364,0.051
M,1976,Quinton,8,AR,543,0.029
M,1976,Quentin,7,AR,588,0.026
M,1977,Quincy,10,AR,469,0.035
M,1977,Quinton,8,AR,544,0.028
M,1978,Quincy,13,AR,381,0.048
M,1978,Quentin,6,AR,639,0.022
M,1979,Quincy,15,AR,356,0.052
M,1979,Quentin,8,AR,540,0.028
M,1980,Quentin,9,AR,509,0.03
M,1980,Quincy,8,AR,557,0.027
M,1980,Quinton,6,AR,678,0.02
M,1981,Quentin,9,AR,469,0.032
M,1981,Quincy,8,AR,514,0.029
M,1981,Quinton,7,AR,574,0.025
M,1982,Quincy,9,AR,466,0.032
M,1982,Quentin,8,AR,499,0.028
M,1982,Quinton,5,AR,726,0.018
M,1983,Quinton,10,AR,446,0.036
M,1983,Quentin,6,AR,625,0.021
M,1983,Quincy,6,AR,625,0.021
M,1984,Quinton,12,AR,386,0.043
M,1984,Quincy,11,AR,412,0.039
M,1984,Quintin,8,AR,526,0.029
M,1984,Quentin,5,AR,711,0.018
M,1985,Quentin,8,AR,509,0.029
M,1985,Quinton,8,AR,509,0.029
M,1985,Quintin,7,AR,558,0.025
M,1985,Quincy,5,AR,717,0.018
M,1986,Quincy,13,AR,345,0.048
M,1986,Quentin,11,AR,397,0.04
M,1986,Quinton,10,AR,437,0.037
M,1987,Quentin,8,AR,499,0.029
M,1987,Quintin,8,AR,499,0.029
M,1987,Quinton,6,AR,620,0.022
M,1988,Quentin,13,AR,348,0.048
M,1988,Quincy,8,AR,508,0.03
M,1988,Quinton,7,AR,558,0.026
M,1989,Quinton,11,AR,416,0.04
M,1989,Quincy,7,AR,574,0.025
M,1989,Quentin,5,AR,731,0.018
M,1990,Quinton,20,AR,280,0.071
M,1990,Quentin,14,AR,366,0.05
M,1990,Quincy,8,AR,558,0.028
M,1991,Quinton,15,AR,341,0.056
M,1991,Quincy,6,AR,653,0.022
M,1991,Quentin,5,AR,742,0.019
M,1992,Quinton,14,AR,365,0.053
M,1992,Quentin,10,AR,449,0.038
M,1992,Quintin,5,AR,750,0.019
M,1993,Quentin,14,AR,355,0.054
M,1993,Quincy,10,AR,442,0.039
M,1993,Quinton,8,AR,532,0.031
M,1994,Quinton,24,AR,238,0.095
M,1994,Quentin,10,AR,451,0.04
M,1994,Quincy,7,AR,591,0.028
M,1995,Quinton,17,AR,322,0.067
M,1995,Quentin,13,AR,404,0.051
M,1995,Quincy,9,AR,506,0.035
M,1995,Quinn,5,AR,797,0.02
M,1996,Quinton,16,AR,336,0.061
M,1996,Quentin,11,AR,468,0.042
M,1996,Quincy,5,AR,821,0.019
M,1997,Quentin,12,AR,433,0.046
M,1997,Quinton,9,AR,544,0.034
M,1997,Quincy,5,AR,840,0.019
M,1998,Quinton,16,AR,360,0.061
M,1998,Quentin,9,AR,532,0.034
M,1999,Quinton,16,AR,361,0.061
M,1999,Quentin,15,AR,380,0.057
M,1999,Quincy,6,AR,769,0.023
M,2000,Quentin,10,AR,526,0.037
M,2000,Quincy,9,AR,581,0.033
M,2000,Quinton,9,AR,581,0.033
M,2000,Quintin,6,AR,792,0.022
M,2001,Quentin,12,AR,466,0.046
M,2001,Quinton,11,AR,508,0.042
M,2001,Quincy,10,AR,541,0.038
M,2001,Quinn,5,AR,911,0.019
M,2002,Quinton,8,AR,663,0.03
M,2002,Quentin,6,AR,817,0.023
M,2002,Quincy,6,AR,817,0.023
M,2003,Quinton,11,AR,545,0.041
M,2003,Quentin,9,AR,622,0.034
M,2003,Quinn,6,AR,840,0.022
M,2004,Quentin,8,AR,692,0.03
M,2004,Quincy,7,AR,770,0.026
M,2004,Quinton,5,AR,966,0.018
M,2005,Quentin,10,AR,596,0.037
M,2005,Quinton,9,AR,654,0.033
M,2005,Quincy,8,AR,719,0.029
M,2006,Quinton,17,AR,383,0.06
M,2006,Quentin,13,AR,506,0.046
M,2006,Quinn,5,AR,1046,0.018
M,2007,Quincy,10,AR,647,0.035
M,2007,Quinton,10,AR,647,0.035
M,2007,Quinn,8,AR,756,0.028
M,2007,Quentin,5,AR,1084,0.018
M,2008,Quentin,5,AR,1081,0.018
M,2009,Quinton,9,AR,681,0.034
M,2009,Quincy,5,AR,1066,0.019
M,2010,Quinton,8,AR,715,0.031
M,2010,Quinn,7,AR,806,0.027
M,2010,Quincy,5,AR,1068,0.019
M,2011,Quinton,10,AR,607,0.038
M,2011,Quentin,7,AR,818,0.027
M,2011,Quintin,6,AR,916,0.023
M,2011,Quinn,5,AR,1051,0.019
M,2013,Quincy,7,AR,833,0.027
M,2013,Quentin,5,AR,1066,0.02
M,2014,Quinton,7,AR,824,0.027
M,2015,Quinn,6,AR,972,0.023
M,2015,Quentin,5,AR,1117,0.019
M,2016,Quincy,6,AR,963,0.023
M,2016,Quinn,6,AR,963,0.023
M,2016,Quinton,5,AR,1106,0.019
M,2017,Quinton,8,AR,748,0.032
M,2017,Quincy,7,AR,856,0.028
M,2017,Quinn,5,AR,1119,0.02
M,2018,Quentin,6,AR,951,0.024
M,2018,Quincy,6,AR,951,0.024
M,2018,Quinn,5,AR,1083,0.02
M,2019,Quincy,5,AR,1107,0.021
M,2020,Quinn,5,AR,1109,0.022
M,2020,Quinton,5,AR,1109,0.022
M,2021,Quinton,5,AR,1118,0.021
M,2022,Quentin,7,AR,847,0.03
M,2023,Quincy,6,AR,971,0.026
M,2023,Quinton,6,AR,971,0.026
M,2024,Quincy,5,AR,1105,0.022
F,1910,Queen,10,NC,325,0.052
F,1910,Queenie,6,NC,455,0.031
F,1911,Queen,10,NC,349,0.05
F,1911,Queenie,5,NC,510,0.025
F,1912,Queen,10,NC,432,0.034
F,1912,Queenie,8,NC,501,0.027
F,1913,Queen,16,NC,358,0.049
F,1914,Queen,11,NC,513,0.026
F,1914,Queenie,6,NC,728,0.014
F,1915,Queen,15,NC,476,0.028
F,1915,Queenie,7,NC,759,0.013
F,1916,Queen,20,NC,415,0.036
F,1916,Queenie,5,NC,983,0.009
F,1917,Queen,24,NC,381,0.041
F,1917,Queenie,9,NC,673,0.016
F,1917,Quessie,5,NC,974,0.009
F,1918,Queen,32,NC,339,0.051
F,1918,Queenie,7,NC,821,0.011
F,1919,Queen,40,NC,294,0.06
F,1919,Queenie,13,NC,578,0.019
F,1920,Queen,33,NC,350,0.047
F,1920,Queenie,10,NC,691,0.014
F,1921,Queen,37,NC,328,0.051
F,1921,Queenie,7,NC,879,0.01
F,1922,Queen,34,NC,356,0.047
F,1922,Queenie,8,NC,821,0.011
F,1923,Queen,41,NC,306,0.056
F,1923,Queenie,12,NC,632,0.017
F,1924,Queen,43,NC,308,0.056
F,1924,Queenie,9,NC,766,0.012
F,1925,Queen,24,NC,446,0.033
F,1925,Queenie,10,NC,718,0.014
F,1926,Queen,39,NC,320,0.054
F,1926,Queenie,14,NC,566,0.019
F,1927,Queen,34,NC,363,0.046
F,1927,Queenie,5,NC,1092,0.007
F,1928,Queen,30,NC,385,0.041
F,1928,Queenie,7,NC,841,0.01
F,1929,Queen,36,NC,341,0.052
F,1929,Queenie,6,NC,915,0.009
F,1930,Queen,24,NC,431,0.035
F,1931,Queen,33,NC,343,0.05
F,1931,Queenie,5,NC,970,0.008
F,1932,Queen,48,NC,291,0.068
F,1932,Queenie,7,NC,832,0.01
F,1933,Queen,43,NC,298,0.064
F,1933,Queenie,5,NC,984,0.007
F,1934,Queen,32,NC,366,0.045
F,1935,Queen,30,NC,392,0.042
F,1936,Queen,25,NC,418,0.036
F,1936,Queenie,9,NC,690,0.013
F,1937,Queen,35,NC,353,0.049
F,1937,Queenie,7,NC,839,0.01
F,1938,Queen,31,NC,383,0.043
F,1938,Queenie,6,NC,879,0.008
F,1939,Queen,36,NC,357,0.049
F,1939,Queenie,8,NC,763,0.011
F,1940,Queen,35,NC,360,0.047
F,1941,Queen,30,NC,408,0.039
F,1942,Queen,28,NC,423,0.034
F,1942,Queenie,10,NC,735,0.012
F,1943,Queen,43,NC,347,0.05
F,1943,Queenie,9,NC,778,0.01
F,1944,Queen,24,NC,474,0.029
F,1944,Queenie,7,NC,855,0.008
F,1945,Queen,25,NC,449,0.031
F,1945,Queenie,5,NC,1016,0.006
F,1946,Queen,36,NC,401,0.038
F,1946,Queenie,7,NC,925,0.007
F,1947,Queen,38,NC,421,0.036
F,1947,Queenie,6,NC,1072,0.006
F,1948,Queen,33,NC,441,0.032
F,1949,Queen,43,NC,381,0.043
F,1950,Queen,26,NC,493,0.026
F,1950,Queenie,6,NC,1033,0.006
F,1951,Queen,29,NC,487,0.028
F,1951,Queenie,6,NC,1052,0.006
F,1952,Queen,19,NC,616,0.018
F,1952,Queenie,9,NC,866,0.009
F,1953,Queen,19,NC,585,0.018
F,1953,Queenie,7,NC,981,0.007
F,1954,Queen,22,NC,555,0.021
F,1955,Queen,23,NC,562,0.022
F,1956,Queen,11,NC,824,0.01
F,1956,Queenie,8,NC,956,0.007
F,1957,Queen,7,NC,1028,0.007
F,1957,Queenie,6,NC,1106,0.006
F,1958,Queen,9,NC,909,0.009
F,1958,Queenie,8,NC,955,0.008
F,1959,Queen,13,NC,768,0.013
F,1959,Queenie,7,NC,1027,0.007
F,1960,Queen,10,NC,869,0.01
F,1961,Queen,13,NC,768,0.013
F,1961,Queenie,6,NC,1119,0.006
F,1962,Queen,10,NC,867,0.01
F,1963,Queen,9,NC,906,0.009
F,1964,Queen,7,NC,1049,0.007
F,1965,Queen,6,NC,1071,0.007
F,1966,Queen,6,NC,1012,0.007
F,1968,Queen,6,NC,1063,0.007
F,1978,Qiana,6,NC,1111,0.009
F,1978,Quiana,5,NC,1262,0.007
F,1979,Quintina,5,NC,1258,0.007
F,1981,Quiana,5,NC,1236,0.007
F,1981,Quinetta,5,NC,1236,0.007
F,1982,Quiana,5,NC,1266,0.007
F,1983,Quintina,6,NC,1112,0.008
F,1988,Quanetta,5,NC,1428,0.006
F,1989,Quanita,6,NC,1328,0.007
F,1990,Quanisha,7,NC,1242,0.008
F,1990,Quanesha,6,NC,1383,0.007
F,1990,Queen,5,NC,1559,0.006
F,1991,Quanesha,7,NC,1240,0.008
F,1991,Quanisha,6,NC,1372,0.007
F,1992,Quanisha,11,NC,939,0.013
F,1992,Quanesha,6,NC,1442,0.007
F,1992,Quaneisha,5,NC,1636,0.006
F,1993,Quanisha,12,NC,880,0.014
F,1993,Quiana,5,NC,1613,0.006
F,1993,Quinn,5,NC,1613,0.006
F,1994,Quanesha,6,NC,1410,0.007
F,1994,Quanisha,6,NC,1410,0.007
F,1994,Quiana,6,NC,1410,0.007
F,1994,Quaneisha,5,NC,1596,0.006
F,1994,Quatisha,5,NC,1596,0.006
F,1995,Quanisha,12,NC,908,0.014
F,1995,Quanesha,7,NC,1317,0.008
F,1996,Quanisha,6,NC,1510,0.007
F,1996,Quaneisha,5,NC,1684,0.006
F,1997,Quanesha,5,NC,1788,0.006
F,1997,Quanisha,5,NC,1788,0.006
F,1997,Quinn,5,NC,1788,0.006
F,1998,Quanisha,13,NC,968,0.014
F,1999,Quatasia,5,NC,1910,0.005
F,1999,Queen,5,NC,1910,0.005
F,2000,Queen,5,NC,2071,0.005
F,2001,Quinn,8,NC,1490,0.008
F,2002,Queen,7,NC,1643,0.007
F,2002,Quinn,6,NC,1838,0.006
F,2003,Quinn,8,NC,1518,0.008
F,2004,Quinn,8,NC,1588,0.008
F,2005,Quinn,9,NC,1520,0.009
F,2006,Quinn,10,NC,1471,0.01
F,2007,Quinn,8,NC,1820,0.008
F,2008,Quinn,11,NC,1445,0.011
F,2009,Quinn,13,NC,1274,0.013
F,2010,Quinn,29,NC,658,0.03
F,2011,Quinn,41,NC,483,0.043
F,2012,Quinn,51,NC,412,0.054
F,2012,Queen,5,NC,2445,0.005
F,2013,Quinn,61,NC,348,0.064
F,2013,Queen,5,NC,2401,0.005
F,2014,Quinn,58,NC,377,0.06
F,2014,Queen,6,NC,2199,0.006
F,2015,Quinn,77,NC,288,0.079
F,2015,Queen,7,NC,1974,0.007
F,2016,Quinn,87,NC,257,0.089
F,2016,Queen,7,NC,2003,0.007
F,2017,Quinn,68,NC,330,0.07
F,2017,Queen,17,NC,1048,0.018
F,2018,Quinn,79,NC,280,0.083
F,2018,Queen,13,NC,1287,0.014
F,2019,Quinn,74,NC,289,0.078
F,2019,Queen,7,NC,2064,0.007
F,2020,Quinn,75,NC,279,0.081
F,2020,Queen,15,NC,1182,0.016
F,2021,Quinn,81,NC,266,0.084
F,2021,Queen,11,NC,1550,0.011
F,2022,Quinn,87,NC,248,0.09
F,2022,Queen,10,NC,1697,0.01
F,2023,Quinn,99,NC,215,0.104
F,2023,Queen,5,NC,2724,0.005
F,2023,Quincy,5,NC,2724,0.005
F,2024,Quinn,73,NC,314,0.075
F,2024,Queen,6,NC,2421,0.006
M,1918,Quentin,19,NC,462,0.03
M,1918,Quinton,9,NC,704,0.014
M,1918,Quincy,5,NC,1020,0.008
M,1919,Quentin,13,NC,578,0.019
M,1919,Quinton,11,NC,641,0.016
M,1919,Quincy,6,NC,941,0.009
M,1920,Quinton,13,NC,591,0.019
M,1920,Quentin,7,NC,873,0.01
M,1921,Quinton,7,NC,879,0.01
M,1922,Quincy,7,NC,891,0.01
M,1922,Quentin,5,NC,1102,0.007
M,1923,Quentin,5,NC,1063,0.007
M,1924,Quentin,6,NC,988,0.008
M,1924,Quinton,5,NC,1100,0.007
M,1925,Quincy,6,NC,983,0.008
M,1934,Quincy,6,NC,906,0.008
M,1938,Quincy,5,NC,1012,0.007
M,1939,Quincy,9,NC,713,0.012
M,1939,Quinton,5,NC,1001,0.007
M,1942,Quinton,5,NC,1064,0.006
M,1943,Quincy,6,NC,968,0.007
M,1946,Quentin,6,NC,1001,0.006
M,1947,Quincy,12,NC,743,0.011
M,1947,Quentin,11,NC,774,0.01
M,1948,Quinton,6,NC,1019,0.006
M,1948,Quincy,5,NC,1124,0.005
M,1949,Quincy,8,NC,880,0.008
M,1949,Quinton,6,NC,1006,0.006
M,1950,Quinton,7,NC,960,0.007
M,1951,Quentin,8,NC,923,0.008
M,1951,Quinton,5,NC,1159,0.005
M,1952,Quincy,9,NC,866,0.009
M,1952,Quinton,9,NC,866,0.009
M,1952,Quentin,8,NC,929,0.008
M,1953,Quinton,6,NC,1073,0.006
M,1953,Quincy,5,NC,1176,0.005
M,1954,Quincy,8,NC,961,0.007
M,1954,Quinton,6,NC,1096,0.006
M,1955,Quinton,9,NC,894,0.008
M,1955,Quincy,8,NC,952,0.007
M,1956,Quincy,7,NC,1026,0.007
M,1956,Quintin,7,NC,1026,0.007
M,1956,Quentin,6,NC,1123,0.006
M,1956,Quinton,6,NC,1123,0.006
M,1957,Quintin,8,NC,952,0.008
M,1958,Quinton,7,NC,1017,0.007
M,1958,Quincy,5,NC,1217,0.005
M,1959,Quentin,6,NC,1115,0.006
M,1960,Quinton,13,NC,768,0.013
M,1960,Quintin,5,NC,1218,0.005
M,1961,Quincy,7,NC,1041,0.007
M,1961,Quinton,6,NC,1119,0.006
M,1961,Quintin,5,NC,1222,0.005
M,1962,Quintin,9,NC,906,0.009
M,1962,Quinton,8,NC,954,0.008
M,1963,Quinton,15,NC,700,0.015
M,1963,Quintin,14,NC,728,0.014
M,1963,Quentin,10,NC,863,0.01
M,1963,Quincy,5,NC,1208,0.005
M,1963,Quint,5,NC,1208,0.005
M,1964,Quinton,12,NC,802,0.013
M,1964,Quentin,10,NC,877,0.01
M,1964,Quintin,8,NC,985,0.008
M,1965,Quinton,9,NC,874,0.01
M,1965,Quentin,8,NC,921,0.009
M,1965,Quintin,8,NC,921,0.009
M,1965,Quincy,5,NC,1154,0.006
M,1966,Quentin,8,NC,897,0.01
M,1966,Quincy,7,NC,955,0.008
M,1966,Quinton,7,NC,955,0.008
M,1966,Quintin,6,NC,1012,0.007
M,1967,Quentin,5,NC,1167,0.006
M,1967,Quintin,5,NC,1167,0.006
M,1967,Quinton,5,NC,1167,0.006
M,1968,Quentin,8,NC,908,0.01
M,1969,Quentin,10,NC,812,0.012
M,1969,Quincy,10,NC,812,0.012
M,1969,Quinton,8,NC,926,0.01
M,1970,Quentin,11,NC,805,0.013
M,1970,Quincy,7,NC,1033,0.008
M,1970,Quinton,7,NC,1033,0.008
M,1971,Quentin,13,NC,734,0.015
M,1971,Quincy,7,NC,1021,0.008
M,1971,Quinton,5,NC,1236,0.006
M,1972,Quentin,21,NC,543,0.027
M,1972,Quincy,13,NC,705,0.017
M,1972,Quinton,8,NC,924,0.01
M,1973,Quentin,17,NC,608,0.023
M,1973,Quincy,9,NC,861,0.012
M,1973,Quintin,7,NC,986,0.009
M,1973,Quinton,7,NC,986,0.009
M,1973,Quincey,5,NC,1188,0.007
M,1974,Quincy,25,NC,476,0.034
M,1974,Quentin,17,NC,589,0.023
M,1975,Quincy,19,NC,545,0.028
M,1975,Quentin,16,NC,601,0.023
M,1975,Quinton,12,NC,727,0.017
M,1975,Quintin,5,NC,1184,0.007
M,1976,Quincy,22,NC,482,0.032
M,1976,Quentin,21,NC,501,0.031
M,1976,Quinton,12,NC,709,0.018
M,1977,Quincy,37,NC,354,0.052
M,1977,Quentin,27,NC,439,0.038
M,1977,Quinton,9,NC,879,0.013
M,1977,Quincey,6,NC,1115,0.008
M,1977,Quintin,6,NC,1115,0.008
M,1978,Quincy,19,NC,530,0.027
M,1978,Quentin,16,NC,577,0.023
M,1978,Quinton,10,NC,789,0.014
M,1979,Quentin,30,NC,402,0.043
M,1979,Quincy,25,NC,452,0.035
M,1979,Quinton,7,NC,1035,0.01
M,1979,Quintin,6,NC,1129,0.009
M,1980,Quincy,23,NC,471,0.032
M,1980,Quentin,20,NC,508,0.028
M,1980,Quinton,13,NC,677,0.018
M,1980,Quintin,6,NC,1125,0.008
M,1980,Quinn,5,NC,1254,0.007
M,1981,Quentin,25,NC,440,0.035
M,1981,Quinton,17,NC,552,0.024
M,1981,Quincy,16,NC,573,0.023
M,1981,Quintin,6,NC,1128,0.008
M,1982,Quentin,36,NC,338,0.05
M,1982,Quinton,22,NC,483,0.03
M,1982,Quincy,16,NC,593,0.022
M,1982,Quintin,8,NC,919,0.011
M,1983,Quentin,45,NC,266,0.063
M,1983,Quinton,35,NC,335,0.049
M,1983,Quincy,17,NC,547,0.024
M,1983,Quintin,12,NC,688,0.017
M,1983,Quinten,5,NC,1241,0.007
M,1984,Quentin,37,NC,317,0.051
M,1984,Quinton,26,NC,431,0.036
M,1984,Quincy,10,NC,773,0.014
M,1984,Quintin,8,NC,906,0.011
M,1984,Quinten,5,NC,1222,0.007
M,1985,Quentin,32,NC,365,0.042
M,1985,Quinton,29,NC,392,0.038
M,1985,Quincy,12,NC,755,0.016
M,1985,Quintin,9,NC,912,0.012
M,1986,Quentin,46,NC,276,0.06
M,1986,Quinton,36,NC,342,0.047
M,1986,Quintin,17,NC,598,0.022
M,1986,Quincy,15,NC,641,0.02
M,1986,Quinn,7,NC,1072,0.009
M,1987,Quentin,51,NC,266,0.065
M,1987,Quinton,28,NC,424,0.036
M,1987,Quintin,14,NC,688,0.018
M,1987,Quincy,13,NC,723,0.017
M,1987,Quinn,8,NC,1018,0.01
M,1987,Quinten,8,NC,1018,0.01
M,1988,Quentin,61,NC,227,0.075
M,1988,Quinton,25,NC,472,0.031
M,1988,Quintin,23,NC,504,0.028
M,1988,Quincy,12,NC,784,0.015
M,1988,Quinten,7,NC,1143,0.009
M,1989,Quentin,58,NC,258,0.067
M,1989,Quinton,45,NC,306,0.052
M,1989,Quintin,18,NC,639,0.021
M,1989,Quincy,12,NC,844,0.014
M,1989,Quinn,12,NC,844,0.014
M,1989,Quamaine,6,NC,1328,0.007
M,1989,Quenton,6,NC,1328,0.007
M,1990,Quinton,56,NC,273,0.063
M,1990,Quentin,55,NC,276,0.062
M,1990,Quintin,25,NC,519,0.028
M,1990,Quincy,17,NC,666,0.019
M,1990,Quenton,7,NC,1242,0.008
M,1990,Quinn,7,NC,1242,0.008
M,1990,Quinten,5,NC,1559,0.006
M,1991,Quentin,39,NC,358,0.045
M,1991,Quinton,27,NC,470,0.031
M,1991,Quincy,23,NC,538,0.027
M,1991,Quintin,18,NC,648,0.021
M,1991,Quayshaun,12,NC,843,0.014
M,1991,Quayshawn,9,NC,1047,0.01
M,1991,Quamaine,7,NC,1240,0.008
M,1991,Quinn,6,NC,1372,0.007
M,1991,Quenton,5,NC,1556,0.006
M,1991,Quincey,5,NC,1556,0.006
M,1992,Quentin,41,NC,354,0.048
M,1992,Quinton,40,NC,363,0.046
M,1992,Quintin,23,NC,551,0.027
M,1992,Quincy,14,NC,778,0.016
M,1992,Quinn,7,NC,1295,0.008
M,1992,Quashawn,6,NC,1442,0.007
M,1992,Quamaine,5,NC,1636,0.006
M,1992,Quenton,5,NC,1636,0.006
M,1993,Quentin,38,NC,376,0.046
M,1993,Quinton,37,NC,385,0.044
M,1993,Quincy,24,NC,523,0.029
M,1993,Quintin,10,NC,1008,0.012
M,1993,Quinn,7,NC,1285,0.008
M,1993,Quenton,6,NC,1448,0.007
M,1994,Quentin,40,NC,382,0.048
M,1994,Quinton,31,NC,454,0.037
M,1994,Quintin,16,NC,723,0.019
M,1994,Quincy,15,NC,751,0.018
M,1994,Quadarius,8,NC,1168,0.01
M,1994,Quinten,7,NC,1276,0.008
M,1994,Quinn,6,NC,1410,0.007
M,1995,Quentin,42,NC,357,0.051
M,1995,Quinton,35,NC,416,0.042
M,1995,Quincy,18,NC,660,0.022
M,1995,Quintin,12,NC,908,0.014
M,1995,Quinten,9,NC,1108,0.011
M,1995,Quinn,8,NC,1203,0.01
M,1995,Quenton,6,NC,1456,0.007
M,1995,Quincey,5,NC,1657,0.006
M,1996,Quinton,37,NC,419,0.043
M,1996,Quentin,31,NC,476,0.036
M,1996,Quinn,18,NC,699,0.021
M,1996,Quincy,13,NC,888,0.015
M,1996,Quintin,13,NC,888,0.015
M,1996,Quinten,6,NC,1510,0.007
M,1997,Quentin,42,NC,380,0.048
M,1997,Quinton,38,NC,407,0.044
M,1997,Quintin,14,NC,878,0.016
M,1997,Quincy,11,NC,1032,0.013
M,1997,Quinn,11,NC,1032,0.013
M,1997,Quinten,6,NC,1534,0.007
M,1997,Quran,5,NC,1788,0.006
M,1998,Quentin,47,NC,365,0.052
M,1998,Quinton,20,NC,727,0.022
M,1998,Quinn,19,NC,747,0.021
M,1998,Quincy,11,NC,1089,0.012
M,1998,Quintin,11,NC,1089,0.012
M,1998,Quamaine,6,NC,1663,0.007
M,1998,Quashawn,6,NC,1663,0.007
M,1998,Quadarius,5,NC,1860,0.006
M,1998,Quran,5,NC,1860,0.006
M,1999,Quentin,34,NC,501,0.037
M,1999,Quinton,33,NC,511,0.036
M,1999,Quinn,12,NC,1047,0.013
M,1999,Quincy,11,NC,1108,0.012
M,1999,Quintin,8,NC,1398,0.009
M,1999,Quenton,5,NC,1910,0.005
M,1999,Quinten,5,NC,1910,0.005
M,2000,Quentin,31,NC,564,0.032
M,2000,Quinn,19,NC,826,0.02
M,2000,Quinton,19,NC,826,0.02
M,2000,Quincy,15,NC,962,0.015
M,2000,Quintin,6,NC,1822,0.006
M,2000,Quran,5,NC,2071,0.005
M,2001,Quinton,27,NC,630,0.029
M,2001,Quentin,25,NC,675,0.026
M,2001,Quinn,15,NC,972,0.016
M,2001,Quintin,11,NC,1176,0.012
M,2001,Quincy,10,NC,1276,0.011
M,2001,Quinten,9,NC,1377,0.01
M,2002,Quentin,22,NC,728,0.023
M,2002,Quincy,16,NC,940,0.017
M,2002,Quinn,15,NC,978,0.016
M,2002,Quinton,11,NC,1186,0.012
M,2002,Quintin,7,NC,1643,0.007
M,2003,Quentin,29,NC,606,0.031
M,2003,Quinton,26,NC,670,0.028
M,2003,Quincy,20,NC,833,0.021
M,2003,Quinn,18,NC,888,0.019
M,2003,Quintin,12,NC,1152,0.013
M,2003,Quantez,7,NC,1694,0.007
M,2004,Quentin,30,NC,591,0.031
M,2004,Quinton,16,NC,979,0.017
M,2004,Quincy,14,NC,1091,0.015
M,2004,Quinn,12,NC,1205,0.013
M,2004,Quintin,9,NC,1462,0.009
M,2004,Quinten,5,NC,2168,0.005
M,2005,Quentin,28,NC,660,0.029
M,2005,Quinton,14,NC,1120,0.014
M,2005,Quinn,11,NC,1318,0.011
M,2005,Quincy,7,NC,1803,0.007
M,2005,Quran,7,NC,1803,0.007
M,2005,Quintin,5,NC,2239,0.005
M,2006,Quinn,20,NC,883,0.02
M,2006,Quentin,17,NC,996,0.017
M,2006,Quincy,16,NC,1056,0.016
M,2006,Quinton,13,NC,1220,0.013
M,2006,Quinlan,5,NC,2368,0.005
M,2006,Quintin,5,NC,2368,0.005
M,2007,Quentin,28,NC,707,0.027
M,2007,Quinn,28,NC,707,0.027
M,2007,Quinton,24,NC,795,0.023
M,2007,Quincy,12,NC,1350,0.012
M,2007,Quinten,8,NC,1820,0.008
M,2007,Quintin,5,NC,2480,0.005
M,2008,Quinn,27,NC,734,0.026
M,2008,Quinton,22,NC,853,0.021
M,2008,Quentin,18,NC,994,0.017
M,2008,Quincy,15,NC,1145,0.014
M,2008,Quinten,7,NC,2004,0.007
M,2008,Quintin,7,NC,2004,0.007
M,2009,Quentin,30,NC,658,0.03
M,2009,Quinn,26,NC,730,0.026
M,2009,Quincy,18,NC,979,0.018
M,2009,Quinton,13,NC,1274,0.013
M,2009,Quintin,8,NC,1809,0.008
M,2010,Quinn,23,NC,795,0.024
M,2010,Quentin,21,NC,845,0.022
M,2010,Quincy,16,NC,1045,0.017
M,2010,Quinton,13,NC,1217,0.013
M,2010,Quintin,7,NC,1940,0.007
M,2010,Quinlan,6,NC,2174,0.006
M,2010,Quinten,6,NC,2174,0.006
M,2010,Quadir,5,NC,2464,0.005
M,2011,Quinn,27,NC,675,0.028
M,2011,Quentin,23,NC,761,0.024
M,2011,Quinton,16,NC,1043,0.017
M,2011,Quincy,10,NC,1473,0.011
M,2012,Quinn,23,NC,784,0.024
M,2012,Quentin,16,NC,1053,0.017
M,2012,Quincy,10,NC,1488,0.011
M,2012,Quinton,10,NC,1488,0.011
M,2012,Quintin,9,NC,1605,0.01
M,2013,Quinton,19,NC,911,0.02
M,2013,Quinn,18,NC,960,0.019
M,2013,Quentin,10,NC,1454,0.011
M,2013,Quincy,10,NC,1454,0.011
M,2013,Quinten,5,NC,2401,0.005
M,2013,Quintin,5,NC,2401,0.005
M,2014,Quinn,22,NC,840,0.023
M,2014,Quentin,20,NC,904,0.021
M,2014,Quinton,17,NC,1020,0.018
M,2014,Quincy,14,NC,1177,0.014
M,2014,Quest,6,NC,2199,0.006
M,2014,Quintin,5,NC,2465,0.005
M,2015,Quinn,26,NC,754,0.027
M,2015,Quincy,15,NC,1126,0.015
M,2015,Quentin,11,NC,1414,0.011
M,2015,Quinton,8,NC,1818,0.008
M,2015,Quintin,7,NC,1974,0.007
M,2016,Quinn,31,NC,668,0.032
M,2016,Quincy,16,NC,1098,0.016
M,2016,Quentin,13,NC,1290,0.013
M,2016,Quinton,8,NC,1824,0.008
M,2017,Quinn,26,NC,773,0.027
M,2017,Quentin,15,NC,1158,0.016
M,2017,Quincy,14,NC,1220,0.014
M,2017,Quinton,14,NC,1220,0.014
M,2017,Quintin,5,NC,2559,0.005
M,2018,Quinn,26,NC,780,0.027
M,2018,Quentin,18,NC,1022,0.019
M,2018,Quincy,17,NC,1069,0.018
M,2018,Quinton,9,NC,1678,0.009
M,2018,Quadir,5,NC,2533,0.005
M,2018,Quintin,5,NC,2533,0.005
M,2019,Quinn,23,NC,851,0.024
M,2019,Quentin,14,NC,1253,0.015
M,2019,Quincy,10,NC,1591,0.011
M,2019,Quamir,7,NC,2064,0.007
M,2019,Quadir,6,NC,2275,0.006
M,2019,Quinton,6,NC,2275,0.006
M,2020,Quinn,15,NC,1182,0.016
M,2020,Quincy,13,NC,1308,0.014
M,2020,Quentin,12,NC,1392,0.013
M,2020,Quinton,10,NC,1576,0.011
M,2020,Quadir,6,NC,2283,0.006
M,2021,Quinn,31,NC,696,0.032
M,2021,Quentin,18,NC,1065,0.019
M,2021,Quincy,10,NC,1681,0.01
M,2021,Quinton,9,NC,1808,0.009
M,2022,Quinn,27,NC,792,0.028
M,2022,Quincy,14,NC,1322,0.015
M,2022,Quentin,11,NC,1590,0.011
M,2022,Quinton,9,NC,1828,0.009
M,2022,Quadir,8,NC,1980,0.008
M,2022,Quintin,8,NC,1980,0.008
M,2023,Quinn,15,NC,1238,0.016
M,2023,Quincy,12,NC,1478,0.013
M,2023,Quentin,9,NC,1800,0.009
M,2023,Quinton,7,NC,2163,0.007
M,2024,Quinn,12,NC,1508,0.012
M,2024,Quentin,11,NC,1610,0.011
M,2024,Quincy,9,NC,1866,0.009
M,2024,Quadir,7,NC,2175,0.007
M,2024,Quinton,5,NC,2748,0.005
F,1923,Queenie,8,MD,390,0.029
F,1930,Queen,5,MD,452,0.02
F,1976,Qiana,7,MD,655,0.019
F,1977,Quiana,12,MD,494,0.03
F,1977,Qiana,9,MD,593,0.022
F,1978,Qiana,14,MD,449,0.035
F,1978,Quiana,8,MD,621,0.02
F,1979,Quiana,14,MD,446,0.033
F,1979,Qiana,9,MD,605,0.021
F,1980,Quiana,9,MD,617,0.021
F,1981,Quiana,14,MD,475,0.031
F,1981,Qiana,6,MD,817,0.013
F,1982,Quiana,11,MD,568,0.023
F,1983,Quiana,6,MD,817,0.012
F,1984,Quiana,7,MD,755,0.014
F,1985,Quiana,6,MD,868,0.012
F,1993,Quinn,6,MD,1078,0.011
F,1994,Quiana,8,MD,904,0.014
F,1995,Quinn,5,MD,1253,0.009
F,1996,Quanisha,5,MD,1242,0.009
F,1998,Quinn,9,MD,858,0.017
F,1999,Quinn,8,MD,983,0.015
F,2002,Quinn,14,MD,664,0.027
F,2003,Quinn,11,MD,845,0.021
F,2004,Quinn,7,MD,1172,0.013
F,2005,Quinn,5,MD,1540,0.009
F,2006,Quinn,8,MD,1136,0.014
F,2007,Quinn,8,MD,1182,0.014
F,2008,Quinn,11,MD,918,0.02
F,2009,Quinn,12,MD,839,0.022
F,2010,Quinn,32,MD,360,0.061
F,2011,Quinn,43,MD,277,0.083
F,2012,Quinn,44,MD,269,0.085
F,2013,Quinn,39,MD,305,0.076
F,2014,Quinn,73,MD,167,0.139
F,2015,Quinn,78,MD,157,0.15
F,2016,Quinn,80,MD,150,0.155
F,2017,Quinn,68,MD,164,0.137
F,2018,Quinn,53,MD,225,0.107
F,2018,Queen,9,MD,1071,0.018
F,2019,Quinn,55,MD,209,0.114
F,2019,Queen,10,MD,1032,0.021
F,2020,Quinn,68,MD,158,0.144
F,2020,Queen,12,MD,878,0.025
F,2021,Quinn,51,MD,220,0.108
F,2021,Queen,7,MD,1339,0.015
F,2021,Quincy,5,MD,1717,0.011
F,2022,Quinn,61,MD,165,0.13
F,2022,Queen,5,MD,1749,0.011
F,2023,Quinn,53,MD,193,0.12
F,2024,Quinn,53,MD,187,0.121
M,1918,Quentin,6,MD,417,0.024
M,1920,Quentin,6,MD,456,0.022
M,1929,Quentin,6,MD,424,0.024
M,1946,Quentin,5,MD,640,0.012
M,1952,Quentin,5,MD,725,0.009
M,1953,Quentin,5,MD,761,0.009
M,1954,Quentin,7,MD,658,0.012
M,1955,Quincy,5,MD,807,0.008
M,1956,Quentin,5,MD,809,0.008
M,1958,Quentin,5,MD,857,0.008
M,1958,Quinton,5,MD,857,0.008
M,1959,Quentin,7,MD,767,0.011
M,1959,Quinton,5,MD,899,0.008
M,1960,Quentin,8,MD,689,0.013
M,1960,Quintin,8,MD,689,0.013
M,1961,Quintin,9,MD,668,0.014
M,1961,Quentin,8,MD,716,0.013
M,1962,Quentin,7,MD,744,0.011
M,1963,Quentin,20,MD,451,0.032
M,1963,Quinton,7,MD,761,0.011
M,1963,Quintin,6,MD,825,0.01
M,1964,Quentin,10,MD,662,0.016
M,1964,Quintin,8,MD,744,0.013
M,1965,Quentin,19,MD,443,0.032
M,1966,Quentin,5,MD,876,0.009
M,1967,Quentin,9,MD,644,0.016
M,1968,Quentin,6,MD,817,0.011
M,1968,Quinton,6,MD,817,0.011
M,1969,Quentin,9,MD,648,0.017
M,1970,Quentin,11,MD,581,0.021
M,1970,Quinn,6,MD,804,0.011
M,1970,Quinton,5,MD,884,0.009
M,1971,Quentin,7,MD,756,0.014
M,1972,Quentin,7,MD,701,0.016
M,1973,Quentin,8,MD,629,0.02
M,1974,Quinton,5,MD,819,0.013
M,1975,Quincy,9,MD,578,0.023
M,1975,Quentin,8,MD,609,0.021
M,1976,Quentin,7,MD,655,0.019
M,1976,Quincy,7,MD,655,0.019
M,1976,Quinton,6,MD,735,0.016
M,1977,Quincy,9,MD,593,0.022
M,1977,Quinton,5,MD,863,0.012
M,1978,Quincy,8,MD,621,0.02
M,1978,Quentin,7,MD,683,0.018
M,1980,Quentin,8,MD,663,0.018
M,1980,Quinn,6,MD,782,0.014
M,1981,Quinton,5,MD,919,0.011
M,1982,Quentin,12,MD,537,0.025
M,1982,Quincy,8,MD,680,0.017
M,1982,Quintin,7,MD,732,0.015
M,1982,Quinton,7,MD,732,0.015
M,1983,Quentin,15,MD,467,0.031
M,1983,Quinton,14,MD,489,0.029
M,1983,Quintin,10,MD,597,0.021
M,1984,Quentin,9,MD,643,0.018
M,1984,Quinton,6,MD,828,0.012
M,1985,Quinton,7,MD,781,0.013
M,1985,Quentin,5,MD,957,0.01
M,1986,Quentin,13,MD,529,0.025
M,1986,Quinton,9,MD,684,0.017
M,1987,Quentin,20,MD,414,0.037
M,1987,Quinton,13,MD,556,0.024
M,1987,Quinn,6,MD,926,0.011
M,1987,Quintin,6,MD,926,0.011
M,1988,Quentin,15,MD,506,0.026
M,1988,Quinton,10,MD,683,0.018
M,1988,Quintin,5,MD,1084,0.009
M,1989,Quentin,15,MD,541,0.025
M,1989,Quinton,11,MD,689,0.018
M,1989,Quinn,7,MD,923,0.012
M,1989,Quincy,5,MD,1124,0.008
M,1989,Quintin,5,MD,1124,0.008
M,1990,Quentin,11,MD,725,0.018
M,1990,Quinton,11,MD,725,0.018
M,1990,Quintin,5,MD,1203,0.008
M,1991,Quentin,14,MD,589,0.023
M,1991,Quinton,10,MD,759,0.017
M,1991,Quinn,6,MD,1068,0.01
M,1991,Quintin,6,MD,1068,0.01
M,1991,Quante,5,MD,1208,0.008
M,1992,Quentin,18,MD,491,0.031
M,1992,Quinton,14,MD,590,0.024
M,1992,Quintin,9,MD,838,0.015
M,1992,Quincy,8,MD,905,0.014
M,1992,Quinn,7,MD,1013,0.012
M,1993,Quentin,15,MD,548,0.027
M,1993,Quinton,13,MD,612,0.023
M,1993,Quincy,8,MD,868,0.014
M,1993,Quintin,7,MD,964,0.012
M,1993,Quinn,6,MD,1078,0.011
M,1993,Quran,5,MD,1228,0.009
M,1994,Quincy,13,MD,631,0.023
M,1994,Quinn,13,MD,631,0.023
M,1994,Quinton,13,MD,631,0.023
M,1994,Quentin,12,MD,672,0.022
M,1995,Quentin,16,MD,547,0.03
M,1995,Quinn,12,MD,673,0.022
M,1995,Quintin,10,MD,764,0.018
M,1995,Quinton,10,MD,764,0.018
M,1995,Quincy,7,MD,985,0.013
M,1995,Quran,6,MD,1112,0.011
M,1996,Quincy,15,MD,570,0.028
M,1996,Quinton,11,MD,743,0.021
M,1996,Quinn,10,MD,785,0.019
M,1996,Quentin,9,MD,843,0.017
M,1997,Quentin,17,MD,511,0.033
M,1997,Quinn,16,MD,541,0.031
M,1997,Quinton,14,MD,609,0.027
M,1997,Quintin,11,MD,721,0.021
M,1997,Quincy,10,MD,777,0.019
M,1998,Quentin,20,MD,477,0.038
M,1998,Quinton,16,MD,564,0.031
M,1998,Quinn,14,MD,621,0.027
M,1998,Quincy,8,MD,935,0.015
M,1998,Quinten,8,MD,935,0.015
M,1998,Quintin,6,MD,1145,0.011
M,1999,Quentin,16,MD,581,0.031
M,1999,Quinn,15,MD,609,0.029
M,1999,Quincy,12,MD,733,0.023
M,1999,Quinton,9,MD,889,0.017
M,2000,Quentin,17,MD,568,0.032
M,2000,Quinn,17,MD,568,0.032
M,2000,Quinton,13,MD,683,0.024
M,2000,Quincy,12,MD,728,0.022
M,2000,Quinten,6,MD,1227,0.011
M,2000,Quintin,6,MD,1227,0.011
M,2000,Quran,5,MD,1395,0.009
M,2001,Quinn,18,MD,537,0.034
M,2001,Quentin,16,MD,601,0.031
M,2001,Quincy,14,MD,658,0.027
M,2001,Quinton,10,MD,841,0.019
M,2001,Quran,5,MD,1404,0.01
M,2002,Quinn,21,MD,464,0.04
M,2002,Quentin,16,MD,578,0.031
M,2002,Quincy,12,MD,741,0.023
M,2002,Quinton,8,MD,1012,0.015
M,2002,Quintin,6,MD,1231,0.012
M,2002,Quinten,5,MD,1415,0.01
M,2003,Quinn,22,MD,467,0.041
M,2003,Quentin,15,MD,653,0.028
M,2003,Quinton,13,MD,724,0.024
M,2003,Quincy,5,MD,1440,0.009
M,2004,Quinn,21,MD,495,0.04
M,2004,Quinton,15,MD,652,0.028
M,2004,Quentin,14,MD,691,0.026
M,2004,Quincy,12,MD,802,0.023
M,2004,Quintin,7,MD,1172,0.013
M,2005,Quinn,27,MD,414,0.05
M,2005,Quentin,21,MD,509,0.039
M,2005,Quincy,12,MD,821,0.022
M,2005,Quinton,9,MD,1009,0.017
M,2005,Quintin,7,MD,1195,0.013
M,2006,Quinn,26,MD,438,0.047
M,2006,Quentin,17,MD,626,0.031
M,2006,Quinton,14,MD,748,0.025
M,2006,Quincy,12,MD,845,0.022
M,2006,Quintin,5,MD,1613,0.009
M,2007,Quinn,21,MD,528,0.038
M,2007,Quentin,17,MD,638,0.03
M,2007,Quincy,8,MD,1182,0.014
M,2007,Quran,7,MD,1296,0.013
M,2007,Quinlan,6,MD,1452,0.011
M,2007,Quinton,6,MD,1452,0.011
M,2008,Quinn,23,MD,496,0.042
M,2008,Quentin,15,MD,723,0.027
M,2008,Quincy,10,MD,979,0.018
M,2008,Quinton,8,MD,1164,0.014
M,2008,Quran,5,MD,1661,0.009
M,2009,Quinn,29,MD,407,0.054
M,2009,Quentin,22,MD,510,0.041
M,2009,Quintin,10,MD,972,0.019
M,2009,Quincy,9,MD,1046,0.017
M,2009,Quinton,9,MD,1046,0.017
M,2010,Quinn,30,MD,379,0.057
M,2010,Quentin,19,MD,577,0.036
M,2010,Quinton,11,MD,903,0.021
M,2010,Quincy,8,MD,1148,0.015
M,2010,Quintin,5,MD,1615,0.01
M,2011,Quinn,19,MD,563,0.037
M,2011,Quentin,12,MD,838,0.023
M,2011,Quincy,8,MD,1136,0.015
M,2011,Quintin,6,MD,1401,0.012
M,2011,Quinton,5,MD,1644,0.01
M,2012,Quinn,17,MD,646,0.033
M,2012,Quentin,12,MD,853,0.023
M,2012,Quincy,11,MD,909,0.021
M,2012,Quinton,11,MD,909,0.021
M,2012,Quinten,5,MD,1634,0.01
M,2013,Quentin,19,MD,601,0.037
M,2013,Quinton,9,MD,1048,0.018
M,2013,Quinn,8,MD,1139,0.016
M,2013,Quincy,6,MD,1420,0.012
M,2013,Quintin,5,MD,1619,0.01
M,2014,Quinn,19,MD,602,0.036
M,2014,Quentin,13,MD,813,0.025
M,2014,Quinton,10,MD,1000,0.019
M,2014,Quincy,9,MD,1083,0.017
M,2014,Quintin,6,MD,1451,0.011
M,2015,Quinn,19,MD,604,0.037
M,2015,Quinton,8,MD,1212,0.015
M,2015,Quentin,7,MD,1328,0.013
M,2015,Quincy,6,MD,1482,0.012
M,2015,Quintin,5,MD,1674,0.01
M,2016,Quinn,35,MD,351,0.068
M,2016,Quentin,13,MD,823,0.025
M,2016,Quincy,6,MD,1468,0.012
M,2017,Quinn,11,MD,947,0.022
M,2017,Quentin,10,MD,1045,0.02
M,2017,Quinton,6,MD,1462,0.012
M,2018,Quentin,12,MD,894,0.024
M,2018,Quincy,10,MD,1009,0.02
M,2018,Quinn,10,MD,1009,0.02
M,2018,Quinton,9,MD,1071,0.018
M,2019,Quincy,13,MD,807,0.027
M,2019,Quentin,12,MD,864,0.025
M,2019,Quinn,11,MD,936,0.023
M,2019,Quinton,10,MD,1032,0.021
M,2019,Quest,5,MD,1678,0.01
M,2020,Quinn,13,MD,821,0.027
M,2020,Quentin,8,MD,1226,0.017
M,2020,Quinton,6,MD,1511,0.013
M,2021,Quinn,12,MD,894,0.026
M,2021,Quentin,11,MD,950,0.023
M,2021,Quinton,11,MD,950,0.023
M,2022,Quentin,8,MD,1240,0.017
M,2022,Quincy,7,MD,1372,0.015
M,2022,Quinn,7,MD,1372,0.015
M,2022,Quadir,5,MD,1749,0.011
M,2023,Quinn,17,MD,645,0.039
M,2023,Quentin,7,MD,1284,0.016
M,2023,Quincy,7,MD,1284,0.016
M,2024,Quinn,19,MD,581,0.043
M,2024,Quentin,7,MD,1307,0.016
M,2024,Quincy,6,MD,1478,0.014
F,2001,Quinn,6,ME,360,0.059
F,2005,Quinn,5,ME,448,0.05
F,2006,Quinn,7,ME,352,0.072
F,2007,Quinn,5,ME,462,0.051
F,2010,Quinn,13,ME,189,0.151
F,2011,Quinn,10,ME,238,0.119
F,2012,Quinn,16,ME,156,0.19
F,2013,Quinn,21,ME,110,0.255
F,2014,Quinn,16,ME,154,0.194
F,2015,Quinn,9,ME,280,0.111
F,2015,Quincy,5,ME,456,0.061
F,2016,Quinn,22,ME,103,0.27
F,2017,Quinn,14,ME,169,0.182
F,2018,Quinn,32,ME,44,0.419
F,2019,Quinn,27,ME,56,0.372
F,2020,Quinn,20,ME,88,0.284
F,2021,Quinn,23,ME,78,0.318
F,2022,Quinn,16,ME,129,0.221
F,2023,Quinn,26,ME,55,0.388
F,2023,Quincy,6,ME,376,0.09
F,2024,Quinn,15,ME,131,0.225
F,2024,Quincy,6,ME,371,0.09
M,1993,Quinn,6,ME,351,0.05
M,1997,Quinn,8,ME,296,0.077
M,1999,Quinn,8,ME,298,0.079
M,2001,Quinn,6,ME,360,0.059
M,2001,Quincy,5,ME,414,0.049
M,2002,Quinn,9,ME,269,0.091
M,2004,Quinn,10,ME,250,0.1
M,2004,Quentin,5,ME,420,0.05
M,2004,Quincy,5,ME,420,0.05
M,2005,Quinn,12,ME,233,0.121
M,2006,Quinn,12,ME,206,0.123
M,2006,Quinton,5,ME,451,0.051
M,2007,Quinn,11,ME,227,0.112
M,2008,Quinn,12,ME,212,0.13
M,2009,Quinn,7,ME,346,0.078
M,2009,Quincy,5,ME,447,0.056
M,2010,Quinn,10,ME,248,0.116
M,2011,Quinn,13,ME,189,0.154
M,2012,Quinn,12,ME,211,0.143
M,2012,Quinton,5,ME,447,0.06
M,2013,Quinn,10,ME,257,0.121
M,2014,Quincy,6,ME,392,0.073
M,2014,Quinn,6,ME,392,0.073
M,2015,Quinn,7,ME,346,0.086
M,2015,Quentin,6,ME,401,0.074
M,2015,Quincy,6,ME,401,0.074
M,2016,Quinn,7,ME,355,0.086
M,2016,Quincy,5,ME,460,0.061
M,2017,Quinn,12,ME,197,0.156
M,2018,Quinn,6,ME,384,0.078
M,2020,Quinton,7,ME,328,0.099
M,2021,Quinn,8,ME,290,0.111
M,2022,Quinn,6,ME,380,0.083
M,2022,Quinton,5,ME,444,0.069
M,2023,Quinn,5,ME,430,0.075
M,2024,Quinn,9,ME,242,0.135
F,1963,Quinn,5,CA,2668,0.001
F,1966,Quinn,6,CA,2417,0.002
F,1967,Quinn,6,CA,2435,0.002
F,1968,Quincy,9,CA,2036,0.003
F,1969,Quincy,8,CA,2276,0.002
F,1971,Quinn,5,CA,3033,0.002
F,1974,Qiana,6,CA,2740,0.002
F,1975,Qiana,14,CA,1720,0.005
F,1975,Quiana,7,CA,2574,0.002
F,1975,Quincy,5,CA,3177,0.002
F,1976,Qiana,26,CA,1223,0.009
F,1976,Quiana,12,CA,1948,0.004
F,1977,Qiana,28,CA,1188,0.009
F,1977,Quiana,12,CA,1983,0.004
F,1978,Qiana,34,CA,1074,0.011
F,1978,Quiana,26,CA,1261,0.008
F,1978,Quinn,16,CA,1694,0.005
F,1978,Quanisha,5,CA,3422,0.002
F,1979,Qiana,33,CA,1122,0.01
F,1979,Quiana,32,CA,1142,0.009
F,1979,Quinn,15,CA,1857,0.004
F,1979,Queen,6,CA,3214,0.002
F,1979,Quyen,6,CA,3214,0.002
F,1980,Quiana,30,CA,1241,0.008
F,1980,Qiana,25,CA,1382,0.007
F,1980,Quinn,10,CA,2442,0.003
F,1981,Quiana,32,CA,1219,0.008
F,1981,Qiana,17,CA,1775,0.004
F,1981,Quyen,8,CA,2850,0.002
F,1981,Quinn,6,CA,3399,0.002
F,1981,Quynh,6,CA,3399,0.002
F,1981,Quincy,5,CA,3828,0.001
F,1982,Quiana,26,CA,1389,0.007
F,1982,Quinn,11,CA,2395,0.003
F,1982,Qiana,8,CA,2912,0.002
F,1982,Quyen,8,CA,2912,0.002
F,1982,Quynh,7,CA,3179,0.002
F,1983,Quiana,29,CA,1300,0.007
F,1983,Quinn,12,CA,2242,0.003
F,1983,Quyen,10,CA,2520,0.003
F,1983,Qiana,6,CA,3443,0.002
F,1984,Quiana,22,CA,1574,0.005
F,1984,Qiana,10,CA,2539,0.002
F,1984,Quinn,10,CA,2539,0.002
F,1984,Quanisha,6,CA,3583,0.001
F,1984,Quianna,5,CA,4039,0.001
F,1985,Queena,6,CA,3735,0.001
F,1985,Quanisha,5,CA,4180,0.001
F,1985,Quianna,5,CA,4180,0.001
F,1986,Quiana,8,CA,3214,0.002
F,1986,Queena,6,CA,3851,0.001
F,1986,Quinn,6,CA,3851,0.001
F,1986,Qiana,5,CA,4375,0.001
F,1987,Quinn,12,CA,2518,0.003
F,1987,Quiana,11,CA,2645,0.002
F,1987,Qiana,5,CA,4502,0.001
F,1987,Quanisha,5,CA,4502,0.001
F,1987,Quyen,5,CA,4502,0.001
F,1988,Quinn,12,CA,2666,0.002
F,1988,Queena,8,CA,3479,0.002
F,1988,Quiana,8,CA,3479,0.002
F,1989,Quinn,13,CA,2689,0.003
F,1989,Quiana,10,CA,3188,0.002
F,1989,Queena,5,CA,5102,0.001
F,1990,Quinn,20,CA,2132,0.004
F,1990,Qiana,7,CA,4284,0.001
F,1990,Quanisha,7,CA,4284,0.001
F,1990,Quiana,7,CA,4284,0.001
F,1990,Quincy,6,CA,4773,0.001
F,1990,Quyen,5,CA,5365,0.001
F,1991,Quinn,10,CA,3369,0.002
F,1991,Quanisha,5,CA,5375,0.001
F,1991,Quincy,5,CA,5375,0.001
F,1991,Quyen,5,CA,5375,0.001
F,1992,Quinn,9,CA,3663,0.002
F,1992,Quanisha,7,CA,4339,0.001
F,1992,Quincy,6,CA,4826,0.001
F,1992,Qiana,5,CA,5424,0.001
F,1992,Queenie,5,CA,5424,0.001
F,1993,Quinn,16,CA,2479,0.003
F,1993,Quiana,11,CA,3172,0.002
F,1993,Quincy,7,CA,4273,0.001
F,1993,Queenie,5,CA,5394,0.001
F,1994,Quinn,17,CA,2362,0.003
F,1994,Quincy,13,CA,2812,0.003
F,1994,Quiana,8,CA,3882,0.002
F,1994,Queen,6,CA,4720,0.001
F,1994,Quincey,5,CA,5372,0.001
F,1994,Quinci,5,CA,5372,0.001
F,1995,Quinn,29,CA,1656,0.006
F,1995,Quincy,10,CA,3259,0.002
F,1995,Qiana,5,CA,5230,0.001
F,1996,Quinn,24,CA,1854,0.005
F,1996,Quincy,9,CA,3500,0.002
F,1996,Quiana,7,CA,4093,0.001
F,1996,Queen,6,CA,4540,0.001
F,1996,Queena,5,CA,5186,0.001
F,1997,Quinn,26,CA,1714,0.006
F,1997,Quincy,12,CA,2883,0.003
F,1997,Quiana,6,CA,4510,0.001
F,1998,Quinn,29,CA,1639,0.006
F,1998,Quiana,14,CA,2588,0.003
F,1998,Quincy,9,CA,3500,0.002
F,1998,Quincey,7,CA,4128,0.002
F,1998,Quetzalli,5,CA,5145,0.001
F,1998,Quin,5,CA,5145,0.001
F,1999,Quinn,37,CA,1416,0.008
F,1999,Quiana,10,CA,3274,0.002
F,1999,Quincy,10,CA,3274,0.002
F,1999,Quynh,6,CA,4594,0.001
F,1999,Queen,5,CA,5264,0.001
F,2000,Quinn,28,CA,1731,0.006
F,2000,Queenie,11,CA,3138,0.002
F,2000,Quiana,9,CA,3603,0.002
F,2000,Queen,6,CA,4773,0.001
F,2000,Quincy,6,CA,4773,0.001
F,2001,Quinn,40,CA,1389,0.009
F,2001,Quincy,12,CA,3062,0.003
F,2001,Queenie,9,CA,3691,0.002
F,2001,Queen,7,CA,4339,0.001
F,2001,Quiana,6,CA,4797,0.001
F,2002,Quinn,37,CA,1500,0.008
F,2002,Quincy,15,CA,2663,0.003
F,2002,Queenie,9,CA,3696,0.002
F,2002,Quetzali,8,CA,3992,0.002
F,2002,Quetzalli,8,CA,3992,0.002
F,2003,Quinn,46,CA,1298,0.01
F,2003,Quetzalli,12,CA,3156,0.003
F,2003,Quincy,12,CA,3156,0.003
F,2003,Quetzaly,9,CA,3811,0.002
F,2003,Queenie,5,CA,5613,0.001
F,2003,Quetzali,5,CA,5613,0.001
F,2004,Quinn,44,CA,1370,0.009
F,2004,Quincy,15,CA,2774,0.003
F,2004,Quetzalli,9,CA,3875,0.002
F,2004,Queen,6,CA,5082,0.001
F,2004,Quinlan,6,CA,5082,0.001
F,2004,Quetzali,5,CA,5784,0.001
F,2004,Quiana,5,CA,5784,0.001
F,2005,Quinn,43,CA,1428,0.009
F,2005,Quetzalli,18,CA,2517,0.004
F,2005,Queen,10,CA,3726,0.002
F,2005,Quincy,9,CA,3962,0.002
F,2005,Quetzali,6,CA,5278,0.001
F,2006,Quinn,45,CA,1414,0.009
F,2006,Quincy,16,CA,2814,0.003
F,2006,Quetzalli,10,CA,3843,0.002
F,2006,Quinlan,7,CA,4836,0.001
F,2006,Quetzali,5,CA,6076,0.001
F,2007,Quinn,52,CA,1317,0.01
F,2007,Quincy,17,CA,2746,0.003
F,2007,Quetzalli,11,CA,3659,0.002
F,2007,Quetzali,9,CA,4183,0.002
F,2007,Quinlan,6,CA,5491,0.001
F,2007,Queenie,5,CA,6229,0.001
F,2008,Quinn,69,CA,1071,0.014
F,2008,Quincy,19,CA,2556,0.004
F,2008,Quetzalli,18,CA,2657,0.004
F,2008,Queenie,8,CA,4523,0.002
F,2008,Quetzaly,6,CA,5442,0.001
F,2009,Quinn,75,CA,972,0.016
F,2009,Quetzalli,13,CA,3240,0.003
F,2009,Quincy,13,CA,3240,0.003
F,2009,Quetzali,9,CA,4139,0.002
F,2009,Queenie,8,CA,4474,0.002
F,2009,Queena,5,CA,6149,0.001
F,2009,Quinlan,5,CA,6149,0.001
F,2010,Quinn,132,CA,617,0.03
F,2010,Quetzalli,20,CA,2431,0.004
F,2010,Quincy,17,CA,2685,0.004
F,2010,Queenie,8,CA,4439,0.002
F,2010,Quetzali,8,CA,4439,0.002
F,2010,Quinlan,7,CA,4860,0.002
F,2011,Quinn,178,CA,496,0.041
F,2011,Quetzalli,22,CA,2266,0.005
F,2011,Quincy,18,CA,2582,0.004
F,2011,Quetzali,9,CA,4068,0.002
F,2011,Queenie,8,CA,4396,0.002
F,2011,Quorra,8,CA,4396,0.002
F,2011,Quetzaly,6,CA,5326,0.001
F,2011,Quinley,5,CA,5974,0.001
F,2012,Quinn,190,CA,472,0.043
F,2012,Quetzalli,22,CA,2274,0.005
F,2012,Quincy,12,CA,3371,0.003
F,2012,Queenie,11,CA,3558,0.003
F,2012,Queena,9,CA,4041,0.002
F,2012,Queen,7,CA,4827,0.002
F,2012,Quincey,6,CA,5342,0.001
F,2012,Quinlan,6,CA,5342,0.001
F,2012,Quetzali,5,CA,6048,0.001
F,2013,Quinn,266,CA,346,0.062
F,2013,Quincy,23,CA,2217,0.005
F,2013,Queenie,13,CA,3136,0.003
F,2013,Quetzalli,12,CA,3313,0.003
F,2013,Queena,10,CA,3722,0.002
F,2013,Quetzaly,9,CA,4003,0.002
F,2013,Queen,7,CA,4734,0.002
F,2013,Quetzali,6,CA,5243,0.001
F,2013,Quetzally,5,CA,5917,0.001
F,2013,Quorra,5,CA,5917,0.001
F,2014,Quinn,252,CA,363,0.057
F,2014,Queena,24,CA,2175,0.005
F,2014,Queenie,17,CA,2698,0.004
F,2014,Quincy,14,CA,3066,0.003
F,2014,Quetzalli,11,CA,3571,0.002
F,2014,Queen,9,CA,4072,0.002
F,2014,Quetzaly,8,CA,4425,0.002
F,2014,Quetzali,6,CA,5349,0.001
F,2014,Quetzal,5,CA,6004,0.001
F,2015,Quinn,277,CA,322,0.064
F,2015,Quincy,17,CA,2691,0.004
F,2015,Queenie,15,CA,2911,0.003
F,2015,Queena,14,CA,3047,0.003
F,2015,Quetzalli,14,CA,3047,0.003
F,2015,Quetzaly,8,CA,4355,0.002
F,2015,Queen,6,CA,5278,0.001
F,2015,Quetzally,6,CA,5278,0.001
F,2015,Quin,5,CA,5947,0.001
F,2016,Quinn,337,CA,272,0.079
F,2016,Queena,25,CA,2110,0.006
F,2016,Quincy,25,CA,2110,0.006
F,2016,Queenie,17,CA,2699,0.004
F,2016,Quetzaly,10,CA,3782,0.002
F,2016,Queen,9,CA,4090,0.002
F,2016,Quetzalli,8,CA,4375,0.002
F,2016,Quin,5,CA,5882,0.001
F,2017,Quinn,338,CA,257,0.082
F,2017,Quincy,22,CA,2260,0.005
F,2017,Queenie,20,CA,2403,0.005
F,2017,Queena,16,CA,2793,0.004
F,2017,Queen,12,CA,3314,0.003
F,2017,Quetzalli,8,CA,4303,0.002
F,2017,Quetzaly,8,CA,4303,0.002
F,2017,Quincey,5,CA,5821,0.001
F,2017,Quinley,5,CA,5821,0.001
F,2018,Quinn,319,CA,263,0.081
F,2018,Quincy,21,CA,2281,0.005
F,2018,Quetzalli,15,CA,2844,0.004
F,2018,Queen,14,CA,2985,0.004
F,2018,Queenie,11,CA,3494,0.003
F,2018,Quetzaly,10,CA,3730,0.003
F,2018,Queena,9,CA,4006,0.002
F,2018,Quin,6,CA,5132,0.002
F,2019,Quinn,316,CA,248,0.082
F,2019,Quincy,27,CA,1924,0.007
F,2019,Queen,20,CA,2339,0.005
F,2019,Quetzaly,11,CA,3487,0.003
F,2019,Queenie,9,CA,3956,0.002
F,2019,Quetzali,8,CA,4251,0.002
F,2019,Quetzalli,6,CA,5059,0.002
F,2019,Qamar,5,CA,5700,0.001
F,2019,Quinley,5,CA,5700,0.001
F,2019,Quinnley,5,CA,5700,0.001
F,2020,Quinn,269,CA,276,0.074
F,2020,Quincy,32,CA,1671,0.009
F,2020,Queen,21,CA,2238,0.006
F,2020,Quetzalli,10,CA,3635,0.003
F,2020,Quetzaly,5,CA,5625,0.001
F,2021,Quinn,320,CA,223,0.088
F,2021,Quincy,25,CA,2029,0.007
F,2021,Quetzalli,16,CA,2722,0.004
F,2021,Quetzali,14,CA,2937,0.004
F,2021,Queen,13,CA,3078,0.004
F,2021,Quinley,6,CA,5051,0.002
F,2021,Queenie,5,CA,5679,0.001
F,2021,Quetzaly,5,CA,5679,0.001
F,2022,Quinn,287,CA,244,0.079
F,2022,Quetzalli,22,CA,2207,0.006
F,2022,Quincy,20,CA,2361,0.006
F,2022,Queen,17,CA,2651,0.005
F,2022,Quetzaly,12,CA,3309,0.003
F,2022,Quetzali,5,CA,5761,0.001
F,2023,Quinn,245,CA,278,0.071
F,2023,Quincy,21,CA,2227,0.006
F,2023,Quetzaly,15,CA,2779,0.004
F,2023,Quetzalli,14,CA,2908,0.004
F,2023,Quetzali,12,CA,3222,0.003
F,2023,Queen,9,CA,3886,0.003
F,2023,Queenie,8,CA,4216,0.002
F,2024,Quinn,218,CA,314,0.063
F,2024,Quincy,30,CA,1767,0.009
F,2024,Quetzalli,22,CA,2157,0.006
F,2024,Quetzali,15,CA,2770,0.004
F,2024,Quetzaly,15,CA,2770,0.004
F,2024,Queen,6,CA,5020,0.002
F,2024,Quinley,5,CA,5619,0.001
F,2024,Quynh,5,CA,5619,0.001
M,1924,Quentin,5,CA,1142,0.007
M,1943,Quentin,5,CA,1537,0.003
M,1944,Quentin,7,CA,1264,0.004
M,1945,Quentin,5,CA,1577,0.003
M,1946,Quentin,5,CA,1717,0.002
M,1947,Quentin,7,CA,1544,0.003
M,1948,Quentin,8,CA,1420,0.003
M,1950,Quentin,5,CA,1870,0.002
M,1951,Quentin,7,CA,1594,0.003
M,1952,Quentin,6,CA,1822,0.002
M,1953,Quentin,5,CA,2091,0.002
M,1954,Quentin,6,CA,1939,0.002
M,1955,Quentin,5,CA,2197,0.002
M,1956,Quinn,7,CA,1897,0.002
M,1956,Quintin,6,CA,2066,0.002
M,1957,Quinn,7,CA,1971,0.002
M,1957,Quentin,6,CA,2152,0.002
M,1957,Quintin,5,CA,2369,0.001
M,1958,Quintin,9,CA,1754,0.003
M,1958,Quentin,7,CA,2007,0.002
M,1958,Quincy,6,CA,2189,0.002
M,1958,Quinn,6,CA,2189,0.002
M,1959,Quentin,9,CA,1801,0.003
M,1960,Quentin,8,CA,2002,0.002
M,1961,Quentin,12,CA,1631,0.003
M,1961,Quintin,7,CA,2203,0.002
M,1961,Quincy,6,CA,2395,0.002
M,1961,Quinn,5,CA,2652,0.001
M,1962,Quintin,8,CA,2035,0.002
M,1962,Quentin,6,CA,2351,0.002
M,1962,Quinn,5,CA,2606,0.001
M,1963,Quintin,16,CA,1460,0.004
M,1963,Quinn,10,CA,1834,0.003
M,1963,Quentin,8,CA,2075,0.002
M,1963,Quincy,5,CA,2668,0.001
M,1964,Quinn,16,CA,1450,0.005
M,1964,Quentin,14,CA,1554,0.004
M,1964,Quintin,13,CA,1608,0.004
M,1964,Quint,9,CA,1966,0.003
M,1964,Quinton,5,CA,2714,0.001
M,1965,Quinn,14,CA,1522,0.004
M,1965,Quinton,8,CA,2060,0.002
M,1965,Quintin,7,CA,2220,0.002
M,1965,Quentin,6,CA,2418,0.002
M,1965,Quincy,6,CA,2418,0.002
M,1966,Quinn,12,CA,1614,0.004
M,1966,Quintin,11,CA,1696,0.003
M,1966,Quentin,10,CA,1794,0.003
M,1966,Quinton,5,CA,2634,0.002
M,1967,Quinn,12,CA,1657,0.004
M,1967,Quentin,11,CA,1756,0.003
M,1967,Quintin,8,CA,2079,0.003
M,1967,Quincy,5,CA,2721,0.002
M,1968,Quinn,17,CA,1416,0.005
M,1968,Quentin,9,CA,2036,0.003
M,1968,Quincy,9,CA,2036,0.003
M,1968,Quinton,6,CA,2549,0.002
M,1968,Quintin,5,CA,2821,0.002
M,1969,Quentin,21,CA,1320,0.006
M,1969,Quinn,15,CA,1596,0.004
M,1970,Quentin,24,CA,1262,0.007
M,1970,Quinn,24,CA,1262,0.007
M,1970,Quinton,15,CA,1623,0.004
M,1970,Quincy,11,CA,1981,0.003
M,1970,Quintin,9,CA,2229,0.003
M,1971,Quincy,28,CA,1140,0.009
M,1971,Quentin,23,CA,1261,0.007
M,1971,Quinn,21,CA,1318,0.007
M,1972,Quincy,35,CA,975,0.012
M,1972,Quinn,15,CA,1567,0.005
M,1972,Quentin,10,CA,1972,0.003
M,1973,Quentin,18,CA,1382,0.007
M,1973,Quincy,18,CA,1382,0.007
M,1973,Quinton,8,CA,2272,0.003
M,1973,Quinn,6,CA,2639,0.002
M,1974,Quincy,30,CA,1065,0.01
M,1974,Quinn,20,CA,1342,0.007
M,1974,Quentin,11,CA,1920,0.004
M,1974,Quinten,5,CA,3044,0.002
M,1974,Quinton,5,CA,3044,0.002
M,1975,Quincy,29,CA,1112,0.01
M,1975,Quentin,19,CA,1420,0.007
M,1975,Quinn,19,CA,1420,0.007
M,1975,Quinton,7,CA,2574,0.002
M,1976,Quincy,41,CA,928,0.014
M,1976,Quentin,19,CA,1460,0.006
M,1976,Quinn,15,CA,1679,0.005
M,1976,Quinton,9,CA,2276,0.003
M,1976,Quang,5,CA,3260,0.002
M,1976,Quintin,5,CA,3260,0.002
M,1976,Quoc,5,CA,3260,0.002
M,1977,Quincy,52,CA,835,0.017
M,1977,Quentin,28,CA,1188,0.009
M,1977,Quinn,24,CA,1310,0.008
M,1977,Quinton,10,CA,2231,0.003
M,1977,Quintin,7,CA,2735,0.002
M,1977,Quinten,5,CA,3363,0.002
M,1978,Quincy,39,CA,996,0.012
M,1978,Quinn,22,CA,1395,0.007
M,1978,Quentin,19,CA,1529,0.006
M,1978,Quintin,10,CA,2255,0.003
M,1978,Quinten,6,CA,3050,0.002
M,1979,Quincy,38,CA,1032,0.011
M,1979,Quentin,19,CA,1598,0.006
M,1979,Quinn,16,CA,1787,0.005
M,1979,Quinton,13,CA,1996,0.004
M,1979,Quan,6,CA,3214,0.002
M,1979,Quintin,5,CA,3590,0.001
M,1980,Quincy,31,CA,1214,0.008
M,1980,Quinn,21,CA,1549,0.006
M,1980,Quentin,15,CA,1910,0.004
M,1980,Quinton,14,CA,1992,0.004
M,1980,Quang,11,CA,2300,0.003
M,1980,Quoc,9,CA,2593,0.002
M,1980,Quintin,6,CA,3344,0.002
M,1981,Quincy,22,CA,1522,0.006
M,1981,Quentin,18,CA,1700,0.005
M,1981,Quinn,18,CA,1700,0.005
M,1981,Quang,17,CA,1775,0.004
M,1981,Quan,10,CA,2498,0.003
M,1981,Quinton,10,CA,2498,0.003
M,1981,Quintin,9,CA,2651,0.002
M,1981,Quoc,6,CA,3399,0.002
M,1982,Quincy,28,CA,1337,0.007
M,1982,Quinn,26,CA,1389,0.007
M,1982,Quentin,20,CA,1638,0.005
M,1982,Quoc,15,CA,1937,0.004
M,1982,Quang,14,CA,2046,0.004
M,1982,Quintin,12,CA,2285,0.003
M,1982,Quinton,12,CA,2285,0.003
M,1982,Quy,6,CA,3500,0.002
M,1982,Quan,5,CA,3933,0.001
M,1983,Quincy,29,CA,1300,0.007
M,1983,Quentin,22,CA,1549,0.006
M,1983,Quinn,17,CA,1813,0.004
M,1983,Quang,10,CA,2520,0.003
M,1983,Quoc,9,CA,2691,0.002
M,1983,Quinton,7,CA,3134,0.002
M,1984,Quinn,25,CA,1448,0.006
M,1984,Quentin,24,CA,1498,0.006
M,1984,Quincy,21,CA,1625,0.005
M,1984,Quoc,15,CA,1992,0.004
M,1984,Quang,13,CA,2186,0.003
M,1984,Quinton,10,CA,2539,0.002
M,1984,Quintin,7,CA,3245,0.002
M,1985,Quentin,22,CA,1616,0.005
M,1985,Quinn,22,CA,1616,0.005
M,1985,Quinton,19,CA,1757,0.004
M,1985,Quintin,18,CA,1829,0.004
M,1985,Quincy,17,CA,1899,0.004
M,1985,Quoc,10,CA,2695,0.002
M,1985,Quan,8,CA,3071,0.002
M,1985,Quang,8,CA,3071,0.002
M,1986,Quincy,31,CA,1346,0.007
M,1986,Quentin,25,CA,1526,0.006
M,1986,Quinn,21,CA,1720,0.005
M,1986,Quinton,16,CA,2019,0.004
M,1986,Quang,11,CA,2591,0.003
M,1986,Quintin,9,CA,2964,0.002
M,1986,Quan,7,CA,3506,0.002
M,1986,Quinten,6,CA,3851,0.001
M,1986,Quoc,5,CA,4375,0.001
M,1987,Quinn,38,CA,1253,0.008
M,1987,Quentin,23,CA,1689,0.005
M,1987,Quincy,23,CA,1689,0.005
M,1987,Quintin,16,CA,2102,0.004
M,1987,Quang,11,CA,2645,0.002
M,1987,Quinton,9,CA,3034,0.002
M,1987,Quoc,8,CA,3285,0.002
M,1987,Quan,7,CA,3596,0.002
M,1988,Quinn,37,CA,1309,0.008
M,1988,Quentin,32,CA,1434,0.007
M,1988,Quincy,27,CA,1595,0.006
M,1988,Quinton,20,CA,1921,0.004
M,1988,Quintin,14,CA,2413,0.003
M,1988,Quang,11,CA,2837,0.002
M,1988,Quan,10,CA,3021,0.002
M,1989,Quinn,43,CA,1248,0.008
M,1989,Quentin,25,CA,1762,0.005
M,1989,Quinton,25,CA,1762,0.005
M,1989,Quincy,23,CA,1851,0.004
M,1989,Quintin,15,CA,2444,0.003
M,1989,Quoc,8,CA,3664,0.002
M,1989,Quinten,6,CA,4462,0.001
M,1989,Quan,5,CA,5102,0.001
M,1990,Quinn,46,CA,1279,0.008
M,1990,Quincy,41,CA,1376,0.007
M,1990,Quinton,41,CA,1376,0.007
M,1990,Quentin,40,CA,1402,0.007
M,1990,Quintin,31,CA,1657,0.006
M,1990,Quinten,9,CA,3618,0.002
M,1990,Quoc,7,CA,4284,0.001
M,1990,Quan,6,CA,4773,0.001
M,1990,Quincey,6,CA,4773,0.001
M,1991,Quinn,63,CA,1044,0.011
M,1991,Quincy,45,CA,1293,0.008
M,1991,Quinton,34,CA,1567,0.006
M,1991,Quentin,33,CA,1601,0.006
M,1991,Quintin,31,CA,1660,0.006
M,1991,Quan,8,CA,3929,0.001
M,1991,Quang,6,CA,4773,0.001
M,1991,Quinlan,6,CA,4773,0.001
M,1992,Quinn,50,CA,1194,0.009
M,1992,Quentin,43,CA,1323,0.008
M,1992,Quincy,35,CA,1503,0.006
M,1992,Quinton,31,CA,1627,0.006
M,1992,Quintin,17,CA,2386,0.003
M,1992,Quinten,9,CA,3663,0.002
M,1992,Quaid,6,CA,4826,0.001
M,1993,Quinn,63,CA,1033,0.012
M,1993,Quincy,52,CA,1178,0.01
M,1993,Quentin,31,CA,1639,0.006
M,1993,Quinton,26,CA,1802,0.005
M,1993,Quintin,21,CA,2072,0.004
M,1993,Quang,10,CA,3363,0.002
M,1993,Quinten,10,CA,3363,0.002
M,1993,Quran,8,CA,3906,0.002
M,1993,Quan,6,CA,4750,0.001
M,1993,Quoc,6,CA,4750,0.001
M,1993,Quade,5,CA,5394,0.001
M,1994,Quinn,61,CA,1037,0.012
M,1994,Quentin,42,CA,1334,0.008
M,1994,Quincy,37,CA,1431,0.007
M,1994,Quinton,33,CA,1546,0.006
M,1994,Quintin,21,CA,2054,0.004
M,1994,Quinten,11,CA,3128,0.002
M,1994,Quin,7,CA,4252,0.001
M,1994,Quang,6,CA,4720,0.001
M,1995,Quentin,62,CA,1019,0.013
M,1995,Quinn,55,CA,1088,0.011
M,1995,Quinton,49,CA,1175,0.01
M,1995,Quintin,32,CA,1560,0.006
M,1995,Quincy,31,CA,1590,0.006
M,1995,Quinten,13,CA,2736,0.003
M,1995,Quang,9,CA,3519,0.002
M,1995,Quan,5,CA,5230,0.001
M,1995,Quenton,5,CA,5230,0.001
M,1996,Quinn,95,CA,770,0.02
M,1996,Quentin,80,CA,869,0.017
M,1996,Quinton,53,CA,1112,0.011
M,1996,Quincy,47,CA,1196,0.01
M,1996,Quintin,34,CA,1496,0.007
M,1996,Quinten,26,CA,1757,0.005
M,1996,Quinlan,10,CA,3266,0.002
M,1996,Quin,7,CA,4093,0.001
M,1996,Quang,6,CA,4540,0.001
M,1996,Quest,6,CA,4540,0.001
M,1996,Quan,5,CA,5186,0.001
M,1997,Quinn,118,CA,658,0.025
M,1997,Quentin,92,CA,772,0.02
M,1997,Quincy,44,CA,1259,0.009
M,1997,Quinton,41,CA,1311,0.009
M,1997,Quintin,38,CA,1370,0.008
M,1997,Quinten,17,CA,2306,0.004
M,1997,Quinlan,10,CA,3236,0.002
M,1997,Quan,5,CA,5104,0.001
M,1997,Quenton,5,CA,5104,0.001
M,1998,Quinn,85,CA,815,0.018
M,1998,Quentin,84,CA,828,0.018
M,1998,Quinton,43,CA,1285,0.009
M,1998,Quincy,38,CA,1383,0.008
M,1998,Quintin,34,CA,1481,0.007
M,1998,Quinten,22,CA,1941,0.005
M,1998,Quang,6,CA,4560,0.001
M,1998,Quinlan,5,CA,5145,0.001
M,1999,Quinn,118,CA,653,0.026
M,1999,Quentin,71,CA,912,0.015
M,1999,Quincy,45,CA,1228,0.01
M,1999,Quinton,36,CA,1448,0.008
M,1999,Quintin,29,CA,1671,0.006
M,1999,Quinten,15,CA,2501,0.003
M,1999,Quinlan,12,CA,2896,0.003
M,1999,Quan,7,CA,4132,0.002
M,1999,Quaid,5,CA,5264,0.001
M,2000,Quinn,101,CA,756,0.021
M,2000,Quentin,62,CA,1020,0.013
M,2000,Quinton,40,CA,1379,0.008
M,2000,Quincy,30,CA,1657,0.006
M,2000,Quintin,29,CA,1697,0.006
M,2000,Quinten,16,CA,2479,0.003
M,2000,Quinlan,13,CA,2804,0.003
M,2000,Quin,8,CA,3902,0.002
M,2000,Quan,7,CA,4305,0.001
M,2000,Quran,5,CA,5396,0.001
M,2001,Quinn,91,CA,811,0.019
M,2001,Quincy,53,CA,1142,0.011
M,2001,Quentin,51,CA,1168,0.011
M,2001,Quintin,36,CA,1501,0.008
M,2001,Quinton,33,CA,1580,0.007
M,2001,Quinten,16,CA,2517,0.003
M,2001,Quinlan,10,CA,3453,0.002
M,2001,Quan,9,CA,3691,0.002
M,2001,Quin,6,CA,4797,0.001
M,2002,Quinn,97,CA,787,0.021
M,2002,Quentin,65,CA,1003,0.014
M,2002,Quincy,50,CA,1190,0.011
M,2002,Quinton,32,CA,1630,0.007
M,2002,Quintin,18,CA,2373,0.004
M,2002,Quinten,17,CA,2463,0.004
M,2002,Quan,6,CA,4843,0.001
M,2002,Quinlan,6,CA,4843,0.001
M,2003,Quinn,118,CA,689,0.025
M,2003,Quentin,53,CA,1186,0.011
M,2003,Quincy,52,CA,1201,0.011
M,2003,Quinton,25,CA,1975,0.005
M,2003,Quinten,21,CA,2197,0.004
M,2003,Quintin,20,CA,2266,0.004
M,2003,Quinlan,6,CA,4999,0.001
M,2003,Qasim,5,CA,5613,0.001
M,2004,Quinn,109,CA,741,0.023
M,2004,Quentin,81,CA,901,0.017
M,2004,Quincy,53,CA,1209,0.011
M,2004,Quintin,29,CA,1813,0.006
M,2004,Quinton,28,CA,1857,0.006
M,2004,Quinlan,15,CA,2774,0.003
M,2004,Quinten,8,CA,4191,0.002
M,2004,Quang,5,CA,5784,0.001
M,2005,Quinn,114,CA,722,0.024
M,2005,Quentin,69,CA,1033,0.014
M,2005,Quincy,49,CA,1300,0.01
M,2005,Quinton,29,CA,1837,0.006
M,2005,Quintin,27,CA,1932,0.006
M,2005,Quinten,21,CA,2272,0.004
M,2005,Quinlan,9,CA,3962,0.002
M,2005,Quran,5,CA,5941,0.001
M,2006,Quinn,141,CA,616,0.028
M,2006,Quentin,63,CA,1133,0.013
M,2006,Quincy,53,CA,1252,0.011
M,2006,Quinton,28,CA,1937,0.006
M,2006,Quintin,20,CA,2426,0.004
M,2006,Quinlan,14,CA,3072,0.003
M,2006,Quinten,14,CA,3072,0.003
M,2006,Quincey,7,CA,4836,0.001
M,2006,Quin,6,CA,5369,0.001
M,2006,Quang,5,CA,6076,0.001
M,2007,Quinn,122,CA,701,0.025
M,2007,Quentin,58,CA,1222,0.012
M,2007,Quincy,42,CA,1520,0.008
M,2007,Quinton,32,CA,1820,0.006
M,2007,Quintin,26,CA,2089,0.005
M,2007,Quinlan,10,CA,3902,0.002
M,2007,Quinten,9,CA,4183,0.002
M,2007,Quan,6,CA,5491,0.001
M,2007,Quin,5,CA,6229,0.001
M,2008,Quinn,112,CA,738,0.023
M,2008,Quentin,75,CA,1006,0.016
M,2008,Quincy,40,CA,1579,0.008
M,2008,Quintin,33,CA,1805,0.007
M,2008,Quinton,29,CA,1949,0.006
M,2008,Quinten,19,CA,2556,0.004
M,2008,Quinlan,7,CA,4919,0.001
M,2009,Quinn,123,CA,653,0.027
M,2009,Quentin,63,CA,1108,0.014
M,2009,Quincy,51,CA,1318,0.011
M,2009,Quinton,22,CA,2315,0.005
M,2009,Quinten,16,CA,2833,0.003
M,2009,Quintin,16,CA,2833,0.003
M,2009,Quaid,5,CA,6149,0.001
M,2009,Quest,5,CA,6149,0.001
M,2009,Quin,5,CA,6149,0.001
M,2009,Quincey,5,CA,6149,0.001
M,2009,Quinlan,5,CA,6149,0.001
M,2009,Quran,5,CA,6149,0.001
M,2010,Quinn,115,CA,697,0.026
M,2010,Quentin,58,CA,1167,0.013
M,2010,Quincy,41,CA,1510,0.009
M,2010,Quinton,32,CA,1796,0.007
M,2010,Quintin,17,CA,2685,0.004
M,2010,Quinten,15,CA,2917,0.003
M,2010,Quinlan,9,CA,4110,0.002
M,2010,Quest,7,CA,4860,0.002
M,2011,Quinn,102,CA,751,0.023
M,2011,Quentin,55,CA,1197,0.013
M,2011,Quincy,28,CA,1926,0.006
M,2011,Quintin,21,CA,2324,0.005
M,2011,Quinton,20,CA,2401,0.005
M,2011,Quinten,15,CA,2904,0.003
M,2011,Quinlan,8,CA,4396,0.002
M,2011,Qasim,5,CA,5974,0.001
M,2012,Quinn,91,CA,833,0.021
M,2012,Quentin,55,CA,1211,0.013
M,2012,Quincy,37,CA,1618,0.008
M,2012,Quinton,27,CA,1985,0.006
M,2012,Quintin,17,CA,2694,0.004
M,2012,Quintus,11,CA,3558,0.003
M,2012,Quinten,8,CA,4396,0.002
M,2012,Quan,6,CA,5342,0.001
M,2013,Quinn,85,CA,884,0.02
M,2013,Quentin,81,CA,916,0.019
M,2013,Quincy,31,CA,1813,0.007
M,2013,Quintin,24,CA,2144,0.006
M,2013,Quinton,20,CA,2402,0.005
M,2013,Quinten,11,CA,3493,0.003
M,2013,Quenton,5,CA,5917,0.001
M,2013,Quintus,5,CA,5917,0.001
M,2014,Quentin,84,CA,903,0.019
M,2014,Quinn,84,CA,903,0.019
M,2014,Quincy,48,CA,1381,0.011
M,2014,Quinton,27,CA,2031,0.006
M,2014,Quintin,18,CA,2603,0.004
M,2014,Quest,9,CA,4072,0.002
M,2014,Quinten,7,CA,4838,0.002
M,2014,Quintus,7,CA,4838,0.002
M,2015,Quinn,78,CA,930,0.018
M,2015,Quentin,60,CA,1160,0.014
M,2015,Quincy,41,CA,1535,0.01
M,2015,Quinton,40,CA,1559,0.009
M,2015,Quintin,19,CA,2516,0.004
M,2015,Quinlan,7,CA,4761,0.002
M,2015,Quinten,7,CA,4761,0.002
M,2015,Qasim,6,CA,5278,0.001
M,2015,Quin,5,CA,5947,0.001
M,2015,Quran,5,CA,5947,0.001
M,2016,Quinn,92,CA,851,0.022
M,2016,Quentin,82,CA,929,0.019
M,2016,Quincy,41,CA,1545,0.01
M,2016,Quinton,26,CA,2053,0.006
M,2016,Quinten,16,CA,2805,0.004
M,2016,Quintin,15,CA,2930,0.004
M,2016,Quintus,10,CA,3782,0.002
M,2016,Qasim,5,CA,5882,0.001
M,2016,Quest,5,CA,5882,0.001
M,2017,Quinn,85,CA,885,0.021
M,2017,Quentin,55,CA,1228,0.013
M,2017,Quincy,34,CA,1694,0.008
M,2017,Quinton,31,CA,1801,0.008
M,2017,Quintin,15,CA,2908,0.004
M,2017,Quinten,11,CA,3517,0.003
M,2017,Qasim,7,CA,4682,0.002
M,2017,Quest,7,CA,4682,0.002
M,2017,Quintus,7,CA,4682,0.002
M,2018,Quinn,83,CA,883,0.021
M,2018,Quentin,54,CA,1211,0.014
M,2018,Quincy,38,CA,1527,0.01
M,2018,Quinton,30,CA,1808,0.008
M,2018,Quintin,14,CA,2985,0.004
M,2018,Quest,13,CA,3136,0.003
M,2018,Quinten,13,CA,3136,0.003
M,2018,Qasim,9,CA,4006,0.002
M,2018,Quintus,9,CA,4006,0.002
M,2018,Quan,6,CA,5132,0.002
M,2019,Quinn,74,CA,957,0.019
M,2019,Quentin,39,CA,1499,0.01
M,2019,Quincy,38,CA,1536,0.01
M,2019,Quinton,23,CA,2134,0.006
M,2019,Quintin,19,CA,2434,0.005
M,2019,Quintus,10,CA,3715,0.003
M,2019,Qasim,6,CA,5059,0.002
M,2019,Quest,6,CA,5059,0.002
M,2019,Quill,6,CA,5059,0.002
M,2019,Quinten,6,CA,5059,0.002
M,2019,Quinlan,5,CA,5700,0.001
M,2020,Quinn,80,CA,869,0.022
M,2020,Quentin,56,CA,1144,0.015
M,2020,Quincy,52,CA,1210,0.014
M,2020,Quinton,27,CA,1859,0.007
M,2020,Quintin,21,CA,2238,0.006
M,2020,Quest,15,CA,2785,0.004
M,2020,Quinten,13,CA,3080,0.004
M,2020,Quintus,6,CA,4960,0.002
M,2020,Quinlan,5,CA,5625,0.001
M,2021,Quinn,95,CA,751,0.026
M,2021,Quentin,58,CA,1133,0.016
M,2021,Quincy,55,CA,1169,0.015
M,2021,Quinton,20,CA,2341,0.005
M,2021,Quinten,10,CA,3624,0.003
M,2021,Quintin,9,CA,3896,0.002
M,2021,Quintus,6,CA,5051,0.002
M,2021,Qais,5,CA,5679,0.001
M,2021,Qasim,5,CA,5679,0.001
M,2021,Quest,5,CA,5679,0.001
M,2021,Quill,5,CA,5679,0.001
M,2021,Quinlan,5,CA,5679,0.001
M,2022,Quinn,73,CA,955,0.02
M,2022,Quentin,51,CA,1255,0.014
M,2022,Quincy,47,CA,1334,0.013
M,2022,Quinton,18,CA,2559,0.005
M,2022,Quest,9,CA,3947,0.002
M,2022,Quinten,8,CA,4258,0.002
M,2022,Quintin,6,CA,5098,0.002
M,2022,Qais,5,CA,5761,0.001
M,2022,Qasim,5,CA,5761,0.001
M,2022,Quadir,5,CA,5761,0.001
M,2023,Quinn,56,CA,1116,0.016
M,2023,Quincy,46,CA,1324,0.013
M,2023,Quentin,36,CA,1557,0.01
M,2023,Quinton,19,CA,2378,0.006
M,2023,Quest,14,CA,2908,0.004
M,2023,Quinten,13,CA,3069,0.004
M,2023,Quintin,7,CA,4581,0.002
M,2023,Qasim,5,CA,5617,0.001
M,2024,Quinn,48,CA,1258,0.014
M,2024,Quincy,38,CA,1494,0.011
M,2024,Quentin,37,CA,1530,0.011
M,2024,Quinton,17,CA,2537,0.005
M,2024,Quintin,9,CA,3899,0.003
M,2024,Quest,8,CA,4207,0.002
M,2024,Qais,5,CA,5619,0.001
M,2024,Quinten,5,CA,5619,0.001
F,1982,Quinn,6,NE,489,0.026
F,2000,Quinn,5,NE,670,0.027
F,2002,Quinn,7,NE,566,0.038
F,2004,Quinn,6,NE,659,0.032
F,2006,Quinn,8,NE,550,0.042
F,2008,Quinn,8,NE,590,0.043
F,2009,Quinn,9,NE,536,0.048
F,2010,Quinn,17,NE,288,0.096
F,2011,Quinn,21,NE,226,0.119
F,2012,Quinn,44,NE,92,0.25
F,2013,Quinn,31,NE,147,0.174
F,2014,Quinn,38,NE,114,0.207
F,2015,Quinn,43,NE,97,0.237
F,2016,Quinn,43,NE,85,0.238
F,2017,Quinn,37,NE,114,0.21
F,2018,Quinn,48,NE,61,0.284
F,2019,Quinn,31,NE,128,0.188
F,2020,Quinn,28,NE,148,0.176
F,2021,Quinn,26,NE,167,0.161
F,2022,Quinn,27,NE,151,0.171
F,2023,Quinn,35,NE,89,0.226
F,2024,Quinn,35,NE,96,0.219
F,2024,Quincy,5,NE,851,0.031
M,1918,Quentin,7,NE,484,0.029
M,1919,Quentin,12,NE,337,0.054
M,1920,Quentin,9,NE,422,0.037
M,1923,Quentin,5,NE,548,0.021
M,1928,Quentin,6,NE,477,0.026
M,1966,Quentin,6,NE,501,0.027
M,1972,Quentin,5,NE,535,0.025
M,1973,Quentin,7,NE,413,0.036
M,1975,Quentin,7,NE,424,0.035
M,1979,Quinn,6,NE,480,0.027
M,1979,Quentin,5,NE,548,0.022
M,1982,Quentin,5,NE,545,0.022
M,1983,Quentin,5,NE,542,0.022
M,1985,Quentin,6,NE,481,0.028
M,1986,Quentin,5,NE,515,0.024
M,1987,Quentin,5,NE,521,0.025
M,1990,Quentin,5,NE,542,0.025
M,1990,Quinn,5,NE,542,0.025
M,1991,Quentin,7,NE,428,0.036
M,1992,Quentin,8,NE,394,0.043
M,1993,Quinn,10,NE,334,0.054
M,1994,Quentin,10,NE,332,0.055
M,1994,Quinton,8,NE,411,0.044
M,1994,Quinn,6,NE,498,0.033
M,1995,Quentin,9,NE,387,0.049
M,1995,Quinton,8,NE,417,0.044
M,1995,Quinn,7,NE,460,0.038
M,1996,Quentin,11,NE,336,0.061
M,1996,Quinton,6,NE,532,0.033
M,1997,Quinn,6,NE,550,0.033
M,1997,Quentin,5,NE,627,0.028
M,1998,Quinton,8,NE,461,0.044
M,1998,Quinn,5,NE,635,0.028
M,1999,Quentin,7,NE,532,0.039
M,1999,Quinn,6,NE,586,0.033
M,1999,Quinton,6,NE,586,0.033
M,2000,Quentin,10,NE,427,0.054
M,2000,Quinn,9,NE,459,0.049
M,2000,Quinton,5,NE,670,0.027
M,2001,Quentin,10,NE,426,0.055
M,2001,Quinton,7,NE,546,0.038
M,2001,Quinn,6,NE,601,0.033
M,2002,Quinn,6,NE,636,0.032
M,2002,Quinton,5,NE,722,0.027
M,2003,Quinn,8,NE,503,0.042
M,2003,Quinton,8,NE,503,0.042
M,2003,Quintin,7,NE,557,0.037
M,2003,Quentin,6,NE,637,0.032
M,2003,Quinten,5,NE,717,0.027
M,2004,Quentin,10,NE,443,0.053
M,2004,Quinn,10,NE,443,0.053
M,2004,Quinton,7,NE,585,0.037
M,2004,Quinten,5,NE,734,0.026
M,2005,Quentin,17,NE,301,0.091
M,2005,Quinn,10,NE,456,0.054
M,2005,Quincy,7,NE,581,0.038
M,2005,Quinton,7,NE,581,0.038
M,2005,Quintin,6,NE,657,0.032
M,2005,Quinten,5,NE,753,0.027
M,2006,Quinn,11,NE,430,0.058
M,2006,Quentin,9,NE,491,0.047
M,2006,Quinten,6,NE,688,0.032
M,2006,Quintin,6,NE,688,0.032
M,2007,Quinn,11,NE,438,0.058
M,2007,Quentin,8,NE,555,0.042
M,2007,Quincy,7,NE,620,0.037
M,2007,Quintin,5,NE,816,0.026
M,2007,Quinton,5,NE,816,0.026
M,2008,Quinn,11,NE,442,0.059
M,2008,Quinton,8,NE,590,0.043
M,2008,Quinten,7,NE,648,0.038
M,2008,Quentin,5,NE,815,0.027
M,2009,Quentin,14,NE,364,0.075
M,2009,Quinn,9,NE,536,0.048
M,2009,Quinton,6,NE,733,0.032
M,2010,Quentin,10,NE,477,0.056
M,2010,Quincy,8,NE,560,0.045
M,2010,Quinton,5,NE,807,0.028
M,2011,Quinn,10,NE,473,0.057
M,2011,Quentin,7,NE,624,0.04
M,2011,Quincy,7,NE,624,0.04
M,2011,Quinten,7,NE,624,0.04
M,2011,Quinton,6,NE,702,0.034
M,2012,Quinn,9,NE,529,0.051
M,2012,Quintin,6,NE,713,0.034
M,2012,Quinton,6,NE,713,0.034
M,2012,Quentin,5,NE,825,0.028
M,2013,Quentin,9,NE,523,0.05
M,2013,Quinton,7,NE,649,0.039
M,2014,Quentin,8,NE,595,0.044
M,2014,Quinn,8,NE,595,0.044
M,2014,Quincy,5,NE,864,0.027
M,2015,Quentin,8,NE,592,0.044
M,2015,Quincy,5,NE,842,0.028
M,2015,Quinn,5,NE,842,0.028
M,2015,Quinton,5,NE,842,0.028
M,2016,Quincy,8,NE,591,0.044
M,2016,Quinton,8,NE,591,0.044
M,2016,Quentin,7,NE,664,0.039
M,2016,Quinn,7,NE,664,0.039
M,2017,Quincy,5,NE,875,0.028
M,2017,Quinn,5,NE,875,0.028
M,2018,Quinn,7,NE,652,0.041
M,2018,Quentin,5,NE,850,0.03
M,2019,Quinn,13,NE,371,0.079
M,2019,Quentin,6,NE,748,0.036
M,2021,Quinn,8,NE,584,0.05
M,2021,Quentin,6,NE,732,0.037
M,2021,Quade,5,NE,842,0.031
M,2021,Quinton,5,NE,842,0.031
M,2022,Quincy,8,NE,576,0.051
M,2023,Quentin,5,NE,840,0.032
M,2024,Quentin,5,NE,851,0.031
M,2024,Quinn,5,NE,851,0.031
F,1981,Quiana,9,MA,717,0.013
F,1982,Quinn,6,MA,895,0.009
F,1983,Quiana,6,MA,923,0.009
F,1994,Quiana,7,MA,994,0.01
F,1994,Quianna,6,MA,1100,0.008
F,1995,Quinn,5,MA,1246,0.007
F,1996,Quinn,5,MA,1208,0.007
F,1998,Quinn,10,MA,824,0.015
F,1999,Quinn,9,MA,889,0.013
F,2000,Quinn,9,MA,920,0.013
F,2001,Quinn,10,MA,873,0.015
F,2002,Quinn,10,MA,870,0.015
F,2003,Quinn,9,MA,970,0.014
F,2004,Quinn,15,MA,650,0.024
F,2005,Quinn,11,MA,822,0.018
F,2006,Quinn,18,MA,577,0.029
F,2007,Quinn,22,MA,507,0.036
F,2008,Quinn,19,MA,586,0.032
F,2009,Quinn,18,MA,619,0.031
F,2010,Quinn,41,MA,300,0.074
F,2011,Quinn,51,MA,250,0.092
F,2012,Quinn,66,MA,196,0.12
F,2013,Quinn,66,MA,192,0.121
F,2014,Quinn,78,MA,175,0.141
F,2015,Quinn,96,MA,134,0.175
F,2016,Quinn,102,MA,126,0.186
F,2017,Quinn,103,MA,119,0.191
F,2017,Quincy,6,MA,1369,0.011
F,2018,Quinn,99,MA,124,0.187
F,2019,Quinn,99,MA,117,0.187
F,2020,Quinn,105,MA,101,0.207
F,2021,Quinn,109,MA,102,0.204
F,2022,Quinn,108,MA,103,0.207
F,2023,Quinn,90,MA,125,0.178
F,2024,Quinn,94,MA,116,0.184
M,1918,Quentin,10,MA,524,0.014
M,1919,Quentin,6,MA,652,0.009
M,1921,Quentin,5,MA,734,0.007
M,1923,Quentin,5,MA,734,0.007
M,1950,Quentin,5,MA,724,0.005
M,1964,Quint,5,MA,914,0.005
M,1970,Quentin,6,MA,926,0.007
M,1971,Quentin,5,MA,1000,0.006
M,1972,Quincy,5,MA,949,0.007
M,1983,Quentin,5,MA,1013,0.007
M,1986,Quang,5,MA,1070,0.007
M,1988,Quentin,7,MA,965,0.009
M,1988,Quinn,7,MA,965,0.009
M,1989,Quentin,6,MA,1092,0.007
M,1990,Quinn,6,MA,1134,0.007
M,1990,Quintin,5,MA,1240,0.006
M,1991,Quinn,8,MA,929,0.01
M,1991,Quentin,5,MA,1210,0.006
M,1992,Quinn,16,MA,604,0.021
M,1993,Quincy,8,MA,910,0.011
M,1993,Quentin,7,MA,979,0.009
M,1993,Quinn,7,MA,979,0.009
M,1994,Quentin,7,MA,994,0.01
M,1994,Quinn,6,MA,1100,0.008
M,1995,Quinn,25,MA,426,0.035
M,1995,Quentin,8,MA,914,0.011
M,1995,Quintin,5,MA,1246,0.007
M,1996,Quinn,36,MA,325,0.052
M,1996,Quentin,10,MA,793,0.014
M,1996,Quintin,6,MA,1095,0.009
M,1996,Quinton,6,MA,1095,0.009
M,1996,Quincy,5,MA,1208,0.007
M,1997,Quinn,28,MA,399,0.041
M,1997,Quintin,11,MA,738,0.016
M,1997,Quinton,8,MA,892,0.012
M,1997,Quentin,7,MA,974,0.01
M,1998,Quinn,17,MA,566,0.025
M,1998,Quentin,12,MA,726,0.017
M,1998,Quinton,7,MA,1034,0.01
M,1998,Quincy,5,MA,1300,0.007
M,1999,Quinn,36,MA,331,0.053
M,1999,Quentin,9,MA,889,0.013
M,1999,Quintin,7,MA,1045,0.01
M,1999,Quinton,7,MA,1045,0.01
M,2000,Quinn,35,MA,347,0.052
M,2000,Quentin,15,MA,643,0.022
M,2000,Quinton,10,MA,858,0.015
M,2000,Quinlan,7,MA,1068,0.01
M,2001,Quinn,30,MA,392,0.045
M,2001,Quincy,10,MA,873,0.015
M,2001,Quentin,7,MA,1102,0.01
M,2001,Quintin,6,MA,1229,0.009
M,2001,Quinlan,5,MA,1393,0.007
M,2002,Quinn,40,MA,315,0.06
M,2002,Quincy,10,MA,870,0.015
M,2002,Quintin,6,MA,1214,0.009
M,2003,Quinn,48,MA,273,0.074
M,2003,Quentin,10,MA,886,0.015
M,2003,Quintin,9,MA,970,0.014
M,2003,Quinlan,6,MA,1234,0.009
M,2003,Quinten,5,MA,1412,0.008
M,2004,Quinn,47,MA,270,0.074
M,2004,Quentin,9,MA,940,0.014
M,2004,Quincy,9,MA,940,0.014
M,2004,Quintin,8,MA,1022,0.013
M,2004,Quinton,5,MA,1415,0.008
M,2005,Quinn,55,MA,241,0.09
M,2005,Quincy,7,MA,1114,0.011
M,2005,Quentin,6,MA,1245,0.01
M,2005,Quinlan,6,MA,1245,0.01
M,2005,Quintin,6,MA,1245,0.01
M,2005,Quinton,6,MA,1245,0.01
M,2006,Quinn,47,MA,268,0.077
M,2006,Quentin,10,MA,926,0.016
M,2006,Quincy,8,MA,1064,0.013
M,2006,Quinlan,7,MA,1183,0.011
M,2006,Quintin,6,MA,1330,0.01
M,2007,Quinn,64,MA,210,0.106
M,2007,Quentin,14,MA,699,0.023
M,2007,Quincy,8,MA,1096,0.013
M,2007,Quinlan,8,MA,1096,0.013
M,2007,Quintin,7,MA,1200,0.012
M,2007,Quinton,6,MA,1331,0.01
M,2008,Quinn,57,MA,229,0.096
M,2008,Quentin,21,MA,543,0.035
M,2008,Quincy,7,MA,1195,0.012
M,2009,Quinn,61,MA,207,0.106
M,2009,Quentin,17,MA,648,0.03
M,2009,Quincy,12,MA,823,0.021
M,2009,Quinton,6,MA,1327,0.01
M,2010,Quinn,62,MA,193,0.112
M,2010,Quentin,18,MA,592,0.032
M,2010,Quincy,17,MA,616,0.031
M,2011,Quinn,50,MA,258,0.09
M,2011,Quentin,12,MA,791,0.022
M,2011,Quinlan,9,MA,988,0.016
M,2011,Quinton,9,MA,988,0.016
M,2012,Quinn,43,MA,299,0.078
M,2012,Quentin,10,MA,916,0.018
M,2012,Quinton,8,MA,1093,0.015
M,2012,Quintin,6,MA,1349,0.011
M,2012,Quinlan,5,MA,1548,0.009
M,2013,Quinn,32,MA,382,0.058
M,2013,Quentin,12,MA,800,0.022
M,2013,Quintin,7,MA,1195,0.013
M,2013,Quincy,6,MA,1353,0.011
M,2013,Quinton,6,MA,1353,0.011
M,2014,Quinn,37,MA,337,0.067
M,2014,Quentin,13,MA,769,0.024
M,2014,Quinton,11,MA,862,0.02
M,2014,Quincy,9,MA,1012,0.016
M,2014,Quintin,6,MA,1357,0.011
M,2014,Quinlan,5,MA,1524,0.009
M,2015,Quinn,40,MA,316,0.073
M,2015,Quincy,11,MA,879,0.02
M,2015,Quentin,7,MA,1229,0.013
M,2015,Quinten,6,MA,1364,0.011
M,2015,Quinlan,5,MA,1543,0.009
M,2016,Quinn,35,MA,354,0.064
M,2016,Quentin,12,MA,828,0.022
M,2016,Quincy,11,MA,888,0.02
M,2016,Quinton,7,MA,1254,0.013
M,2016,Quinten,6,MA,1388,0.011
M,2016,Quinlan,5,MA,1566,0.009
M,2016,Quintin,5,MA,1566,0.009
M,2017,Quinn,32,MA,387,0.059
M,2017,Quinton,10,MA,963,0.019
M,2017,Quincy,8,MA,1116,0.015
M,2017,Quentin,7,MA,1230,0.013
M,2018,Quinn,33,MA,360,0.062
M,2018,Quentin,14,MA,738,0.026
M,2018,Quinton,9,MA,1014,0.017
M,2018,Quincy,8,MA,1106,0.015
M,2019,Quinn,30,MA,410,0.057
M,2019,Quentin,14,MA,747,0.027
M,2019,Quincy,13,MA,794,0.025
M,2019,Quinton,6,MA,1399,0.011
M,2019,Quinten,5,MA,1567,0.009
M,2020,Quinn,17,MA,624,0.034
M,2020,Quincy,12,MA,824,0.024
M,2020,Quentin,8,MA,1094,0.016
M,2020,Quinton,5,MA,1554,0.01
M,2021,Quinn,31,MA,393,0.058
M,2021,Quentin,13,MA,804,0.024
M,2021,Quincy,8,MA,1160,0.015
M,2021,Quintin,5,MA,1590,0.009
M,2022,Quinn,30,MA,395,0.058
M,2022,Quentin,8,MA,1145,0.015
M,2022,Quincy,7,MA,1279,0.013
M,2022,Quinton,7,MA,1279,0.013
M,2023,Quinn,30,MA,389,0.059
M,2023,Quincy,11,MA,900,0.022
M,2023,Quentin,6,MA,1409,0.012
M,2024,Quinn,20,MA,574,0.039
M,2024,Quincy,7,MA,1270,0.014
F,1919,Queen,5,OK,874,0.012
F,1923,Queen,6,OK,844,0.013
F,1925,Queen,9,OK,670,0.018
F,1927,Queen,6,OK,800,0.013
F,1929,Queen,5,OK,842,0.011
F,1932,Queen,5,OK,828,0.011
F,2006,Quinn,5,OK,1350,0.013
F,2010,Quinn,9,OK,893,0.024
F,2011,Quinn,18,OK,498,0.049
F,2012,Quinn,21,OK,429,0.057
F,2013,Quinn,27,OK,350,0.071
F,2014,Quinn,22,OK,442,0.059
F,2015,Quinn,39,OK,241,0.104
F,2015,Quincy,5,OK,1461,0.013
F,2016,Quinn,42,OK,211,0.113
F,2017,Quinn,25,OK,362,0.071
F,2018,Quinn,32,OK,278,0.093
F,2019,Quinn,38,OK,224,0.112
F,2020,Quinn,25,OK,334,0.077
F,2020,Quincy,5,OK,1408,0.015
F,2021,Quinn,29,OK,294,0.089
F,2022,Quinn,22,OK,389,0.068
F,2022,Quinlee,5,OK,1420,0.015
F,2023,Quinn,21,OK,404,0.066
F,2023,Quincy,6,OK,1254,0.019
F,2024,Quinn,21,OK,404,0.066
F,2024,Quincy,9,OK,902,0.028
M,1917,Quinton,5,OK,808,0.014
M,1918,Quentin,23,OK,355,0.054
M,1918,Quinton,12,OK,545,0.028
M,1919,Quentin,27,OK,304,0.066
M,1919,Quinton,9,OK,619,0.022
M,1919,Quention,5,OK,874,0.012
M,1920,Quinton,12,OK,561,0.025
M,1920,Quentin,11,OK,599,0.023
M,1922,Quinton,6,OK,839,0.013
M,1924,Quentin,5,OK,916,0.01
M,1925,Quinton,5,OK,899,0.01
M,1928,Quincy,5,OK,859,0.011
M,1929,Quentin,6,OK,763,0.013
M,1943,Quinton,7,OK,668,0.016
M,1952,Quinton,5,OK,787,0.011
M,1957,Quinton,5,OK,841,0.011
M,1963,Quintin,6,OK,791,0.014
M,1963,Quinton,5,OK,878,0.012
M,1964,Quinton,7,OK,700,0.017
M,1965,Quinton,6,OK,736,0.017
M,1969,Quinton,6,OK,733,0.017
M,1969,Quentin,5,OK,815,0.014
M,1971,Quinton,7,OK,714,0.018
M,1972,Quincy,6,OK,762,0.017
M,1972,Quinton,5,OK,831,0.014
M,1974,Quincy,6,OK,761,0.017
M,1975,Quentin,10,OK,530,0.029
M,1975,Quincy,10,OK,530,0.029
M,1975,Quinton,7,OK,679,0.02
M,1976,Quincy,10,OK,535,0.028
M,1976,Quanah,5,OK,839,0.014
M,1976,Quinton,5,OK,839,0.014
M,1977,Quentin,12,OK,485,0.033
M,1977,Quincy,10,OK,556,0.027
M,1977,Quinton,10,OK,556,0.027
M,1978,Quincy,10,OK,549,0.027
M,1978,Quentin,7,OK,701,0.019
M,1979,Quentin,9,OK,620,0.023
M,1979,Quincy,8,OK,663,0.02
M,1979,Quinton,7,OK,731,0.018
M,1980,Quentin,13,OK,494,0.031
M,1980,Quinton,9,OK,641,0.021
M,1980,Quincy,5,OK,931,0.012
M,1981,Quinton,15,OK,445,0.034
M,1982,Quentin,7,OK,816,0.014
M,1982,Quincy,6,OK,902,0.012
M,1982,Quinten,5,OK,1032,0.01
M,1983,Quentin,11,OK,574,0.023
M,1983,Quincy,9,OK,659,0.019
M,1983,Quinton,8,OK,714,0.017
M,1984,Quinton,16,OK,425,0.036
M,1984,Quentin,10,OK,599,0.022
M,1985,Quinton,12,OK,518,0.027
M,1985,Quentin,6,OK,853,0.014
M,1985,Quincy,5,OK,976,0.011
M,1986,Quinton,16,OK,405,0.039
M,1986,Quentin,7,OK,743,0.017
M,1986,Quincy,5,OK,938,0.012
M,1987,Quinton,16,OK,391,0.041
M,1987,Quentin,6,OK,802,0.016
M,1988,Quinton,10,OK,556,0.026
M,1988,Quentin,9,OK,612,0.024
M,1989,Quinton,10,OK,552,0.026
M,1989,Quentin,7,OK,740,0.019
M,1990,Quinton,13,OK,470,0.034
M,1990,Quincy,10,OK,578,0.026
M,1991,Quinton,21,OK,343,0.056
M,1991,Quintin,7,OK,742,0.019
M,1991,Quentin,6,OK,823,0.016
M,1991,Quinn,5,OK,922,0.013
M,1992,Quinton,15,OK,443,0.04
M,1992,Quentin,6,OK,873,0.016
M,1993,Quinton,14,OK,454,0.039
M,1993,Quentin,7,OK,739,0.019
M,1994,Quinton,18,OK,386,0.051
M,1994,Quincy,7,OK,780,0.02
M,1994,Quentin,6,OK,880,0.017
M,1994,Quinn,5,OK,1015,0.014
M,1995,Quinton,18,OK,386,0.051
M,1995,Quentin,8,OK,718,0.023
M,1995,Quinten,7,OK,781,0.02
M,1995,Quincy,5,OK,990,0.014
M,1996,Quinton,24,OK,314,0.069
M,1996,Quentin,9,OK,659,0.026
M,1996,Quintin,7,OK,788,0.02
M,1997,Quinton,21,OK,379,0.057
M,1997,Quentin,13,OK,541,0.035
M,1998,Quinton,28,OK,297,0.075
M,1998,Quentin,10,OK,678,0.027
M,1998,Quinn,5,OK,1097,0.013
M,1999,Quinton,14,OK,531,0.038
M,1999,Quinn,12,OK,597,0.033
M,1999,Quentin,8,OK,822,0.022
M,1999,Quincy,6,OK,992,0.016
M,2000,Quinton,17,OK,455,0.045
M,2000,Quentin,10,OK,702,0.027
M,2000,Quincy,8,OK,825,0.021
M,2000,Quinn,5,OK,1152,0.013
M,2001,Quinton,13,OK,588,0.035
M,2001,Quentin,8,OK,833,0.022
M,2001,Quinn,6,OK,1033,0.016
M,2001,Quinten,5,OK,1176,0.014
M,2001,Quintin,5,OK,1176,0.014
M,2002,Quinton,14,OK,553,0.038
M,2002,Quentin,11,OK,678,0.03
M,2002,Quinten,6,OK,1052,0.016
M,2002,Quincy,5,OK,1205,0.013
M,2003,Quentin,29,OK,312,0.077
M,2003,Quinton,19,OK,447,0.051
M,2003,Quincy,6,OK,1063,0.016
M,2003,Quinn,5,OK,1221,0.013
M,2004,Quentin,15,OK,546,0.04
M,2004,Quinton,12,OK,654,0.032
M,2004,Quincy,10,OK,753,0.027
M,2004,Quinn,8,OK,876,0.021
M,2005,Quentin,9,OK,831,0.024
M,2005,Quinton,9,OK,831,0.024
M,2005,Quincy,7,OK,998,0.019
M,2006,Quinton,15,OK,579,0.038
M,2006,Quincy,11,OK,745,0.028
M,2006,Quentin,8,OK,936,0.02
M,2006,Quintin,5,OK,1350,0.013
M,2007,Quentin,11,OK,757,0.028
M,2007,Quincy,8,OK,993,0.02
M,2007,Quinn,8,OK,993,0.02
M,2007,Quinton,6,OK,1198,0.015
M,2008,Quinton,14,OK,619,0.036
M,2008,Quentin,11,OK,759,0.028
M,2008,Quincy,9,OK,894,0.023
M,2008,Quinn,6,OK,1256,0.015
M,2008,Quintin,5,OK,1431,0.013
M,2009,Quinn,10,OK,838,0.026
M,2009,Quentin,8,OK,1016,0.021
M,2009,Quincy,7,OK,1097,0.018
M,2009,Quinton,5,OK,1413,0.013
M,2010,Quentin,7,OK,1083,0.019
M,2010,Quincy,7,OK,1083,0.019
M,2010,Quinn,7,OK,1083,0.019
M,2010,Quinton,6,OK,1220,0.016
M,2011,Quincy,7,OK,1082,0.019
M,2011,Quentin,5,OK,1392,0.014
M,2012,Quinton,9,OK,909,0.025
M,2012,Quincy,8,OK,984,0.022
M,2012,Quentin,5,OK,1418,0.014
M,2012,Quinn,5,OK,1418,0.014
M,2013,Quinton,13,OK,692,0.034
M,2013,Quentin,11,OK,792,0.029
M,2013,Quincy,5,OK,1424,0.013
M,2014,Quinn,12,OK,738,0.032
M,2014,Quentin,8,OK,1032,0.021
M,2014,Quinton,8,OK,1032,0.021
M,2015,Quinton,11,OK,792,0.029
M,2015,Quentin,7,OK,1142,0.019
M,2015,Quinn,7,OK,1142,0.019
M,2015,Quincy,6,OK,1294,0.016
M,2016,Quinton,10,OK,844,0.027
M,2016,Quentin,8,OK,1027,0.022
M,2016,Quincy,7,OK,1139,0.019
M,2017,Quentin,12,OK,706,0.034
M,2017,Quinton,10,OK,830,0.029
M,2017,Quincy,5,OK,1396,0.014
M,2017,Quinn,5,OK,1396,0.014
M,2018,Quincy,13,OK,666,0.038
M,2018,Quentin,9,OK,911,0.026
M,2018,Quinton,6,OK,1230,0.017
M,2019,Quinn,9,OK,901,0.027
M,2019,Quinton,6,OK,1225,0.018
M,2020,Quinn,9,OK,882,0.028
M,2020,Quinton,8,OK,979,0.025
M,2020,Quincy,5,OK,1408,0.015
M,2021,Quincy,7,OK,1089,0.021
M,2021,Quentin,5,OK,1403,0.015
M,2022,Quinton,9,OK,917,0.028
M,2022,Quincy,8,OK,980,0.025
M,2022,Quentin,7,OK,1079,0.022
M,2022,Quinn,7,OK,1079,0.022
M,2022,Quade,6,OK,1230,0.019
M,2023,Quincy,9,OK,890,0.028
M,2023,Quinton,9,OK,890,0.028
M,2023,Quentin,5,OK,1413,0.016
M,2023,Quinn,5,OK,1413,0.016
M,2024,Quincy,8,OK,982,0.025
M,2024,Quinn,7,OK,1093,0.022
F,1998,Quinn,5,KS,900,0.017
F,1999,Quinn,7,KS,747,0.024
F,1999,Quincy,6,KS,829,0.02
F,2000,Quinn,5,KS,957,0.017
F,2001,Quinn,6,KS,826,0.02
F,2002,Quinn,7,KS,792,0.023
F,2003,Quinn,6,KS,907,0.02
F,2006,Quinn,9,KS,696,0.029
F,2007,Quinn,7,KS,884,0.022
F,2008,Quinn,6,KS,997,0.02
F,2009,Quinn,8,KS,814,0.026
F,2010,Quinn,17,KS,438,0.057
F,2011,Quinn,29,KS,251,0.101
F,2011,Quincy,6,KS,994,0.021
F,2012,Quinn,26,KS,294,0.089
F,2013,Quinn,42,KS,163,0.148
F,2013,Quincy,5,KS,1153,0.018
F,2014,Quinn,34,KS,208,0.118
F,2015,Quinn,47,KS,149,0.163
F,2016,Quinn,59,KS,99,0.209
F,2017,Quinn,36,KS,195,0.133
F,2018,Quinn,48,KS,132,0.181
F,2019,Quinn,33,KS,200,0.127
F,2020,Quinn,32,KS,199,0.127
F,2021,Quinn,38,KS,158,0.15
F,2021,Quincy,5,KS,1147,0.02
F,2022,Quinn,48,KS,106,0.191
F,2022,Quincy,6,KS,1016,0.024
F,2023,Quinn,37,KS,165,0.149
F,2023,Quincy,6,KS,1012,0.024
F,2024,Quinn,37,KS,166,0.148
F,2024,Quincy,8,KS,805,0.032
M,1918,Quentin,18,KS,309,0.059
M,1919,Quentin,22,KS,259,0.075
M,1919,Quinten,5,KS,654,0.017
M,1920,Quentin,10,KS,446,0.031
M,1921,Quentin,8,KS,540,0.024
M,1923,Quentin,10,KS,438,0.03
M,1925,Quentin,6,KS,580,0.019
M,1927,Quentin,5,KS,625,0.017
M,1930,Quentin,5,KS,602,0.017
M,1932,Quentin,6,KS,531,0.022
M,1952,Quentin,6,KS,628,0.014
M,1954,Quentin,7,KS,620,0.015
M,1955,Quentin,6,KS,681,0.013
M,1960,Quentin,5,KS,791,0.011
M,1963,Quentin,8,KS,619,0.02
M,1963,Quintin,5,KS,782,0.013
M,1964,Quentin,5,KS,770,0.014
M,1964,Quint,5,KS,770,0.014
M,1970,Quentin,6,KS,671,0.019
M,1971,Quentin,5,KS,712,0.017
M,1972,Quentin,5,KS,685,0.019
M,1972,Quincy,5,KS,685,0.019
M,1973,Quentin,7,KS,564,0.027
M,1973,Quincy,6,KS,622,0.023
M,1974,Quentin,6,KS,599,0.023
M,1976,Quentin,13,KS,378,0.046
M,1976,Quincy,6,KS,617,0.021
M,1976,Quinton,5,KS,702,0.018
M,1977,Quentin,16,KS,329,0.055
M,1977,Quincy,7,KS,553,0.024
M,1977,Quinton,5,KS,715,0.017
M,1978,Quentin,6,KS,620,0.021
M,1979,Quentin,13,KS,398,0.042
M,1979,Quinton,5,KS,733,0.016
M,1980,Quincy,8,KS,562,0.024
M,1980,Quentin,5,KS,750,0.015
M,1982,Quentin,14,KS,370,0.042
M,1983,Quentin,7,KS,596,0.021
M,1983,Quincy,5,KS,744,0.015
M,1983,Quinton,5,KS,744,0.015
M,1984,Quentin,8,KS,528,0.024
M,1985,Quentin,8,KS,537,0.025
M,1986,Quentin,6,KS,650,0.019
M,1987,Quentin,9,KS,503,0.029
M,1987,Quincy,6,KS,672,0.02
M,1988,Quentin,13,KS,384,0.042
M,1988,Quincy,5,KS,765,0.016
M,1989,Quinton,9,KS,529,0.029
M,1989,Quentin,8,KS,563,0.026
M,1990,Quinton,13,KS,415,0.042
M,1990,Quentin,10,KS,502,0.032
M,1990,Quincy,8,KS,573,0.026
M,1990,Quinn,6,KS,697,0.019
M,1991,Quentin,11,KS,447,0.037
M,1991,Quincy,8,KS,547,0.027
M,1991,Quinton,8,KS,547,0.027
M,1992,Quentin,12,KS,423,0.041
M,1992,Quinton,10,KS,485,0.034
M,1993,Quinton,8,KS,575,0.028
M,1993,Quentin,6,KS,711,0.021
M,1994,Quentin,18,KS,314,0.063
M,1994,Quinton,12,KS,432,0.042
M,1994,Quinn,6,KS,726,0.021
M,1995,Quentin,19,KS,315,0.068
M,1995,Quinton,15,KS,371,0.054
M,1995,Quinn,9,KS,541,0.032
M,1995,Quinten,8,KS,591,0.029
M,1995,Quincy,7,KS,654,0.025
M,1996,Quentin,19,KS,316,0.069
M,1996,Quinton,16,KS,362,0.058
M,1996,Quinn,8,KS,599,0.029
M,1996,Quintin,7,KS,665,0.025
M,1996,Quinten,6,KS,745,0.022
M,1997,Quentin,15,KS,395,0.054
M,1997,Quinton,10,KS,530,0.036
M,1997,Quinn,9,KS,573,0.032
M,1997,Quincy,8,KS,628,0.029
M,1997,Quinten,7,KS,691,0.025
M,1998,Quentin,20,KS,329,0.07
M,1998,Quinton,20,KS,329,0.07
M,1998,Quinn,11,KS,518,0.038
M,1998,Quinten,8,KS,642,0.028
M,1998,Quintin,5,KS,900,0.017
M,1999,Quentin,21,KS,331,0.072
M,1999,Quinn,20,KS,345,0.068
M,1999,Quinton,14,KS,464,0.048
M,1999,Quintin,8,KS,678,0.027
M,2000,Quentin,16,KS,415,0.054
M,2000,Quinton,15,KS,437,0.05
M,2000,Quinn,10,KS,589,0.034
M,2000,Quinten,7,KS,763,0.023
M,2000,Quincy,5,KS,957,0.017
M,2001,Quentin,13,KS,499,0.044
M,2001,Quinton,11,KS,548,0.037
M,2001,Quinn,9,KS,617,0.031
M,2001,Quincy,8,KS,672,0.027
M,2001,Quintin,6,KS,826,0.02
M,2001,Quinten,5,KS,942,0.017
M,2002,Quentin,19,KS,376,0.064
M,2002,Quinton,18,KS,396,0.06
M,2002,Quinn,16,KS,439,0.054
M,2002,Quincy,14,KS,484,0.047
M,2002,Quintin,7,KS,792,0.023
M,2003,Quentin,22,KS,344,0.073
M,2003,Quinn,15,KS,476,0.049
M,2003,Quinton,9,KS,683,0.03
M,2003,Quincy,8,KS,741,0.026
M,2003,Quinten,7,KS,818,0.023
M,2004,Quentin,14,KS,485,0.046
M,2004,Quinton,13,KS,515,0.043
M,2004,Quinn,11,KS,586,0.037
M,2004,Quinten,8,KS,735,0.027
M,2004,Quintin,6,KS,912,0.02
M,2005,Quentin,20,KS,370,0.066
M,2005,Quinton,12,KS,553,0.04
M,2005,Quinn,7,KS,856,0.023
M,2005,Quincy,5,KS,1082,0.017
M,2005,Quinten,5,KS,1082,0.017
M,2005,Quintin,5,KS,1082,0.017
M,2006,Quentin,21,KS,366,0.069
M,2006,Quinn,13,KS,537,0.042
M,2006,Quincy,12,KS,562,0.039
M,2006,Quinton,10,KS,644,0.033
M,2006,Quinten,8,KS,760,0.026
M,2006,Quintin,6,KS,972,0.02
M,2007,Quentin,23,KS,341,0.074
M,2007,Quincy,13,KS,552,0.042
M,2007,Quinn,13,KS,552,0.042
M,2007,Quinton,8,KS,811,0.026
M,2007,Quintin,7,KS,884,0.022
M,2007,Quinten,6,KS,983,0.019
M,2008,Quentin,18,KS,428,0.059
M,2008,Quinton,17,KS,452,0.055
M,2008,Quinn,11,KS,639,0.036
M,2008,Quintin,9,KS,740,0.029
M,2008,Quincy,6,KS,997,0.02
M,2009,Quinn,18,KS,417,0.059
M,2009,Quinton,11,KS,630,0.036
M,2009,Quentin,9,KS,739,0.03
M,2009,Quintin,8,KS,814,0.026
M,2009,Quincy,6,KS,1013,0.02
M,2009,Quinten,5,KS,1164,0.016
M,2010,Quentin,15,KS,488,0.05
M,2010,Quinn,12,KS,592,0.04
M,2010,Quinton,10,KS,677,0.034
M,2010,Quincy,9,KS,748,0.03
M,2010,Quinten,6,KS,1013,0.02
M,2011,Quinton,14,KS,515,0.049
M,2011,Quentin,11,KS,636,0.038
M,2011,Quinn,11,KS,636,0.038
M,2012,Quentin,10,KS,690,0.034
M,2012,Quinn,10,KS,690,0.034
M,2012,Quinton,10,KS,690,0.034
M,2012,Quincy,9,KS,750,0.031
M,2012,Quintin,5,KS,1145,0.017
M,2013,Quentin,17,KS,438,0.06
M,2013,Quinn,9,KS,738,0.032
M,2013,Quincy,6,KS,1002,0.021
M,2013,Quinton,6,KS,1002,0.021
M,2014,Quinn,11,KS,653,0.038
M,2014,Quentin,10,KS,707,0.035
M,2014,Quincy,5,KS,1174,0.017
M,2014,Quinten,5,KS,1174,0.017
M,2014,Quinton,5,KS,1174,0.017
M,2015,Quinn,10,KS,692,0.035
M,2015,Quinton,9,KS,749,0.031
M,2015,Quentin,6,KS,1031,0.021
M,2015,Quincy,6,KS,1031,0.021
M,2016,Quentin,14,KS,510,0.05
M,2016,Quinn,12,KS,588,0.042
M,2016,Quincy,7,KS,900,0.025
M,2017,Quincy,6,KS,1006,0.022
M,2017,Quinn,6,KS,1006,0.022
M,2017,Quentin,5,KS,1137,0.018
M,2018,Quinn,12,KS,576,0.045
M,2018,Quentin,8,KS,811,0.03
M,2018,Quinton,7,KS,912,0.026
M,2018,Quincy,5,KS,1152,0.019
M,2019,Quinton,10,KS,669,0.038
M,2019,Quentin,8,KS,798,0.031
M,2019,Quinn,5,KS,1142,0.019
M,2020,Quinn,9,KS,713,0.036
M,2020,Quentin,7,KS,888,0.028
M,2020,Quinton,6,KS,1006,0.024
M,2021,Quincy,9,KS,727,0.035
M,2021,Quinn,7,KS,881,0.028
M,2021,Quinton,6,KS,1000,0.024
M,2021,Quentin,5,KS,1147,0.02
M,2022,Quincy,9,KS,729,0.036
M,2022,Quinn,7,KS,890,0.028
M,2022,Quinton,7,KS,890,0.028
M,2022,Quentin,5,KS,1165,0.02
M,2023,Quentin,9,KS,726,0.036
M,2023,Quinn,8,KS,809,0.032
M,2023,Quincy,7,KS,900,0.028
M,2024,Quinn,10,KS,662,0.04
M,2024,Quinton,10,KS,662,0.04
M,2024,Quentin,6,KS,1003,0.024
F,1996,Quinn,5,AZ,1479,0.008
F,1997,Quinn,6,AZ,1331,0.01
F,1999,Quinn,7,AZ,1323,0.011
F,2000,Quinn,5,AZ,1706,0.007
F,2001,Quinn,6,AZ,1547,0.009
F,2001,Quincy,5,AZ,1739,0.007
F,2002,Quinn,7,AZ,1405,0.01
F,2003,Quinn,8,AZ,1365,0.011
F,2004,Quinn,13,AZ,984,0.017
F,2006,Quinn,16,AZ,935,0.019
F,2007,Quinn,10,AZ,1304,0.012
F,2008,Quinn,17,AZ,891,0.021
F,2009,Quinn,16,AZ,884,0.022
F,2010,Quinn,26,AZ,560,0.038
F,2011,Quinn,44,AZ,366,0.066
F,2012,Quinn,52,AZ,319,0.077
F,2012,Quincy,6,AZ,1760,0.009
F,2013,Quinn,51,AZ,315,0.076
F,2014,Quinn,61,AZ,277,0.088
F,2014,Queen,6,AZ,1784,0.009
F,2015,Quinn,67,AZ,248,0.099
F,2015,Queen,6,AZ,1737,0.009
F,2016,Quinn,81,AZ,200,0.121
F,2017,Quinn,103,AZ,131,0.159
F,2018,Quinn,68,AZ,222,0.107
F,2019,Quinn,63,AZ,225,0.102
F,2019,Queen,7,AZ,1548,0.011
F,2019,Quincy,6,AZ,1719,0.01
F,2020,Quinn,73,AZ,179,0.123
F,2020,Quincy,10,AZ,1212,0.017
F,2020,Queen,5,AZ,1929,0.008
F,2021,Quinn,55,AZ,251,0.091
F,2021,Quincy,9,AZ,1314,0.015
F,2022,Quinn,65,AZ,208,0.107
F,2022,Quincy,8,AZ,1453,0.013
F,2023,Quinn,55,AZ,262,0.091
F,2023,Quincy,7,AZ,1585,0.012
F,2023,Quetzaly,6,AZ,1776,0.01
F,2024,Quinn,37,AZ,405,0.061
F,2024,Quincy,13,AZ,1027,0.021
M,1970,Quentin,6,AZ,796,0.019
M,1971,Quentin,6,AZ,815,0.018
M,1973,Quincy,7,AZ,730,0.022
M,1974,Quentin,5,AZ,913,0.015
M,1975,Quincy,6,AZ,817,0.018
M,1975,Quinn,6,AZ,817,0.018
M,1976,Quincy,6,AZ,801,0.018
M,1977,Quentin,5,AZ,923,0.014
M,1982,Quentin,5,AZ,1036,0.011
M,1982,Quintin,5,AZ,1036,0.011
M,1983,Quinn,6,AZ,909,0.014
M,1984,Quentin,9,AZ,723,0.02
M,1984,Quinn,6,AZ,960,0.013
M,1984,Quincy,5,AZ,1067,0.011
M,1985,Quentin,6,AZ,995,0.012
M,1986,Quentin,7,AZ,928,0.014
M,1986,Quinn,6,AZ,1030,0.012
M,1987,Quentin,5,AZ,1169,0.009
M,1987,Quinton,5,AZ,1169,0.009
M,1988,Quentin,8,AZ,896,0.015
M,1988,Quinn,6,AZ,1101,0.011
M,1989,Quinton,9,AZ,854,0.016
M,1989,Quentin,5,AZ,1260,0.009
M,1990,Quinn,12,AZ,741,0.021
M,1990,Quinton,11,AZ,783,0.019
M,1990,Quentin,10,AZ,840,0.018
M,1990,Quintin,5,AZ,1314,0.009
M,1991,Quinn,7,AZ,1045,0.012
M,1991,Quinton,7,AZ,1045,0.012
M,1991,Quentin,5,AZ,1312,0.009
M,1991,Quincy,5,AZ,1312,0.009
M,1992,Quinn,12,AZ,740,0.021
M,1992,Quentin,11,AZ,799,0.019
M,1992,Quinton,8,AZ,1013,0.014
M,1993,Quinn,10,AZ,862,0.018
M,1993,Quincy,5,AZ,1365,0.009
M,1993,Quinton,5,AZ,1365,0.009
M,1994,Quinn,14,AZ,721,0.024
M,1994,Quentin,9,AZ,961,0.015
M,1994,Quinton,6,AZ,1250,0.01
M,1994,Quintin,5,AZ,1424,0.008
M,1995,Quentin,14,AZ,717,0.023
M,1995,Quinn,13,AZ,750,0.022
M,1995,Quinten,8,AZ,1066,0.013
M,1995,Quincy,7,AZ,1162,0.012
M,1995,Quinton,5,AZ,1430,0.008
M,1996,Quentin,16,AZ,684,0.026
M,1996,Quinn,15,AZ,709,0.024
M,1996,Quinton,11,AZ,880,0.018
M,1996,Quinten,7,AZ,1197,0.011
M,1996,Quintin,6,AZ,1321,0.01
M,1996,Quincy,5,AZ,1479,0.008
M,1997,Quinn,20,AZ,590,0.032
M,1997,Quentin,17,AZ,661,0.027
M,1997,Quinton,9,AZ,1028,0.014
M,1997,Quintin,6,AZ,1331,0.01
M,1998,Quinn,16,AZ,719,0.025
M,1998,Quinton,16,AZ,719,0.025
M,1998,Quentin,15,AZ,760,0.023
M,1998,Quinten,6,AZ,1385,0.009
M,1998,Quintin,6,AZ,1385,0.009
M,1998,Quincy,5,AZ,1561,0.008
M,1999,Quentin,26,AZ,528,0.039
M,1999,Quinn,18,AZ,688,0.027
M,1999,Quinton,12,AZ,925,0.018
M,1999,Quintin,9,AZ,1110,0.014
M,1999,Quincy,6,AZ,1455,0.009
M,2000,Quinn,19,AZ,687,0.027
M,2000,Quentin,16,AZ,787,0.023
M,2000,Quinten,11,AZ,1023,0.016
M,2000,Quintin,7,AZ,1365,0.01
M,2000,Quinton,7,AZ,1365,0.01
M,2001,Quinn,23,AZ,605,0.033
M,2001,Quentin,16,AZ,797,0.023
M,2001,Quinton,10,AZ,1142,0.014
M,2001,Quincy,7,AZ,1423,0.01
M,2002,Quinn,27,AZ,546,0.038
M,2002,Quentin,17,AZ,781,0.024
M,2002,Quincy,9,AZ,1186,0.013
M,2002,Quinton,9,AZ,1186,0.013
M,2002,Quinten,5,AZ,1775,0.007
M,2002,Quintin,5,AZ,1775,0.007
M,2003,Quinn,20,AZ,707,0.027
M,2003,Quincy,14,AZ,927,0.019
M,2003,Quinton,12,AZ,1028,0.016
M,2003,Quentin,11,AZ,1083,0.015
M,2003,Quintin,8,AZ,1365,0.011
M,2004,Quentin,19,AZ,753,0.025
M,2004,Quintin,14,AZ,932,0.018
M,2004,Quinton,14,AZ,932,0.018
M,2004,Quinn,9,AZ,1254,0.012
M,2004,Quincy,8,AZ,1359,0.011
M,2004,Quinten,5,AZ,1892,0.007
M,2005,Quinn,21,AZ,713,0.027
M,2005,Quentin,19,AZ,776,0.024
M,2005,Quincy,13,AZ,1022,0.017
M,2005,Quinton,10,AZ,1215,0.013
M,2005,Quintin,9,AZ,1315,0.012
M,2005,Quinten,8,AZ,1411,0.01
M,2006,Quentin,18,AZ,861,0.022
M,2006,Quinn,16,AZ,935,0.019
M,2006,Quintin,11,AZ,1212,0.013
M,2006,Quinton,10,AZ,1292,0.012
M,2006,Quincy,5,AZ,2068,0.006
M,2006,Quinlan,5,AZ,2068,0.006
M,2007,Quinn,23,AZ,707,0.028
M,2007,Quentin,21,AZ,759,0.025
M,2007,Quinton,11,AZ,1222,0.013
M,2007,Quintin,10,AZ,1304,0.012
M,2007,Quincy,9,AZ,1419,0.011
M,2007,Quinten,9,AZ,1419,0.011
M,2008,Quinn,23,AZ,696,0.029
M,2008,Quentin,15,AZ,975,0.019
M,2008,Quincy,10,AZ,1316,0.013
M,2008,Quinton,9,AZ,1424,0.011
M,2008,Quintin,7,AZ,1700,0.009
M,2009,Quinn,27,AZ,566,0.037
M,2009,Quentin,21,AZ,703,0.029
M,2009,Quincy,11,AZ,1186,0.015
M,2009,Quinton,10,AZ,1255,0.014
M,2009,Quinlan,5,AZ,2031,0.007
M,2009,Quintin,5,AZ,2031,0.007
M,2010,Quentin,20,AZ,695,0.029
M,2010,Quinn,18,AZ,765,0.026
M,2010,Quinton,8,AZ,1427,0.012
M,2010,Quincy,6,AZ,1738,0.009
M,2010,Quintin,5,AZ,1973,0.007
M,2011,Quinn,17,AZ,780,0.025
M,2011,Quentin,13,AZ,976,0.019
M,2011,Quincy,9,AZ,1289,0.013
M,2011,Quinton,9,AZ,1289,0.013
M,2011,Quintin,7,AZ,1538,0.01
M,2012,Quinn,17,AZ,793,0.025
M,2012,Quentin,8,AZ,1447,0.012
M,2012,Quinton,8,AZ,1447,0.012
M,2012,Quincy,7,AZ,1581,0.01
M,2012,Quintin,7,AZ,1581,0.01
M,2012,Quinten,5,AZ,1966,0.007
M,2013,Quinn,15,AZ,883,0.022
M,2013,Quentin,12,AZ,1045,0.018
M,2013,Quincy,11,AZ,1116,0.016
M,2013,Quinton,9,AZ,1292,0.013
M,2013,Quinten,5,AZ,1958,0.007
M,2014,Quinn,20,AZ,732,0.029
M,2014,Quentin,12,AZ,1072,0.017
M,2014,Quincy,6,AZ,1784,0.009
M,2014,Quinton,5,AZ,1988,0.007
M,2015,Quinn,19,AZ,732,0.028
M,2015,Quentin,11,AZ,1165,0.016
M,2015,Quincy,8,AZ,1448,0.012
M,2015,Quinton,7,AZ,1567,0.01
M,2015,Quinten,5,AZ,1974,0.007
M,2016,Quinn,24,AZ,614,0.036
M,2016,Quentin,11,AZ,1132,0.016
M,2016,Quinton,9,AZ,1312,0.013
M,2016,Quincy,7,AZ,1578,0.01
M,2017,Quentin,9,AZ,1313,0.014
M,2017,Quinn,8,AZ,1425,0.012
M,2017,Quinton,7,AZ,1569,0.011
M,2017,Quintin,6,AZ,1720,0.009
M,2017,Quincy,5,AZ,1950,0.008
M,2018,Quinn,18,AZ,779,0.028
M,2018,Quentin,9,AZ,1299,0.014
M,2018,Quinton,7,AZ,1564,0.011
M,2019,Quinn,16,AZ,846,0.026
M,2019,Quentin,10,AZ,1195,0.016
M,2019,Quincy,10,AZ,1195,0.016
M,2019,Quinton,5,AZ,1927,0.008
M,2020,Quentin,6,AZ,1727,0.01
M,2020,Quinn,6,AZ,1727,0.01
M,2020,Quinten,6,AZ,1727,0.01
M,2020,Quill,5,AZ,1929,0.008
M,2020,Quintin,5,AZ,1929,0.008
M,2020,Quinton,5,AZ,1929,0.008
M,2021,Quinn,12,AZ,1087,0.02
M,2021,Quentin,8,AZ,1426,0.013
M,2021,Quinton,7,AZ,1566,0.012
M,2022,Quinn,10,AZ,1217,0.016
M,2022,Quinton,9,AZ,1318,0.015
M,2022,Quentin,7,AZ,1574,0.012
M,2022,Quincy,7,AZ,1574,0.012
M,2022,Quinten,5,AZ,1963,0.008
M,2023,Quinn,10,AZ,1233,0.017
M,2023,Quincy,9,AZ,1328,0.015
M,2023,Quinton,9,AZ,1328,0.015
M,2024,Quentin,10,AZ,1275,0.016
M,2024,Quincy,7,AZ,1608,0.012
M,2024,Quinn,7,AZ,1608,0.012
F,1976,Quiana,7,IN,930,0.01
F,1976,Qiana,5,IN,1145,0.007
F,1977,Qiana,10,IN,752,0.013
F,1977,Quiana,9,IN,815,0.012
F,1978,Qiana,14,IN,616,0.019
F,1978,Quiana,14,IN,616,0.019
F,1979,Qiana,13,IN,648,0.017
F,1979,Quiana,12,IN,676,0.016
F,1980,Quiana,19,IN,496,0.024
F,1980,Qiana,14,IN,643,0.018
F,1981,Quiana,15,IN,563,0.02
F,1981,Qiana,5,IN,1157,0.007
F,1982,Quiana,10,IN,740,0.013
F,1988,Quiana,7,IN,972,0.01
F,1993,Quinn,6,IN,1190,0.008
F,1997,Quinn,5,IN,1466,0.007
F,1999,Quinn,8,IN,1128,0.011
F,2000,Quinn,7,IN,1248,0.01
F,2001,Quinn,5,IN,1619,0.007
F,2002,Quinn,10,IN,1004,0.014
F,2003,Quinn,6,IN,1480,0.008
F,2004,Quinn,7,IN,1339,0.01
F,2005,Quinn,6,IN,1525,0.008
F,2006,Quinn,7,IN,1448,0.01
F,2007,Quinn,15,IN,852,0.021
F,2007,Quincy,5,IN,1883,0.007
F,2008,Quinn,7,IN,1490,0.01
F,2009,Quinn,17,IN,781,0.025
F,2010,Quinn,35,IN,423,0.053
F,2011,Quinn,39,IN,384,0.059
F,2012,Quinn,42,IN,364,0.064
F,2013,Quinn,75,IN,202,0.115
F,2014,Quinn,72,IN,222,0.108
F,2015,Quinn,95,IN,161,0.142
F,2016,Quinn,83,IN,189,0.126
F,2016,Quincy,6,IN,1717,0.009
F,2017,Quinn,101,IN,142,0.157
F,2017,Queen,5,IN,1955,0.008
F,2018,Quinn,89,IN,165,0.14
F,2018,Queen,12,IN,1064,0.019
F,2018,Quincy,9,IN,1295,0.014
F,2019,Quinn,75,IN,193,0.12
F,2019,Quincy,8,IN,1443,0.013
F,2020,Quinn,89,IN,152,0.147
F,2020,Queen,8,IN,1436,0.013
F,2020,Quincy,5,IN,1921,0.008
F,2021,Quinn,87,IN,154,0.142
F,2021,Quincy,9,IN,1338,0.015
F,2021,Queen,7,IN,1598,0.011
F,2022,Quinn,68,IN,208,0.113
F,2022,Quincy,6,IN,1769,0.01
F,2023,Quinn,86,IN,153,0.145
F,2023,Quincy,6,IN,1769,0.01
F,2024,Quinn,63,IN,227,0.105
F,2024,Quincy,6,IN,1759,0.01
F,2024,Quinnley,5,IN,1990,0.008
M,1918,Quentin,17,IN,383,0.034
M,1919,Quentin,22,IN,309,0.048
M,1920,Quentin,9,IN,544,0.018
M,1921,Quentin,8,IN,582,0.015
M,1921,Quincy,5,IN,765,0.009
M,1923,Quentin,7,IN,608,0.013
M,1924,Quentin,6,IN,697,0.011
M,1925,Quentin,5,IN,723,0.01
M,1929,Quentin,7,IN,587,0.014
M,1931,Quentin,5,IN,677,0.011
M,1944,Quentin,5,IN,797,0.008
M,1948,Quentin,5,IN,886,0.006
M,1951,Quentin,5,IN,958,0.005
M,1952,Quentin,5,IN,995,0.005
M,1953,Quentin,5,IN,975,0.005
M,1955,Quentin,6,IN,946,0.006
M,1956,Quentin,6,IN,984,0.006
M,1960,Quentin,5,IN,1140,0.005
M,1963,Quentin,7,IN,954,0.007
M,1963,Quintin,5,IN,1137,0.005
M,1964,Quentin,7,IN,959,0.007
M,1967,Quentin,5,IN,1107,0.006
M,1969,Quentin,5,IN,1117,0.006
M,1969,Quinn,5,IN,1117,0.006
M,1970,Quentin,11,IN,777,0.012
M,1971,Quentin,9,IN,850,0.01
M,1972,Quincy,11,IN,746,0.014
M,1972,Quentin,8,IN,878,0.01
M,1972,Quinton,6,IN,1029,0.008
M,1973,Quentin,8,IN,873,0.011
M,1973,Quinn,6,IN,1006,0.008
M,1973,Quincy,5,IN,1148,0.007
M,1974,Quentin,11,IN,730,0.015
M,1974,Quinn,5,IN,1133,0.007
M,1975,Quincy,11,IN,723,0.015
M,1975,Quentin,7,IN,930,0.01
M,1975,Quinn,7,IN,930,0.01
M,1976,Quincy,19,IN,483,0.026
M,1976,Quentin,10,IN,742,0.014
M,1976,Quinn,5,IN,1145,0.007
M,1976,Quinton,5,IN,1145,0.007
M,1977,Quentin,13,IN,625,0.017
M,1977,Quincy,10,IN,752,0.013
M,1977,Quinn,6,IN,1048,0.008
M,1977,Quintin,6,IN,1048,0.008
M,1977,Quinton,6,IN,1048,0.008
M,1978,Quentin,15,IN,580,0.02
M,1978,Quincy,13,IN,641,0.018
M,1978,Quinn,5,IN,1133,0.007
M,1979,Quinn,7,IN,960,0.009
M,1979,Quinton,7,IN,960,0.009
M,1979,Quincy,6,IN,1059,0.008
M,1979,Quentin,5,IN,1164,0.006
M,1980,Quincy,13,IN,670,0.017
M,1980,Quentin,7,IN,963,0.009
M,1981,Quentin,9,IN,806,0.012
M,1981,Quincy,9,IN,806,0.012
M,1981,Quinn,6,IN,1037,0.008
M,1982,Quentin,14,IN,587,0.019
M,1982,Quintin,10,IN,740,0.013
M,1982,Quincy,8,IN,857,0.011
M,1982,Quinton,8,IN,857,0.011
M,1982,Quinn,7,IN,925,0.009
M,1983,Quinton,13,IN,593,0.018
M,1983,Quentin,12,IN,627,0.017
M,1983,Quintin,7,IN,908,0.01
M,1983,Quincy,5,IN,1116,0.007
M,1983,Quinn,5,IN,1116,0.007
M,1984,Quentin,20,IN,466,0.028
M,1984,Quinton,8,IN,827,0.011
M,1984,Quinn,6,IN,974,0.008
M,1985,Quentin,15,IN,555,0.021
M,1985,Quinton,9,IN,791,0.013
M,1985,Quincy,6,IN,1008,0.008
M,1985,Quinn,6,IN,1008,0.008
M,1986,Quentin,10,IN,721,0.014
M,1986,Quinn,6,IN,1005,0.009
M,1986,Quincy,5,IN,1149,0.007
M,1986,Quintin,5,IN,1149,0.007
M,1987,Quentin,9,IN,775,0.013
M,1987,Quinn,7,IN,928,0.01
M,1987,Quintin,6,IN,1023,0.009
M,1987,Quinten,5,IN,1143,0.007
M,1987,Quinton,5,IN,1143,0.007
M,1988,Quentin,14,IN,619,0.019
M,1988,Quinton,12,IN,670,0.017
M,1988,Quinn,7,IN,972,0.01
M,1988,Quincy,5,IN,1227,0.007
M,1988,Quintin,5,IN,1227,0.007
M,1989,Quentin,18,IN,535,0.024
M,1989,Quinn,11,IN,752,0.015
M,1989,Quinton,10,IN,805,0.014
M,1989,Quinten,6,IN,1102,0.008
M,1989,Quincy,5,IN,1244,0.007
M,1990,Quentin,20,IN,499,0.026
M,1990,Quinton,10,IN,838,0.013
M,1990,Quinn,8,IN,982,0.011
M,1990,Quincy,7,IN,1070,0.009
M,1990,Quinten,7,IN,1070,0.009
M,1990,Quintin,6,IN,1167,0.008
M,1991,Quentin,22,IN,464,0.029
M,1991,Quinton,20,IN,497,0.027
M,1991,Quinn,11,IN,797,0.015
M,1991,Quincy,9,IN,924,0.012
M,1991,Quintin,8,IN,995,0.011
M,1992,Quinton,23,IN,469,0.032
M,1992,Quentin,14,IN,665,0.019
M,1992,Quinn,13,IN,691,0.018
M,1992,Quintin,6,IN,1192,0.008
M,1992,Quincy,5,IN,1322,0.007
M,1993,Quinton,24,IN,449,0.033
M,1993,Quentin,20,IN,511,0.028
M,1993,Quinn,14,IN,668,0.019
M,1993,Quincy,12,IN,740,0.017
M,1993,Quinten,5,IN,1338,0.007
M,1994,Quinton,34,IN,358,0.048
M,1994,Quentin,29,IN,405,0.041
M,1994,Quinn,17,IN,588,0.024
M,1994,Quintin,13,IN,712,0.018
M,1994,Quinten,10,IN,857,0.014
M,1994,Quincy,8,IN,1011,0.011
M,1994,Quenton,6,IN,1215,0.009
M,1995,Quentin,48,IN,285,0.068
M,1995,Quinton,34,IN,367,0.048
M,1995,Quintin,19,IN,542,0.027
M,1995,Quinn,18,IN,565,0.025
M,1995,Quincy,13,IN,717,0.018
M,1995,Quinten,11,IN,820,0.016
M,1996,Quentin,38,IN,344,0.054
M,1996,Quinton,28,IN,437,0.04
M,1996,Quinn,20,IN,535,0.028
M,1996,Quinten,18,IN,571,0.026
M,1996,Quintin,15,IN,660,0.021
M,1997,Quentin,43,IN,315,0.061
M,1997,Quinton,33,IN,395,0.047
M,1997,Quinn,18,IN,594,0.026
M,1997,Quintin,14,IN,717,0.02
M,1997,Quinten,9,IN,979,0.013
M,1997,Quenton,7,IN,1164,0.01
M,1997,Quincy,5,IN,1466,0.007
M,1998,Quentin,53,IN,279,0.075
M,1998,Quinton,26,IN,489,0.037
M,1998,Quinn,24,IN,520,0.034
M,1998,Quinten,12,IN,845,0.017
M,1998,Quintin,12,IN,845,0.017
M,1998,Quenton,7,IN,1195,0.01
M,1999,Quentin,28,IN,466,0.039
M,1999,Quinton,24,IN,513,0.034
M,1999,Quinn,20,IN,594,0.028
M,1999,Quintin,10,IN,961,0.014
M,1999,Quincy,7,IN,1230,0.01
M,1999,Quinten,7,IN,1230,0.01
M,1999,Quenton,5,IN,1515,0.007
M,2000,Quentin,33,IN,423,0.045
M,2000,Quinton,21,IN,588,0.029
M,2000,Quinn,19,IN,626,0.026
M,2000,Quintin,14,IN,779,0.019
M,2000,Quinten,8,IN,1167,0.011
M,2000,Quenton,7,IN,1248,0.01
M,2000,Quincy,7,IN,1248,0.01
M,2001,Quentin,36,IN,407,0.05
M,2001,Quinton,25,IN,537,0.035
M,2001,Quinn,22,IN,589,0.031
M,2001,Quincy,14,IN,786,0.02
M,2001,Quinten,14,IN,786,0.02
M,2001,Quintin,6,IN,1452,0.008
M,2002,Quentin,32,IN,425,0.046
M,2002,Quinn,20,IN,603,0.029
M,2002,Quinton,20,IN,603,0.029
M,2002,Quintin,13,IN,836,0.019
M,2002,Quincy,11,IN,934,0.016
M,2002,Quinten,11,IN,934,0.016
M,2003,Quentin,26,IN,508,0.037
M,2003,Quinn,26,IN,508,0.037
M,2003,Quinton,17,IN,711,0.024
M,2003,Quinten,13,IN,849,0.018
M,2003,Quincy,12,IN,906,0.017
M,2003,Quintin,12,IN,906,0.017
M,2003,Quin,5,IN,1657,0.007
M,2004,Quentin,42,IN,366,0.059
M,2004,Quinn,27,IN,512,0.038
M,2004,Quintin,19,IN,663,0.027
M,2004,Quinton,17,IN,719,0.024
M,2004,Quincy,12,IN,951,0.017
M,2004,Quinten,11,IN,1005,0.015
M,2005,Quentin,46,IN,347,0.065
M,2005,Quinn,28,IN,501,0.04
M,2005,Quinton,22,IN,598,0.031
M,2005,Quintin,14,IN,855,0.02
M,2005,Quinten,10,IN,1109,0.014
M,2005,Quincy,9,IN,1187,0.013
M,2005,Quinlan,5,IN,1713,0.007
M,2006,Quentin,40,IN,383,0.056
M,2006,Quinn,29,IN,507,0.04
M,2006,Quinton,23,IN,595,0.032
M,2006,Quintin,14,IN,880,0.019
M,2006,Quincy,11,IN,1044,0.015
M,2006,Quinten,7,IN,1448,0.01
M,2007,Quinn,31,IN,480,0.043
M,2007,Quinton,25,IN,564,0.035
M,2007,Quentin,24,IN,588,0.033
M,2007,Quincy,19,IN,708,0.026
M,2007,Quintin,13,IN,959,0.018
M,2007,Quinten,10,IN,1171,0.014
M,2007,Quinlan,5,IN,1883,0.007
M,2008,Quinn,46,IN,339,0.065
M,2008,Quentin,23,IN,612,0.032
M,2008,Quintin,19,IN,715,0.027
M,2008,Quinton,18,IN,739,0.025
M,2008,Quinten,14,IN,898,0.02
M,2008,Quincy,8,IN,1365,0.011
M,2009,Quinn,47,IN,341,0.068
M,2009,Quentin,36,IN,425,0.052
M,2009,Quinton,23,IN,600,0.033
M,2009,Quincy,14,IN,905,0.02
M,2009,Quinten,12,IN,1017,0.017
M,2009,Quintin,8,IN,1394,0.012
M,2009,Quintyn,5,IN,1937,0.007
M,2010,Quinn,30,IN,477,0.045
M,2010,Quentin,23,IN,604,0.035
M,2010,Quinton,15,IN,829,0.023
M,2010,Quincy,13,IN,923,0.02
M,2010,Quinten,13,IN,923,0.02
M,2010,Quintin,10,IN,1139,0.015
M,2011,Quentin,35,IN,432,0.053
M,2011,Quinn,30,IN,499,0.045
M,2011,Quinton,23,IN,612,0.035
M,2011,Quinten,13,IN,912,0.02
M,2011,Quintin,10,IN,1142,0.015
M,2011,Quincy,7,IN,1496,0.011
M,2012,Quentin,30,IN,499,0.046
M,2012,Quinn,30,IN,499,0.046
M,2012,Quinten,12,IN,1012,0.018
M,2012,Quinton,11,IN,1068,0.017
M,2012,Quintin,9,IN,1255,0.014
M,2012,Quincy,8,IN,1367,0.012
M,2013,Quinn,28,IN,533,0.043
M,2013,Quentin,26,IN,564,0.04
M,2013,Quinton,19,IN,712,0.029
M,2013,Quinten,10,IN,1161,0.015
M,2013,Quintin,10,IN,1161,0.015
M,2013,Quincy,8,IN,1367,0.012
M,2014,Quentin,29,IN,529,0.044
M,2014,Quinton,25,IN,600,0.038
M,2014,Quinn,16,IN,853,0.024
M,2014,Quincy,10,IN,1170,0.015
M,2014,Quintin,6,IN,1701,0.009
M,2014,Quinten,5,IN,1899,0.008
M,2015,Quinn,28,IN,548,0.042
M,2015,Quentin,21,IN,680,0.031
M,2015,Quinton,15,IN,879,0.022
M,2015,Quincy,10,IN,1192,0.015
M,2015,Quinten,9,IN,1304,0.013
M,2015,Quintin,6,IN,1730,0.009
M,2016,Quentin,27,IN,552,0.041
M,2016,Quinn,24,IN,618,0.036
M,2016,Quincy,14,IN,936,0.021
M,2016,Quintin,7,IN,1555,0.011
M,2016,Quinton,5,IN,1955,0.008
M,2017,Quinn,23,IN,617,0.036
M,2017,Quinton,21,IN,678,0.033
M,2017,Quentin,14,IN,952,0.022
M,2017,Quincy,14,IN,952,0.022
M,2017,Quinten,7,IN,1573,0.011
M,2017,Quintin,5,IN,1955,0.008
M,2018,Quinn,19,IN,738,0.03
M,2018,Quentin,14,IN,951,0.022
M,2018,Quinton,12,IN,1064,0.019
M,2018,Quincy,11,IN,1128,0.017
M,2018,Quintin,5,IN,1966,0.008
M,2019,Quinn,19,IN,750,0.03
M,2019,Quentin,12,IN,1080,0.019
M,2019,Quinton,11,IN,1132,0.018
M,2019,Quintin,6,IN,1712,0.01
M,2019,Quincy,5,IN,1948,0.008
M,2019,Quinten,5,IN,1948,0.008
M,2020,Quinton,19,IN,732,0.031
M,2020,Quentin,17,IN,811,0.028
M,2020,Quinn,13,IN,998,0.022
M,2020,Quincy,11,IN,1127,0.018
M,2021,Quentin,21,IN,677,0.034
M,2021,Quinn,14,IN,970,0.023
M,2021,Quincy,10,IN,1234,0.016
M,2021,Quinton,10,IN,1234,0.016
M,2021,Quenton,5,IN,1991,0.008
M,2021,Quinten,5,IN,1991,0.008
M,2022,Quentin,16,IN,862,0.027
M,2022,Quinn,15,IN,907,0.025
M,2022,Quinton,13,IN,1000,0.022
M,2022,Quincy,11,IN,1133,0.018
M,2022,Quintin,5,IN,1989,0.008
M,2023,Quinn,18,IN,774,0.03
M,2023,Quincy,17,IN,813,0.029
M,2023,Quinton,14,IN,967,0.024
M,2023,Quentin,11,IN,1157,0.019
M,2023,Quintin,6,IN,1769,0.01
M,2023,Quest,5,IN,2006,0.008
M,2023,Quinlan,5,IN,2006,0.008
M,2024,Quincy,13,IN,1025,0.022
M,2024,Quinn,9,IN,1346,0.015
M,2024,Quinton,7,IN,1588,0.012
M,2024,Quentin,6,IN,1759,0.01
M,2024,Quintin,5,IN,1990,0.008
F,1910,Queen,11,GA,352,0.045
F,1911,Queen,12,GA,333,0.05
F,1912,Queen,11,GA,449,0.032
F,1913,Queen,16,GA,357,0.043
F,1913,Queenie,8,GA,551,0.022
F,1914,Queen,19,GA,374,0.041
F,1914,Queenie,15,GA,440,0.033
F,1915,Queen,20,GA,397,0.037
F,1915,Queenie,8,GA,711,0.015
F,1916,Queen,25,GA,365,0.044
F,1916,Queenie,10,GA,647,0.017
F,1917,Queen,23,GA,373,0.04
F,1917,Queenie,14,GA,532,0.024
F,1918,Queen,17,GA,495,0.027
F,1918,Queenie,5,GA,1040,0.008
F,1919,Queen,16,GA,522,0.023
F,1920,Queen,26,GA,386,0.037
F,1921,Queen,28,GA,374,0.041
F,1921,Queenie,5,GA,1028,0.007
F,1922,Queen,24,GA,404,0.035
F,1923,Queen,23,GA,406,0.037
F,1923,Quincy,5,GA,966,0.008
F,1924,Queen,15,GA,511,0.024
F,1924,Queenie,8,GA,740,0.013
F,1925,Queen,21,GA,422,0.033
F,1926,Queen,30,GA,329,0.051
F,1927,Queen,21,GA,401,0.034
F,1927,Queenie,5,GA,950,0.008
F,1928,Queen,23,GA,397,0.039
F,1929,Queen,25,GA,373,0.044
F,1930,Queen,14,GA,516,0.024
F,1930,Queenie,8,GA,712,0.014
F,1931,Queen,21,GA,411,0.037
F,1931,Queenie,6,GA,811,0.011
F,1932,Queen,33,GA,327,0.055
F,1933,Queen,21,GA,404,0.038
F,1934,Queen,23,GA,393,0.039
F,1935,Queen,29,GA,359,0.049
F,1936,Queen,17,GA,468,0.029
F,1937,Queen,16,GA,498,0.027
F,1937,Queenie,6,GA,818,0.01
F,1938,Queen,25,GA,389,0.041
F,1939,Queen,26,GA,400,0.042
F,1940,Queen,11,GA,617,0.017
F,1941,Queen,15,GA,535,0.023
F,1942,Queen,27,GA,410,0.038
F,1943,Queen,24,GA,434,0.033
F,1944,Queen,22,GA,455,0.031
F,1945,Queen,17,GA,520,0.025
F,1945,Queenie,6,GA,862,0.009
F,1946,Queen,16,GA,567,0.02
F,1947,Queen,22,GA,501,0.025
F,1947,Queenie,5,GA,1061,0.006
F,1948,Queen,24,GA,477,0.028
F,1949,Queen,19,GA,526,0.022
F,1950,Queen,35,GA,385,0.041
F,1951,Queen,20,GA,528,0.023
F,1952,Queen,36,GA,402,0.04
F,1953,Queen,21,GA,539,0.023
F,1954,Queen,13,GA,705,0.014
F,1955,Queen,16,GA,651,0.017
F,1955,Queenie,5,GA,1179,0.005
F,1956,Queen,11,GA,796,0.011
F,1957,Queen,13,GA,722,0.014
F,1958,Queen,11,GA,802,0.012
F,1959,Queen,8,GA,967,0.009
F,1960,Queen,7,GA,1019,0.008
F,1961,Queen,9,GA,924,0.01
F,1963,Queen,11,GA,839,0.012
F,1965,Queen,11,GA,821,0.013
F,1966,Queen,5,GA,1214,0.006
F,1974,Quanda,5,GA,1277,0.007
F,1975,Quovadis,6,GA,1162,0.009
F,1977,Quintina,8,GA,993,0.011
F,1977,Quiana,6,GA,1191,0.008
F,1978,Qiana,14,GA,708,0.02
F,1979,Quiana,9,GA,937,0.012
F,1979,Qiana,8,GA,1033,0.011
F,1980,Qiana,7,GA,1151,0.009
F,1980,Quintina,6,GA,1257,0.008
F,1981,Qiana,6,GA,1222,0.008
F,1982,Quinn,6,GA,1227,0.008
F,1982,Qiana,5,GA,1386,0.007
F,1983,Quiana,10,GA,868,0.013
F,1990,Quanisha,11,GA,998,0.012
F,1991,Quanesha,7,GA,1403,0.008
F,1991,Quanisha,7,GA,1403,0.008
F,1991,Quinn,6,GA,1560,0.007
F,1992,Quanesha,6,GA,1595,0.007
F,1992,Quanisha,6,GA,1595,0.007
F,1992,Qiana,5,GA,1803,0.006
F,1993,Quanesha,14,GA,836,0.016
F,1993,Quanisha,9,GA,1185,0.01
F,1993,Quiana,5,GA,1786,0.006
F,1993,Quinesha,5,GA,1786,0.006
F,1994,Quanisha,13,GA,925,0.015
F,1994,Quanesha,10,GA,1144,0.011
F,1994,Quaneisha,9,GA,1216,0.01
F,1994,Quiana,7,GA,1451,0.008
F,1994,Quatesha,5,GA,1862,0.006
F,1995,Quanisha,8,GA,1344,0.009
F,1996,Quanisha,7,GA,1505,0.008
F,1996,Quaneisha,6,GA,1685,0.007
F,1997,Quanisha,9,GA,1301,0.01
F,1997,Quincy,6,GA,1751,0.006
F,1999,Queen,7,GA,1728,0.007
F,2000,Queen,6,GA,2067,0.006
F,2002,Queen,5,GA,2383,0.005
F,2003,Queen,6,GA,2176,0.006
F,2003,Quaniya,5,GA,2519,0.005
F,2003,Quinn,5,GA,2519,0.005
F,2004,Queen,6,GA,2200,0.006
F,2005,Quinn,6,GA,2343,0.005
F,2006,Queen,6,GA,2461,0.005
F,2006,Quinn,6,GA,2461,0.005
F,2007,Quinn,8,GA,2021,0.007
F,2008,Quinn,8,GA,2018,0.007
F,2009,Quinn,7,GA,2242,0.006
F,2009,Queen,5,GA,2776,0.005
F,2010,Quinn,21,GA,934,0.02
F,2010,Queen,6,GA,2394,0.006
F,2010,Quincy,5,GA,2702,0.005
F,2011,Quinn,24,GA,826,0.023
F,2012,Quinn,30,GA,674,0.03
F,2012,Queen,6,GA,2349,0.006
F,2013,Quinn,48,GA,451,0.048
F,2013,Queen,8,GA,1895,0.008
F,2014,Quinn,35,GA,621,0.034
F,2014,Queen,13,GA,1356,0.013
F,2015,Quinn,50,GA,465,0.048
F,2015,Queen,13,GA,1388,0.013
F,2016,Quinn,54,GA,441,0.053
F,2016,Queen,14,GA,1315,0.014
F,2017,Quinn,63,GA,370,0.063
F,2017,Queen,23,GA,883,0.023
F,2018,Quinn,53,GA,423,0.054
F,2018,Queen,25,GA,826,0.025
F,2019,Quinn,46,GA,502,0.047
F,2019,Queen,20,GA,1000,0.02
F,2020,Quinn,40,GA,555,0.042
F,2020,Queen,16,GA,1185,0.017
F,2021,Quinn,51,GA,441,0.053
F,2021,Queen,8,GA,2035,0.008
F,2022,Quinn,55,GA,420,0.057
F,2022,Queen,11,GA,1655,0.011
F,2023,Quinn,43,GA,525,0.045
F,2023,Queen,10,GA,1775,0.01
F,2024,Quinn,42,GA,539,0.044
F,2024,Queen,8,GA,2115,0.008
F,2024,Quincy,5,GA,2933,0.005
M,1912,Quincy,7,GA,595,0.02
M,1917,Quinton,8,GA,724,0.014
M,1918,Quinton,14,GA,545,0.022
M,1918,Quentin,10,GA,681,0.016
M,1919,Quinton,15,GA,543,0.022
M,1919,Quentin,11,GA,661,0.016
M,1919,Quenton,5,GA,1079,0.007
M,1920,Quentin,8,GA,807,0.012
M,1920,Quinton,8,GA,807,0.012
M,1921,Quinton,9,GA,746,0.013
M,1921,Quentin,6,GA,934,0.009
M,1922,Quinton,10,GA,696,0.015
M,1923,Quinton,7,GA,810,0.011
M,1923,Quincy,5,GA,966,0.008
M,1924,Quinton,5,GA,978,0.008
M,1925,Quinton,9,GA,690,0.014
M,1926,Quillie,5,GA,947,0.009
M,1926,Quincy,5,GA,947,0.009
M,1927,Quinton,5,GA,950,0.008
M,1928,Quinton,7,GA,770,0.012
M,1928,Quincy,5,GA,921,0.008
M,1932,Quinton,7,GA,761,0.012
M,1933,Quinton,7,GA,764,0.013
M,1934,Quinton,6,GA,837,0.01
M,1936,Quincy,5,GA,903,0.009
M,1938,Quinton,6,GA,840,0.01
M,1939,Quinton,12,GA,583,0.019
M,1940,Quinton,8,GA,740,0.013
M,1941,Quinton,8,GA,718,0.012
M,1942,Quinton,5,GA,985,0.007
M,1945,Quinton,6,GA,862,0.009
M,1946,Quinton,6,GA,946,0.008
M,1947,Quinton,8,GA,842,0.009
M,1947,Quincy,6,GA,969,0.007
M,1948,Quinton,8,GA,830,0.009
M,1948,Quincy,6,GA,940,0.007
M,1949,Quinton,6,GA,973,0.007
M,1951,Quinton,5,GA,1074,0.006
M,1952,Quinton,10,GA,757,0.011
M,1952,Quincy,8,GA,855,0.009
M,1954,Quinton,7,GA,943,0.007
M,1955,Quinton,8,GA,915,0.008
M,1955,Quincy,5,GA,1179,0.005
M,1956,Quincy,6,GA,1074,0.006
M,1957,Quinton,11,GA,787,0.011
M,1958,Quinton,15,GA,698,0.016
M,1958,Quintin,5,GA,1209,0.005
M,1959,Quintin,9,GA,900,0.01
M,1959,Quinton,9,GA,900,0.01
M,1960,Quinton,10,GA,860,0.011
M,1960,Quintin,7,GA,1019,0.008
M,1961,Quinton,13,GA,764,0.014
M,1961,Quintin,12,GA,791,0.013
M,1961,Quincy,6,GA,1126,0.006
M,1962,Quinton,16,GA,677,0.018
M,1962,Quintin,6,GA,1100,0.007
M,1963,Quinton,15,GA,711,0.017
M,1963,Quintin,12,GA,800,0.013
M,1963,Quenton,5,GA,1235,0.006
M,1964,Quinton,26,GA,523,0.028
M,1964,Quintin,15,GA,712,0.016
M,1964,Quincy,7,GA,1070,0.008
M,1964,Quentin,6,GA,1159,0.007
M,1965,Quinton,14,GA,722,0.016
M,1965,Quentin,7,GA,1035,0.008
M,1965,Quintin,6,GA,1111,0.007
M,1965,Quincy,5,GA,1237,0.006
M,1965,Quinn,5,GA,1237,0.006
M,1966,Quinton,18,GA,609,0.022
M,1966,Quentin,5,GA,1214,0.006
M,1966,Quincy,5,GA,1214,0.006
M,1967,Quentin,10,GA,803,0.013
M,1967,Quinton,10,GA,803,0.013
M,1968,Quinton,17,GA,628,0.022
M,1968,Quentin,8,GA,966,0.01
M,1969,Quinton,20,GA,582,0.025
M,1969,Quentin,16,GA,656,0.02
M,1969,Quincy,5,GA,1245,0.006
M,1970,Quinton,18,GA,639,0.021
M,1970,Quentin,16,GA,681,0.019
M,1970,Quincy,5,GA,1305,0.006
M,1971,Quentin,16,GA,677,0.019
M,1971,Quinton,15,GA,700,0.018
M,1971,Quinn,5,GA,1307,0.006
M,1972,Quincy,22,GA,555,0.029
M,1972,Quinton,17,GA,636,0.022
M,1972,Quentin,14,GA,703,0.018
M,1972,Quenton,10,GA,860,0.013
M,1973,Quentin,26,GA,476,0.036
M,1973,Quinton,19,GA,575,0.026
M,1973,Quincy,14,GA,697,0.019
M,1973,Quinn,6,GA,1117,0.008
M,1973,Quincey,5,GA,1264,0.007
M,1974,Quentin,24,GA,492,0.034
M,1974,Quincy,20,GA,558,0.028
M,1974,Quinton,19,GA,577,0.027
M,1974,Quenton,5,GA,1277,0.007
M,1975,Quentin,28,GA,437,0.042
M,1975,Quincy,28,GA,437,0.042
M,1975,Quinton,13,GA,724,0.019
M,1975,Quintin,6,GA,1162,0.009
M,1976,Quentin,35,GA,368,0.053
M,1976,Quincy,34,GA,375,0.051
M,1976,Quinton,19,GA,544,0.029
M,1976,Quincey,10,GA,824,0.015
M,1977,Quincy,40,GA,339,0.057
M,1977,Quentin,36,GA,370,0.051
M,1977,Quinton,15,GA,683,0.021
M,1977,Quincey,5,GA,1339,0.007
M,1978,Quentin,40,GA,336,0.057
M,1978,Quincy,28,GA,440,0.04
M,1978,Quinton,27,GA,447,0.039
M,1978,Quintin,6,GA,1222,0.009
M,1978,Quenton,5,GA,1375,0.007
M,1979,Quincy,46,GA,305,0.063
M,1979,Quentin,27,GA,457,0.037
M,1979,Quinton,22,GA,531,0.03
M,1979,Quintin,5,GA,1381,0.007
M,1980,Quentin,34,GA,384,0.044
M,1980,Quincy,31,GA,412,0.041
M,1980,Quinton,21,GA,546,0.027
M,1980,Quenton,6,GA,1257,0.008
M,1980,Quintin,6,GA,1257,0.008
M,1980,Quantavious,5,GA,1409,0.007
M,1980,Quavis,5,GA,1409,0.007
M,1981,Quincy,26,GA,466,0.035
M,1981,Quentin,24,GA,496,0.032
M,1981,Quinton,23,GA,511,0.031
M,1981,Quincey,6,GA,1222,0.008
M,1981,Quintin,6,GA,1222,0.008
M,1982,Quentin,45,GA,311,0.06
M,1982,Quinton,42,GA,328,0.056
M,1982,Quincy,24,GA,488,0.032
M,1982,Quintin,11,GA,812,0.015
M,1982,Quenton,8,GA,1019,0.011
M,1983,Quentin,68,GA,213,0.09
M,1983,Quinton,58,GA,236,0.077
M,1983,Quincy,24,GA,469,0.032
M,1983,Quintin,16,GA,617,0.021
M,1983,Quenton,6,GA,1190,0.008
M,1984,Quinton,62,GA,231,0.08
M,1984,Quentin,41,GA,330,0.053
M,1984,Quincy,22,GA,539,0.028
M,1984,Quintin,16,GA,650,0.021
M,1984,Quintavious,6,GA,1242,0.008
M,1985,Quentin,41,GA,341,0.051
M,1985,Quinton,40,GA,348,0.05
M,1985,Quincy,23,GA,509,0.029
M,1985,Quintin,13,GA,752,0.016
M,1985,Quenton,5,GA,1425,0.006
M,1986,Quentin,41,GA,332,0.05
M,1986,Quinton,38,GA,355,0.046
M,1986,Quincy,14,GA,727,0.017
M,1986,Quinn,10,GA,928,0.012
M,1986,Quintin,9,GA,991,0.011
M,1986,Quintavious,6,GA,1278,0.007
M,1987,Quinton,44,GA,325,0.052
M,1987,Quentin,36,GA,388,0.042
M,1987,Quincy,16,GA,676,0.019
M,1987,Quintin,15,GA,712,0.018
M,1987,Quantavius,7,GA,1179,0.008
M,1987,Quantavious,5,GA,1520,0.006
M,1987,Quenton,5,GA,1520,0.006
M,1987,Quinn,5,GA,1520,0.006
M,1987,Quintarius,5,GA,1520,0.006
M,1987,Quintavius,5,GA,1520,0.006
M,1987,Quintez,5,GA,1520,0.006
M,1988,Quentin,55,GA,278,0.063
M,1988,Quinton,53,GA,286,0.061
M,1988,Quincy,13,GA,824,0.015
M,1988,Quintavious,9,GA,1053,0.01
M,1988,Quintin,8,GA,1148,0.009
M,1988,Quintavius,7,GA,1246,0.008
M,1989,Quinton,64,GA,256,0.07
M,1989,Quentin,53,GA,293,0.058
M,1989,Quintin,18,GA,676,0.02
M,1989,Quincy,17,GA,706,0.019
M,1989,Quintavious,9,GA,1105,0.01
M,1989,Quartez,7,GA,1318,0.008
M,1989,Quintavius,7,GA,1318,0.008
M,1989,Quenton,6,GA,1452,0.007
M,1989,Quincey,6,GA,1452,0.007
M,1989,Quinn,5,GA,1658,0.005
M,1989,Quinnton,5,GA,1658,0.005
M,1989,Quintarius,5,GA,1658,0.005
M,1990,Quinton,56,GA,299,0.06
M,1990,Quentin,55,GA,306,0.059
M,1990,Quintavius,20,GA,644,0.022
M,1990,Quincy,19,GA,672,0.02
M,1990,Quintin,18,GA,697,0.019
M,1990,Quintavious,12,GA,946,0.013
M,1990,Quenton,9,GA,1151,0.01
M,1990,Quantavious,8,GA,1261,0.009
M,1990,Quintavis,7,GA,1386,0.008
M,1990,Quintarius,6,GA,1538,0.006
M,1990,Quinten,6,GA,1538,0.006
M,1990,Quentavius,5,GA,1727,0.005
M,1991,Quinton,51,GA,322,0.056
M,1991,Quentin,39,GA,397,0.043
M,1991,Quintavious,19,GA,676,0.021
M,1991,Quantavius,17,GA,744,0.019
M,1991,Quintin,15,GA,811,0.017
M,1991,Quintavius,14,GA,866,0.015
M,1991,Quantavious,13,GA,908,0.014
M,1991,Quincy,12,GA,953,0.013
M,1991,Quayshaun,7,GA,1403,0.008
M,1991,Quintez,7,GA,1403,0.008
M,1991,Quenton,6,GA,1560,0.007
M,1991,Quindarius,6,GA,1560,0.007
M,1992,Quinton,50,GA,332,0.056
M,1992,Quentin,29,GA,491,0.032
M,1992,Quintavious,21,GA,612,0.023
M,1992,Quincy,18,GA,692,0.02
M,1992,Quintin,13,GA,894,0.014
M,1992,Quantavious,12,GA,951,0.013
M,1992,Quantavius,12,GA,951,0.013
M,1992,Quintavius,12,GA,951,0.013
M,1992,Quadarius,7,GA,1421,0.008
M,1992,Quenton,7,GA,1421,0.008
M,1992,Quinn,7,GA,1421,0.008
M,1992,Quintavis,7,GA,1421,0.008
M,1992,Quintarius,6,GA,1595,0.007
M,1992,Quan,5,GA,1803,0.006
M,1992,Quentavious,5,GA,1803,0.006
M,1992,Quinterrius,5,GA,1803,0.006
M,1993,Quinton,47,GA,347,0.053
M,1993,Quentin,28,GA,524,0.032
M,1993,Quincy,27,GA,538,0.03
M,1993,Quintavious,21,GA,621,0.024
M,1993,Quantavious,19,GA,674,0.021
M,1993,Quintavius,11,GA,1005,0.012
M,1993,Quinn,10,GA,1096,0.011
M,1993,Quintin,8,GA,1284,0.009
M,1993,Quantavius,7,GA,1400,0.008
M,1993,Quintez,7,GA,1400,0.008
M,1993,Quentavious,6,GA,1584,0.007
M,1993,Quenton,6,GA,1584,0.007
M,1993,Quadarius,5,GA,1786,0.006
M,1993,Quantez,5,GA,1786,0.006
M,1994,Quinton,47,GA,354,0.053
M,1994,Quentin,30,GA,495,0.034
M,1994,Quintavious,28,GA,517,0.032
M,1994,Quincy,23,GA,602,0.026
M,1994,Quintavius,18,GA,710,0.02
M,1994,Quantavious,14,GA,870,0.016
M,1994,Quintin,12,GA,983,0.014
M,1994,Quantavius,10,GA,1144,0.011
M,1994,Quenton,8,GA,1314,0.009
M,1994,Quentavious,7,GA,1451,0.008
M,1994,Quandarius,6,GA,1619,0.007
M,1994,Quantez,6,GA,1619,0.007
M,1994,Quinn,6,GA,1619,0.007
M,1994,Quincey,5,GA,1862,0.006
M,1994,Quinterius,5,GA,1862,0.006
M,1995,Quinton,48,GA,356,0.054
M,1995,Quentin,35,GA,465,0.039
M,1995,Quintavious,32,GA,487,0.036
M,1995,Quincy,22,GA,626,0.025
M,1995,Quintavius,20,GA,686,0.022
M,1995,Quantavious,14,GA,898,0.016
M,1995,Quantavius,10,GA,1162,0.011
M,1995,Quentavious,8,GA,1344,0.009
M,1995,Quinn,6,GA,1648,0.007
M,1995,Quintavis,6,GA,1648,0.007
M,1995,Quinterrius,6,GA,1648,0.007
M,1995,Quintin,6,GA,1648,0.007
M,1995,Quindarius,5,GA,1834,0.006
M,1995,Quontavious,5,GA,1834,0.006
M,1996,Quinton,45,GA,376,0.05
M,1996,Quentin,31,GA,511,0.034
M,1996,Quintavious,28,GA,560,0.031
M,1996,Quincy,22,GA,663,0.024
M,1996,Quantavious,18,GA,778,0.02
M,1996,Quintavius,15,GA,889,0.017
M,1996,Quintin,11,GA,1088,0.012
M,1996,Quindarius,10,GA,1164,0.011
M,1996,Quadarius,9,GA,1258,0.01
M,1996,Quinn,9,GA,1258,0.01
M,1996,Quentavius,8,GA,1371,0.009
M,1996,Quinten,8,GA,1371,0.009
M,1996,Quantavius,7,GA,1505,0.008
M,1996,Quantavis,6,GA,1685,0.007
M,1996,Quentavious,6,GA,1685,0.007
M,1996,Quintez,6,GA,1685,0.007
M,1996,Quintavis,5,GA,1901,0.006
M,1997,Quinton,42,GA,416,0.045
M,1997,Quentin,36,GA,481,0.039
M,1997,Quintavious,23,GA,669,0.025
M,1997,Quantavious,19,GA,765,0.02
M,1997,Quantavius,12,GA,1065,0.013
M,1997,Quincy,12,GA,1065,0.013
M,1997,Quinn,10,GA,1214,0.011
M,1997,Quintavius,10,GA,1214,0.011
M,1997,Quantez,8,GA,1413,0.009
M,1997,Quintin,8,GA,1413,0.009
M,1997,Quinten,7,GA,1564,0.008
M,1997,Quentavious,6,GA,1751,0.006
M,1997,Quindarius,6,GA,1751,0.006
M,1997,Quran,6,GA,1751,0.006
M,1998,Quinton,44,GA,407,0.046
M,1998,Quentin,43,GA,422,0.045
M,1998,Quintavious,23,GA,699,0.024
M,1998,Quantavious,19,GA,824,0.02
M,1998,Quincy,12,GA,1117,0.012
M,1998,Quindarius,12,GA,1117,0.012
M,1998,Quintin,11,GA,1195,0.011
M,1998,Quintavius,10,GA,1277,0.01
M,1998,Quantavius,9,GA,1366,0.009
M,1998,Quinn,7,GA,1663,0.007
M,1998,Quandarius,6,GA,1856,0.006
M,1998,Quinten,6,GA,1856,0.006
M,1998,Quadarius,5,GA,2113,0.005
M,1998,Quindarrius,5,GA,2113,0.005
M,1998,Quintarious,5,GA,2113,0.005
M,1998,Quinterious,5,GA,2113,0.005
M,1999,Quinton,29,GA,625,0.029
M,1999,Quentin,25,GA,689,0.025
M,1999,Quintavious,21,GA,791,0.021
M,1999,Quantavious,18,GA,871,0.018
M,1999,Quintin,15,GA,991,0.015
M,1999,Quincy,14,GA,1037,0.014
M,1999,Quinn,12,GA,1158,0.012
M,1999,Quentavious,9,GA,1437,0.009
M,1999,Quintavius,8,GA,1548,0.008
M,1999,Quantavius,7,GA,1728,0.007
M,1999,Quindarius,7,GA,1728,0.007
M,1999,Quandarius,6,GA,1946,0.006
M,1999,Quinten,6,GA,1946,0.006
M,1999,Quintez,5,GA,2186,0.005
M,1999,Quontavious,5,GA,2186,0.005
M,2000,Quinton,39,GA,508,0.038
M,2000,Quintavious,27,GA,675,0.026
M,2000,Quentin,23,GA,753,0.022
M,2000,Quincy,23,GA,753,0.022
M,2000,Quantavious,13,GA,1151,0.013
M,2000,Quinn,11,GA,1314,0.011
M,2000,Quintavius,11,GA,1314,0.011
M,2000,Quintin,9,GA,1523,0.009
M,2000,Quenton,7,GA,1847,0.007
M,2000,Quindarius,7,GA,1847,0.007
M,2000,Quantavius,5,GA,2319,0.005
M,2000,Quran,5,GA,2319,0.005
M,2001,Quentin,34,GA,577,0.033
M,2001,Quincy,28,GA,674,0.027
M,2001,Quinton,28,GA,674,0.027
M,2001,Quintavious,19,GA,920,0.018
M,2001,Quantavious,15,GA,1083,0.014
M,2001,Quintin,13,GA,1183,0.013
M,2001,Quindarius,10,GA,1421,0.01
M,2001,Quinn,10,GA,1421,0.01
M,2001,Quantavius,8,GA,1666,0.008
M,2001,Quintavius,7,GA,1847,0.007
M,2001,Quentavious,5,GA,2363,0.005
M,2001,Quenton,5,GA,2363,0.005
M,2001,Quinten,5,GA,2363,0.005
M,2002,Quinton,42,GA,495,0.04
M,2002,Quentin,28,GA,690,0.027
M,2002,Quincy,19,GA,935,0.018
M,2002,Quintavious,17,GA,1006,0.016
M,2002,Quinn,14,GA,1129,0.013
M,2002,Quintin,8,GA,1689,0.008
M,2002,Quantavious,7,GA,1872,0.007
M,2002,Quindarius,6,GA,2093,0.006
M,2002,Quran,5,GA,2383,0.005
M,2003,Quentin,26,GA,751,0.024
M,2003,Quinton,24,GA,797,0.022
M,2003,Quincy,21,GA,886,0.02
M,2003,Quintavious,17,GA,1027,0.016
M,2003,Quinn,15,GA,1127,0.014
M,2003,Quantavious,8,GA,1764,0.007
M,2003,Quintin,7,GA,1936,0.007
M,2003,Quincey,6,GA,2176,0.006
M,2003,Quintavius,5,GA,2519,0.005
M,2004,Quentin,29,GA,701,0.027
M,2004,Quincy,26,GA,760,0.024
M,2004,Quintavious,21,GA,915,0.019
M,2004,Quinton,16,GA,1126,0.015
M,2004,Quinn,15,GA,1175,0.014
M,2004,Quintin,14,GA,1237,0.013
M,2004,Quantavious,7,GA,1999,0.006
M,2004,Quintavius,6,GA,2200,0.006
M,2005,Quentin,39,GA,563,0.035
M,2005,Quinton,33,GA,651,0.03
M,2005,Quincy,24,GA,844,0.022
M,2005,Quintavious,16,GA,1177,0.014
M,2005,Quantavious,11,GA,1522,0.01
M,2005,Quinn,10,GA,1623,0.009
M,2005,Quintin,10,GA,1623,0.009
M,2005,Quentavious,9,GA,1736,0.008
M,2005,Quindarius,7,GA,2077,0.006
M,2005,Quinten,5,GA,2672,0.005
M,2006,Quentin,37,GA,620,0.032
M,2006,Quincy,20,GA,1016,0.017
M,2006,Quinton,20,GA,1016,0.017
M,2006,Quinn,16,GA,1204,0.014
M,2006,Quintin,12,GA,1496,0.01
M,2006,Quintavious,10,GA,1693,0.009
M,2006,Quantavious,8,GA,2010,0.007
M,2006,Quinlan,7,GA,2204,0.006
M,2006,Quandarius,6,GA,2461,0.005
M,2006,Quavion,6,GA,2461,0.005
M,2006,Quinten,6,GA,2461,0.005
M,2006,Quintez,5,GA,2798,0.004
M,2007,Quentin,34,GA,672,0.029
M,2007,Quinton,27,GA,805,0.023
M,2007,Quincy,26,GA,832,0.022
M,2007,Quinn,22,GA,970,0.019
M,2007,Quintavious,12,GA,1527,0.01
M,2007,Quintin,12,GA,1527,0.01
M,2007,Quantavious,8,GA,2021,0.007
M,2007,Quintavius,6,GA,2491,0.005
M,2007,Quran,5,GA,2842,0.004
M,2008,Quentin,31,GA,709,0.027
M,2008,Quinn,30,GA,733,0.026
M,2008,Quincy,27,GA,797,0.024
M,2008,Quinton,26,GA,837,0.023
M,2008,Quintin,9,GA,1874,0.008
M,2008,Quintavious,8,GA,2018,0.007
M,2008,Quinten,5,GA,2841,0.004
M,2008,Quintez,5,GA,2841,0.004
M,2009,Quentin,26,GA,825,0.024
M,2009,Quincy,26,GA,825,0.024
M,2009,Quinn,25,GA,861,0.023
M,2009,Quinton,24,GA,888,0.022
M,2009,Quintavious,10,GA,1731,0.009
M,2009,Quintin,8,GA,2036,0.007
M,2009,Quadir,5,GA,2776,0.005
M,2009,Quentavious,5,GA,2776,0.005
M,2010,Quinton,26,GA,779,0.025
M,2010,Quinn,23,GA,874,0.022
M,2010,Quentin,16,GA,1165,0.015
M,2010,Quincy,11,GA,1543,0.011
M,2010,Quintavious,7,GA,2148,0.007
M,2010,Quintin,5,GA,2702,0.005
M,2011,Quinton,21,GA,942,0.02
M,2011,Quentin,19,GA,1021,0.019
M,2011,Quinn,18,GA,1068,0.018
M,2011,Quincy,16,GA,1174,0.016
M,2011,Quintin,9,GA,1785,0.009
M,2011,Quintavious,5,GA,2689,0.005
M,2012,Quentin,20,GA,972,0.02
M,2012,Quincy,16,GA,1143,0.016
M,2012,Quinn,16,GA,1143,0.016
M,2012,Quinton,15,GA,1202,0.015
M,2012,Quintin,5,GA,2670,0.005
M,2013,Quentin,23,GA,837,0.023
M,2013,Quincy,21,GA,906,0.021
M,2013,Quinn,16,GA,1123,0.016
M,2013,Quintin,11,GA,1525,0.011
M,2013,Quinton,11,GA,1525,0.011
M,2013,Quinten,7,GA,2101,0.007
M,2013,Quintavius,5,GA,2643,0.005
M,2014,Quinton,26,GA,784,0.025
M,2014,Quentin,19,GA,1018,0.018
M,2014,Quincy,16,GA,1164,0.016
M,2014,Quinn,9,GA,1768,0.009
M,2014,Quintin,5,GA,2656,0.005
M,2015,Quinton,26,GA,790,0.025
M,2015,Quincy,15,GA,1248,0.014
M,2015,Quentin,14,GA,1313,0.014
M,2015,Quinn,10,GA,1675,0.01
M,2015,Quintin,5,GA,2707,0.005
M,2016,Quentin,24,GA,844,0.024
M,2016,Quincy,20,GA,971,0.02
M,2016,Quinton,15,GA,1232,0.015
M,2016,Quinn,10,GA,1695,0.01
M,2017,Quentin,20,GA,986,0.02
M,2017,Quinton,17,GA,1125,0.017
M,2017,Quinn,16,GA,1170,0.016
M,2017,Quincy,14,GA,1297,0.014
M,2017,Quintavious,8,GA,1972,0.008
M,2017,Quintin,6,GA,2377,0.006
M,2018,Quincy,19,GA,1026,0.019
M,2018,Quinton,17,GA,1118,0.017
M,2018,Quentin,13,GA,1379,0.013
M,2018,Quinn,11,GA,1554,0.011
M,2018,Quintin,7,GA,2184,0.007
M,2018,Quintavious,5,GA,2764,0.005
M,2019,Quincy,23,GA,893,0.023
M,2019,Quinton,14,GA,1332,0.014
M,2019,Quentin,9,GA,1856,0.009
M,2019,Quadir,6,GA,2435,0.006
M,2019,Quincey,5,GA,2787,0.005
M,2019,Quinn,5,GA,2787,0.005
M,2019,Quintavious,5,GA,2787,0.005
M,2020,Quincy,20,GA,1004,0.021
M,2020,Quentin,19,GA,1047,0.02
M,2020,Quinton,19,GA,1047,0.02
M,2020,Quinn,9,GA,1820,0.01
M,2020,Quadir,6,GA,2427,0.006
M,2020,Qadir,5,GA,2769,0.005
M,2021,Quentin,14,GA,1344,0.015
M,2021,Quinton,14,GA,1344,0.015
M,2021,Quincy,11,GA,1607,0.012
M,2021,Quinn,10,GA,1736,0.01
M,2021,Quadir,8,GA,2035,0.008
M,2021,Quest,7,GA,2226,0.007
M,2022,Quinn,22,GA,955,0.023
M,2022,Quentin,16,GA,1242,0.017
M,2022,Quincy,16,GA,1242,0.017
M,2022,Quest,11,GA,1655,0.011
M,2022,Quinton,10,GA,1770,0.01
M,2022,Quintin,5,GA,2863,0.005
M,2023,Quincy,11,GA,1673,0.012
M,2023,Quentin,9,GA,1927,0.009
M,2023,Quest,9,GA,1927,0.009
M,2023,Quinn,9,GA,1927,0.009
M,2023,Quadir,6,GA,2537,0.006
M,2023,Quamir,5,GA,2904,0.005
M,2023,Quinton,5,GA,2904,0.005
M,2024,Quincy,16,GA,1248,0.017
M,2024,Quinton,15,GA,1314,0.016
M,2024,Quinn,12,GA,1562,0.012
M,2024,Quentin,8,GA,2115,0.008
M,2024,Quamir,7,GA,2319,0.007
M,2024,Quadir,6,GA,2584,0.006
M,2024,Quest,6,GA,2584,0.006
F,1910,Queenie,15,SC,207,0.1
F,1910,Queen,10,SC,275,0.067
F,1911,Queen,16,SC,194,0.108
F,1911,Queenie,5,SC,429,0.034
F,1912,Queen,22,SC,201,0.108
F,1912,Queenie,5,SC,529,0.025
F,1913,Queen,20,SC,225,0.09
F,1913,Queenie,7,SC,463,0.031
F,1914,Queen,29,SC,208,0.103
F,1914,Queenie,8,SC,469,0.028
F,1915,Queen,18,SC,311,0.055
F,1915,Queenie,13,SC,385,0.04
F,1916,Queen,26,SC,258,0.072
F,1916,Queenie,12,SC,431,0.033
F,1917,Queen,31,SC,236,0.085
F,1917,Queenie,10,SC,475,0.027
F,1918,Queen,42,SC,199,0.102
F,1918,Queenie,17,SC,376,0.041
F,1919,Queen,34,SC,244,0.077
F,1919,Queenie,16,SC,399,0.036
F,1920,Queen,29,SC,287,0.063
F,1920,Queenie,10,SC,537,0.022
F,1921,Queen,27,SC,287,0.061
F,1921,Queenie,7,SC,662,0.016
F,1922,Queen,29,SC,289,0.063
F,1922,Queenie,6,SC,721,0.013
F,1923,Queen,40,SC,224,0.092
F,1923,Queenie,8,SC,594,0.018
F,1924,Queen,31,SC,268,0.069
F,1924,Queenie,7,SC,676,0.016
F,1925,Queen,47,SC,191,0.109
F,1925,Queenie,5,SC,778,0.012
F,1926,Queen,26,SC,277,0.065
F,1926,Queenie,10,SC,488,0.025
F,1927,Queen,42,SC,206,0.104
F,1927,Queenie,15,SC,398,0.037
F,1928,Queen,45,SC,193,0.114
F,1929,Queen,37,SC,210,0.102
F,1930,Queen,36,SC,217,0.096
F,1930,Queenie,6,SC,669,0.016
F,1931,Queen,35,SC,208,0.1
F,1931,Queenie,9,SC,502,0.026
F,1932,Queen,48,SC,184,0.121
F,1933,Queen,37,SC,224,0.097
F,1933,Queenie,7,SC,605,0.018
F,1934,Queen,44,SC,198,0.11
F,1935,Queen,33,SC,240,0.084
F,1935,Queenie,6,SC,675,0.015
F,1936,Queen,34,SC,242,0.088
F,1937,Queen,38,SC,228,0.095
F,1937,Queenie,8,SC,590,0.02
F,1938,Queen,28,SC,289,0.07
F,1938,Queenie,9,SC,537,0.023
F,1939,Queen,45,SC,206,0.108
F,1939,Queenie,5,SC,770,0.012
F,1940,Queen,31,SC,271,0.072
F,1940,Queenie,7,SC,652,0.016
F,1941,Queen,31,SC,284,0.07
F,1941,Queenie,5,SC,777,0.011
F,1942,Queen,31,SC,291,0.065
F,1943,Queen,39,SC,259,0.079
F,1944,Queen,23,SC,366,0.048
F,1944,Queenie,11,SC,534,0.023
F,1945,Queen,30,SC,301,0.065
F,1945,Queenie,5,SC,802,0.011
F,1946,Queen,41,SC,257,0.079
F,1946,Queenie,7,SC,707,0.014
F,1947,Queen,28,SC,357,0.049
F,1947,Queenie,8,SC,692,0.014
F,1948,Queen,41,SC,276,0.074
F,1949,Queen,35,SC,314,0.062
F,1950,Queen,38,SC,292,0.068
F,1950,Queenie,5,SC,883,0.009
F,1951,Queen,38,SC,306,0.066
F,1951,Queenie,9,SC,655,0.016
F,1952,Queen,30,SC,352,0.051
F,1952,Queenie,6,SC,825,0.01
F,1953,Queen,41,SC,281,0.069
F,1953,Queenie,9,SC,670,0.015
F,1954,Queen,39,SC,295,0.064
F,1955,Queen,28,SC,375,0.047
F,1956,Queen,26,SC,387,0.044
F,1957,Queen,19,SC,471,0.032
F,1958,Queen,12,SC,591,0.021
F,1959,Queen,23,SC,418,0.042
F,1960,Queen,14,SC,554,0.026
F,1960,Queenie,6,SC,847,0.011
F,1961,Queen,17,SC,499,0.031
F,1962,Queen,16,SC,495,0.03
F,1964,Queen,6,SC,871,0.012
F,1965,Queen,7,SC,753,0.015
F,1966,Queen,5,SC,877,0.011
F,1967,Queen,8,SC,692,0.019
F,1968,Queen,8,SC,674,0.019
F,1975,Quantina,5,SC,859,0.014
F,1979,Quiana,8,SC,697,0.021
F,1979,Quantina,5,SC,942,0.013
F,1979,Queen,5,SC,942,0.013
F,1981,Quanda,5,SC,937,0.013
F,1981,Quintella,5,SC,937,0.013
F,1990,Quanisha,8,SC,770,0.018
F,1990,Quanesha,6,SC,952,0.014
F,1991,Quaneisha,8,SC,767,0.019
F,1991,Quanisha,6,SC,922,0.014
F,1992,Quanisha,5,SC,1083,0.012
F,1993,Quanisha,6,SC,892,0.015
F,1994,Quanisha,8,SC,709,0.021
F,1995,Quanisha,10,SC,609,0.028
F,1996,Quanisha,5,SC,1009,0.014
F,1997,Quanisha,5,SC,1042,0.014
F,2009,Quinn,8,SC,981,0.02
F,2010,Quinn,9,SC,862,0.023
F,2011,Quinn,5,SC,1345,0.013
F,2012,Quinn,14,SC,597,0.037
F,2013,Quinn,23,SC,403,0.059
F,2013,Queen,5,SC,1385,0.013
F,2014,Quinn,17,SC,538,0.043
F,2014,Queen,5,SC,1385,0.013
F,2015,Quinn,27,SC,362,0.068
F,2016,Quinn,25,SC,387,0.064
F,2016,Queen,7,SC,1093,0.018
F,2017,Quinn,25,SC,391,0.065
F,2018,Quinn,30,SC,317,0.078
F,2018,Queen,7,SC,1127,0.018
F,2019,Quinn,18,SC,525,0.047
F,2019,Queen,12,SC,758,0.031
F,2020,Quinn,17,SC,545,0.046
F,2020,Queen,6,SC,1290,0.016
F,2021,Quinn,32,SC,289,0.084
F,2022,Quinn,18,SC,547,0.047
F,2023,Quinn,24,SC,404,0.063
F,2024,Quinn,28,SC,352,0.072
M,1917,Quincy,5,SC,738,0.014
M,1918,Quinton,5,SC,765,0.012
M,1919,Quincy,7,SC,648,0.016
M,1922,Quincy,6,SC,721,0.013
M,1922,Quinton,6,SC,721,0.013
M,1923,Quincy,5,SC,797,0.012
M,1926,Quincy,8,SC,578,0.02
M,1935,Quincy,5,SC,741,0.013
M,1940,Quincy,6,SC,719,0.014
M,1948,Quincy,5,SC,870,0.009
M,1950,Quincy,6,SC,790,0.011
M,1953,Quincy,5,SC,921,0.008
M,1956,Quincy,5,SC,946,0.008
M,1960,Quincy,5,SC,929,0.009
M,1960,Quintin,5,SC,929,0.009
M,1961,Quintin,5,SC,939,0.009
M,1962,Quinton,5,SC,941,0.01
M,1963,Quinton,9,SC,705,0.017
M,1963,Quintin,7,SC,799,0.014
M,1963,Quincy,5,SC,936,0.01
M,1964,Quinton,8,SC,734,0.016
M,1964,Quincy,5,SC,952,0.01
M,1964,Quintin,5,SC,952,0.01
M,1965,Quinton,6,SC,795,0.013
M,1968,Quincy,6,SC,806,0.014
M,1969,Quentin,6,SC,814,0.014
M,1969,Quinton,6,SC,814,0.014
M,1970,Quincy,13,SC,539,0.03
M,1970,Quentin,6,SC,822,0.014
M,1970,Quinton,6,SC,822,0.014
M,1971,Quincy,12,SC,554,0.027
M,1971,Quentin,6,SC,840,0.014
M,1972,Quentin,12,SC,535,0.029
M,1972,Quincy,10,SC,606,0.024
M,1972,Quinton,7,SC,750,0.017
M,1973,Quincy,19,SC,401,0.048
M,1973,Quentin,6,SC,804,0.015
M,1973,Quinton,6,SC,804,0.015
M,1974,Quincy,16,SC,431,0.042
M,1974,Quentin,10,SC,585,0.026
M,1974,Quinton,5,SC,884,0.013
M,1975,Quincy,27,SC,283,0.074
M,1975,Quentin,15,SC,451,0.041
M,1975,Quinton,10,SC,584,0.027
M,1976,Quincy,37,SC,215,0.1
M,1976,Quentin,24,SC,318,0.065
M,1976,Quinton,12,SC,523,0.033
M,1977,Quincy,35,SC,238,0.092
M,1977,Quentin,19,SC,398,0.05
M,1977,Quinton,8,SC,693,0.021
M,1978,Quincy,38,SC,211,0.101
M,1978,Quentin,13,SC,497,0.035
M,1978,Quinton,7,SC,745,0.019
M,1979,Quincy,36,SC,213,0.094
M,1979,Quentin,17,SC,418,0.044
M,1979,Quinton,8,SC,697,0.021
M,1980,Quincy,27,SC,299,0.069
M,1980,Quentin,24,SC,320,0.061
M,1980,Quinton,12,SC,521,0.03
M,1980,Quintin,6,SC,833,0.015
M,1981,Quincy,25,SC,298,0.064
M,1981,Quentin,16,SC,415,0.041
M,1981,Quinton,15,SC,429,0.038
M,1981,Quintin,6,SC,836,0.015
M,1981,Quinn,5,SC,937,0.013
M,1982,Quentin,32,SC,246,0.082
M,1982,Quincy,20,SC,369,0.051
M,1982,Quinton,18,SC,401,0.046
M,1982,Quintin,14,SC,469,0.036
M,1983,Quentin,50,SC,154,0.13
M,1983,Quinton,43,SC,180,0.112
M,1983,Quincy,17,SC,401,0.044
M,1983,Quintin,13,SC,491,0.034
M,1983,Quinten,5,SC,907,0.013
M,1984,Quentin,36,SC,203,0.094
M,1984,Quinton,32,SC,225,0.084
M,1984,Quincy,20,SC,344,0.052
M,1984,Quintin,12,SC,504,0.031
M,1985,Quentin,29,SC,258,0.074
M,1985,Quinton,27,SC,272,0.069
M,1985,Quincy,19,SC,361,0.048
M,1985,Quintin,15,SC,427,0.038
M,1986,Quentin,39,SC,195,0.101
M,1986,Quinton,20,SC,339,0.052
M,1986,Quincy,11,SC,527,0.028
M,1986,Quintin,11,SC,527,0.028
M,1987,Quentin,44,SC,171,0.111
M,1987,Quinton,16,SC,419,0.04
M,1987,Quintin,12,SC,520,0.03
M,1988,Quentin,44,SC,177,0.107
M,1988,Quinton,35,SC,229,0.085
M,1988,Quintin,17,SC,415,0.041
M,1988,Quincy,8,SC,703,0.019
M,1988,Quinten,5,SC,986,0.012
M,1989,Quentin,42,SC,195,0.097
M,1989,Quinton,36,SC,229,0.083
M,1989,Quincy,18,SC,411,0.041
M,1989,Quintin,17,SC,431,0.039
M,1989,Quinn,8,SC,724,0.018
M,1989,Quinten,6,SC,875,0.014
M,1990,Quentin,44,SC,197,0.099
M,1990,Quinton,40,SC,220,0.09
M,1990,Quintin,22,SC,352,0.05
M,1990,Quincy,14,SC,503,0.032
M,1990,Quenton,10,SC,638,0.023
M,1990,Quinten,8,SC,770,0.018
M,1990,Quamaine,5,SC,1079,0.011
M,1990,Quinn,5,SC,1079,0.011
M,1991,Quentin,30,SC,275,0.071
M,1991,Quinton,26,SC,311,0.061
M,1991,Quintin,23,SC,351,0.054
M,1991,Quincy,16,SC,465,0.038
M,1991,Quinten,7,SC,839,0.016
M,1991,Quinn,5,SC,1042,0.012
M,1992,Quinton,23,SC,337,0.055
M,1992,Quentin,16,SC,445,0.039
M,1992,Quincy,13,SC,530,0.031
M,1992,Quintin,5,SC,1083,0.012
M,1993,Quentin,26,SC,302,0.066
M,1993,Quinton,21,SC,363,0.054
M,1993,Quincy,8,SC,729,0.02
M,1993,Quintin,7,SC,796,0.018
M,1993,Quinn,5,SC,1011,0.013
M,1994,Quinton,26,SC,294,0.07
M,1994,Quentin,17,SC,421,0.046
M,1994,Quincy,10,SC,603,0.027
M,1994,Quintin,10,SC,603,0.027
M,1995,Quentin,29,SC,256,0.08
M,1995,Quincy,12,SC,525,0.033
M,1995,Quinton,12,SC,525,0.033
M,1996,Quinton,21,SC,342,0.058
M,1996,Quincy,11,SC,585,0.031
M,1996,Quentin,10,SC,628,0.028
M,1996,Quintin,6,SC,888,0.017
M,1996,Quashawn,5,SC,1009,0.014
M,1997,Quinton,25,SC,303,0.069
M,1997,Quentin,19,SC,378,0.052
M,1997,Quincy,6,SC,923,0.017
M,1998,Quentin,22,SC,341,0.059
M,1998,Quincy,10,SC,684,0.027
M,1998,Quintin,8,SC,799,0.021
M,1998,Quinton,8,SC,799,0.021
M,1998,Quinn,5,SC,1094,0.013
M,1999,Quentin,16,SC,464,0.043
M,1999,Quinton,9,SC,723,0.024
M,1999,Quincy,8,SC,803,0.021
M,1999,Quintez,5,SC,1093,0.013
M,2000,Quentin,15,SC,518,0.04
M,2000,Quincy,14,SC,546,0.037
M,2000,Quintin,7,SC,909,0.019
M,2000,Quinton,7,SC,909,0.019
M,2000,Quantavious,5,SC,1148,0.013
M,2000,Quinten,5,SC,1148,0.013
M,2001,Quinton,18,SC,412,0.048
M,2001,Quentin,15,SC,487,0.04
M,2001,Quincy,5,SC,1156,0.013
M,2001,Quintin,5,SC,1156,0.013
M,2002,Quinton,14,SC,546,0.038
M,2002,Quentin,9,SC,751,0.025
M,2002,Quincy,6,SC,1023,0.016
M,2002,Quinn,5,SC,1174,0.014
M,2002,Quinten,5,SC,1174,0.014
M,2003,Quinton,10,SC,728,0.027
M,2003,Quentin,9,SC,792,0.024
M,2003,Quamaine,6,SC,1091,0.016
M,2003,Quincy,6,SC,1091,0.016
M,2003,Quinlan,5,SC,1234,0.013
M,2003,Quinten,5,SC,1234,0.013
M,2003,Quintin,5,SC,1234,0.013
M,2004,Quentin,18,SC,446,0.047
M,2004,Quinton,10,SC,755,0.026
M,2004,Quincy,9,SC,816,0.024
M,2005,Quentin,19,SC,437,0.049
M,2005,Quincy,13,SC,616,0.034
M,2005,Quinton,10,SC,781,0.026
M,2005,Quinn,6,SC,1137,0.016
M,2006,Quentin,13,SC,677,0.031
M,2006,Quinton,11,SC,787,0.026
M,2006,Quincy,8,SC,1011,0.019
M,2006,Quintin,7,SC,1108,0.017
M,2006,Quinn,5,SC,1389,0.012
M,2007,Quentin,20,SC,446,0.048
M,2007,Quinton,11,SC,791,0.026
M,2007,Quinn,9,SC,928,0.021
M,2007,Quincy,8,SC,1011,0.019
M,2007,Quintin,7,SC,1129,0.017
M,2008,Quentin,22,SC,415,0.052
M,2008,Quinn,14,SC,643,0.033
M,2008,Quincy,12,SC,740,0.028
M,2008,Quinton,7,SC,1139,0.017
M,2008,Quintin,6,SC,1265,0.014
M,2009,Quinn,15,SC,586,0.037
M,2009,Quincy,9,SC,878,0.022
M,2009,Quinton,8,SC,981,0.02
M,2009,Quentin,7,SC,1102,0.017
M,2009,Quintin,5,SC,1429,0.012
M,2010,Quentin,14,SC,605,0.036
M,2010,Quinn,9,SC,862,0.023
M,2010,Quincy,8,SC,951,0.021
M,2010,Quinton,7,SC,1078,0.018
M,2011,Quentin,9,SC,848,0.023
M,2011,Quinn,6,SC,1182,0.016
M,2012,Quentin,10,SC,795,0.026
M,2012,Quinn,9,SC,874,0.023
M,2012,Quinton,7,SC,1057,0.018
M,2012,Quincy,6,SC,1209,0.016
M,2012,Quintin,5,SC,1385,0.013
M,2013,Quentin,12,SC,683,0.031
M,2013,Quincy,8,SC,960,0.021
M,2013,Quinn,6,SC,1182,0.015
M,2014,Quincy,9,SC,909,0.023
M,2014,Quinton,8,SC,992,0.02
M,2014,Quentin,7,SC,1080,0.018
M,2014,Quinn,6,SC,1214,0.015
M,2015,Quentin,7,SC,1100,0.018
M,2015,Quincy,7,SC,1100,0.018
M,2015,Quinton,7,SC,1100,0.018
M,2016,Quinn,14,SC,628,0.036
M,2016,Quinton,9,SC,896,0.023
M,2016,Quentin,8,SC,982,0.02
M,2017,Quentin,10,SC,834,0.026
M,2017,Quincy,7,SC,1104,0.018
M,2017,Quinn,6,SC,1238,0.015
M,2017,Quinton,5,SC,1414,0.013
M,2018,Quincy,9,SC,930,0.023
M,2018,Quinn,9,SC,930,0.023
M,2018,Quentin,6,SC,1241,0.016
M,2018,Quinton,6,SC,1241,0.016
M,2019,Quadir,5,SC,1442,0.013
M,2019,Quinn,5,SC,1442,0.013
M,2020,Quincy,10,SC,880,0.027
M,2020,Quinn,8,SC,1036,0.021
M,2020,Quentin,6,SC,1290,0.016
M,2020,Quinton,6,SC,1290,0.016
M,2021,Quentin,10,SC,888,0.026
M,2021,Quinton,9,SC,947,0.024
M,2021,Quinn,8,SC,1033,0.021
M,2021,Quadir,5,SC,1481,0.013
M,2022,Quincy,7,SC,1181,0.018
M,2022,Quinn,6,SC,1329,0.016
M,2022,Quentin,5,SC,1511,0.013
M,2023,Quinn,9,SC,988,0.024
M,2024,Quincy,6,SC,1361,0.015
M,2024,Quinn,6,SC,1361,0.015
M,2024,Quentin,5,SC,1540,0.013
F,1996,Quincy,9,UT,670,0.026
F,1998,Quincy,5,UT,1072,0.014
F,2000,Quinn,5,UT,1144,0.013
F,2002,Quincy,6,UT,1044,0.015
F,2003,Quincy,9,UT,819,0.023
F,2003,Quinn,5,UT,1249,0.013
F,2004,Quincy,5,UT,1258,0.012
F,2005,Quincy,10,UT,794,0.025
F,2005,Quinn,8,UT,930,0.02
F,2006,Quincy,12,UT,721,0.028
F,2006,Quinn,7,UT,1068,0.017
F,2007,Quinn,8,UT,1006,0.018
F,2007,Quincy,6,UT,1244,0.014
F,2008,Quincy,9,UT,946,0.021
F,2008,Quinn,6,UT,1276,0.014
F,2009,Quincy,11,UT,795,0.026
F,2009,Quinn,6,UT,1283,0.014
F,2010,Quinn,26,UT,397,0.065
F,2010,Quincy,11,UT,788,0.027
F,2010,Quincee,6,UT,1224,0.015
F,2010,Quincey,5,UT,1400,0.012
F,2010,Quinlee,5,UT,1400,0.012
F,2011,Quinn,33,UT,315,0.084
F,2011,Quincy,13,UT,689,0.033
F,2012,Quinn,35,UT,296,0.088
F,2012,Quincy,10,UT,848,0.025
F,2012,Quincee,9,UT,929,0.023
F,2012,Quorra,8,UT,1015,0.02
F,2012,Quincey,6,UT,1240,0.015
F,2013,Quinn,59,UT,159,0.15
F,2013,Quincy,22,UT,463,0.056
F,2013,Quincee,9,UT,906,0.023
F,2014,Quinn,49,UT,200,0.124
F,2014,Quincy,11,UT,814,0.028
F,2015,Quinn,63,UT,144,0.161
F,2015,Quincy,16,UT,594,0.041
F,2015,Quincey,7,UT,1114,0.018
F,2016,Quinn,83,UT,97,0.213
F,2016,Quincy,25,UT,400,0.064
F,2016,Quincey,8,UT,1019,0.021
F,2016,Quinley,6,UT,1235,0.015
F,2017,Quinn,75,UT,95,0.201
F,2017,Quincy,13,UT,690,0.035
F,2017,Quincee,5,UT,1366,0.013
F,2018,Quinn,70,UT,106,0.193
F,2018,Quincy,26,UT,355,0.072
F,2018,Quincee,5,UT,1321,0.014
F,2018,Quinley,5,UT,1321,0.014
F,2019,Quinn,67,UT,113,0.185
F,2019,Quincy,19,UT,482,0.053
F,2019,Quincey,8,UT,987,0.022
F,2020,Quinn,64,UT,116,0.181
F,2020,Quincy,26,UT,347,0.073
F,2021,Quinn,73,UT,97,0.202
F,2021,Quincy,29,UT,335,0.08
F,2021,Quincey,6,UT,1239,0.017
F,2021,Quincee,5,UT,1390,0.014
F,2022,Quinn,56,UT,140,0.16
F,2022,Quincy,30,UT,305,0.086
F,2022,Quincey,5,UT,1359,0.014
F,2022,Quinlee,5,UT,1359,0.014
F,2023,Quinn,58,UT,129,0.168
F,2023,Quincy,36,UT,253,0.104
F,2023,Quincey,5,UT,1342,0.014
F,2024,Quinn,39,UT,234,0.108
F,2024,Quincy,32,UT,289,0.089
F,2024,Quincey,5,UT,1385,0.014
M,1918,Quentin,10,UT,259,0.1
M,1919,Quentin,6,UT,339,0.068
M,1920,Quentin,7,UT,328,0.072
M,1921,Quentin,7,UT,319,0.069
M,1921,Que,5,UT,402,0.049
M,1957,Quinn,7,UT,536,0.031
M,1960,Quinn,7,UT,532,0.031
M,1963,Quinn,5,UT,621,0.023
M,1965,Quinn,5,UT,588,0.027
M,1966,Quinn,9,UT,415,0.047
M,1968,Quinn,10,UT,379,0.051
M,1969,Quinn,5,UT,596,0.024
M,1970,Quinn,9,UT,443,0.039
M,1971,Quinn,11,UT,393,0.047
M,1971,Quentin,5,UT,658,0.021
M,1972,Quinn,6,UT,569,0.026
M,1972,Quentin,5,UT,646,0.022
M,1973,Quintin,5,UT,661,0.021
M,1974,Quinn,10,UT,415,0.039
M,1974,Quentin,5,UT,676,0.02
M,1975,Quinn,8,UT,520,0.03
M,1976,Quinn,17,UT,314,0.056
M,1976,Quinton,5,UT,747,0.017
M,1977,Quinn,9,UT,522,0.028
M,1977,Quentin,6,UT,680,0.019
M,1978,Quinn,13,UT,413,0.039
M,1978,Quentin,5,UT,801,0.015
M,1978,Quinton,5,UT,801,0.015
M,1979,Quinn,19,UT,329,0.054
M,1979,Quinton,6,UT,707,0.017
M,1980,Quinn,14,UT,418,0.039
M,1980,Quinton,7,UT,675,0.02
M,1981,Quinn,13,UT,442,0.037
M,1981,Quentin,5,UT,849,0.014
M,1982,Quinn,6,UT,726,0.017
M,1983,Quinn,7,UT,631,0.021
M,1984,Quinn,13,UT,412,0.04
M,1986,Quinn,9,UT,514,0.03
M,1987,Quinn,12,UT,416,0.041
M,1988,Quinton,9,UT,526,0.03
M,1988,Quinn,5,UT,814,0.017
M,1989,Quinn,9,UT,543,0.03
M,1989,Quinton,8,UT,595,0.027
M,1989,Quentin,6,UT,731,0.02
M,1990,Quinton,11,UT,470,0.036
M,1990,Quinn,9,UT,547,0.03
M,1990,Quentin,6,UT,747,0.02
M,1991,Quinton,11,UT,479,0.037
M,1991,Quinn,10,UT,528,0.034
M,1991,Quincy,6,UT,759,0.02
M,1992,Quinn,7,UT,696,0.023
M,1992,Quinton,7,UT,696,0.023
M,1993,Quinn,15,UT,388,0.049
M,1993,Quinton,8,UT,631,0.026
M,1994,Quinn,18,UT,359,0.057
M,1994,Quinton,12,UT,481,0.038
M,1994,Quentin,8,UT,638,0.026
M,1994,Quincy,5,UT,896,0.016
M,1995,Quinn,14,UT,440,0.043
M,1995,Quinton,10,UT,577,0.031
M,1995,Quincy,6,UT,836,0.019
M,1996,Quinton,20,UT,370,0.059
M,1996,Quinn,18,UT,397,0.053
M,1996,Quentin,6,UT,879,0.018
M,1996,Quincy,6,UT,879,0.018
M,1997,Quinn,23,UT,341,0.066
M,1997,Quinton,11,UT,586,0.032
M,1997,Quade,7,UT,819,0.02
M,1997,Quintin,6,UT,920,0.017
M,1997,Quinten,5,UT,1049,0.014
M,1998,Quinn,23,UT,359,0.064
M,1998,Quintin,8,UT,782,0.022
M,1998,Quinton,8,UT,782,0.022
M,1998,Quentin,6,UT,952,0.017
M,1999,Quinn,16,UT,497,0.043
M,1999,Quentin,13,UT,574,0.035
M,1999,Quinton,13,UT,574,0.035
M,1999,Quincy,8,UT,805,0.021
M,1999,Quade,6,UT,995,0.016
M,1999,Quintin,6,UT,995,0.016
M,2000,Quinton,22,UT,395,0.058
M,2000,Quinn,13,UT,584,0.034
M,2000,Quentin,8,UT,838,0.021
M,2000,Quincy,7,UT,910,0.018
M,2000,Quinten,5,UT,1144,0.013
M,2001,Quinn,22,UT,402,0.057
M,2001,Quinton,13,UT,592,0.034
M,2001,Quinten,8,UT,858,0.021
M,2001,Quintin,7,UT,944,0.018
M,2001,Quentin,6,UT,1048,0.016
M,2001,Quincy,5,UT,1195,0.013
M,2002,Quinton,12,UT,640,0.031
M,2002,Quinn,9,UT,794,0.023
M,2002,Quincy,6,UT,1044,0.015
M,2002,Quinten,6,UT,1044,0.015
M,2002,Quaid,5,UT,1186,0.013
M,2002,Quentin,5,UT,1186,0.013
M,2003,Quinn,13,UT,639,0.033
M,2003,Quentin,12,UT,674,0.03
M,2003,Quinton,11,UT,714,0.028
M,2003,Quinten,6,UT,1097,0.015
M,2004,Quinn,13,UT,639,0.032
M,2004,Quintin,9,UT,833,0.022
M,2004,Quinton,6,UT,1111,0.015
M,2005,Quincy,16,UT,561,0.039
M,2005,Quinn,16,UT,561,0.039
M,2005,Quinton,14,UT,628,0.034
M,2005,Quentin,11,UT,735,0.027
M,2005,Quade,7,UT,1017,0.017
M,2006,Quinn,25,UT,406,0.059
M,2006,Quinton,13,UT,686,0.031
M,2006,Quentin,12,UT,721,0.028
M,2006,Quincy,6,UT,1190,0.014
M,2007,Quinn,24,UT,412,0.055
M,2007,Quinton,17,UT,581,0.039
M,2007,Quentin,6,UT,1244,0.014
M,2007,Quincy,6,UT,1244,0.014
M,2008,Quinn,26,UT,404,0.06
M,2008,Quentin,11,UT,818,0.025
M,2008,Quinton,10,UT,882,0.023
M,2008,Quintin,8,UT,1024,0.018
M,2008,Quaid,6,UT,1276,0.014
M,2009,Quinn,29,UT,369,0.069
M,2009,Quinton,11,UT,795,0.026
M,2009,Quinten,10,UT,849,0.024
M,2009,Quintin,8,UT,1032,0.019
M,2009,Quade,5,UT,1445,0.012
M,2009,Quincy,5,UT,1445,0.012
M,2010,Quinn,36,UT,290,0.089
M,2010,Quinton,15,UT,618,0.037
M,2010,Quinten,10,UT,832,0.025
M,2010,Quentin,9,UT,899,0.022
M,2010,Quincy,6,UT,1224,0.015
M,2010,Quade,5,UT,1400,0.012
M,2011,Quinn,30,UT,349,0.076
M,2011,Quinton,10,UT,847,0.025
M,2011,Quentin,7,UT,1081,0.018
M,2011,Quinten,7,UT,1081,0.018
M,2011,Quintin,7,UT,1081,0.018
M,2012,Quinn,25,UT,411,0.063
M,2012,Quentin,12,UT,742,0.03
M,2012,Quinton,9,UT,929,0.023
M,2012,Quintin,7,UT,1112,0.018
M,2012,Quincy,6,UT,1240,0.015
M,2013,Quinn,27,UT,378,0.069
M,2013,Quinton,15,UT,622,0.038
M,2013,Quincy,8,UT,981,0.02
M,2013,Quentin,7,UT,1086,0.018
M,2013,Quintin,5,UT,1378,0.013
M,2014,Quinn,21,UT,482,0.053
M,2014,Quentin,10,UT,863,0.025
M,2014,Quincy,10,UT,863,0.025
M,2014,Quinton,10,UT,863,0.025
M,2014,Quade,5,UT,1417,0.013
M,2014,Quinten,5,UT,1417,0.013
M,2014,Quintin,5,UT,1417,0.013
M,2015,Quinn,25,UT,395,0.064
M,2015,Quinton,12,UT,762,0.031
M,2015,Quentin,11,UT,816,0.028
M,2015,Quintin,7,UT,1114,0.018
M,2015,Quade,6,UT,1227,0.015
M,2016,Quinn,26,UT,383,0.067
M,2016,Quincy,11,UT,800,0.028
M,2016,Quentin,10,UT,867,0.026
M,2016,Quinton,9,UT,927,0.023
M,2016,Quinten,7,UT,1105,0.018
M,2017,Quinn,35,UT,267,0.094
M,2017,Quinton,10,UT,831,0.027
M,2017,Quinten,6,UT,1230,0.016
M,2017,Quentin,5,UT,1366,0.013
M,2017,Quincy,5,UT,1366,0.013
M,2018,Quinn,20,UT,476,0.055
M,2018,Quinton,11,UT,782,0.03
M,2018,Quentin,8,UT,970,0.022
M,2018,Quincy,6,UT,1185,0.017
M,2018,Quinten,6,UT,1185,0.017
M,2019,Quinn,18,UT,508,0.05
M,2019,Quentin,11,UT,772,0.03
M,2019,Quincy,11,UT,772,0.03
M,2019,Quintin,9,UT,903,0.025
M,2019,Quinton,9,UT,903,0.025
M,2019,Quill,5,UT,1365,0.014
M,2020,Quinn,24,UT,376,0.068
M,2020,Quinton,14,UT,636,0.04
M,2020,Quentin,10,UT,837,0.028
M,2020,Quincy,6,UT,1178,0.017
M,2020,Quaid,5,UT,1342,0.014
M,2021,Quinn,10,UT,841,0.028
M,2021,Quinton,10,UT,841,0.028
M,2021,Quentin,7,UT,1119,0.019
M,2021,Quincy,7,UT,1119,0.019
M,2022,Quinn,23,UT,401,0.066
M,2022,Quinton,10,UT,827,0.029
M,2022,Quin,5,UT,1359,0.014
M,2022,Quincy,5,UT,1359,0.014
M,2023,Quinn,21,UT,424,0.061
M,2023,Quade,5,UT,1342,0.014
M,2024,Quinn,22,UT,438,0.061
M,2024,Quinton,10,UT,846,0.028
M,2024,Quade,6,UT,1235,0.017
M,2024,Quincy,6,UT,1235,0.017
M,2024,Quin,5,UT,1385,0.014
F,2008,Quinn,5,VT,220,0.149
F,2010,Quinn,6,VT,186,0.194
F,2012,Quinn,5,VT,213,0.17
F,2013,Quinn,7,VT,156,0.229
F,2014,Quinn,5,VT,219,0.16
F,2015,Quinn,9,VT,114,0.31
F,2016,Quinn,8,VT,128,0.29
F,2017,Quinn,13,VT,53,0.493
F,2018,Quinn,11,VT,66,0.429
F,2019,Quinn,7,VT,145,0.281
F,2020,Quinn,8,VT,106,0.353
F,2021,Quinn,15,VT,28,0.628
F,2022,Quinn,10,VT,79,0.425
F,2023,Quinn,7,VT,116,0.333
F,2024,Quinn,8,VT,88,0.386
M,1994,Quinn,6,VT,221,0.117
M,1996,Quinn,5,VT,240,0.112
M,1997,Quinn,6,VT,210,0.14
M,2000,Quinn,5,VT,238,0.122
M,2001,Quinn,7,VT,181,0.177
M,2003,Quinn,7,VT,179,0.18
M,2004,Quinn,5,VT,239,0.13
M,2005,Quinn,6,VT,195,0.159
M,2006,Quinn,9,VT,133,0.253
M,2007,Quinn,9,VT,132,0.252
M,2008,Quinn,6,VT,186,0.179
M,2009,Quinn,5,VT,218,0.157
M,2010,Quinn,7,VT,160,0.226
M,2011,Quinn,7,VT,162,0.231
M,2012,Quinn,7,VT,152,0.238
M,2015,Quinn,5,VT,226,0.172
M,2017,Quinn,6,VT,171,0.228
M,2018,Quinn,6,VT,172,0.234
M,2022,Quinn,5,VT,193,0.213
M,2024,Quinn,8,VT,88,0.386
F,1919,Queen,7,KY,750,0.014
F,1922,Queen,5,KY,992,0.009
F,2010,Quinn,6,KY,1111,0.015
F,2011,Quinn,18,KY,486,0.044
F,2012,Quinn,20,KY,463,0.05
F,2013,Quinn,22,KY,418,0.054
F,2014,Quinn,23,KY,427,0.056
F,2015,Quinn,20,KY,469,0.049
F,2016,Quinn,45,KY,220,0.112
F,2017,Quinn,30,KY,325,0.076
F,2018,Quinn,22,KY,453,0.057
F,2019,Quinn,17,KY,541,0.045
F,2019,Queen,5,KY,1381,0.013
F,2020,Quinn,24,KY,394,0.066
F,2021,Quinn,34,KY,271,0.092
F,2022,Quinn,22,KY,434,0.06
F,2023,Quinn,27,KY,356,0.074
F,2024,Quinn,27,KY,364,0.072
M,1918,Quentin,19,KY,413,0.038
M,1919,Quentin,18,KY,417,0.036
M,1919,Quinton,5,KY,926,0.01
M,1920,Quentin,17,KY,445,0.032
M,1922,Quentin,9,KY,692,0.016
M,1922,Quinton,5,KY,992,0.009
M,1923,Quentin,12,KY,572,0.021
M,1923,Quinton,5,KY,967,0.009
M,1924,Quentin,5,KY,1020,0.009
M,1925,Quinton,5,KY,972,0.009
M,1933,Quentin,6,KY,802,0.012
M,1948,Quentin,5,KY,914,0.007
M,1949,Quentin,5,KY,910,0.007
M,1955,Quentin,6,KY,830,0.009
M,1961,Quinton,5,KY,965,0.008
M,1963,Quintin,5,KY,931,0.008
M,1970,Quentin,8,KY,713,0.015
M,1971,Quentin,8,KY,722,0.015
M,1972,Quentin,9,KY,641,0.018
M,1973,Quentin,8,KY,689,0.016
M,1975,Quentin,8,KY,686,0.016
M,1975,Quincy,5,KY,890,0.01
M,1976,Quincy,7,KY,725,0.014
M,1977,Quentin,10,KY,630,0.019
M,1977,Quincy,6,KY,822,0.011
M,1978,Quentin,5,KY,881,0.01
M,1978,Quincy,5,KY,881,0.01
M,1979,Quentin,8,KY,694,0.015
M,1979,Quincy,8,KY,694,0.015
M,1979,Quinton,7,KY,747,0.013
M,1980,Quentin,7,KY,746,0.013
M,1981,Quentin,8,KY,667,0.016
M,1982,Quinton,12,KY,510,0.024
M,1982,Quentin,11,KY,534,0.022
M,1982,Quincy,6,KY,784,0.012
M,1983,Quentin,13,KY,465,0.027
M,1983,Quintin,8,KY,633,0.017
M,1983,Quinton,6,KY,760,0.012
M,1984,Quentin,9,KY,570,0.019
M,1984,Quinton,8,KY,621,0.017
M,1985,Quentin,7,KY,661,0.015
M,1985,Quinton,6,KY,722,0.013
M,1986,Quinton,8,KY,605,0.018
M,1986,Quentin,6,KY,737,0.013
M,1986,Quincy,5,KY,826,0.011
M,1987,Quentin,15,KY,395,0.034
M,1987,Quinton,6,KY,742,0.013
M,1988,Quentin,13,KY,450,0.029
M,1988,Quinton,7,KY,668,0.016
M,1988,Quintin,6,KY,745,0.014
M,1989,Quentin,15,KY,414,0.033
M,1989,Quinton,8,KY,638,0.017
M,1989,Quinten,5,KY,855,0.011
M,1990,Quinton,13,KY,468,0.028
M,1990,Quentin,9,KY,595,0.02
M,1990,Quintin,7,KY,715,0.015
M,1991,Quinton,14,KY,458,0.03
M,1991,Quentin,12,KY,505,0.026
M,1991,Quintin,11,KY,536,0.024
M,1992,Quinton,18,KY,390,0.04
M,1992,Quentin,11,KY,536,0.024
M,1992,Quincy,6,KY,808,0.013
M,1992,Quintin,5,KY,926,0.011
M,1993,Quentin,16,KY,413,0.036
M,1993,Quinton,12,KY,500,0.027
M,1993,Quintin,6,KY,799,0.014
M,1993,Quincy,5,KY,906,0.011
M,1994,Quinton,17,KY,395,0.039
M,1994,Quentin,16,KY,411,0.037
M,1995,Quinton,17,KY,400,0.04
M,1995,Quentin,11,KY,541,0.026
M,1995,Quincy,6,KY,814,0.014
M,1995,Quinten,5,KY,913,0.012
M,1996,Quentin,24,KY,325,0.056
M,1996,Quinton,20,KY,368,0.047
M,1996,Quintin,9,KY,631,0.021
M,1996,Quinn,8,KY,685,0.019
M,1996,Quinten,5,KY,929,0.012
M,1997,Quentin,20,KY,374,0.047
M,1997,Quinton,18,KY,404,0.042
M,1997,Quinn,7,KY,769,0.016
M,1997,Quintin,6,KY,838,0.014
M,1998,Quinton,14,KY,498,0.032
M,1998,Quentin,12,KY,557,0.027
M,1998,Quintin,10,KY,629,0.023
M,1998,Quinten,9,KY,672,0.021
M,1998,Quinn,5,KY,983,0.011
M,1999,Quentin,18,KY,417,0.041
M,1999,Quinton,14,KY,513,0.032
M,1999,Quintin,7,KY,813,0.016
M,2000,Quentin,21,KY,394,0.047
M,2000,Quinton,16,KY,479,0.036
M,2000,Quincy,8,KY,777,0.018
M,2000,Quintin,6,KY,941,0.013
M,2000,Quinten,5,KY,1052,0.011
M,2001,Quentin,14,KY,526,0.032
M,2001,Quinton,13,KY,551,0.03
M,2001,Quinn,9,KY,693,0.021
M,2001,Quintin,7,KY,834,0.016
M,2001,Quenton,5,KY,1056,0.012
M,2002,Quentin,16,KY,495,0.038
M,2002,Quinton,14,KY,543,0.033
M,2002,Quincy,11,KY,627,0.026
M,2002,Quinn,10,KY,665,0.024
M,2003,Quentin,12,KY,597,0.028
M,2003,Quinton,10,KY,684,0.023
M,2003,Quinn,9,KY,745,0.021
M,2003,Quintin,7,KY,889,0.016
M,2003,Quincy,5,KY,1084,0.012
M,2004,Quentin,8,KY,947,0.019
M,2004,Quinton,8,KY,947,0.019
M,2004,Quincy,5,KY,1303,0.012
M,2004,Quintin,5,KY,1303,0.012
M,2005,Quentin,16,KY,514,0.037
M,2005,Quinton,16,KY,514,0.037
M,2005,Quincy,10,KY,736,0.023
M,2005,Quinten,7,KY,940,0.016
M,2005,Quinn,5,KY,1167,0.012
M,2005,Quintin,5,KY,1167,0.012
M,2006,Quentin,15,KY,549,0.034
M,2006,Quinton,11,KY,708,0.025
M,2006,Quincy,10,KY,763,0.023
M,2006,Quinn,8,KY,907,0.018
M,2006,Quintin,5,KY,1213,0.011
M,2007,Quentin,17,KY,517,0.038
M,2007,Quinton,12,KY,677,0.027
M,2007,Quincy,9,KY,825,0.02
M,2007,Quinn,7,KY,981,0.016
M,2008,Quentin,11,KY,719,0.025
M,2008,Quinton,9,KY,843,0.021
M,2008,Quinten,7,KY,1009,0.016
M,2008,Quinn,5,KY,1268,0.011
M,2008,Quintin,5,KY,1268,0.011
M,2009,Quincy,12,KY,661,0.028
M,2009,Quentin,9,KY,849,0.021
M,2009,Quinton,8,KY,914,0.019
M,2009,Quinn,6,KY,1136,0.014
M,2009,Quinten,5,KY,1288,0.012
M,2010,Quinton,15,KY,556,0.037
M,2010,Quentin,9,KY,829,0.022
M,2010,Quinn,8,KY,912,0.02
M,2010,Quinten,6,KY,1111,0.015
M,2011,Quentin,11,KY,715,0.027
M,2011,Quinton,9,KY,843,0.022
M,2011,Quinn,5,KY,1249,0.012
M,2012,Quentin,11,KY,718,0.027
M,2012,Quinton,8,KY,911,0.02
M,2012,Quintin,5,KY,1280,0.012
M,2013,Quentin,12,KY,685,0.029
M,2013,Quinn,8,KY,920,0.02
M,2013,Quinton,8,KY,920,0.02
M,2014,Quentin,10,KY,814,0.025
M,2014,Quinton,8,KY,945,0.02
M,2014,Quincy,6,KY,1172,0.015
M,2014,Quinn,5,KY,1332,0.012
M,2015,Quentin,5,KY,1319,0.012
M,2015,Quintin,5,KY,1319,0.012
M,2015,Quinton,5,KY,1319,0.012
M,2016,Quinton,10,KY,828,0.025
M,2016,Quentin,8,KY,992,0.02
M,2016,Quinn,8,KY,992,0.02
M,2016,Quincy,5,KY,1347,0.012
M,2017,Quinn,10,KY,842,0.025
M,2017,Quinton,8,KY,977,0.02
M,2017,Quincy,6,KY,1187,0.015
M,2017,Quentin,5,KY,1345,0.013
M,2018,Quentin,8,KY,980,0.021
M,2018,Quinton,7,KY,1096,0.018
M,2018,Quincy,5,KY,1383,0.013
M,2019,Quentin,11,KY,785,0.029
M,2019,Quinton,7,KY,1095,0.018
M,2019,Quinn,6,KY,1214,0.016
M,2020,Quentin,12,KY,717,0.033
M,2020,Quinton,10,KY,844,0.027
M,2020,Quinn,7,KY,1086,0.019
M,2020,Quincy,6,KY,1222,0.016
M,2021,Quentin,9,KY,913,0.024
M,2021,Quinn,6,KY,1208,0.016
M,2021,Quincy,5,KY,1383,0.014
M,2022,Quincy,7,KY,1104,0.019
M,2022,Quinn,7,KY,1104,0.019
M,2022,Quentin,6,KY,1223,0.016
M,2022,Quinton,6,KY,1223,0.016
M,2023,Quentin,8,KY,999,0.022
M,2023,Quinn,7,KY,1107,0.019
M,2023,Quinton,6,KY,1241,0.016
M,2024,Quinn,5,KY,1431,0.013
M,2024,Quinton,5,KY,1431,0.013
F,1946,Queen,7,IL,1040,0.004
F,1951,Queen,9,IL,1034,0.005
F,1955,Queen,5,IL,1572,0.002
F,1957,Queen,5,IL,1683,0.002
F,1958,Queen,6,IL,1573,0.003
F,1960,Queen,8,IL,1399,0.004
F,1961,Queen,10,IL,1262,0.005
F,1963,Queen,5,IL,1757,0.002
F,1964,Queen,5,IL,1796,0.002
F,1965,Queen,5,IL,1748,0.003
F,1970,Quanda,5,IL,1985,0.003
F,1972,Queen,5,IL,1974,0.003
F,1974,Qiana,10,IL,1308,0.007
F,1975,Qiana,10,IL,1326,0.007
F,1975,Quiana,7,IL,1611,0.005
F,1976,Qiana,10,IL,1326,0.007
F,1976,Quiana,10,IL,1326,0.007
F,1977,Qiana,25,IL,789,0.016
F,1977,Quiana,23,IL,829,0.015
F,1977,Quintella,6,IL,1886,0.004
F,1978,Qiana,49,IL,472,0.033
F,1978,Quiana,31,IL,648,0.021
F,1979,Qiana,60,IL,406,0.038
F,1979,Quiana,44,IL,533,0.028
F,1979,Quinn,12,IL,1273,0.008
F,1979,Quintina,5,IL,2177,0.003
F,1980,Quiana,34,IL,643,0.021
F,1980,Qiana,28,IL,739,0.017
F,1981,Qiana,27,IL,721,0.017
F,1981,Quiana,18,IL,956,0.011
F,1981,Quinn,13,IL,1174,0.008
F,1982,Quiana,28,IL,710,0.018
F,1982,Qiana,12,IL,1218,0.008
F,1982,Quinn,6,IL,1875,0.004
F,1982,Quianna,5,IL,2105,0.003
F,1983,Quiana,11,IL,1262,0.007
F,1983,Qiana,6,IL,1857,0.004
F,1983,Quinn,5,IL,2078,0.003
F,1984,Quiana,22,IL,828,0.014
F,1984,Qiana,15,IL,1030,0.01
F,1984,Quinn,6,IL,1827,0.004
F,1985,Quiana,10,IL,1354,0.006
F,1985,Quianna,5,IL,2113,0.003
F,1986,Qiana,9,IL,1469,0.006
F,1986,Quiana,5,IL,2103,0.003
F,1987,Quiana,5,IL,2173,0.003
F,1989,Quiana,7,IL,1880,0.004
F,1990,Quiana,9,IL,1674,0.005
F,1990,Quanesha,5,IL,2430,0.003
F,1990,Quinn,5,IL,2430,0.003
F,1991,Quiana,11,IL,1477,0.007
F,1991,Quinn,6,IL,2179,0.004
F,1992,Qiana,6,IL,2207,0.004
F,1992,Quiana,6,IL,2207,0.004
F,1992,Quinn,5,IL,2486,0.003
F,1993,Quiana,13,IL,1367,0.008
F,1993,Queen,7,IL,2014,0.004
F,1993,Quinn,6,IL,2232,0.004
F,1993,Quincy,5,IL,2528,0.003
F,1994,Quinn,16,IL,1201,0.01
F,1994,Quiana,12,IL,1430,0.008
F,1994,Quanisha,7,IL,2042,0.004
F,1995,Quinn,10,IL,1630,0.006
F,1995,Quanisha,9,IL,1751,0.006
F,1995,Qiana,7,IL,2061,0.005
F,1995,Quiana,5,IL,2511,0.003
F,1996,Quinn,12,IL,1457,0.008
F,1996,Quiana,9,IL,1747,0.006
F,1996,Quincy,7,IL,2045,0.005
F,1996,Queen,6,IL,2249,0.004
F,1996,Quanisha,5,IL,2557,0.003
F,1997,Quinn,11,IL,1488,0.007
F,1997,Quincy,6,IL,2272,0.004
F,1998,Quinn,13,IL,1383,0.009
F,1998,Quiana,9,IL,1785,0.006
F,1999,Quinn,20,IL,1045,0.013
F,2000,Quinn,14,IL,1372,0.009
F,2000,Quiana,5,IL,2750,0.003
F,2001,Quinn,13,IL,1480,0.009
F,2001,Quincy,6,IL,2456,0.004
F,2001,Quiana,5,IL,2794,0.003
F,2002,Quinn,18,IL,1157,0.012
F,2002,Quetzalli,7,IL,2198,0.005
F,2002,Quiana,5,IL,2761,0.003
F,2003,Quinn,17,IL,1245,0.011
F,2003,Quetzalli,6,IL,2514,0.004
F,2004,Quinn,18,IL,1201,0.012
F,2004,Quetzalli,6,IL,2526,0.004
F,2004,Quincy,5,IL,2885,0.003
F,2005,Quinn,19,IL,1149,0.013
F,2005,Quincy,11,IL,1721,0.008
F,2005,Quetzali,5,IL,2911,0.003
F,2005,Quetzaly,5,IL,2911,0.003
F,2006,Quinn,27,IL,900,0.019
F,2007,Quinn,26,IL,943,0.018
F,2008,Quinn,30,IL,841,0.021
F,2008,Quincy,7,IL,2452,0.005
F,2008,Quetzalli,6,IL,2734,0.004
F,2009,Quinn,44,IL,598,0.032
F,2010,Quinn,55,IL,485,0.042
F,2010,Quincy,5,IL,3009,0.004
F,2011,Quinn,67,IL,406,0.053
F,2011,Quincy,5,IL,2976,0.004
F,2012,Quinn,103,IL,264,0.082
F,2012,Quetzalli,6,IL,2641,0.005
F,2013,Quinn,127,IL,219,0.103
F,2013,Quincy,8,IL,2097,0.006
F,2013,Queen,5,IL,2913,0.004
F,2014,Quinn,93,IL,294,0.074
F,2014,Quincy,10,IL,1861,0.008
F,2014,Queen,9,IL,1983,0.007
F,2015,Quinn,135,IL,204,0.108
F,2015,Quincy,11,IL,1696,0.009
F,2015,Queen,6,IL,2632,0.005
F,2016,Quinn,164,IL,156,0.135
F,2016,Queen,10,IL,1843,0.008
F,2016,Quincy,5,IL,2916,0.004
F,2017,Quinn,179,IL,125,0.152
F,2017,Quincy,9,IL,1952,0.008
F,2017,Queen,7,IL,2301,0.006
F,2018,Quinn,163,IL,140,0.144
F,2018,Queen,6,IL,2532,0.005
F,2018,Quincy,6,IL,2532,0.005
F,2019,Quinn,148,IL,148,0.136
F,2019,Queen,10,IL,1747,0.009
F,2019,Quincy,6,IL,2489,0.006
F,2020,Quinn,152,IL,140,0.147
F,2020,Queen,17,IL,1172,0.016
F,2020,Quetzali,5,IL,2807,0.005
F,2021,Quinn,155,IL,130,0.152
F,2021,Queen,15,IL,1270,0.015
F,2021,Quincy,5,IL,2801,0.005
F,2022,Quinn,129,IL,162,0.131
F,2022,Quetzaly,6,IL,2439,0.006
F,2022,Quincy,6,IL,2439,0.006
F,2023,Quinn,117,IL,168,0.124
F,2023,Quetzali,5,IL,2712,0.005
F,2023,Quetzalli,5,IL,2712,0.005
F,2024,Quinn,129,IL,150,0.136
F,2024,Quetzaly,7,IL,2167,0.007
F,2024,Quincy,5,IL,2679,0.005
M,1917,Quentin,8,IL,857,0.007
M,1918,Quentin,22,IL,521,0.019
M,1919,Quentin,34,IL,397,0.032
M,1919,Quinten,5,IL,1105,0.005
M,1919,Quintin,5,IL,1105,0.005
M,1920,Quentin,19,IL,541,0.017
M,1921,Quentin,13,IL,686,0.011
M,1922,Quentin,7,IL,938,0.006
M,1923,Quentin,11,IL,750,0.009
M,1924,Quentin,11,IL,776,0.009
M,1925,Quentin,9,IL,852,0.008
M,1926,Quentin,6,IL,1039,0.005
M,1927,Quentin,13,IL,679,0.011
M,1928,Quentin,7,IL,957,0.006
M,1929,Quentin,5,IL,1114,0.004
M,1930,Quentin,12,IL,692,0.01
M,1931,Quentin,6,IL,966,0.006
M,1934,Quentin,7,IL,853,0.007
M,1936,Quentin,7,IL,854,0.007
M,1943,Quentin,10,IL,849,0.007
M,1945,Quentin,6,IL,1035,0.005
M,1946,Quentin,8,IL,980,0.005
M,1947,Quentin,5,IL,1341,0.003
M,1949,Quentin,5,IL,1356,0.003
M,1949,Quincy,5,IL,1356,0.003
M,1950,Quentin,7,IL,1160,0.004
M,1951,Quentin,8,IL,1088,0.004
M,1952,Quentin,8,IL,1120,0.004
M,1953,Quentin,6,IL,1338,0.003
M,1954,Quentin,7,IL,1291,0.003
M,1956,Quentin,5,IL,1626,0.002
M,1957,Quentin,5,IL,1683,0.002
M,1957,Quinn,5,IL,1683,0.002
M,1958,Quentin,17,IL,907,0.008
M,1958,Quinn,7,IL,1460,0.003
M,1959,Quinn,8,IL,1391,0.004
M,1959,Quentin,6,IL,1605,0.003
M,1959,Quincy,6,IL,1605,0.003
M,1960,Quentin,8,IL,1399,0.004
M,1960,Quinton,6,IL,1626,0.003
M,1961,Quintin,10,IL,1262,0.005
M,1961,Quentin,8,IL,1431,0.004
M,1962,Quincy,8,IL,1395,0.004
M,1962,Quintin,8,IL,1395,0.004
M,1962,Quinn,5,IL,1789,0.002
M,1963,Quentin,15,IL,1002,0.007
M,1963,Quintin,13,IL,1078,0.006
M,1963,Quincy,9,IL,1285,0.004
M,1963,Quint,7,IL,1459,0.003
M,1963,Quinn,5,IL,1757,0.002
M,1963,Quinton,5,IL,1757,0.002
M,1964,Quintin,18,IL,923,0.009
M,1964,Quentin,15,IL,1007,0.007
M,1964,Quinton,13,IL,1074,0.006
M,1964,Quinn,8,IL,1406,0.004
M,1964,Quint,6,IL,1638,0.003
M,1965,Quentin,10,IL,1220,0.005
M,1965,Quinn,9,IL,1291,0.005
M,1965,Quintin,8,IL,1359,0.004
M,1965,Quinton,7,IL,1451,0.004
M,1965,Quincy,5,IL,1748,0.003
M,1966,Quintin,10,IL,1224,0.005
M,1966,Quinton,7,IL,1478,0.004
M,1967,Quinn,11,IL,1178,0.006
M,1967,Quincy,8,IL,1365,0.004
M,1967,Quentin,7,IL,1469,0.004
M,1967,Quintin,7,IL,1469,0.004
M,1967,Quinton,6,IL,1603,0.003
M,1968,Quentin,15,IL,997,0.009
M,1968,Quinton,7,IL,1491,0.004
M,1969,Quentin,22,IL,831,0.012
M,1969,Quinton,12,IL,1152,0.007
M,1969,Quinn,8,IL,1452,0.005
M,1969,Quincy,7,IL,1565,0.004
M,1970,Quentin,34,IL,673,0.018
M,1970,Quinn,11,IL,1268,0.006
M,1970,Quincy,10,IL,1334,0.005
M,1970,Quintin,6,IL,1781,0.003
M,1970,Quinton,6,IL,1781,0.003
M,1971,Quentin,25,IL,790,0.014
M,1971,Quincy,13,IL,1172,0.007
M,1971,Quinn,13,IL,1172,0.007
M,1971,Quintin,8,IL,1534,0.005
M,1971,Quinton,8,IL,1534,0.005
M,1972,Quentin,27,IL,747,0.017
M,1972,Quincy,23,IL,806,0.015
M,1972,Quinn,9,IL,1403,0.006
M,1973,Quincy,20,IL,852,0.013
M,1973,Quentin,14,IL,1064,0.009
M,1973,Quinn,11,IL,1233,0.007
M,1973,Quintin,11,IL,1233,0.007
M,1973,Quinton,10,IL,1309,0.007
M,1974,Quentin,37,IL,578,0.025
M,1974,Quincy,30,IL,670,0.02
M,1974,Quinn,9,IL,1389,0.006
M,1974,Quinton,7,IL,1604,0.005
M,1974,Quenton,5,IL,1961,0.003
M,1974,Quintin,5,IL,1961,0.003
M,1975,Quincy,28,IL,705,0.019
M,1975,Quentin,25,IL,755,0.017
M,1975,Quinn,12,IL,1190,0.008
M,1975,Quinton,12,IL,1190,0.008
M,1975,Quintin,7,IL,1611,0.005
M,1976,Quentin,52,IL,454,0.035
M,1976,Quincy,41,IL,534,0.028
M,1976,Quinton,17,IL,968,0.011
M,1976,Quintin,12,IL,1196,0.008
M,1976,Quinn,9,IL,1421,0.006
M,1977,Quentin,48,IL,491,0.031
M,1977,Quincy,38,IL,583,0.025
M,1977,Quinton,15,IL,1065,0.01
M,1977,Quintin,12,IL,1232,0.008
M,1977,Quinn,11,IL,1293,0.007
M,1977,Quinten,6,IL,1886,0.004
M,1978,Quincy,37,IL,569,0.025
M,1978,Quentin,32,IL,638,0.021
M,1978,Quinton,15,IL,1029,0.01
M,1978,Quintin,6,IL,1868,0.004
M,1979,Quentin,31,IL,675,0.02
M,1979,Quincy,23,IL,828,0.015
M,1979,Quinn,14,IL,1150,0.009
M,1979,Quinton,14,IL,1150,0.009
M,1979,Quintin,11,IL,1335,0.007
M,1979,Quenton,6,IL,1953,0.004
M,1980,Quentin,40,IL,574,0.024
M,1980,Quincy,39,IL,580,0.024
M,1980,Quinton,16,IL,1061,0.01
M,1980,Quinn,10,IL,1413,0.006
M,1980,Quintin,6,IL,1956,0.004
M,1981,Quentin,27,IL,721,0.017
M,1981,Quincy,27,IL,721,0.017
M,1981,Quinton,24,IL,784,0.015
M,1981,Quintin,11,IL,1296,0.007
M,1981,Quinn,7,IL,1718,0.004
M,1982,Quentin,45,IL,501,0.028
M,1982,Quincy,29,IL,692,0.018
M,1982,Quinton,20,IL,889,0.013
M,1982,Quintin,14,IL,1116,0.009
M,1982,Quinn,11,IL,1281,0.007
M,1982,Quinten,7,IL,1708,0.004
M,1983,Quentin,50,IL,463,0.032
M,1983,Quincy,30,IL,649,0.019
M,1983,Quinton,24,IL,754,0.016
M,1983,Quintin,18,IL,926,0.012
M,1983,Quinn,13,IL,1131,0.008
M,1983,Quinten,5,IL,2078,0.003
M,1984,Quentin,43,IL,510,0.028
M,1984,Quinton,23,IL,799,0.015
M,1984,Quincy,18,IL,933,0.012
M,1984,Quintin,16,IL,1002,0.01
M,1984,Quinn,12,IL,1179,0.008
M,1984,Quinten,8,IL,1515,0.005
M,1985,Quentin,33,IL,610,0.021
M,1985,Quinton,30,IL,665,0.019
M,1985,Quintin,24,IL,784,0.015
M,1985,Quincy,19,IL,912,0.012
M,1985,Quinn,11,IL,1273,0.007
M,1986,Quentin,49,IL,466,0.033
M,1986,Quinton,25,IL,744,0.017
M,1986,Quintin,19,IL,892,0.013
M,1986,Quincy,17,IL,961,0.011
M,1986,Quinn,14,IL,1119,0.009
M,1986,Quinten,7,IL,1708,0.005
M,1987,Quentin,44,IL,511,0.029
M,1987,Quinton,29,IL,691,0.019
M,1987,Quincy,24,IL,778,0.016
M,1987,Quintin,23,IL,804,0.015
M,1987,Quinn,19,IL,943,0.012
M,1987,Quinten,5,IL,2173,0.003
M,1988,Quentin,43,IL,527,0.027
M,1988,Quinton,32,IL,658,0.02
M,1988,Quincy,26,IL,753,0.017
M,1988,Quinn,18,IL,1000,0.011
M,1988,Quintin,17,IL,1039,0.011
M,1988,Quinten,6,IL,1998,0.004
M,1989,Quentin,46,IL,524,0.028
M,1989,Quinton,43,IL,556,0.026
M,1989,Quinn,25,IL,839,0.015
M,1989,Quintin,24,IL,871,0.015
M,1989,Quincy,11,IL,1399,0.007
M,1989,Quinten,8,IL,1727,0.005
M,1990,Quinton,48,IL,525,0.029
M,1990,Quentin,43,IL,569,0.026
M,1990,Quintin,24,IL,884,0.014
M,1990,Quincy,20,IL,999,0.012
M,1990,Quinn,16,IL,1144,0.01
M,1990,Quinten,9,IL,1674,0.005
M,1991,Quentin,48,IL,536,0.029
M,1991,Quinton,32,IL,712,0.019
M,1991,Quinn,24,IL,877,0.015
M,1991,Quintin,21,IL,963,0.013
M,1991,Quincy,20,IL,1001,0.012
M,1991,Quinten,8,IL,1816,0.005
M,1991,Quenton,5,IL,2469,0.003
M,1991,Quintrell,5,IL,2469,0.003
M,1992,Quentin,49,IL,535,0.03
M,1992,Quinn,42,IL,589,0.026
M,1992,Quinton,25,IL,871,0.015
M,1992,Quintin,20,IL,1018,0.012
M,1992,Quincy,15,IL,1217,0.009
M,1992,Quinten,8,IL,1822,0.005
M,1992,Quenton,5,IL,2486,0.003
M,1993,Quentin,41,IL,606,0.026
M,1993,Quinn,41,IL,606,0.026
M,1993,Quinton,39,IL,634,0.024
M,1993,Quincy,33,IL,718,0.021
M,1993,Quintin,19,IL,1068,0.012
M,1993,Quinten,10,IL,1613,0.006
M,1994,Quentin,49,IL,526,0.031
M,1994,Quinn,45,IL,570,0.028
M,1994,Quinton,44,IL,582,0.028
M,1994,Quincy,33,IL,702,0.021
M,1994,Quintin,22,IL,975,0.014
M,1994,Quinten,15,IL,1244,0.009
M,1994,Quenton,6,IL,2281,0.004
M,1994,Quinlan,6,IL,2281,0.004
M,1995,Quentin,55,IL,484,0.035
M,1995,Quinton,54,IL,495,0.035
M,1995,Quinn,38,IL,640,0.024
M,1995,Quintin,30,IL,781,0.019
M,1995,Quincy,25,IL,896,0.016
M,1995,Quinten,10,IL,1630,0.006
M,1996,Quentin,56,IL,473,0.037
M,1996,Quinn,55,IL,488,0.036
M,1996,Quinton,28,IL,804,0.018
M,1996,Quincy,26,IL,850,0.017
M,1996,Quintin,25,IL,878,0.016
M,1996,Quinten,15,IL,1244,0.01
M,1996,Quindon,6,IL,2249,0.004
M,1997,Quinn,70,IL,413,0.047
M,1997,Quentin,54,IL,487,0.036
M,1997,Quinton,42,IL,586,0.028
M,1997,Quintin,25,IL,873,0.017
M,1997,Quincy,21,IL,1000,0.014
M,1997,Quinten,11,IL,1488,0.007
M,1997,Quenton,6,IL,2272,0.004
M,1997,Quinlan,5,IL,2605,0.003
M,1998,Quinn,68,IL,425,0.045
M,1998,Quentin,63,IL,451,0.042
M,1998,Quinton,32,IL,748,0.021
M,1998,Quintin,22,IL,978,0.015
M,1998,Quincy,17,IL,1172,0.011
M,1998,Quinten,14,IL,1327,0.009
M,1998,Quinlan,9,IL,1785,0.006
M,1998,Quenton,7,IL,2106,0.005
M,1999,Quinn,80,IL,378,0.053
M,1999,Quentin,49,IL,549,0.033
M,1999,Quinton,30,IL,788,0.02
M,1999,Quintin,21,IL,1014,0.014
M,1999,Quincy,19,IL,1089,0.013
M,1999,Quinten,13,IL,1403,0.009
M,1999,Quinlan,10,IL,1672,0.007
M,2000,Quinn,57,IL,495,0.038
M,2000,Quentin,54,IL,508,0.036
M,2000,Quinton,39,IL,672,0.026
M,2000,Quintin,26,IL,889,0.017
M,2000,Quincy,25,IL,913,0.016
M,2000,Quinten,20,IL,1078,0.013
M,2000,Quinlan,9,IL,1845,0.006
M,2001,Quinn,59,IL,494,0.039
M,2001,Quentin,42,IL,622,0.028
M,2001,Quinton,38,IL,679,0.025
M,2001,Quintin,29,IL,825,0.019
M,2001,Quincy,25,IL,911,0.017
M,2001,Quinten,10,IL,1758,0.007
M,2001,Quinlan,6,IL,2456,0.004
M,2001,Quintrell,5,IL,2794,0.003
M,2002,Quinn,56,IL,500,0.038
M,2002,Quentin,33,IL,738,0.022
M,2002,Quinton,25,IL,913,0.017
M,2002,Quincy,23,IL,979,0.016
M,2002,Quintin,15,IL,1306,0.01
M,2002,Quinten,11,IL,1622,0.007
M,2002,Quinlan,8,IL,2012,0.005
M,2003,Quinn,86,IL,364,0.058
M,2003,Quentin,45,IL,594,0.03
M,2003,Quinton,40,IL,649,0.027
M,2003,Quincy,27,IL,878,0.018
M,2003,Quintin,24,IL,969,0.016
M,2003,Quinten,10,IL,1803,0.007
M,2003,Quinlan,8,IL,2076,0.005
M,2004,Quinn,65,IL,456,0.044
M,2004,Quentin,48,IL,568,0.033
M,2004,Quinton,31,IL,808,0.021
M,2004,Quincy,26,IL,912,0.018
M,2004,Quintin,19,IL,1156,0.013
M,2004,Quinten,14,IL,1448,0.01
M,2004,Quin,5,IL,2885,0.003
M,2005,Quinn,77,IL,389,0.053
M,2005,Quentin,51,IL,550,0.035
M,2005,Quintin,28,IL,863,0.019
M,2005,Quincy,26,IL,909,0.018
M,2005,Quinton,26,IL,909,0.018
M,2005,Quinten,7,IL,2343,0.005
M,2005,Quenton,5,IL,2911,0.003
M,2006,Quinn,80,IL,371,0.055
M,2006,Quentin,44,IL,623,0.03
M,2006,Quintin,25,IL,938,0.017
M,2006,Quincy,23,IL,1007,0.016
M,2006,Quinton,23,IL,1007,0.016
M,2006,Quinten,20,IL,1126,0.014
M,2006,Quinlan,10,IL,1907,0.007
M,2006,Quin,5,IL,2988,0.003
M,2006,Quran,5,IL,2988,0.003
M,2007,Quinn,98,IL,315,0.068
M,2007,Quentin,42,IL,641,0.029
M,2007,Quincy,19,IL,1192,0.013
M,2007,Quintin,17,IL,1297,0.012
M,2007,Quinton,17,IL,1297,0.012
M,2007,Quinten,9,IL,2082,0.006
M,2008,Quinn,67,IL,419,0.048
M,2008,Quentin,54,IL,525,0.038
M,2008,Quincy,25,IL,971,0.018
M,2008,Quinton,22,IL,1076,0.016
M,2008,Quinten,13,IL,1609,0.009
M,2008,Quintin,12,IL,1703,0.009
M,2008,Quran,6,IL,2734,0.004
M,2009,Quinn,88,IL,322,0.065
M,2009,Quentin,40,IL,649,0.029
M,2009,Quinton,22,IL,1046,0.016
M,2009,Quincy,19,IL,1185,0.014
M,2009,Quintin,18,IL,1237,0.013
M,2009,Quinten,11,IL,1780,0.008
M,2009,Quinlan,8,IL,2203,0.006
M,2009,Quran,7,IL,2419,0.005
M,2010,Quinn,73,IL,376,0.056
M,2010,Quentin,36,IL,696,0.028
M,2010,Quincy,23,IL,991,0.018
M,2010,Quinton,19,IL,1171,0.015
M,2010,Quintin,11,IL,1757,0.008
M,2010,Quinten,7,IL,2398,0.005
M,2010,Quinlan,5,IL,3009,0.004
M,2011,Quinn,81,IL,332,0.064
M,2011,Quentin,37,IL,683,0.029
M,2011,Quintin,17,IL,1240,0.013
M,2011,Quincy,16,IL,1293,0.013
M,2011,Quinton,16,IL,1293,0.013
M,2011,Quenton,6,IL,2601,0.005
M,2011,Quinlan,6,IL,2601,0.005
M,2011,Quinten,6,IL,2601,0.005
M,2012,Quinn,51,IL,515,0.041
M,2012,Quentin,37,IL,666,0.03
M,2012,Quinton,20,IL,1097,0.016
M,2012,Quincy,15,IL,1359,0.012
M,2012,Quintin,13,IL,1502,0.01
M,2012,Quinten,10,IL,1804,0.008
M,2012,Qasim,7,IL,2376,0.006
M,2013,Quinn,51,IL,510,0.041
M,2013,Quentin,30,IL,792,0.024
M,2013,Quincy,15,IL,1317,0.012
M,2013,Quintin,12,IL,1570,0.01
M,2013,Quinton,11,IL,1675,0.009
M,2013,Quinlan,6,IL,2592,0.005
M,2013,Quinten,5,IL,2913,0.004
M,2014,Quinn,51,IL,522,0.041
M,2014,Quentin,28,IL,834,0.022
M,2014,Quincy,18,IL,1207,0.014
M,2014,Quinton,17,IL,1272,0.014
M,2014,Quinten,7,IL,2330,0.006
M,2014,Quintin,6,IL,2585,0.005
M,2014,Qasim,5,IL,2911,0.004
M,2015,Quinn,62,IL,443,0.05
M,2015,Quentin,27,IL,898,0.022
M,2015,Quincy,18,IL,1210,0.014
M,2015,Quinton,13,IL,1511,0.01
M,2015,Quintin,11,IL,1696,0.009
M,2015,Quinten,7,IL,2363,0.006
M,2015,Quinlan,6,IL,2632,0.005
M,2016,Quinn,50,IL,514,0.041
M,2016,Quentin,34,IL,727,0.028
M,2016,Quincy,18,IL,1196,0.015
M,2016,Quinton,14,IL,1435,0.011
M,2016,Quintin,9,IL,1992,0.007
M,2016,Quinten,5,IL,2916,0.004
M,2017,Quinn,45,IL,568,0.038
M,2017,Quentin,26,IL,874,0.022
M,2017,Quinton,15,IL,1354,0.013
M,2017,Quincy,12,IL,1594,0.01
M,2017,Quintin,9,IL,1952,0.008
M,2017,Quinten,6,IL,2577,0.005
M,2017,Quran,6,IL,2577,0.005
M,2018,Quinn,37,IL,653,0.033
M,2018,Quentin,24,IL,936,0.021
M,2018,Quinton,21,IL,1031,0.019
M,2018,Quincy,12,IL,1564,0.011
M,2018,Quintin,7,IL,2269,0.006
M,2018,Qais,6,IL,2532,0.005
M,2018,Quinten,6,IL,2532,0.005
M,2018,Quadir,5,IL,2866,0.004
M,2019,Quinn,35,IL,660,0.032
M,2019,Quentin,29,IL,787,0.027
M,2019,Quinton,20,IL,1057,0.018
M,2019,Quincy,12,IL,1529,0.011
M,2019,Quintin,11,IL,1626,0.01
M,2019,Qasim,6,IL,2489,0.006
M,2019,Quinten,5,IL,2833,0.005
M,2020,Quinn,40,IL,581,0.039
M,2020,Quentin,15,IL,1297,0.015
M,2020,Quincy,15,IL,1297,0.015
M,2020,Quintin,10,IL,1719,0.01
M,2020,Quinton,10,IL,1719,0.01
M,2020,Qasim,6,IL,2485,0.006
M,2020,Quinten,5,IL,2807,0.005
M,2021,Quinn,38,IL,598,0.037
M,2021,Quentin,26,IL,840,0.025
M,2021,Quincy,14,IL,1342,0.014
M,2021,Quintin,7,IL,2213,0.007
M,2021,Quest,6,IL,2452,0.006
M,2021,Quinton,5,IL,2801,0.005
M,2022,Quinn,40,IL,544,0.041
M,2022,Quentin,14,IL,1349,0.014
M,2022,Quincy,9,IL,1840,0.009
M,2022,Quinton,9,IL,1840,0.009
M,2022,Qais,5,IL,2745,0.005
M,2022,Qasim,5,IL,2745,0.005
M,2023,Quinn,46,IL,465,0.049
M,2023,Quincy,13,IL,1396,0.014
M,2023,Quentin,11,IL,1566,0.012
M,2023,Quinton,10,IL,1678,0.011
M,2023,Qasim,7,IL,2172,0.007
M,2023,Qais,5,IL,2712,0.005
M,2024,Quinn,30,IL,716,0.032
M,2024,Quincy,14,IL,1309,0.015
M,2024,Quinton,10,IL,1677,0.011
M,2024,Quentin,8,IL,1959,0.008
F,1978,Quiana,11,WI,569,0.018
F,1978,Qiana,9,WI,636,0.015
F,1979,Qiana,7,WI,775,0.011
F,1979,Quiana,7,WI,775,0.011
F,1980,Quiana,6,WI,874,0.009
F,1980,Quinn,6,WI,874,0.009
F,1981,Qiana,6,WI,861,0.009
F,1981,Quiana,5,WI,955,0.008
F,1982,Quinn,14,WI,516,0.021
F,1982,Qiana,5,WI,970,0.008
F,1982,Quiana,5,WI,970,0.008
F,1992,Quinn,8,WI,855,0.013
F,1993,Quinn,7,WI,921,0.012
F,1994,Quinn,5,WI,1153,0.009
F,1996,Quinn,5,WI,1160,0.009
F,1997,Quinn,5,WI,1190,0.009
F,1998,Quinn,5,WI,1200,0.009
F,1999,Quinn,8,WI,908,0.015
F,2000,Quinn,7,WI,1027,0.013
F,2001,Quinn,9,WI,900,0.017
F,2002,Quinn,7,WI,1046,0.013
F,2003,Quinn,13,WI,710,0.024
F,2004,Quinn,13,WI,711,0.024
F,2005,Quinn,13,WI,740,0.024
F,2006,Quinn,5,WI,1489,0.009
F,2007,Quinn,12,WI,827,0.022
F,2008,Quinn,19,WI,582,0.035
F,2009,Quinn,17,WI,640,0.032
F,2010,Quinn,45,WI,271,0.088
F,2011,Quinn,47,WI,257,0.093
F,2012,Quinn,68,WI,177,0.135
F,2013,Quinn,68,WI,179,0.136
F,2014,Quinn,64,WI,194,0.127
F,2015,Quinn,76,WI,162,0.151
F,2015,Queen,5,WI,1609,0.01
F,2016,Quinn,103,WI,102,0.205
F,2017,Quinn,101,WI,103,0.208
F,2018,Quinn,103,WI,91,0.215
F,2018,Queen,7,WI,1260,0.015
F,2019,Quinn,85,WI,121,0.181
F,2020,Quinn,100,WI,77,0.224
F,2021,Quinn,95,WI,94,0.208
F,2022,Quinn,87,WI,97,0.197
F,2023,Quinn,79,WI,112,0.18
F,2024,Quinn,81,WI,106,0.186
F,2024,Quincy,5,WI,1582,0.011
M,1918,Quentin,20,WI,338,0.042
M,1919,Quentin,13,WI,416,0.03
M,1920,Quentin,9,WI,513,0.019
M,1921,Quentin,10,WI,511,0.02
M,1922,Quentin,5,WI,692,0.01
M,1923,Quentin,7,WI,593,0.014
M,1924,Quentin,7,WI,585,0.014
M,1926,Quentin,9,WI,503,0.019
M,1927,Quentin,7,WI,575,0.014
M,1928,Quentin,5,WI,680,0.01
M,1931,Quentin,5,WI,655,0.011
M,1946,Quentin,5,WI,731,0.007
M,1947,Quentin,5,WI,748,0.007
M,1948,Quentin,6,WI,671,0.008
M,1953,Quentin,5,WI,783,0.006
M,1962,Quentin,8,WI,743,0.009
M,1964,Quinn,9,WI,673,0.011
M,1969,Quinn,5,WI,890,0.007
M,1970,Quinn,8,WI,724,0.011
M,1970,Quentin,7,WI,775,0.01
M,1971,Quentin,6,WI,822,0.009
M,1972,Quentin,9,WI,625,0.016
M,1974,Quinn,13,WI,503,0.022
M,1974,Quincy,6,WI,793,0.01
M,1974,Quentin,5,WI,875,0.009
M,1975,Quentin,7,WI,755,0.012
M,1976,Quentin,11,WI,539,0.019
M,1977,Quentin,12,WI,531,0.02
M,1977,Quinn,7,WI,748,0.011
M,1977,Quincy,6,WI,825,0.01
M,1978,Quentin,9,WI,636,0.015
M,1978,Quinn,9,WI,636,0.015
M,1978,Quincy,7,WI,750,0.011
M,1979,Quentin,11,WI,588,0.017
M,1979,Quinn,10,WI,624,0.015
M,1979,Quincy,6,WI,856,0.009
M,1980,Quinn,15,WI,505,0.022
M,1980,Quentin,8,WI,722,0.012
M,1980,Quincy,5,WI,972,0.007
M,1981,Quentin,11,WI,593,0.017
M,1981,Quinn,8,WI,727,0.012
M,1981,Quincy,5,WI,955,0.008
M,1982,Quentin,11,WI,594,0.017
M,1982,Quinn,11,WI,594,0.017
M,1983,Quinn,14,WI,497,0.022
M,1983,Quentin,9,WI,670,0.014
M,1983,Quinton,8,WI,721,0.012
M,1983,Quintin,6,WI,855,0.009
M,1984,Quinn,12,WI,553,0.019
M,1984,Quentin,7,WI,794,0.011
M,1984,Quincy,6,WI,875,0.009
M,1984,Quintin,5,WI,966,0.008
M,1985,Quentin,11,WI,591,0.017
M,1985,Quinn,6,WI,897,0.009
M,1986,Quentin,14,WI,516,0.022
M,1986,Quinn,13,WI,543,0.021
M,1986,Quincy,5,WI,1000,0.008
M,1987,Quentin,22,WI,375,0.036
M,1987,Quinn,9,WI,683,0.015
M,1987,Quinton,9,WI,683,0.015
M,1988,Quentin,13,WI,536,0.021
M,1988,Quinn,10,WI,650,0.016
M,1988,Quincy,8,WI,761,0.013
M,1988,Quinton,7,WI,829,0.011
M,1989,Quinn,20,WI,413,0.032
M,1989,Quentin,16,WI,488,0.026
M,1989,Quinton,10,WI,678,0.016
M,1990,Quentin,15,WI,521,0.024
M,1990,Quinton,13,WI,570,0.021
M,1990,Quincy,11,WI,650,0.018
M,1990,Quinn,10,WI,716,0.016
M,1990,Quintin,10,WI,716,0.016
M,1991,Quinn,20,WI,435,0.033
M,1991,Quentin,12,WI,623,0.02
M,1991,Quintin,11,WI,661,0.018
M,1991,Quinton,9,WI,740,0.015
M,1991,Quincy,6,WI,1006,0.01
M,1992,Quinn,23,WI,377,0.039
M,1992,Quentin,15,WI,531,0.025
M,1992,Quinton,9,WI,773,0.015
M,1992,Quincy,8,WI,855,0.013
M,1992,Quintin,8,WI,855,0.013
M,1992,Quinten,6,WI,1039,0.01
M,1993,Quinn,20,WI,419,0.034
M,1993,Quincy,16,WI,502,0.027
M,1993,Quentin,9,WI,776,0.015
M,1993,Quinton,8,WI,847,0.014
M,1993,Quintin,7,WI,921,0.012
M,1994,Quinn,27,WI,336,0.048
M,1994,Quentin,18,WI,462,0.032
M,1994,Quincy,12,WI,631,0.021
M,1994,Quinton,11,WI,671,0.019
M,1994,Quintin,6,WI,1022,0.011
M,1994,Quade,5,WI,1153,0.009
M,1995,Quinn,26,WI,367,0.047
M,1995,Quentin,20,WI,429,0.036
M,1995,Quintin,17,WI,488,0.031
M,1995,Quinton,17,WI,488,0.031
M,1995,Quincy,11,WI,687,0.02
M,1996,Quentin,26,WI,362,0.048
M,1996,Quinn,23,WI,405,0.042
M,1996,Quinton,18,WI,481,0.033
M,1996,Quintin,9,WI,779,0.016
M,1996,Quincy,7,WI,928,0.013
M,1996,Quinten,6,WI,1039,0.011
M,1997,Quinn,33,WI,297,0.061
M,1997,Quintin,21,WI,423,0.039
M,1997,Quentin,16,WI,526,0.03
M,1997,Quinton,10,WI,756,0.019
M,1997,Quincy,9,WI,820,0.017
M,1997,Quinten,6,WI,1048,0.011
M,1998,Quinn,38,WI,293,0.07
M,1998,Quentin,21,WI,443,0.039
M,1998,Quinton,15,WI,579,0.028
M,1998,Quintin,14,WI,616,0.026
M,1998,Quincy,9,WI,816,0.017
M,1998,Quinten,7,WI,975,0.013
M,1999,Quinn,45,WI,265,0.083
M,1999,Quentin,21,WI,470,0.039
M,1999,Quinten,8,WI,908,0.015
M,1999,Quintin,8,WI,908,0.015
M,1999,Quinton,7,WI,993,0.013
M,1999,Quincy,6,WI,1101,0.011
M,2000,Quinn,30,WI,360,0.055
M,2000,Quentin,25,WI,411,0.045
M,2000,Quinton,16,WI,595,0.029
M,2000,Quinten,12,WI,722,0.022
M,2000,Quintin,9,WI,861,0.016
M,2000,Quincy,8,WI,942,0.015
M,2000,Quinlan,7,WI,1027,0.013
M,2001,Quinn,34,WI,336,0.063
M,2001,Quentin,16,WI,586,0.03
M,2001,Quincy,16,WI,586,0.03
M,2001,Quinton,10,WI,825,0.018
M,2001,Quintin,9,WI,900,0.017
M,2001,Quinten,8,WI,973,0.015
M,2002,Quinn,29,WI,381,0.054
M,2002,Quinton,21,WI,488,0.039
M,2002,Quentin,20,WI,503,0.037
M,2002,Quintin,14,WI,659,0.026
M,2002,Quincy,11,WI,784,0.02
M,2002,Quinten,8,WI,965,0.015
M,2003,Quinn,33,WI,358,0.061
M,2003,Quintin,19,WI,529,0.035
M,2003,Quentin,17,WI,573,0.031
M,2003,Quinton,13,WI,710,0.024
M,2003,Quincy,8,WI,977,0.015
M,2003,Quinten,7,WI,1053,0.013
M,2004,Quinn,38,WI,323,0.07
M,2004,Quentin,17,WI,574,0.031
M,2004,Quintin,16,WI,614,0.029
M,2004,Quincy,10,WI,864,0.018
M,2004,Quinton,10,WI,864,0.018
M,2004,Quinten,8,WI,1012,0.015
M,2004,Quinlan,6,WI,1247,0.011
M,2005,Quinn,42,WI,304,0.077
M,2005,Quentin,25,WI,446,0.046
M,2005,Quintin,19,WI,554,0.035
M,2005,Quinten,8,WI,1057,0.015
M,2005,Quinton,8,WI,1057,0.015
M,2005,Quin,5,WI,1424,0.009
M,2005,Quincy,5,WI,1424,0.009
M,2006,Quinn,35,WI,352,0.064
M,2006,Quentin,14,WI,707,0.025
M,2006,Quincy,13,WI,749,0.024
M,2006,Quinton,13,WI,749,0.024
M,2006,Quintin,12,WI,798,0.022
M,2006,Quinten,8,WI,1068,0.015
M,2007,Quinn,35,WI,369,0.063
M,2007,Quentin,29,WI,426,0.052
M,2007,Quintin,16,WI,636,0.029
M,2007,Quinton,12,WI,827,0.022
M,2007,Quincy,11,WI,874,0.02
M,2007,Quinten,9,WI,996,0.016
M,2007,Quinlan,6,WI,1363,0.011
M,2008,Quinn,41,WI,305,0.075
M,2008,Quentin,16,WI,650,0.029
M,2008,Quinton,15,WI,689,0.028
M,2008,Quintin,11,WI,887,0.02
M,2008,Quinten,7,WI,1241,0.013
M,2008,Quincy,6,WI,1377,0.011
M,2009,Quinn,36,WI,336,0.068
M,2009,Quentin,17,WI,640,0.032
M,2009,Quintin,13,WI,775,0.024
M,2009,Quinton,12,WI,829,0.023
M,2009,Quinten,9,WI,1018,0.017
M,2009,Quincy,8,WI,1114,0.015
M,2009,Quin,6,WI,1396,0.011
M,2010,Quinn,38,WI,315,0.074
M,2010,Quinton,16,WI,653,0.031
M,2010,Quentin,12,WI,815,0.023
M,2010,Quintin,10,WI,925,0.02
M,2010,Quinten,8,WI,1125,0.016
M,2010,Quincy,7,WI,1238,0.014
M,2011,Quinn,38,WI,315,0.075
M,2011,Quentin,18,WI,600,0.035
M,2011,Quintin,13,WI,788,0.026
M,2011,Quinten,10,WI,946,0.02
M,2011,Quincy,8,WI,1116,0.016
M,2011,Quinton,6,WI,1363,0.012
M,2011,Quinlan,5,WI,1570,0.01
M,2012,Quinn,31,WI,398,0.062
M,2012,Quentin,16,WI,660,0.032
M,2012,Quinton,13,WI,782,0.026
M,2012,Quintin,11,WI,876,0.022
M,2012,Quinten,9,WI,1014,0.018
M,2012,Quincy,8,WI,1104,0.016
M,2013,Quinn,19,WI,572,0.038
M,2013,Quentin,17,WI,626,0.034
M,2013,Quinton,13,WI,776,0.026
M,2013,Quincy,7,WI,1234,0.014
M,2013,Quintin,7,WI,1234,0.014
M,2014,Quinn,31,WI,395,0.061
M,2014,Quentin,11,WI,913,0.022
M,2014,Quinton,8,WI,1135,0.016
M,2014,Quincy,6,WI,1375,0.012
M,2014,Quintin,6,WI,1375,0.012
M,2014,Quinten,5,WI,1559,0.01
M,2015,Quinn,27,WI,434,0.053
M,2015,Quincy,17,WI,657,0.034
M,2015,Quinton,14,WI,765,0.028
M,2015,Quentin,8,WI,1171,0.016
M,2015,Quintin,7,WI,1279,0.014
M,2015,Quinten,5,WI,1609,0.01
M,2016,Quinn,30,WI,419,0.06
M,2016,Quinton,17,WI,650,0.034
M,2016,Quentin,11,WI,933,0.022
M,2016,Quincy,8,WI,1179,0.016
M,2016,Quinten,8,WI,1179,0.016
M,2016,Quintin,8,WI,1179,0.016
M,2017,Quinn,33,WI,368,0.068
M,2017,Quinton,19,WI,593,0.039
M,2017,Quentin,11,WI,909,0.023
M,2017,Quinten,8,WI,1170,0.016
M,2017,Quintin,8,WI,1170,0.016
M,2017,Quincy,6,WI,1417,0.012
M,2018,Quinn,26,WI,436,0.054
M,2018,Quinton,14,WI,748,0.029
M,2018,Quincy,13,WI,791,0.027
M,2018,Quentin,12,WI,837,0.025
M,2018,Quinten,9,WI,1057,0.019
M,2018,Quintin,9,WI,1057,0.019
M,2019,Quinn,25,WI,457,0.053
M,2019,Quinton,16,WI,684,0.034
M,2019,Quentin,9,WI,1065,0.019
M,2019,Quincy,9,WI,1065,0.019
M,2019,Quinten,6,WI,1398,0.013
M,2019,Quintin,5,WI,1614,0.011
M,2020,Quinn,12,WI,842,0.027
M,2020,Quincy,11,WI,898,0.025
M,2020,Quadir,7,WI,1249,0.016
M,2020,Quentin,7,WI,1249,0.016
M,2020,Quintin,6,WI,1389,0.013
M,2020,Quinton,6,WI,1389,0.013
M,2021,Quentin,13,WI,793,0.028
M,2021,Quinn,13,WI,793,0.028
M,2021,Quinton,13,WI,793,0.028
M,2021,Quincy,9,WI,1052,0.02
M,2021,Quinten,5,WI,1608,0.011
M,2021,Quintin,5,WI,1608,0.011
M,2022,Quinn,17,WI,631,0.039
M,2022,Quinton,15,WI,685,0.034
M,2022,Quintin,9,WI,1058,0.02
M,2022,Quincy,8,WI,1151,0.018
M,2022,Quentin,6,WI,1391,0.014
M,2023,Quinn,11,WI,895,0.025
M,2023,Quincy,8,WI,1159,0.018
M,2023,Quentin,7,WI,1279,0.016
M,2023,Quinton,7,WI,1279,0.016
M,2024,Quinn,12,WI,854,0.028
M,2024,Quincy,5,WI,1582,0.011
M,2024,Quintin,5,WI,1582,0.011
M,2024,Quinton,5,WI,1582,0.011
F,1915,Queen,5,TX,1523,0.006
F,1916,Queen,12,TX,909,0.014
F,1917,Queen,9,TX,1112,0.01
F,1919,Queen,12,TX,994,0.012
F,1921,Queen,9,TX,1280,0.008
F,1922,Queen,7,TX,1473,0.006
F,1923,Queen,15,TX,951,0.014
F,1924,Queen,9,TX,1337,0.008
F,1925,Queen,16,TX,933,0.014
F,1926,Queen,9,TX,1299,0.008
F,1927,Queen,6,TX,1643,0.005
F,1928,Queen,8,TX,1348,0.007
F,1929,Queen,7,TX,1505,0.006
F,1930,Queen,5,TX,1752,0.004
F,1931,Queen,7,TX,1446,0.006
F,1932,Queen,7,TX,1409,0.006
F,1933,Queen,5,TX,1687,0.005
F,1934,Queen,9,TX,1282,0.008
F,1935,Queen,8,TX,1341,0.007
F,1936,Queen,7,TX,1406,0.006
F,1938,Queen,13,TX,995,0.011
F,1939,Queen,7,TX,1414,0.006
F,1940,Queen,5,TX,1719,0.004
F,1941,Queen,5,TX,1757,0.004
F,1942,Queen,11,TX,1155,0.008
F,1943,Queen,8,TX,1443,0.005
F,1945,Queen,10,TX,1259,0.007
F,1946,Queen,5,TX,1911,0.003
F,1947,Queen,6,TX,1824,0.003
F,1948,Queen,6,TX,1830,0.003
F,1949,Queen,12,TX,1247,0.006
F,1950,Queen,8,TX,1561,0.004
F,1951,Queen,8,TX,1605,0.004
F,1952,Queen,6,TX,1914,0.003
F,1953,Queen,6,TX,1966,0.003
F,1954,Queen,8,TX,1712,0.003
F,1955,Queen,6,TX,1998,0.003
F,1956,Queen,5,TX,2250,0.002
F,1959,Queen,6,TX,2086,0.003
F,1961,Queen,7,TX,1952,0.003
F,1963,Queen,5,TX,2287,0.002
F,1966,Queen,8,TX,1679,0.004
F,1972,Quintina,5,TX,2470,0.002
F,1973,Quintina,5,TX,2480,0.003
F,1976,Quintina,5,TX,2600,0.002
F,1977,Qiana,9,TX,1888,0.004
F,1977,Quiana,5,TX,2682,0.002
F,1978,Qiana,15,TX,1431,0.007
F,1978,Quiana,9,TX,1920,0.004
F,1979,Qiana,13,TX,1625,0.006
F,1979,Quiana,10,TX,1895,0.004
F,1979,Quincy,6,TX,2581,0.003
F,1979,Quinn,5,TX,2881,0.002
F,1980,Quintina,10,TX,1947,0.004
F,1980,Quiana,8,TX,2214,0.003
F,1980,Qiana,5,TX,2922,0.002
F,1980,Quinette,5,TX,2922,0.002
F,1981,Quiana,12,TX,1776,0.005
F,1982,Quiana,7,TX,2506,0.003
F,1982,Quinn,5,TX,3097,0.002
F,1983,Quinn,5,TX,3016,0.002
F,1985,Quinn,6,TX,2815,0.002
F,1988,Quinton,5,TX,3221,0.002
F,1991,Quiana,5,TX,3524,0.002
F,1991,Quinn,5,TX,3524,0.002
F,1992,Quiana,6,TX,3264,0.002
F,1993,Quanesha,5,TX,3632,0.002
F,1994,Queen,13,TX,2024,0.004
F,1994,Quanisha,6,TX,3286,0.002
F,1994,Quincy,6,TX,3286,0.002
F,1995,Quanisha,11,TX,2271,0.004
F,1995,Quincy,9,TX,2566,0.003
F,1995,Quinn,8,TX,2753,0.003
F,1996,Quincy,7,TX,3087,0.002
F,1996,Quiana,6,TX,3417,0.002
F,1996,Quinn,6,TX,3417,0.002
F,1997,Queen,9,TX,2704,0.003
F,1997,Quanisha,5,TX,3910,0.002
F,1997,Quiana,5,TX,3910,0.002
F,1998,Queen,6,TX,3625,0.002
F,1998,Quiana,5,TX,4076,0.002
F,1998,Quianna,5,TX,4076,0.002
F,1999,Quinn,8,TX,3108,0.003
F,1999,Quincy,7,TX,3379,0.002
F,1999,Queen,6,TX,3755,0.002
F,2000,Quinn,11,TX,2635,0.003
F,2000,Queen,6,TX,3914,0.002
F,2000,Quincy,6,TX,3914,0.002
F,2001,Quinn,8,TX,3312,0.002
F,2002,Quinn,9,TX,3194,0.003
F,2002,Quiana,6,TX,4124,0.002
F,2003,Quinn,14,TX,2415,0.004
F,2003,Quincy,9,TX,3210,0.003
F,2003,Quiana,7,TX,3767,0.002
F,2003,Quetzaly,5,TX,4726,0.001
F,2004,Quinn,14,TX,2469,0.004
F,2004,Quiana,6,TX,4273,0.002
F,2004,Quincy,6,TX,4273,0.002
F,2005,Quinn,9,TX,3382,0.003
F,2006,Quinn,26,TX,1769,0.007
F,2006,Quincy,5,TX,5165,0.001
F,2007,Quinn,22,TX,2022,0.006
F,2007,Quiana,6,TX,4739,0.002
F,2008,Quinn,20,TX,2181,0.006
F,2008,Quetzalli,6,TX,4804,0.002
F,2008,Quincy,5,TX,5433,0.001
F,2009,Quinn,24,TX,1954,0.007
F,2009,Queen,6,TX,4832,0.002
F,2009,Quiana,5,TX,5455,0.001
F,2010,Quinn,51,TX,1094,0.015
F,2010,Queen,10,TX,3392,0.003
F,2010,Quincy,6,TX,4748,0.002
F,2010,Quetzalli,5,TX,5404,0.001
F,2011,Quinn,93,TX,676,0.028
F,2011,Queen,6,TX,4694,0.002
F,2011,Quetzalli,6,TX,4694,0.002
F,2012,Quinn,106,TX,629,0.032
F,2012,Queen,6,TX,4838,0.002
F,2012,Quetzaly,6,TX,4838,0.002
F,2012,Quincy,5,TX,5432,0.001
F,2013,Quinn,129,TX,536,0.038
F,2013,Queen,14,TX,2739,0.004
F,2013,Quincy,10,TX,3445,0.003
F,2014,Quinn,145,TX,508,0.041
F,2014,Queen,13,TX,2986,0.004
F,2014,Quincy,13,TX,2986,0.004
F,2014,Quinlyn,5,TX,5529,0.001
F,2015,Quinn,184,TX,413,0.051
F,2015,Queen,11,TX,3365,0.003
F,2015,Quincy,6,TX,4979,0.002
F,2016,Quinn,205,TX,365,0.058
F,2016,Queen,24,TX,1996,0.007
F,2016,Quincy,12,TX,3176,0.003
F,2017,Quinn,180,TX,397,0.054
F,2017,Queen,29,TX,1722,0.009
F,2017,Quincy,7,TX,4456,0.002
F,2018,Quinn,171,TX,423,0.051
F,2018,Queen,29,TX,1730,0.009
F,2018,Quetzaly,7,TX,4441,0.002
F,2018,Quinlynn,6,TX,4934,0.002
F,2018,Quinnley,5,TX,5525,0.001
F,2019,Quinn,203,TX,355,0.061
F,2019,Queen,31,TX,1674,0.009
F,2019,Quincy,9,TX,3799,0.003
F,2019,Quetzalli,8,TX,4117,0.002
F,2020,Quinn,165,TX,428,0.051
F,2020,Queen,19,TX,2317,0.006
F,2020,Quincy,11,TX,3307,0.003
F,2021,Quinn,190,TX,377,0.058
F,2021,Queen,15,TX,2769,0.005
F,2021,Quincy,14,TX,2912,0.004
F,2021,Quetzaly,7,TX,4556,0.002
F,2022,Quinn,189,TX,383,0.055
F,2022,Queen,19,TX,2489,0.006
F,2022,Quetzali,5,TX,5906,0.001
F,2022,Quincy,5,TX,5906,0.001
F,2023,Quinn,160,TX,456,0.047
F,2023,Quetzaly,17,TX,2667,0.005
F,2023,Quincy,14,TX,3032,0.004
F,2023,Queen,13,TX,3180,0.004
F,2023,Quetzalli,7,TX,4771,0.002
F,2024,Quinn,175,TX,429,0.051
F,2024,Queen,15,TX,2893,0.004
F,2024,Quincy,11,TX,3551,0.003
F,2024,Quetzalli,8,TX,4388,0.002
F,2024,Quetzaly,7,TX,4790,0.002
F,2024,Qamar,6,TX,5273,0.002
F,2024,Quetzali,6,TX,5273,0.002
M,1912,Quincy,7,TX,879,0.016
M,1917,Quincy,5,TX,1589,0.006
M,1918,Quentin,19,TX,731,0.021
M,1918,Quinton,11,TX,1020,0.012
M,1919,Quinton,16,TX,844,0.016
M,1919,Quentin,15,TX,882,0.015
M,1919,Quincy,7,TX,1370,0.007
M,1919,Quenton,5,TX,1701,0.005
M,1920,Quentin,8,TX,1356,0.007
M,1920,Quincy,7,TX,1478,0.006
M,1920,Quinton,6,TX,1613,0.006
M,1921,Quinton,8,TX,1375,0.007
M,1921,Quincy,6,TX,1609,0.005
M,1922,Quentin,6,TX,1635,0.005
M,1922,Quinton,5,TX,1802,0.004
M,1922,Quitman,5,TX,1802,0.004
M,1924,Quincy,8,TX,1423,0.007
M,1924,Quentin,6,TX,1709,0.005
M,1924,Quinton,6,TX,1709,0.005
M,1925,Quincy,6,TX,1638,0.005
M,1925,Quinton,5,TX,1824,0.004
M,1926,Quinton,5,TX,1828,0.004
M,1927,Quincy,5,TX,1842,0.004
M,1927,Quinton,5,TX,1842,0.004
M,1928,Quincy,5,TX,1818,0.004
M,1929,Quincy,7,TX,1505,0.006
M,1929,Quinton,5,TX,1803,0.004
M,1934,Quinton,8,TX,1370,0.007
M,1934,Quincy,7,TX,1463,0.006
M,1936,Quincy,5,TX,1694,0.005
M,1940,Quinton,5,TX,1719,0.004
M,1941,Quincy,8,TX,1343,0.006
M,1942,Quincy,7,TX,1472,0.005
M,1942,Quentin,5,TX,1784,0.004
M,1943,Quinton,6,TX,1671,0.004
M,1943,Quincy,5,TX,1843,0.003
M,1944,Quentin,6,TX,1692,0.004
M,1944,Quincy,5,TX,1869,0.003
M,1946,Quinton,6,TX,1736,0.003
M,1947,Quincy,8,TX,1559,0.004
M,1947,Quentin,6,TX,1824,0.003
M,1948,Quirino,5,TX,2000,0.003
M,1949,Quinton,6,TX,1821,0.003
M,1950,Quincy,7,TX,1680,0.004
M,1950,Quentin,6,TX,1837,0.003
M,1951,Quincy,8,TX,1605,0.004
M,1951,Quinton,8,TX,1605,0.004
M,1951,Quirino,5,TX,2059,0.002
M,1952,Quentin,5,TX,2110,0.002
M,1953,Quincy,6,TX,1966,0.003
M,1954,Quinton,6,TX,1991,0.003
M,1955,Quinton,7,TX,1826,0.003
M,1955,Quentin,6,TX,1998,0.003
M,1956,Quentin,6,TX,2038,0.003
M,1956,Quincy,5,TX,2250,0.002
M,1957,Quentin,6,TX,2055,0.002
M,1957,Quinton,6,TX,2055,0.002
M,1958,Quintin,8,TX,1745,0.003
M,1958,Quinton,6,TX,2040,0.003
M,1958,Quentin,5,TX,2240,0.002
M,1959,Quintin,10,TX,1602,0.004
M,1959,Quentin,9,TX,1696,0.004
M,1959,Quincy,7,TX,1926,0.003
M,1959,Quinton,5,TX,2277,0.002
M,1960,Quentin,9,TX,1685,0.004
M,1960,Quinton,9,TX,1685,0.004
M,1960,Quinn,8,TX,1795,0.003
M,1960,Quincy,5,TX,2277,0.002
M,1961,Quintin,18,TX,1183,0.008
M,1961,Quincy,10,TX,1618,0.004
M,1961,Quentin,8,TX,1817,0.003
M,1961,Quinton,6,TX,2112,0.003
M,1962,Quinton,10,TX,1619,0.004
M,1962,Quentin,7,TX,1932,0.003
M,1962,Quincy,6,TX,2074,0.003
M,1962,Quinn,5,TX,2293,0.002
M,1962,Quintin,5,TX,2293,0.002
M,1963,Quintin,14,TX,1332,0.006
M,1963,Quinn,10,TX,1605,0.004
M,1963,Quinton,10,TX,1605,0.004
M,1963,Quentin,9,TX,1701,0.004
M,1963,Quincy,6,TX,2093,0.003
M,1963,Quint,6,TX,2093,0.003
M,1963,Quenton,5,TX,2287,0.002
M,1964,Quinton,15,TX,1307,0.007
M,1964,Quentin,12,TX,1476,0.006
M,1964,Quint,12,TX,1476,0.006
M,1964,Quintin,10,TX,1615,0.005
M,1964,Quinn,9,TX,1695,0.004
M,1965,Quentin,16,TX,1209,0.008
M,1965,Quintin,11,TX,1460,0.006
M,1965,Quincy,10,TX,1526,0.005
M,1965,Quint,7,TX,1824,0.004
M,1965,Quinton,7,TX,1824,0.004
M,1965,Quinten,5,TX,2179,0.003
M,1966,Quentin,12,TX,1382,0.006
M,1966,Quinn,9,TX,1579,0.005
M,1966,Quincy,8,TX,1679,0.004
M,1966,Quinton,8,TX,1679,0.004
M,1966,Quintin,6,TX,1975,0.003
M,1967,Quincy,10,TX,1509,0.005
M,1967,Quentin,9,TX,1590,0.005
M,1967,Quinn,9,TX,1590,0.005
M,1967,Quinton,5,TX,2198,0.003
M,1968,Quintin,11,TX,1454,0.006
M,1968,Quinton,9,TX,1605,0.005
M,1968,Quentin,7,TX,1862,0.004
M,1968,Quincy,7,TX,1862,0.004
M,1968,Quinn,5,TX,2266,0.003
M,1969,Quentin,20,TX,1113,0.01
M,1969,Quinton,15,TX,1292,0.007
M,1969,Quintin,8,TX,1818,0.004
M,1969,Quenton,7,TX,1949,0.003
M,1970,Quentin,39,TX,790,0.018
M,1970,Quinton,17,TX,1255,0.008
M,1970,Quincy,16,TX,1290,0.007
M,1970,Quintin,6,TX,2219,0.003
M,1970,Quinn,5,TX,2460,0.002
M,1970,Quinten,5,TX,2460,0.002
M,1971,Quentin,31,TX,921,0.014
M,1971,Quincy,23,TX,1078,0.011
M,1971,Quinton,15,TX,1375,0.007
M,1971,Quinn,7,TX,2095,0.003
M,1971,Quintin,7,TX,2095,0.003
M,1971,Quenton,5,TX,2515,0.002
M,1972,Quincy,36,TX,816,0.018
M,1972,Quentin,28,TX,945,0.014
M,1972,Quinton,13,TX,1440,0.006
M,1972,Quintin,6,TX,2235,0.003
M,1973,Quincy,48,TX,676,0.024
M,1973,Quentin,19,TX,1183,0.01
M,1973,Quinton,12,TX,1502,0.006
M,1973,Quintin,9,TX,1781,0.005
M,1974,Quincy,56,TX,590,0.028
M,1974,Quentin,28,TX,946,0.014
M,1974,Quinton,12,TX,1502,0.006
M,1974,Quintin,7,TX,2073,0.003
M,1974,Quinn,6,TX,2250,0.003
M,1975,Quincy,59,TX,583,0.029
M,1975,Quentin,39,TX,776,0.019
M,1975,Quinton,25,TX,1021,0.012
M,1975,Quinn,6,TX,2293,0.003
M,1976,Quincy,68,TX,522,0.033
M,1976,Quentin,47,TX,692,0.023
M,1976,Quinton,23,TX,1053,0.011
M,1976,Quintin,11,TX,1622,0.005
M,1976,Quincey,5,TX,2600,0.002
M,1977,Quincy,99,TX,412,0.047
M,1977,Quentin,46,TX,711,0.022
M,1977,Quinton,21,TX,1146,0.01
M,1977,Quincey,8,TX,2027,0.004
M,1977,Quinn,7,TX,2196,0.003
M,1977,Quinten,6,TX,2413,0.003
M,1977,Quintin,5,TX,2682,0.002
M,1978,Quincy,85,TX,468,0.039
M,1978,Quentin,40,TX,774,0.018
M,1978,Quinton,26,TX,1038,0.012
M,1978,Quincey,10,TX,1817,0.005
M,1978,Quintin,9,TX,1920,0.004
M,1978,Quinn,8,TX,2075,0.004
M,1978,Quenton,5,TX,2733,0.002
M,1979,Quincy,86,TX,488,0.037
M,1979,Quentin,39,TX,828,0.017
M,1979,Quinton,27,TX,1045,0.012
M,1979,Quinn,12,TX,1696,0.005
M,1979,Quintin,10,TX,1895,0.004
M,1979,Quenton,7,TX,2329,0.003
M,1979,Quinten,7,TX,2329,0.003
M,1979,Quang,6,TX,2581,0.003
M,1980,Quincy,74,TX,583,0.029
M,1980,Quentin,38,TX,869,0.015
M,1980,Quinton,34,TX,942,0.013
M,1980,Quinn,12,TX,1750,0.005
M,1980,Quintin,6,TX,2619,0.002
M,1980,Quenton,5,TX,2922,0.002
M,1980,Quirino,5,TX,2922,0.002
M,1980,Quoc,5,TX,2922,0.002
M,1981,Quincy,68,TX,610,0.026
M,1981,Quentin,36,TX,924,0.014
M,1981,Quinton,25,TX,1150,0.01
M,1981,Quintin,14,TX,1619,0.005
M,1981,Quenton,7,TX,2448,0.003
M,1981,Quoc,6,TX,2706,0.002
M,1981,Quang,5,TX,3019,0.002
M,1981,Quinn,5,TX,3019,0.002
M,1981,Quinten,5,TX,3019,0.002
M,1982,Quentin,66,TX,640,0.024
M,1982,Quincy,55,TX,717,0.02
M,1982,Quinton,39,TX,903,0.014
M,1982,Quintin,13,TX,1721,0.005
M,1982,Quan,8,TX,2319,0.003
M,1982,Quinn,8,TX,2319,0.003
M,1982,Quoc,7,TX,2506,0.003
M,1982,Quang,6,TX,2763,0.002
M,1982,Quirino,6,TX,2763,0.002
M,1982,Quenton,5,TX,3097,0.002
M,1982,Quinten,5,TX,3097,0.002
M,1983,Quentin,68,TX,601,0.025
M,1983,Quinton,63,TX,636,0.023
M,1983,Quincy,35,TX,947,0.013
M,1983,Quintin,19,TX,1345,0.007
M,1983,Quinten,10,TX,1987,0.004
M,1983,Quinn,9,TX,2114,0.003
M,1983,Quan,5,TX,3016,0.002
M,1983,Quenton,5,TX,3016,0.002
M,1983,Quoc,5,TX,3016,0.002
M,1984,Quinton,66,TX,620,0.024
M,1984,Quincy,52,TX,736,0.019
M,1984,Quentin,46,TX,788,0.017
M,1984,Quintin,18,TX,1416,0.007
M,1984,Quinn,10,TX,2002,0.004
M,1984,Quinten,8,TX,2294,0.003
M,1984,Quisto,5,TX,3066,0.002
M,1984,Quoc,5,TX,3066,0.002
M,1985,Quinton,54,TX,733,0.019
M,1985,Quincy,53,TX,747,0.019
M,1985,Quentin,51,TX,769,0.018
M,1985,Quintin,24,TX,1226,0.009
M,1985,Quinten,14,TX,1698,0.005
M,1985,Quinn,10,TX,2062,0.004
M,1985,Quoc,8,TX,2388,0.003
M,1985,Quan,6,TX,2815,0.002
M,1985,Quang,6,TX,2815,0.002
M,1986,Quentin,59,TX,681,0.021
M,1986,Quinton,54,TX,731,0.019
M,1986,Quincy,46,TX,832,0.017
M,1986,Quintin,23,TX,1272,0.008
M,1986,Quinn,15,TX,1640,0.005
M,1986,Quinten,8,TX,2386,0.003
M,1986,Quan,5,TX,3192,0.002
M,1986,Quang,5,TX,3192,0.002
M,1986,Quenton,5,TX,3192,0.002
M,1986,Quintan,5,TX,3192,0.002
M,1987,Quentin,61,TX,645,0.022
M,1987,Quinton,57,TX,686,0.021
M,1987,Quincy,38,TX,919,0.014
M,1987,Quintin,29,TX,1096,0.011
M,1987,Quinn,13,TX,1782,0.005
M,1987,Quinten,11,TX,1946,0.004
M,1987,Quenton,8,TX,2388,0.003
M,1987,Quan,6,TX,2846,0.002
M,1987,Quang,6,TX,2846,0.002
M,1988,Quentin,77,TX,567,0.028
M,1988,Quinton,39,TX,907,0.014
M,1988,Quincy,29,TX,1097,0.011
M,1988,Quintin,20,TX,1407,0.007
M,1988,Quinn,13,TX,1803,0.005
M,1988,Quinten,8,TX,2424,0.003
M,1988,Quang,5,TX,3221,0.002
M,1988,Quenton,5,TX,3221,0.002
M,1988,Quoc,5,TX,3221,0.002
M,1989,Quentin,75,TX,596,0.027
M,1989,Quinton,61,TX,689,0.022
M,1989,Quincy,35,TX,1016,0.012
M,1989,Quinn,17,TX,1581,0.006
M,1989,Quintin,13,TX,1885,0.005
M,1989,Quenton,12,TX,1986,0.004
M,1989,Quinten,11,TX,2097,0.004
M,1989,Quang,5,TX,3381,0.002
M,1990,Quinton,95,TX,527,0.033
M,1990,Quentin,57,TX,740,0.02
M,1990,Quincy,40,TX,946,0.014
M,1990,Quintin,32,TX,1087,0.011
M,1990,Quinn,13,TX,1921,0.004
M,1990,Quenton,12,TX,2027,0.004
M,1990,Quincey,6,TX,3079,0.002
M,1990,Quinten,6,TX,3079,0.002
M,1990,Quan,5,TX,3474,0.002
M,1991,Quinton,74,TX,634,0.026
M,1991,Quentin,52,TX,790,0.018
M,1991,Quincy,41,TX,934,0.014
M,1991,Quinn,20,TX,1529,0.007
M,1991,Quintin,18,TX,1614,0.006
M,1991,Quenton,8,TX,2632,0.003
M,1991,Quinten,5,TX,3524,0.002
M,1992,Quinton,57,TX,758,0.02
M,1992,Quentin,54,TX,779,0.019
M,1992,Quincy,35,TX,1055,0.012
M,1992,Quintin,24,TX,1373,0.008
M,1992,Quinn,18,TX,1649,0.006
M,1992,Quinten,9,TX,2497,0.003
M,1992,Quade,7,TX,2924,0.002
M,1993,Quinton,48,TX,867,0.017
M,1993,Quincy,47,TX,881,0.016
M,1993,Quentin,34,TX,1099,0.012
M,1993,Quinn,20,TX,1570,0.007
M,1993,Quintin,20,TX,1570,0.007
M,1993,Quinten,13,TX,2028,0.004
M,1993,Quenton,6,TX,3231,0.002
M,1993,Quade,5,TX,3632,0.002
M,1993,Quenten,5,TX,3632,0.002
M,1994,Quinton,74,TX,645,0.026
M,1994,Quentin,46,TX,907,0.016
M,1994,Quincy,41,TX,980,0.014
M,1994,Quinten,23,TX,1428,0.008
M,1994,Quinn,19,TX,1625,0.007
M,1994,Quintin,19,TX,1625,0.007
M,1994,Quenton,12,TX,2130,0.004
M,1994,Quincey,6,TX,3286,0.002
M,1994,Quaid,5,TX,3700,0.002
M,1995,Quinton,72,TX,666,0.025
M,1995,Quentin,71,TX,676,0.025
M,1995,Quincy,37,TX,1067,0.013
M,1995,Quintin,23,TX,1433,0.008
M,1995,Quinn,18,TX,1668,0.006
M,1995,Quinten,17,TX,1720,0.006
M,1995,Quenton,9,TX,2566,0.003
M,1995,Quinlan,5,TX,3747,0.002
M,1996,Quentin,78,TX,631,0.026
M,1996,Quinton,67,TX,714,0.023
M,1996,Quincy,36,TX,1109,0.012
M,1996,Quinn,28,TX,1283,0.009
M,1996,Quinten,27,TX,1314,0.009
M,1996,Quintin,19,TX,1665,0.006
M,1996,Quenton,9,TX,2658,0.003
M,1996,Quindon,7,TX,3087,0.002
M,1996,Quaid,5,TX,3844,0.002
M,1997,Quentin,65,TX,730,0.022
M,1997,Quinton,54,TX,845,0.018
M,1997,Quincy,43,TX,978,0.014
M,1997,Quintin,21,TX,1562,0.007
M,1997,Quinn,16,TX,1884,0.005
M,1997,Quinten,11,TX,2372,0.004
M,1997,Quenton,7,TX,3174,0.002
M,1997,Quindon,7,TX,3174,0.002
M,1997,Quaylon,6,TX,3494,0.002
M,1997,Quest,5,TX,3910,0.002
M,1998,Quentin,74,TX,702,0.024
M,1998,Quinton,57,TX,835,0.019
M,1998,Quincy,30,TX,1274,0.01
M,1998,Quinten,20,TX,1658,0.007
M,1998,Quintin,20,TX,1658,0.007
M,1998,Quinn,19,TX,1712,0.006
M,1998,Quenton,7,TX,3256,0.002
M,1999,Quinton,53,TX,895,0.017
M,1999,Quentin,41,TX,1063,0.013
M,1999,Quincy,33,TX,1232,0.011
M,1999,Quinn,28,TX,1370,0.009
M,1999,Quintin,21,TX,1664,0.007
M,1999,Quenton,11,TX,2543,0.004
M,1999,Quinten,9,TX,2861,0.003
M,1999,Quinlan,6,TX,3755,0.002
M,2000,Quentin,59,TX,851,0.018
M,2000,Quinton,55,TX,894,0.017
M,2000,Quinn,31,TX,1349,0.01
M,2000,Quincy,30,TX,1378,0.009
M,2000,Quinten,18,TX,1923,0.006
M,2000,Quintin,14,TX,2257,0.004
M,2000,Quinlan,10,TX,2801,0.003
M,2001,Quincy,56,TX,912,0.017
M,2001,Quentin,51,TX,982,0.016
M,2001,Quinton,43,TX,1105,0.013
M,2001,Quinn,28,TX,1468,0.009
M,2001,Quintin,19,TX,1893,0.006
M,2001,Quinten,12,TX,2561,0.004
M,2001,Quinlan,8,TX,3312,0.002
M,2001,Quenton,6,TX,4011,0.002
M,2001,Quaid,5,TX,4541,0.002
M,2001,Quan,5,TX,4541,0.002
M,2002,Quentin,49,TX,1028,0.015
M,2002,Quinton,46,TX,1078,0.014
M,2002,Quincy,41,TX,1176,0.012
M,2002,Quinn,34,TX,1328,0.01
M,2002,Quintin,20,TX,1899,0.006
M,2002,Quinten,10,TX,2986,0.003
M,2002,Quenton,7,TX,3745,0.002
M,2002,Quincey,6,TX,4124,0.002
M,2003,Quinton,52,TX,1012,0.016
M,2003,Quentin,49,TX,1061,0.015
M,2003,Quincy,46,TX,1096,0.014
M,2003,Quinn,33,TX,1373,0.01
M,2003,Quintin,21,TX,1856,0.006
M,2003,Quinten,17,TX,2125,0.005
M,2003,Quinlan,7,TX,3767,0.002
M,2003,Quade,5,TX,4726,0.001
M,2004,Quentin,53,TX,1005,0.016
M,2004,Quinton,34,TX,1376,0.01
M,2004,Quincy,33,TX,1401,0.01
M,2004,Quinn,27,TX,1590,0.008
M,2004,Quintin,23,TX,1783,0.007
M,2004,Quenton,12,TX,2732,0.004
M,2004,Quinten,11,TX,2879,0.003
M,2004,Quaid,5,TX,4839,0.001
M,2005,Quentin,53,TX,1009,0.016
M,2005,Quincy,36,TX,1333,0.011
M,2005,Quinton,36,TX,1333,0.011
M,2005,Quinn,29,TX,1555,0.008
M,2005,Quinten,19,TX,2051,0.006
M,2005,Quintin,18,TX,2138,0.005
M,2005,Quinlan,6,TX,4410,0.002
M,2005,Quade,5,TX,4989,0.001
M,2006,Quentin,55,TX,1013,0.016
M,2006,Quinn,47,TX,1137,0.013
M,2006,Quincy,38,TX,1323,0.011
M,2006,Quinton,37,TX,1350,0.01
M,2006,Quintin,21,TX,2029,0.006
M,2006,Quinten,12,TX,2933,0.003
M,2006,Quinlan,7,TX,4140,0.002
M,2007,Quentin,45,TX,1212,0.013
M,2007,Quinn,36,TX,1425,0.01
M,2007,Quinton,36,TX,1425,0.01
M,2007,Quincy,34,TX,1498,0.009
M,2007,Quinten,17,TX,2392,0.005
M,2007,Quintin,10,TX,3375,0.003
M,2007,Quaid,6,TX,4739,0.002
M,2008,Quinn,54,TX,1064,0.015
M,2008,Quentin,53,TX,1077,0.015
M,2008,Quinton,47,TX,1186,0.013
M,2008,Quincy,45,TX,1229,0.013
M,2008,Quintin,17,TX,2426,0.005
M,2008,Quinten,10,TX,3432,0.003
M,2008,Quenton,7,TX,4320,0.002
M,2009,Quinn,49,TX,1154,0.014
M,2009,Quentin,44,TX,1263,0.012
M,2009,Quincy,32,TX,1599,0.009
M,2009,Quinton,30,TX,1674,0.008
M,2009,Quintin,15,TX,2649,0.004
M,2009,Quinten,11,TX,3231,0.003
M,2009,Quinlan,9,TX,3678,0.003
M,2009,Quincey,5,TX,5455,0.001
M,2010,Quinn,46,TX,1185,0.014
M,2010,Quincy,39,TX,1348,0.012
M,2010,Quentin,32,TX,1550,0.009
M,2010,Quinton,29,TX,1677,0.009
M,2010,Quintin,16,TX,2513,0.005
M,2010,Quinten,8,TX,3906,0.002
M,2010,Quincey,6,TX,4748,0.002
M,2010,Quinlan,5,TX,5404,0.001
M,2011,Quinn,44,TX,1226,0.013
M,2011,Quentin,42,TX,1254,0.013
M,2011,Quinton,36,TX,1406,0.011
M,2011,Quincy,32,TX,1530,0.01
M,2011,Quintin,15,TX,2568,0.005
M,2011,Quinten,8,TX,3900,0.002
M,2012,Quentin,50,TX,1130,0.015
M,2012,Quinn,38,TX,1385,0.011
M,2012,Quinton,32,TX,1556,0.01
M,2012,Quincy,24,TX,1897,0.007
M,2012,Quintin,12,TX,3037,0.004
M,2012,Quinten,6,TX,4838,0.002
M,2013,Quentin,50,TX,1144,0.015
M,2013,Quinn,40,TX,1345,0.012
M,2013,Quincy,32,TX,1567,0.009
M,2013,Quinton,28,TX,1736,0.008
M,2013,Quintin,10,TX,3445,0.003
M,2013,Quade,6,TX,4838,0.002
M,2013,Quincey,5,TX,5452,0.001
M,2013,Quinten,5,TX,5452,0.001
M,2014,Quentin,37,TX,1480,0.01
M,2014,Quinn,34,TX,1560,0.01
M,2014,Quincy,29,TX,1741,0.008
M,2014,Quinton,27,TX,1825,0.008
M,2014,Quintin,8,TX,4036,0.002
M,2014,Quincey,6,TX,4933,0.002
M,2015,Quinn,54,TX,1142,0.015
M,2015,Quentin,38,TX,1462,0.011
M,2015,Quincy,29,TX,1782,0.008
M,2015,Quinton,25,TX,1967,0.007
M,2015,Quintin,11,TX,3365,0.003
M,2015,Quinten,6,TX,4979,0.002
M,2016,Quinn,48,TX,1247,0.014
M,2016,Quinton,35,TX,1561,0.01
M,2016,Quentin,28,TX,1797,0.008
M,2016,Quincy,27,TX,1847,0.008
M,2016,Quade,7,TX,4502,0.002
M,2016,Quinten,7,TX,4502,0.002
M,2016,Quintin,6,TX,4989,0.002
M,2017,Quinn,35,TX,1504,0.01
M,2017,Quincy,31,TX,1630,0.009
M,2017,Quinton,26,TX,1871,0.008
M,2017,Quentin,25,TX,1920,0.007
M,2017,Quintin,10,TX,3512,0.003
M,2017,Qasim,7,TX,4456,0.002
M,2017,Quade,5,TX,5480,0.001
M,2017,Quest,5,TX,5480,0.001
M,2018,Quinn,39,TX,1420,0.012
M,2018,Quentin,38,TX,1452,0.011
M,2018,Quincy,29,TX,1730,0.009
M,2018,Quinton,24,TX,1971,0.007
M,2018,Quintin,8,TX,4068,0.002
M,2018,Quest,6,TX,4934,0.002
M,2018,Quade,5,TX,5525,0.001
M,2018,Quaid,5,TX,5525,0.001
M,2018,Quin,5,TX,5525,0.001
M,2019,Quinn,40,TX,1391,0.012
M,2019,Quincy,33,TX,1600,0.01
M,2019,Quentin,32,TX,1634,0.01
M,2019,Quinton,20,TX,2225,0.006
M,2019,Quest,9,TX,3799,0.003
M,2019,Quintin,9,TX,3799,0.003
M,2019,Quaid,7,TX,4514,0.002
M,2019,Quinten,7,TX,4514,0.002
M,2019,Quade,5,TX,5546,0.002
M,2020,Quentin,41,TX,1365,0.013
M,2020,Quinn,37,TX,1479,0.011
M,2020,Quincy,21,TX,2169,0.007
M,2020,Quinton,16,TX,2594,0.005
M,2020,Quade,9,TX,3744,0.003
M,2020,Quest,6,TX,4881,0.002
M,2020,Quintin,6,TX,4881,0.002
M,2021,Quentin,44,TX,1343,0.013
M,2021,Quinn,35,TX,1579,0.011
M,2021,Quincy,31,TX,1717,0.009
M,2021,Quinton,19,TX,2347,0.006
M,2021,Quest,10,TX,3598,0.003
M,2021,Quintin,10,TX,3598,0.003
M,2021,Quinten,7,TX,4556,0.002
M,2021,Quade,6,TX,5045,0.002
M,2021,Quadir,5,TX,5656,0.002
M,2022,Quinn,35,TX,1639,0.01
M,2022,Quentin,28,TX,1911,0.008
M,2022,Quinton,28,TX,1911,0.008
M,2022,Quincy,27,TX,1964,0.008
M,2022,Quade,11,TX,3492,0.003
M,2022,Qasim,7,TX,4781,0.002
M,2022,Quinten,7,TX,4781,0.002
M,2022,Quest,6,TX,5268,0.002
M,2022,Quintin,5,TX,5906,0.001
M,2023,Quinn,33,TX,1736,0.01
M,2023,Quentin,29,TX,1884,0.009
M,2023,Quincy,25,TX,2078,0.007
M,2023,Quinton,20,TX,2411,0.006
M,2023,Quintin,9,TX,4038,0.003
M,2023,Quade,7,TX,4771,0.002
M,2023,Quadir,7,TX,4771,0.002
M,2024,Quinn,44,TX,1384,0.013
M,2024,Quincy,33,TX,1715,0.01
M,2024,Quinton,25,TX,2066,0.007
M,2024,Quentin,23,TX,2181,0.007
M,2024,Quintin,10,TX,3798,0.003
M,2024,Quade,9,TX,4082,0.003
M,2024,Qasim,7,TX,4790,0.002
M,2024,Quinten,5,TX,5929,0.001
F,1913,Queen,5,TN,604,0.02
F,1914,Queen,6,TN,604,0.02
F,1917,Queen,10,TN,567,0.023
F,1918,Queen,9,TN,606,0.019
F,1919,Queen,12,TN,510,0.025
F,1920,Queen,8,TN,683,0.016
F,1921,Queen,5,TN,926,0.009
F,1922,Queenie,7,TN,766,0.013
F,1922,Queen,5,TN,937,0.009
F,1923,Queenie,6,TN,810,0.011
F,1924,Queen,11,TN,573,0.02
F,1925,Queenie,5,TN,884,0.009
F,1926,Queen,7,TN,720,0.014
F,1927,Queen,8,TN,679,0.015
F,1928,Queen,5,TN,864,0.01
F,1929,Queen,5,TN,844,0.01
F,1930,Queen,6,TN,768,0.012
F,1932,Queen,7,TN,689,0.013
F,1933,Queen,10,TN,568,0.02
F,1933,Queenie,5,TN,841,0.01
F,1934,Queen,7,TN,694,0.013
F,1936,Queen,5,TN,820,0.01
F,1938,Queen,8,TN,642,0.015
F,1939,Queen,6,TN,745,0.011
F,1942,Queen,6,TN,798,0.009
F,1943,Queen,6,TN,815,0.009
F,1945,Queen,5,TN,838,0.008
F,1946,Queen,8,TN,722,0.011
F,1947,Queen,5,TN,971,0.006
F,1948,Queen,6,TN,869,0.008
F,1949,Queen,8,TN,750,0.01
F,1950,Queen,7,TN,796,0.009
F,1951,Queen,9,TN,705,0.012
F,1952,Queen,7,TN,817,0.009
F,1954,Queen,5,TN,992,0.006
F,1955,Queen,5,TN,990,0.006
F,1958,Queen,5,TN,1013,0.007
F,1977,Qiana,9,TN,761,0.015
F,1979,Quiana,7,TN,903,0.011
F,1979,Qiana,6,TN,985,0.01
F,1980,Quiana,7,TN,887,0.011
F,1981,Quiana,5,TN,1032,0.008
F,1995,Quanisha,6,TN,1198,0.009
F,1996,Quanisha,6,TN,1191,0.009
F,1997,Quanisha,7,TN,1094,0.011
F,1998,Quinn,5,TN,1460,0.008
F,2006,Quinn,8,TN,1315,0.012
F,2007,Quinn,6,TN,1617,0.008
F,2009,Quinn,6,TN,1654,0.009
F,2010,Quinn,16,TN,794,0.025
F,2011,Quinn,22,TN,596,0.034
F,2012,Quinn,17,TN,764,0.026
F,2013,Quinn,23,TN,612,0.035
F,2013,Queen,7,TN,1490,0.011
F,2014,Quinn,20,TN,717,0.03
F,2015,Quinn,32,TN,488,0.047
F,2016,Quinn,30,TN,513,0.045
F,2017,Quinn,33,TN,471,0.049
F,2017,Queen,5,TN,1997,0.007
F,2018,Quinn,30,TN,524,0.045
F,2018,Queen,7,TN,1615,0.011
F,2019,Quinn,34,TN,463,0.052
F,2019,Queen,8,TN,1458,0.012
F,2020,Quinn,46,TN,332,0.071
F,2020,Queen,6,TN,1806,0.009
F,2021,Quinn,37,TN,422,0.055
F,2021,Queen,10,TN,1321,0.015
F,2022,Quinn,39,TN,408,0.058
F,2022,Queen,6,TN,1926,0.009
F,2022,Quincy,6,TN,1926,0.009
F,2023,Quinn,41,TN,391,0.061
F,2023,Quincy,7,TN,1724,0.01
F,2024,Quinn,36,TN,463,0.053
M,1918,Quentin,16,TN,426,0.034
M,1918,Quinton,10,TN,569,0.021
M,1919,Quentin,13,TN,493,0.027
M,1919,Quinton,8,TN,642,0.017
M,1920,Quentin,9,TN,625,0.018
M,1921,Quentin,8,TN,707,0.015
M,1921,Quincy,5,TN,926,0.009
M,1922,Quentin,5,TN,937,0.009
M,1923,Quentin,5,TN,907,0.009
M,1924,Quentin,5,TN,924,0.009
M,1924,Quinton,5,TN,924,0.009
M,1925,Quinton,6,TN,800,0.011
M,1944,Quentin,5,TN,878,0.008
M,1950,Quentin,6,TN,847,0.008
M,1955,Quinton,5,TN,990,0.006
M,1956,Quinton,5,TN,1006,0.006
M,1957,Quinton,5,TN,1027,0.006
M,1959,Quintin,5,TN,1017,0.007
M,1960,Quinton,5,TN,1048,0.007
M,1961,Quinn,5,TN,1045,0.007
M,1961,Quinton,5,TN,1045,0.007
M,1962,Quintin,8,TN,819,0.011
M,1963,Quinton,15,TN,573,0.021
M,1963,Quentin,6,TN,953,0.008
M,1963,Quinn,5,TN,1031,0.007
M,1964,Quinton,10,TN,718,0.014
M,1965,Quentin,8,TN,779,0.012
M,1965,Quinton,7,TN,828,0.01
M,1965,Quintin,6,TN,898,0.009
M,1967,Quinton,7,TN,810,0.011
M,1968,Quincy,9,TN,710,0.015
M,1968,Quinton,9,TN,710,0.015
M,1969,Quentin,7,TN,830,0.011
M,1969,Quincy,5,TN,996,0.008
M,1969,Quinton,5,TN,996,0.008
M,1970,Quentin,7,TN,869,0.01
M,1970,Quincy,7,TN,869,0.01
M,1970,Quinton,5,TN,1029,0.007
M,1971,Quentin,11,TN,688,0.017
M,1971,Quinton,9,TN,779,0.014
M,1972,Quincy,10,TN,681,0.017
M,1972,Quentin,9,TN,729,0.015
M,1973,Quinton,13,TN,596,0.022
M,1973,Quincy,8,TN,791,0.014
M,1973,Quentin,6,TN,913,0.01
M,1974,Quincy,13,TN,599,0.022
M,1974,Quinton,8,TN,793,0.014
M,1974,Quentin,6,TN,935,0.01
M,1975,Quincy,11,TN,650,0.019
M,1975,Quinton,10,TN,686,0.018
M,1975,Quentin,9,TN,721,0.016
M,1976,Quinton,16,TN,514,0.029
M,1976,Quentin,14,TN,553,0.025
M,1976,Quincy,10,TN,660,0.018
M,1976,Quincey,5,TN,995,0.009
M,1977,Quincy,21,TN,440,0.035
M,1977,Quentin,19,TN,476,0.032
M,1977,Quinton,16,TN,531,0.027
M,1978,Quincy,17,TN,505,0.028
M,1978,Quinton,13,TN,593,0.022
M,1978,Quentin,11,TN,673,0.018
M,1978,Quinn,5,TN,1088,0.008
M,1979,Quincy,26,TN,379,0.042
M,1979,Quinton,21,TN,442,0.034
M,1979,Quentin,7,TN,903,0.011
M,1980,Quincy,22,TN,420,0.036
M,1980,Quinton,19,TN,464,0.031
M,1980,Quentin,15,TN,555,0.024
M,1980,Quincey,7,TN,887,0.011
M,1981,Quinton,16,TN,514,0.027
M,1981,Quincy,13,TN,578,0.022
M,1981,Quentin,10,TN,686,0.017
M,1982,Quincy,21,TN,437,0.035
M,1982,Quinton,18,TN,487,0.03
M,1982,Quentin,15,TN,546,0.025
M,1982,Quintin,5,TN,1046,0.008
M,1983,Quinton,34,TN,299,0.057
M,1983,Quentin,13,TN,562,0.022
M,1983,Quincy,11,TN,631,0.019
M,1983,Quintin,5,TN,1025,0.008
M,1984,Quinton,29,TN,326,0.049
M,1984,Quentin,15,TN,508,0.025
M,1984,Quincy,13,TN,566,0.022
M,1984,Quintin,10,TN,668,0.017
M,1985,Quinton,33,TN,302,0.055
M,1985,Quentin,25,TN,368,0.042
M,1985,Quincy,9,TN,721,0.015
M,1985,Quintin,5,TN,1064,0.008
M,1986,Quinton,22,TN,399,0.037
M,1986,Quentin,14,TN,549,0.024
M,1986,Quincy,14,TN,549,0.024
M,1986,Quintin,9,TN,727,0.015
M,1987,Quinton,25,TN,369,0.041
M,1987,Quentin,17,TN,489,0.028
M,1987,Quincy,5,TN,1105,0.008
M,1988,Quinton,25,TN,374,0.04
M,1988,Quentin,17,TN,506,0.027
M,1988,Quintin,12,TN,653,0.019
M,1988,Quincy,5,TN,1152,0.008
M,1989,Quinton,19,TN,483,0.029
M,1989,Quentin,17,TN,522,0.026
M,1989,Quintin,10,TN,758,0.016
M,1989,Quenton,7,TN,968,0.011
M,1989,Quincy,7,TN,968,0.011
M,1989,Quintez,5,TN,1188,0.008
M,1990,Quinton,24,TN,412,0.036
M,1990,Quentin,20,TN,476,0.03
M,1990,Quintin,8,TN,916,0.012
M,1990,Quincy,6,TN,1092,0.009
M,1991,Quinton,27,TN,391,0.041
M,1991,Quincy,12,TN,692,0.018
M,1991,Quentin,10,TN,775,0.015
M,1991,Quintin,7,TN,1007,0.011
M,1992,Quinton,28,TN,391,0.043
M,1992,Quentin,21,TN,466,0.032
M,1992,Quincy,10,TN,807,0.015
M,1992,Quintin,8,TN,938,0.012
M,1993,Quinton,27,TN,394,0.042
M,1993,Quentin,14,TN,607,0.022
M,1993,Quincy,9,TN,848,0.014
M,1993,Quintin,6,TN,1118,0.009
M,1994,Quinton,32,TN,359,0.05
M,1994,Quentin,16,TN,558,0.025
M,1994,Quincy,16,TN,558,0.025
M,1994,Quintin,10,TN,809,0.016
M,1994,Quinn,5,TN,1309,0.008
M,1994,Quintarius,5,TN,1309,0.008
M,1995,Quinton,39,TN,312,0.061
M,1995,Quentin,17,TN,573,0.027
M,1995,Quintin,12,TN,726,0.019
M,1995,Quincy,6,TN,1198,0.009
M,1996,Quentin,32,TN,355,0.05
M,1996,Quinton,22,TN,477,0.034
M,1996,Quincy,13,TN,682,0.02
M,1996,Quinn,8,TN,973,0.013
M,1997,Quinton,28,TN,405,0.044
M,1997,Quentin,25,TN,446,0.039
M,1997,Quincy,8,TN,1004,0.012
M,1997,Quinn,6,TN,1207,0.009
M,1998,Quinton,25,TN,472,0.038
M,1998,Quentin,24,TN,491,0.036
M,1998,Quinn,6,TN,1309,0.009
M,1998,Quinten,6,TN,1309,0.009
M,1998,Quincy,5,TN,1460,0.008
M,1999,Quinton,30,TN,417,0.045
M,1999,Quentin,15,TN,684,0.022
M,1999,Quincy,9,TN,975,0.013
M,1999,Quintin,8,TN,1067,0.012
M,1999,Quinn,7,TN,1171,0.01
M,2000,Quentin,23,TN,527,0.034
M,2000,Quinton,21,TN,566,0.031
M,2000,Quincy,8,TN,1102,0.012
M,2000,Quinn,6,TN,1339,0.009
M,2000,Quintin,5,TN,1525,0.007
M,2001,Quinton,21,TN,572,0.032
M,2001,Quentin,19,TN,615,0.029
M,2001,Quincy,13,TN,793,0.02
M,2001,Quinn,8,TN,1095,0.012
M,2002,Quentin,19,TN,605,0.029
M,2002,Quinton,17,TN,654,0.026
M,2002,Quincy,14,TN,762,0.022
M,2002,Quinten,7,TN,1238,0.011
M,2002,Quintin,5,TN,1545,0.008
M,2003,Quinton,21,TN,579,0.032
M,2003,Quentin,15,TN,760,0.023
M,2003,Quincy,7,TN,1280,0.011
M,2003,Quintin,6,TN,1413,0.009
M,2004,Quentin,24,TN,533,0.036
M,2004,Quinton,13,TN,856,0.02
M,2004,Quintin,10,TN,1042,0.015
M,2004,Quincy,9,TN,1133,0.014
M,2004,Quinn,6,TN,1445,0.009
M,2004,Quinten,5,TN,1629,0.008
M,2005,Quinton,16,TN,768,0.024
M,2005,Quentin,15,TN,803,0.022
M,2005,Quincy,6,TN,1549,0.009
M,2005,Quinn,6,TN,1549,0.009
M,2005,Quinten,6,TN,1549,0.009
M,2005,Quintin,5,TN,1734,0.007
M,2006,Quentin,22,TN,606,0.032
M,2006,Quinton,17,TN,746,0.025
M,2006,Quintin,9,TN,1195,0.013
M,2006,Quincy,8,TN,1315,0.012
M,2006,Quinn,7,TN,1445,0.01
M,2007,Quinn,16,TN,809,0.022
M,2007,Quinton,16,TN,809,0.022
M,2007,Quentin,12,TN,1015,0.017
M,2007,Quintin,7,TN,1438,0.01
M,2007,Quincy,5,TN,1837,0.007
M,2008,Quentin,15,TN,858,0.021
M,2008,Quinton,13,TN,964,0.019
M,2008,Quincy,11,TN,1098,0.016
M,2008,Quintin,8,TN,1355,0.011
M,2008,Quinn,7,TN,1498,0.01
M,2009,Quentin,14,TN,885,0.021
M,2009,Quinton,12,TN,993,0.018
M,2009,Quincy,9,TN,1245,0.013
M,2009,Quinn,8,TN,1353,0.012
M,2009,Quinten,5,TN,1873,0.007
M,2009,Quintin,5,TN,1873,0.007
M,2010,Quinton,18,TN,723,0.028
M,2010,Quentin,11,TN,1043,0.017
M,2010,Quincy,8,TN,1293,0.012
M,2010,Quinn,8,TN,1293,0.012
M,2010,Quinten,5,TN,1844,0.008
M,2011,Quinn,13,TN,932,0.02
M,2011,Quinton,12,TN,992,0.019
M,2011,Quentin,7,TN,1461,0.011
M,2011,Quincy,7,TN,1461,0.011
M,2011,Quintin,5,TN,1859,0.008
M,2012,Quinn,14,TN,899,0.021
M,2012,Quinton,14,TN,899,0.021
M,2012,Quentin,9,TN,1260,0.014
M,2012,Quincy,7,TN,1515,0.011
M,2012,Quinten,6,TN,1687,0.009
M,2012,Quintin,5,TN,1921,0.008
M,2013,Quinton,13,TN,951,0.02
M,2013,Quincy,8,TN,1349,0.012
M,2013,Quentin,5,TN,1894,0.008
M,2014,Quinton,13,TN,990,0.019
M,2014,Quentin,9,TN,1296,0.013
M,2014,Quincy,9,TN,1296,0.013
M,2014,Quinn,7,TN,1565,0.01
M,2014,Quintin,5,TN,1959,0.007
M,2015,Quentin,15,TN,913,0.022
M,2015,Quinn,12,TN,1069,0.018
M,2015,Quinton,10,TN,1205,0.015
M,2015,Quincy,8,TN,1414,0.012
M,2015,Quintin,5,TN,1975,0.007
M,2016,Quentin,15,TN,922,0.022
M,2016,Quinn,15,TN,922,0.022
M,2016,Quinton,6,TN,1775,0.009
M,2016,Quinten,5,TN,2012,0.007
M,2017,Quinton,13,TN,1023,0.019
M,2017,Quentin,12,TN,1075,0.018
M,2017,Quinn,8,TN,1437,0.012
M,2017,Quintin,5,TN,1997,0.007
M,2018,Quinton,20,TN,738,0.03
M,2018,Quinn,10,TN,1259,0.015
M,2018,Quentin,9,TN,1361,0.014
M,2018,Quincy,8,TN,1458,0.012
M,2019,Quinn,13,TN,1036,0.02
M,2019,Quentin,11,TN,1167,0.017
M,2019,Quincy,11,TN,1167,0.017
M,2019,Quinton,10,TN,1251,0.015
M,2020,Quinn,10,TN,1266,0.016
M,2020,Quinton,8,TN,1476,0.012
M,2020,Quentin,6,TN,1806,0.009
M,2020,Quincy,6,TN,1806,0.009
M,2021,Quinn,11,TN,1215,0.016
M,2021,Quinton,10,TN,1321,0.015
M,2021,Quentin,7,TN,1700,0.01
M,2021,Quincy,6,TN,1886,0.009
M,2022,Quentin,11,TN,1257,0.016
M,2022,Quinton,9,TN,1452,0.013
M,2022,Quinn,7,TN,1734,0.01
M,2022,Quintin,6,TN,1926,0.009
M,2022,Quincy,5,TN,2169,0.007
M,2023,Quinn,17,TN,891,0.025
M,2023,Quincy,8,TN,1586,0.012
M,2023,Quinton,8,TN,1586,0.012
M,2023,Quentin,6,TN,1931,0.009
M,2023,Quinten,5,TN,2185,0.007
M,2024,Quinn,12,TN,1192,0.018
M,2024,Quinton,12,TN,1192,0.018
M,2024,Quincy,7,TN,1756,0.01
F,1974,Quiana,5,NJ,1323,0.006
F,1976,Quiana,9,NJ,908,0.012
F,1976,Quintina,5,NJ,1342,0.007
F,1977,Qiana,13,NJ,735,0.017
F,1977,Quiana,9,NJ,924,0.011
F,1977,Qadriyyah,5,NJ,1384,0.006
F,1978,Qiana,20,NJ,544,0.026
F,1978,Quiana,10,NJ,880,0.013
F,1978,Qadriyyah,5,NJ,1371,0.006
F,1978,Quanika,5,NJ,1371,0.006
F,1979,Qiana,19,NJ,583,0.024
F,1979,Quiana,10,NJ,878,0.013
F,1979,Quinn,5,NJ,1404,0.006
F,1980,Qiana,11,NJ,811,0.014
F,1980,Quiana,11,NJ,811,0.014
F,1981,Quiana,21,NJ,511,0.026
F,1981,Quinn,7,NJ,1089,0.009
F,1981,Qiana,6,NJ,1216,0.008
F,1981,Quanisha,5,NJ,1389,0.006
F,1982,Qiana,9,NJ,950,0.011
F,1982,Quiana,9,NJ,950,0.011
F,1983,Quiana,9,NJ,917,0.011
F,1983,Qiana,8,NJ,1004,0.01
F,1984,Quiana,13,NJ,731,0.016
F,1984,Quinn,6,NJ,1201,0.007
F,1985,Quiana,7,NJ,1131,0.008
F,1986,Quinn,5,NJ,1436,0.006
F,1987,Quiana,6,NJ,1317,0.006
F,1987,Quanisha,5,NJ,1486,0.005
F,1988,Quiana,6,NJ,1367,0.006
F,1989,Quiana,9,NJ,1122,0.009
F,1989,Quanisha,7,NJ,1326,0.007
F,1990,Quanisha,5,NJ,1678,0.005
F,1990,Quinn,5,NJ,1678,0.005
F,1991,Quanisha,8,NJ,1248,0.008
F,1991,Quiana,6,NJ,1498,0.006
F,1993,Quanisha,7,NJ,1339,0.007
F,1993,Queen,5,NJ,1693,0.005
F,1994,Quanisha,7,NJ,1405,0.007
F,1995,Quinn,10,NJ,1073,0.011
F,1995,Quanisha,6,NJ,1516,0.006
F,1995,Quatasia,5,NJ,1719,0.005
F,1996,Quinn,12,NJ,937,0.013
F,1996,Quanisha,5,NJ,1727,0.005
F,1997,Quinn,7,NJ,1410,0.008
F,1997,Quiana,6,NJ,1571,0.007
F,1998,Quinn,11,NJ,1021,0.012
F,1999,Quinn,7,NJ,1455,0.008
F,2000,Quinn,11,NJ,1082,0.012
F,2002,Quinn,14,NJ,914,0.016
F,2002,Quianna,5,NJ,1925,0.006
F,2003,Quinn,11,NJ,1134,0.012
F,2004,Quinn,13,NJ,1027,0.015
F,2005,Quinn,9,NJ,1351,0.01
F,2006,Quinn,21,NJ,713,0.024
F,2007,Quinn,11,NJ,1227,0.012
F,2008,Quinn,11,NJ,1228,0.013
F,2009,Quinn,14,NJ,1010,0.017
F,2010,Quinn,34,NJ,464,0.042
F,2011,Quinn,46,NJ,360,0.058
F,2012,Quinn,72,NJ,228,0.092
F,2012,Quincy,5,NJ,2124,0.006
F,2013,Quinn,71,NJ,235,0.091
F,2014,Quinn,70,NJ,252,0.089
F,2015,Quinn,78,NJ,227,0.099
F,2016,Quinn,97,NJ,170,0.124
F,2017,Quinn,101,NJ,164,0.131
F,2018,Quinn,80,NJ,207,0.105
F,2018,Queen,9,NJ,1407,0.012
F,2019,Quinn,87,NJ,192,0.116
F,2019,Queen,5,NJ,2141,0.007
F,2020,Quinn,75,NJ,218,0.101
F,2021,Quinn,99,NJ,168,0.129
F,2021,Queen,5,NJ,2229,0.006
F,2022,Quinn,108,NJ,151,0.139
F,2022,Queen,6,NJ,1959,0.008
F,2023,Quinn,85,NJ,191,0.112
F,2023,Quincy,5,NJ,2226,0.007
F,2024,Quinn,89,NJ,187,0.117
M,1918,Quentin,10,NJ,468,0.017
M,1919,Quentin,7,NJ,531,0.012
M,1920,Quentin,8,NJ,511,0.013
M,1921,Quentin,5,NJ,662,0.008
M,1924,Quentin,5,NJ,657,0.008
M,1934,Quentin,5,NJ,597,0.011
M,1950,Quentin,8,NJ,662,0.009
M,1955,Quentin,6,NJ,904,0.005
M,1962,Quentin,6,NJ,1109,0.005
M,1963,Quentin,10,NJ,873,0.008
M,1964,Quincy,5,NJ,1228,0.004
M,1965,Quentin,5,NJ,1232,0.004
M,1969,Quinn,5,NJ,1299,0.005
M,1970,Quentin,9,NJ,985,0.009
M,1970,Quincy,7,NJ,1136,0.007
M,1971,Quincy,10,NJ,906,0.01
M,1971,Quentin,5,NJ,1348,0.005
M,1972,Quincy,9,NJ,929,0.01
M,1973,Quincy,7,NJ,1096,0.009
M,1973,Quinn,5,NJ,1328,0.006
M,1974,Quentin,5,NJ,1323,0.006
M,1975,Quincy,15,NJ,678,0.019
M,1975,Quinn,7,NJ,1101,0.009
M,1975,Quentin,5,NJ,1333,0.006
M,1976,Quincy,14,NJ,678,0.018
M,1976,Quentin,5,NJ,1342,0.007
M,1977,Quincy,13,NJ,735,0.017
M,1978,Quadir,7,NJ,1117,0.009
M,1978,Quran,7,NJ,1117,0.009
M,1978,Quentin,6,NJ,1221,0.008
M,1978,Qasim,5,NJ,1371,0.006
M,1978,Quincy,5,NJ,1371,0.006
M,1979,Quadir,6,NJ,1255,0.008
M,1979,Quentin,5,NJ,1404,0.006
M,1979,Quincy,5,NJ,1404,0.006
M,1980,Quran,6,NJ,1234,0.008
M,1980,Quadir,5,NJ,1388,0.006
M,1981,Quadir,8,NJ,1003,0.01
M,1981,Quincy,6,NJ,1216,0.008
M,1981,Quinton,6,NJ,1216,0.008
M,1982,Quadir,12,NJ,786,0.015
M,1982,Quincy,5,NJ,1391,0.006
M,1983,Quadir,8,NJ,1004,0.01
M,1983,Quentin,6,NJ,1215,0.007
M,1983,Quincy,6,NJ,1215,0.007
M,1983,Quintin,5,NJ,1349,0.006
M,1984,Quincy,5,NJ,1355,0.006
M,1985,Quran,5,NJ,1426,0.006
M,1986,Quinton,5,NJ,1436,0.006
M,1987,Quentin,11,NJ,884,0.012
M,1987,Quadir,7,NJ,1202,0.007
M,1987,Quashawn,6,NJ,1317,0.006
M,1987,Quinton,6,NJ,1317,0.006
M,1987,Quran,5,NJ,1486,0.005
M,1988,Quadir,11,NJ,917,0.011
M,1988,Quentin,10,NJ,972,0.01
M,1988,Quinton,9,NJ,1045,0.009
M,1988,Quashawn,6,NJ,1367,0.006
M,1989,Quadir,13,NJ,891,0.013
M,1989,Quashawn,6,NJ,1467,0.006
M,1989,Quentin,6,NJ,1467,0.006
M,1989,Quincy,6,NJ,1467,0.006
M,1989,Quinn,6,NJ,1467,0.006
M,1989,Quintin,6,NJ,1467,0.006
M,1989,Quamir,5,NJ,1658,0.005
M,1989,Quinton,5,NJ,1658,0.005
M,1989,Quran,5,NJ,1658,0.005
M,1990,Quentin,14,NJ,843,0.014
M,1990,Quinton,13,NJ,875,0.013
M,1990,Quran,8,NJ,1225,0.008
M,1990,Quinn,7,NJ,1360,0.007
M,1990,Quincy,5,NJ,1678,0.005
M,1991,Quincy,11,NJ,1017,0.011
M,1991,Quadir,10,NJ,1088,0.01
M,1991,Quentin,9,NJ,1162,0.009
M,1991,Quinton,9,NJ,1162,0.009
M,1991,Quinn,8,NJ,1248,0.008
M,1991,Quashawn,7,NJ,1350,0.007
M,1991,Quamere,5,NJ,1688,0.005
M,1992,Quadir,14,NJ,843,0.014
M,1992,Quinton,10,NJ,1051,0.01
M,1992,Quincy,9,NJ,1131,0.009
M,1992,Quinn,9,NJ,1131,0.009
M,1992,Quashawn,8,NJ,1232,0.008
M,1992,Quentin,7,NJ,1350,0.007
M,1993,Quincy,14,NJ,840,0.015
M,1993,Quadir,12,NJ,934,0.013
M,1993,Quinn,11,NJ,998,0.012
M,1993,Quinton,9,NJ,1144,0.009
M,1993,Quran,7,NJ,1339,0.007
M,1993,Quentin,6,NJ,1481,0.006
M,1993,Quashawn,5,NJ,1693,0.005
M,1994,Quinn,14,NJ,847,0.015
M,1994,Quincy,12,NJ,941,0.013
M,1994,Quinton,12,NJ,941,0.013
M,1994,Quran,8,NJ,1283,0.008
M,1994,Quamir,6,NJ,1566,0.006
M,1994,Quasim,6,NJ,1566,0.006
M,1994,Quentin,6,NJ,1566,0.006
M,1994,Quadir,5,NJ,1766,0.005
M,1994,Quashawn,5,NJ,1766,0.005
M,1995,Quinn,13,NJ,879,0.014
M,1995,Quincy,10,NJ,1073,0.011
M,1995,Quamir,8,NJ,1252,0.009
M,1995,Quentin,8,NJ,1252,0.009
M,1995,Quadir,7,NJ,1366,0.008
M,1995,Quan,7,NJ,1366,0.008
M,1995,Quinton,7,NJ,1366,0.008
M,1995,Quasim,5,NJ,1719,0.005
M,1996,Quinn,26,NJ,524,0.029
M,1996,Quentin,16,NJ,765,0.018
M,1996,Quran,13,NJ,895,0.014
M,1996,Quadir,11,NJ,1002,0.012
M,1996,Quinton,10,NJ,1086,0.011
M,1996,Qadir,9,NJ,1170,0.01
M,1996,Quamir,8,NJ,1266,0.009
M,1996,Qasim,5,NJ,1727,0.005
M,1997,Quinn,26,NJ,524,0.029
M,1997,Quran,15,NJ,795,0.017
M,1997,Quinton,13,NJ,889,0.014
M,1997,Quentin,12,NJ,939,0.013
M,1997,Quamir,11,NJ,1004,0.012
M,1997,Quincy,9,NJ,1176,0.01
M,1997,Quadir,8,NJ,1297,0.009
M,1997,Quintin,6,NJ,1571,0.007
M,1997,Qasim,5,NJ,1806,0.006
M,1997,Quashawn,5,NJ,1806,0.006
M,1998,Quinn,38,NJ,395,0.042
M,1998,Quentin,16,NJ,774,0.018
M,1998,Quincy,8,NJ,1299,0.009
M,1998,Quintin,8,NJ,1299,0.009
M,1998,Quadir,7,NJ,1419,0.008
M,1998,Quinton,7,NJ,1419,0.008
M,1998,Quran,6,NJ,1611,0.007
M,1998,Quamere,5,NJ,1837,0.006
M,1999,Quinn,27,NJ,514,0.03
M,1999,Quentin,17,NJ,749,0.019
M,1999,Quincy,16,NJ,787,0.018
M,1999,Quadir,9,NJ,1215,0.01
M,1999,Quamir,8,NJ,1323,0.009
M,1999,Quinton,8,NJ,1323,0.009
M,1999,Qasim,7,NJ,1455,0.008
M,1999,Quashawn,6,NJ,1620,0.007
M,1999,Quintin,6,NJ,1620,0.007
M,1999,Quran,6,NJ,1620,0.007
M,2000,Quinn,28,NJ,505,0.031
M,2000,Quadir,16,NJ,812,0.018
M,2000,Quamir,11,NJ,1082,0.012
M,2000,Quentin,11,NJ,1082,0.012
M,2000,Quinton,9,NJ,1238,0.01
M,2000,Quincy,8,NJ,1344,0.009
M,2000,Quasim,5,NJ,1880,0.006
M,2001,Quinn,30,NJ,492,0.034
M,2001,Quadir,17,NJ,799,0.019
M,2001,Quincy,14,NJ,919,0.016
M,2001,Quamir,13,NJ,962,0.015
M,2001,Quentin,11,NJ,1107,0.012
M,2001,Quinton,8,NJ,1399,0.009
M,2001,Quamere,6,NJ,1758,0.007
M,2001,Quran,6,NJ,1758,0.007
M,2001,Quintin,5,NJ,1962,0.006
M,2002,Quinn,25,NJ,556,0.028
M,2002,Quadir,22,NJ,626,0.025
M,2002,Quincy,13,NJ,972,0.015
M,2002,Quentin,10,NJ,1185,0.011
M,2002,Quamere,7,NJ,1530,0.008
M,2002,Quamir,7,NJ,1530,0.008
M,2002,Quayon,6,NJ,1717,0.007
M,2002,Quashawn,5,NJ,1925,0.006
M,2002,Quinton,5,NJ,1925,0.006
M,2003,Quinn,28,NJ,520,0.031
M,2003,Quincy,16,NJ,846,0.018
M,2003,Quentin,11,NJ,1134,0.012
M,2003,Quadir,10,NJ,1220,0.011
M,2003,Quamir,6,NJ,1802,0.007
M,2003,Quinton,6,NJ,1802,0.007
M,2004,Quinn,41,NJ,386,0.046
M,2004,Quamir,13,NJ,1027,0.015
M,2004,Quentin,11,NJ,1168,0.012
M,2004,Quadir,10,NJ,1255,0.011
M,2004,Quincy,10,NJ,1255,0.011
M,2004,Quinton,7,NJ,1607,0.008
M,2004,Quasir,5,NJ,2050,0.006
M,2004,Quinten,5,NJ,2050,0.006
M,2004,Quintin,5,NJ,2050,0.006
M,2005,Quinn,31,NJ,487,0.035
M,2005,Quentin,16,NJ,877,0.018
M,2005,Quamir,10,NJ,1230,0.011
M,2005,Quran,10,NJ,1230,0.011
M,2005,Quadir,8,NJ,1465,0.009
M,2005,Qasim,5,NJ,2057,0.006
M,2005,Quincy,5,NJ,2057,0.006
M,2005,Quintin,5,NJ,2057,0.006
M,2005,Quinton,5,NJ,2057,0.006
M,2006,Quinn,34,NJ,467,0.039
M,2006,Quamir,14,NJ,993,0.016
M,2006,Quentin,14,NJ,993,0.016
M,2006,Quadir,9,NJ,1387,0.01
M,2006,Quincy,9,NJ,1387,0.01
M,2006,Quinlan,6,NJ,1848,0.007
M,2006,Quinton,6,NJ,1848,0.007
M,2006,Quran,6,NJ,1848,0.007
M,2006,Quashawn,5,NJ,2083,0.006
M,2006,Quintin,5,NJ,2083,0.006
M,2007,Quinn,36,NJ,457,0.041
M,2007,Quadir,12,NJ,1143,0.014
M,2007,Quincy,12,NJ,1143,0.014
M,2007,Quentin,11,NJ,1227,0.012
M,2007,Quamir,9,NJ,1425,0.01
M,2007,Quran,7,NJ,1700,0.008
M,2007,Quintin,5,NJ,2173,0.006
M,2007,Quinton,5,NJ,2173,0.006
M,2008,Quinn,35,NJ,452,0.041
M,2008,Quamir,15,NJ,961,0.018
M,2008,Quadir,12,NJ,1149,0.014
M,2008,Quentin,11,NJ,1228,0.013
M,2008,Quincy,11,NJ,1228,0.013
M,2008,Quinton,8,NJ,1531,0.009
M,2008,Quinlan,5,NJ,2166,0.006
M,2008,Quran,5,NJ,2166,0.006
M,2009,Quinn,40,NJ,399,0.048
M,2009,Quentin,10,NJ,1307,0.012
M,2009,Quadir,6,NJ,1889,0.007
M,2009,Quran,6,NJ,1889,0.007
M,2009,Quamir,5,NJ,2169,0.006
M,2009,Quashawn,5,NJ,2169,0.006
M,2009,Quincy,5,NJ,2169,0.006
M,2009,Quinton,5,NJ,2169,0.006
M,2010,Quinn,37,NJ,431,0.046
M,2010,Quentin,10,NJ,1297,0.012
M,2010,Quincy,8,NJ,1534,0.01
M,2010,Quintin,6,NJ,1872,0.007
M,2010,Quinton,6,NJ,1872,0.007
M,2010,Quamir,5,NJ,2107,0.006
M,2011,Quinn,28,NJ,554,0.035
M,2011,Quincy,8,NJ,1525,0.01
M,2011,Quamir,6,NJ,1854,0.008
M,2011,Quinton,6,NJ,1854,0.008
M,2011,Quentin,5,NJ,2114,0.006
M,2012,Quinn,17,NJ,851,0.022
M,2012,Quentin,10,NJ,1276,0.013
M,2012,Quinton,7,NJ,1679,0.009
M,2012,Quincy,5,NJ,2124,0.006
M,2012,Quintin,5,NJ,2124,0.006
M,2013,Quinn,24,NJ,628,0.031
M,2013,Quentin,15,NJ,928,0.019
M,2013,Quincy,12,NJ,1105,0.015
M,2013,Quinton,9,NJ,1371,0.012
M,2013,Quamir,6,NJ,1867,0.008
M,2013,Quadir,5,NJ,2124,0.006
M,2013,Quinten,5,NJ,2124,0.006
M,2014,Quinn,27,NJ,591,0.034
M,2014,Quentin,14,NJ,1017,0.018
M,2014,Quinton,8,NJ,1537,0.01
M,2014,Quincy,6,NJ,1889,0.008
M,2015,Quinn,34,NJ,488,0.043
M,2015,Quentin,10,NJ,1332,0.013
M,2015,Quincy,8,NJ,1567,0.01
M,2015,Quinton,6,NJ,1905,0.008
M,2016,Quinn,37,NJ,459,0.047
M,2016,Quincy,13,NJ,1072,0.017
M,2016,Quamir,5,NJ,2153,0.006
M,2016,Quentin,5,NJ,2153,0.006
M,2017,Quinn,28,NJ,572,0.036
M,2017,Quentin,14,NJ,994,0.018
M,2017,Quincy,10,NJ,1295,0.013
M,2017,Quinton,6,NJ,1872,0.008
M,2017,Qasim,5,NJ,2127,0.007
M,2017,Quran,5,NJ,2127,0.007
M,2018,Quinn,17,NJ,884,0.022
M,2018,Quentin,6,NJ,1873,0.008
M,2018,Qais,5,NJ,2145,0.007
M,2018,Quincy,5,NJ,2145,0.007
M,2019,Quinn,20,NJ,771,0.027
M,2019,Quentin,11,NJ,1228,0.015
M,2020,Quinn,20,NJ,791,0.027
M,2020,Quentin,14,NJ,1043,0.019
M,2020,Quincy,7,NJ,1732,0.009
M,2020,Quadir,6,NJ,1915,0.008
M,2021,Quinn,26,NJ,644,0.034
M,2021,Quincy,8,NJ,1593,0.01
M,2021,Quentin,7,NJ,1746,0.009
M,2021,Quadir,5,NJ,2229,0.006
M,2021,Quinton,5,NJ,2229,0.006
M,2022,Quinn,21,NJ,764,0.027
M,2022,Quentin,12,NJ,1203,0.015
M,2022,Quincy,8,NJ,1602,0.01
M,2022,Quadir,5,NJ,2245,0.006
M,2023,Quinn,27,NJ,631,0.036
M,2023,Quentin,12,NJ,1210,0.016
M,2023,Quincy,10,NJ,1392,0.013
M,2023,Quinton,6,NJ,1952,0.008
M,2024,Quinn,14,NJ,1089,0.018
M,2024,Quincy,9,NJ,1497,0.012
M,2024,Qasim,6,NJ,1944,0.008
F,2001,Quinn,6,MT,325,0.091
F,2006,Quinn,5,MT,425,0.068
F,2007,Quinn,8,MT,285,0.114
F,2008,Quinn,5,MT,444,0.069
F,2009,Quinn,7,MT,305,0.101
F,2011,Quinn,5,MT,428,0.075
F,2012,Quinn,11,MT,187,0.166
F,2013,Quinn,11,MT,192,0.16
F,2014,Quinn,15,MT,129,0.215
F,2015,Quinn,12,MT,174,0.171
F,2016,Quinn,22,MT,65,0.326
F,2017,Quinn,14,MT,126,0.22
F,2018,Quinn,21,MT,72,0.331
F,2019,Quinn,14,MT,124,0.238
F,2020,Quinn,16,MT,100,0.277
F,2020,Quincy,5,MT,411,0.087
F,2021,Quinn,16,MT,98,0.261
F,2021,Quincy,8,MT,273,0.131
F,2022,Quinn,19,MT,68,0.318
F,2023,Quinn,21,MT,65,0.35
F,2024,Quinn,12,MT,157,0.187
M,1918,Quentin,6,MT,335,0.05
M,1975,Quinn,5,MT,358,0.057
M,1989,Quinn,6,MT,301,0.073
M,1992,Quinn,6,MT,301,0.077
M,1993,Quinn,6,MT,311,0.078
M,1994,Quinn,8,MT,239,0.108
M,1995,Quinn,10,MT,202,0.138
M,1996,Quentin,5,MT,360,0.071
M,1996,Quinn,5,MT,360,0.071
M,1997,Quinn,7,MT,273,0.101
M,1997,Quinten,5,MT,359,0.072
M,1998,Quentin,5,MT,373,0.073
M,1999,Quentin,5,MT,354,0.074
M,2000,Quinn,5,MT,374,0.072
M,2001,Quinn,7,MT,287,0.106
M,2001,Quentin,6,MT,325,0.091
M,2002,Quinn,8,MT,253,0.12
M,2004,Quinn,6,MT,334,0.088
M,2005,Quinn,9,MT,229,0.133
M,2005,Quentin,5,MT,399,0.074
M,2006,Quinn,10,MT,232,0.136
M,2006,Quinton,5,MT,425,0.068
M,2007,Quinn,11,MT,196,0.157
M,2007,Quentin,6,MT,360,0.086
M,2008,Quentin,7,MT,336,0.096
M,2008,Quinn,7,MT,336,0.096
M,2009,Quinn,10,MT,214,0.144
M,2009,Quentin,5,MT,438,0.072
M,2010,Quinn,9,MT,237,0.133
M,2010,Quincy,5,MT,432,0.074
M,2011,Quinn,13,MT,156,0.196
M,2011,Quentin,6,MT,375,0.09
M,2012,Quinn,7,MT,306,0.105
M,2012,Quinton,5,MT,427,0.075
M,2014,Quinn,6,MT,385,0.086
M,2015,Quinn,7,MT,320,0.1
M,2016,Quinn,7,MT,312,0.104
M,2017,Quinton,5,MT,435,0.079
M,2018,Quincy,5,MT,419,0.079
M,2018,Quinn,5,MT,419,0.079
M,2019,Quinn,5,MT,410,0.085
M,2020,Quentin,6,MT,355,0.104
M,2022,Quinn,5,MT,420,0.084
M,2023,Quinton,5,MT,419,0.083
M,2024,Quinn,6,MT,379,0.093
M,2024,Quincy,5,MT,464,0.078
F,1980,Quinn,5,MN,920,0.008
F,1981,Quinn,6,MN,839,0.01
F,1982,Quinn,5,MN,914,0.008
F,1984,Quinn,7,MN,728,0.012
F,1994,Quinn,7,MN,840,0.013
F,1995,Quinn,8,MN,793,0.015
F,1996,Quinn,8,MN,812,0.015
F,1997,Quinn,11,MN,693,0.02
F,1998,Quinn,13,MN,620,0.024
F,1999,Quinn,11,MN,721,0.02
F,2000,Quinn,11,MN,730,0.02
F,2001,Quinn,13,MN,660,0.024
F,2002,Quinn,12,MN,742,0.022
F,2003,Quinn,15,MN,632,0.027
F,2004,Quinn,21,MN,519,0.037
F,2005,Quinn,18,MN,595,0.032
F,2006,Quinn,23,MN,511,0.04
F,2006,Quincy,6,MN,1341,0.01
F,2007,Quinn,26,MN,470,0.045
F,2008,Quinn,21,MN,550,0.038
F,2009,Quinn,17,MN,661,0.031
F,2010,Quinn,38,MN,317,0.073
F,2011,Quinn,77,MN,161,0.148
F,2012,Quinn,72,MN,168,0.139
F,2013,Quinn,104,MN,112,0.199
F,2014,Quinn,101,MN,117,0.192
F,2015,Quinn,106,MN,111,0.201
F,2016,Quinn,133,MN,73,0.253
F,2016,Queen,6,MN,1473,0.011
F,2017,Quinn,133,MN,62,0.261
F,2018,Quinn,106,MN,89,0.211
F,2019,Quinn,111,MN,79,0.226
F,2020,Quinn,103,MN,81,0.221
F,2021,Quinn,109,MN,71,0.23
F,2022,Quinn,103,MN,74,0.22
F,2023,Quinn,100,MN,73,0.223
F,2023,Quincy,7,MN,1326,0.016
F,2024,Quinn,90,MN,91,0.199
F,2024,Quincy,5,MN,1683,0.011
M,1916,Quentin,5,MN,762,0.012
M,1918,Quentin,15,MN,399,0.035
M,1919,Quentin,30,MN,247,0.074
M,1920,Quentin,18,MN,348,0.041
M,1921,Quentin,9,MN,532,0.02
M,1922,Quentin,8,MN,559,0.018
M,1923,Quentin,7,MN,613,0.016
M,1924,Quentin,8,MN,570,0.018
M,1926,Quentin,5,MN,696,0.012
M,1927,Quentin,7,MN,572,0.017
M,1928,Quentin,9,MN,472,0.022
M,1929,Quentin,9,MN,456,0.023
M,1930,Quentin,8,MN,519,0.02
M,1932,Quentin,11,MN,427,0.028
M,1934,Quentin,5,MN,655,0.013
M,1934,Quinton,5,MN,655,0.013
M,1935,Quentin,6,MN,578,0.015
M,1936,Quentin,6,MN,570,0.015
M,1937,Quentin,5,MN,645,0.012
M,1939,Quentin,5,MN,661,0.011
M,1945,Quentin,7,MN,552,0.014
M,1946,Quentin,7,MN,618,0.012
M,1948,Quentin,5,MN,733,0.008
M,1964,Quentin,6,MN,787,0.008
M,1965,Quintin,5,MN,817,0.008
M,1967,Quentin,5,MN,779,0.008
M,1968,Quinn,5,MN,814,0.008
M,1971,Quentin,7,MN,712,0.012
M,1972,Quentin,6,MN,730,0.012
M,1973,Quinn,5,MN,779,0.01
M,1974,Quinn,5,MN,812,0.01
M,1975,Quentin,5,MN,800,0.01
M,1976,Quinn,8,MN,613,0.016
M,1976,Quentin,6,MN,735,0.012
M,1977,Quentin,9,MN,599,0.016
M,1978,Quinn,5,MN,859,0.009
M,1980,Quinn,5,MN,920,0.008
M,1982,Quinn,9,MN,644,0.015
M,1982,Quentin,6,MN,826,0.01
M,1983,Quentin,6,MN,797,0.01
M,1984,Quincy,6,MN,796,0.01
M,1985,Quentin,7,MN,741,0.012
M,1986,Quinn,7,MN,746,0.012
M,1987,Quinn,8,MN,682,0.014
M,1987,Quentin,5,MN,925,0.009
M,1988,Quentin,8,MN,721,0.014
M,1988,Quinn,7,MN,781,0.012
M,1989,Quentin,9,MN,689,0.015
M,1989,Quinn,5,MN,1009,0.008
M,1989,Quinton,5,MN,1009,0.008
M,1990,Quinn,12,MN,574,0.02
M,1990,Quintin,9,MN,687,0.015
M,1990,Quinton,8,MN,735,0.013
M,1990,Quentin,6,MN,893,0.01
M,1991,Quinn,17,MN,444,0.029
M,1991,Quentin,6,MN,895,0.01
M,1992,Quinn,13,MN,531,0.023
M,1992,Quentin,7,MN,810,0.012
M,1992,Quintin,6,MN,920,0.011
M,1993,Quinn,24,MN,352,0.043
M,1993,Quentin,11,MN,626,0.02
M,1993,Quinton,6,MN,941,0.011
M,1993,Quincy,5,MN,1050,0.009
M,1994,Quinn,25,MN,357,0.046
M,1994,Quentin,12,MN,590,0.022
M,1994,Quintin,6,MN,920,0.011
M,1994,Quinton,5,MN,1035,0.009
M,1995,Quinn,27,MN,341,0.051
M,1995,Quentin,15,MN,508,0.028
M,1995,Quinton,10,MN,686,0.019
M,1995,Quinten,8,MN,793,0.015
M,1995,Quincy,5,MN,1084,0.009
M,1995,Quintin,5,MN,1084,0.009
M,1996,Quinn,29,MN,332,0.054
M,1996,Quinton,11,MN,649,0.021
M,1996,Quentin,10,MN,699,0.019
M,1996,Quintin,9,MN,752,0.017
M,1996,Quincy,6,MN,974,0.011
M,1997,Quentin,19,MN,468,0.035
M,1997,Quinn,19,MN,468,0.035
M,1997,Quinton,13,MN,617,0.024
M,1997,Quinten,10,MN,742,0.019
M,1997,Quintin,8,MN,842,0.015
M,1998,Quinn,34,MN,303,0.063
M,1998,Quentin,20,MN,455,0.037
M,1998,Quinten,11,MN,690,0.02
M,1998,Quinton,11,MN,690,0.02
M,1998,Quincy,9,MN,809,0.017
M,1998,Quintin,6,MN,1039,0.011
M,1999,Quinn,27,MN,383,0.05
M,1999,Quentin,17,MN,519,0.031
M,1999,Quinton,13,MN,638,0.024
M,1999,Quincy,5,MN,1205,0.009
M,1999,Quintin,5,MN,1205,0.009
M,2000,Quinn,37,MN,311,0.067
M,2000,Quintin,17,MN,558,0.031
M,2000,Quentin,16,MN,584,0.029
M,2000,Quincy,7,MN,1012,0.013
M,2000,Quinton,7,MN,1012,0.013
M,2000,Quinten,5,MN,1237,0.009
M,2001,Quinn,37,MN,306,0.068
M,2001,Quentin,15,MN,598,0.028
M,2001,Quincy,13,MN,660,0.024
M,2001,Quinten,9,MN,889,0.017
M,2001,Quinton,8,MN,950,0.015
M,2002,Quentin,20,MN,496,0.037
M,2002,Quinn,17,MN,566,0.031
M,2002,Quincy,12,MN,742,0.022
M,2002,Quintin,12,MN,742,0.022
M,2002,Quin,5,MN,1297,0.009
M,2002,Quinten,5,MN,1297,0.009
M,2002,Quinton,5,MN,1297,0.009
M,2003,Quinn,38,MN,321,0.068
M,2003,Quentin,18,MN,550,0.032
M,2003,Quintin,12,MN,733,0.021
M,2003,Quinten,8,MN,979,0.014
M,2003,Quinton,6,MN,1196,0.011
M,2004,Quinn,41,MN,306,0.073
M,2004,Quentin,27,MN,426,0.048
M,2004,Quincy,8,MN,1011,0.014
M,2004,Quinten,8,MN,1011,0.014
M,2004,Quinton,7,MN,1120,0.012
M,2004,Qalid,5,MN,1407,0.009
M,2005,Quinn,27,MN,429,0.048
M,2005,Quentin,19,MN,572,0.034
M,2005,Quincy,16,MN,640,0.029
M,2005,Quintin,10,MN,891,0.018
M,2005,Quinton,7,MN,1130,0.013
M,2005,Quinten,5,MN,1441,0.009
M,2006,Quinn,45,MN,288,0.078
M,2006,Quentin,15,MN,696,0.026
M,2006,Quintin,12,MN,813,0.021
M,2006,Quinton,8,MN,1096,0.014
M,2006,Quinlan,7,MN,1198,0.012
M,2006,Quinten,5,MN,1522,0.009
M,2007,Quinn,43,MN,295,0.075
M,2007,Quincy,16,MN,674,0.028
M,2007,Quentin,12,MN,819,0.021
M,2007,Quinten,12,MN,819,0.021
M,2007,Quinton,10,MN,938,0.017
M,2007,Quinlan,9,MN,1020,0.016
M,2008,Quinn,38,MN,328,0.068
M,2008,Quentin,14,MN,729,0.025
M,2008,Quintin,11,MN,893,0.02
M,2008,Quinton,9,MN,1030,0.016
M,2008,Quincy,8,MN,1111,0.014
M,2009,Quinn,56,MN,224,0.104
M,2009,Quentin,15,MN,717,0.028
M,2009,Quinton,12,MN,856,0.022
M,2009,Quincy,11,MN,902,0.02
M,2009,Quintin,8,MN,1113,0.015
M,2009,Quinten,6,MN,1367,0.011
M,2010,Quinn,41,MN,299,0.079
M,2010,Quentin,19,MN,582,0.037
M,2010,Quinten,11,MN,870,0.021
M,2010,Quinton,11,MN,870,0.021
M,2010,Quincy,10,MN,945,0.019
M,2010,Quintin,7,MN,1228,0.013
M,2011,Quinn,32,MN,377,0.061
M,2011,Quentin,20,MN,556,0.038
M,2011,Quinton,10,MN,951,0.019
M,2011,Quincy,9,MN,1025,0.017
M,2011,Quintin,8,MN,1120,0.015
M,2011,Quinten,5,MN,1545,0.01
M,2012,Quinn,31,MN,391,0.06
M,2012,Quentin,17,MN,628,0.033
M,2012,Quinton,12,MN,833,0.023
M,2012,Quincy,8,MN,1132,0.015
M,2012,Quintin,8,MN,1132,0.015
M,2013,Quinn,21,MN,556,0.04
M,2013,Quentin,13,MN,799,0.025
M,2013,Quintin,9,MN,1057,0.017
M,2013,Quinton,8,MN,1166,0.015
M,2013,Quincy,6,MN,1415,0.012
M,2013,Quinten,5,MN,1584,0.01
M,2014,Quinn,22,MN,552,0.042
M,2014,Quentin,10,MN,985,0.019
M,2014,Quinton,9,MN,1061,0.017
M,2014,Quincy,5,MN,1604,0.009
M,2014,Quinten,5,MN,1604,0.009
M,2014,Quintin,5,MN,1604,0.009
M,2015,Quentin,20,MN,600,0.038
M,2015,Quinn,16,MN,716,0.03
M,2015,Quinton,13,MN,826,0.025
M,2015,Quincy,9,MN,1088,0.017
M,2015,Quinten,6,MN,1477,0.011
M,2016,Quinn,34,MN,370,0.065
M,2016,Quentin,17,MN,708,0.032
M,2016,Quinton,11,MN,960,0.021
M,2016,Quintin,6,MN,1473,0.011
M,2017,Quinn,21,MN,576,0.041
M,2017,Quincy,14,MN,778,0.027
M,2017,Quinton,10,MN,1021,0.02
M,2017,Quentin,9,MN,1108,0.018
M,2017,Quinten,5,MN,1631,0.01
M,2018,Quinn,20,MN,602,0.04
M,2018,Quentin,17,MN,698,0.034
M,2018,Quinton,9,MN,1126,0.018
M,2018,Quincy,7,MN,1325,0.014
M,2018,Quinten,6,MN,1458,0.012
M,2019,Quinn,16,MN,707,0.033
M,2019,Quinton,9,MN,1091,0.018
M,2019,Quincy,8,MN,1216,0.016
M,2020,Quinn,20,MN,550,0.043
M,2020,Quentin,9,MN,1091,0.019
M,2020,Quincy,7,MN,1320,0.015
M,2020,Quintin,7,MN,1320,0.015
M,2020,Quinten,5,MN,1642,0.011
M,2020,Quinton,5,MN,1642,0.011
M,2021,Quinn,20,MN,584,0.042
M,2021,Quentin,12,MN,878,0.025
M,2021,Quincy,10,MN,1022,0.021
M,2021,Quinton,6,MN,1476,0.013
M,2021,Quintin,5,MN,1660,0.011
M,2022,Quinn,17,MN,680,0.036
M,2022,Quentin,8,MN,1202,0.017
M,2022,Quincy,8,MN,1202,0.017
M,2022,Quinton,8,MN,1202,0.017
M,2023,Quinn,20,MN,562,0.045
M,2023,Quincy,11,MN,932,0.024
M,2023,Quinton,10,MN,1009,0.022
M,2023,Quentin,7,MN,1326,0.016
M,2023,Qasim,6,MN,1476,0.013
M,2024,Quinn,19,MN,582,0.042
M,2024,Quincy,12,MN,881,0.026
M,2024,Quentin,8,MN,1189,0.018
M,2024,Quinton,8,MN,1189,0.018
F,1910,Queenie,5,VA,415,0.032
F,1911,Queen,12,VA,251,0.073
F,1912,Queen,14,VA,293,0.059
F,1912,Queenie,6,VA,483,0.025
F,1913,Queen,8,VA,440,0.03
F,1914,Queen,9,VA,459,0.028
F,1914,Queenie,6,VA,571,0.019
F,1915,Queen,7,VA,608,0.017
F,1916,Queen,12,VA,454,0.028
F,1916,Queenie,8,VA,558,0.019
F,1917,Queen,13,VA,439,0.029
F,1917,Queenie,8,VA,576,0.018
F,1918,Queen,16,VA,407,0.033
F,1918,Queenie,7,VA,668,0.014
F,1919,Queen,10,VA,538,0.02
F,1920,Queen,21,VA,359,0.04
F,1920,Queenie,9,VA,593,0.017
F,1921,Queen,13,VA,482,0.024
F,1922,Queen,25,VA,332,0.047
F,1922,Queenie,12,VA,508,0.023
F,1923,Queen,16,VA,431,0.031
F,1923,Queenie,6,VA,752,0.012
F,1924,Queen,18,VA,407,0.034
F,1924,Queenie,8,VA,629,0.015
F,1925,Queen,17,VA,412,0.033
F,1925,Queenie,5,VA,826,0.01
F,1926,Queen,22,VA,340,0.046
F,1927,Queen,17,VA,410,0.035
F,1928,Queen,34,VA,270,0.071
F,1928,Queenie,5,VA,791,0.011
F,1929,Queen,16,VA,416,0.035
F,1930,Queen,18,VA,383,0.039
F,1930,Queenie,7,VA,641,0.015
F,1931,Queen,19,VA,383,0.043
F,1932,Queen,19,VA,387,0.04
F,1933,Queen,17,VA,392,0.039
F,1933,Queenie,5,VA,762,0.011
F,1934,Queen,10,VA,529,0.022
F,1935,Queen,14,VA,445,0.031
F,1936,Queen,8,VA,601,0.018
F,1936,Queenie,6,VA,694,0.013
F,1937,Queen,20,VA,376,0.044
F,1937,Queenie,5,VA,744,0.011
F,1938,Queen,12,VA,498,0.025
F,1939,Queen,6,VA,704,0.013
F,1940,Queen,19,VA,402,0.039
F,1940,Queenie,8,VA,612,0.016
F,1941,Queen,17,VA,435,0.033
F,1942,Queen,15,VA,491,0.026
F,1943,Queen,19,VA,445,0.031
F,1944,Queen,15,VA,486,0.025
F,1945,Queen,18,VA,441,0.031
F,1946,Queen,16,VA,493,0.024
F,1947,Queen,20,VA,477,0.026
F,1948,Queen,11,VA,636,0.015
F,1949,Queen,10,VA,647,0.014
F,1950,Queen,13,VA,579,0.018
F,1951,Queen,14,VA,585,0.018
F,1952,Queen,15,VA,575,0.019
F,1953,Queen,19,VA,515,0.023
F,1954,Queen,15,VA,588,0.018
F,1955,Queen,8,VA,814,0.009
F,1956,Queen,5,VA,1045,0.006
F,1957,Queen,9,VA,816,0.011
F,1958,Queen,8,VA,863,0.009
F,1959,Queen,10,VA,789,0.012
F,1960,Queen,10,VA,767,0.012
F,1962,Queen,8,VA,850,0.01
F,1978,Qiana,9,VA,753,0.015
F,1978,Quiana,5,VA,1076,0.008
F,1979,Quiana,8,VA,852,0.013
F,1980,Quiana,8,VA,846,0.013
F,1981,Quiana,7,VA,918,0.011
F,1983,Quintina,5,VA,1115,0.008
F,1985,Quiana,8,VA,902,0.011
F,1987,Quiana,5,VA,1282,0.007
F,1989,Quiana,7,VA,1121,0.009
F,1991,Quiana,6,VA,1280,0.008
F,1991,Quanisha,5,VA,1432,0.006
F,1992,Quanisha,7,VA,1188,0.009
F,1992,Quanesha,6,VA,1300,0.008
F,1994,Quanisha,16,VA,688,0.021
F,1994,Quiana,5,VA,1481,0.007
F,1995,Quanisha,10,VA,938,0.014
F,1995,Quinn,6,VA,1313,0.008
F,1996,Quanisha,6,VA,1352,0.008
F,1997,Quiana,6,VA,1342,0.008
F,1998,Quinn,9,VA,1079,0.012
F,1999,Quinn,5,VA,1630,0.007
F,2000,Quinn,6,VA,1511,0.008
F,2001,Quinn,8,VA,1247,0.011
F,2002,Quinn,6,VA,1572,0.008
F,2003,Quinn,5,VA,1835,0.006
F,2004,Quinn,10,VA,1189,0.013
F,2005,Quinn,11,VA,1099,0.014
F,2006,Quinn,10,VA,1255,0.012
F,2007,Quinn,13,VA,1059,0.016
F,2008,Quinn,22,VA,692,0.027
F,2009,Quinn,22,VA,678,0.028
F,2010,Quinn,30,VA,519,0.039
F,2011,Quinn,39,VA,423,0.05
F,2012,Quinn,54,VA,328,0.069
F,2013,Quinn,67,VA,266,0.086
F,2014,Quinn,52,VA,345,0.065
F,2014,Queen,5,VA,2157,0.006
F,2015,Quinn,70,VA,255,0.088
F,2016,Quinn,92,VA,200,0.117
F,2016,Queen,5,VA,2168,0.006
F,2017,Quinn,102,VA,176,0.133
F,2017,Queen,8,VA,1552,0.01
F,2017,Quincy,5,VA,2163,0.007
F,2018,Quinn,70,VA,254,0.091
F,2018,Queen,7,VA,1729,0.009
F,2018,Quincy,6,VA,1922,0.008
F,2019,Quinn,85,VA,205,0.114
F,2019,Queen,5,VA,2176,0.007
F,2020,Quinn,81,VA,205,0.111
F,2021,Quinn,63,VA,269,0.086
F,2021,Queen,8,VA,1637,0.011
F,2022,Quinn,73,VA,228,0.1
F,2022,Queen,5,VA,2294,0.007
F,2023,Quinn,88,VA,174,0.125
F,2023,Queen,7,VA,1775,0.01
F,2024,Quinn,77,VA,203,0.108
F,2024,Queen,5,VA,2256,0.007
F,2024,Quincy,5,VA,2256,0.007
M,1918,Quinton,6,VA,736,0.012
M,1918,Quentin,5,VA,822,0.01
M,1919,Quentin,12,VA,487,0.024
M,1919,Quinton,8,VA,609,0.016
M,1920,Quinton,6,VA,750,0.011
M,1920,Quentin,5,VA,855,0.009
M,1921,Quinton,6,VA,750,0.011
M,1922,Quinton,6,VA,754,0.011
M,1947,Quinton,6,VA,879,0.008
M,1948,Quinton,5,VA,921,0.007
M,1949,Quinton,5,VA,937,0.007
M,1950,Quentin,5,VA,935,0.007
M,1950,Quinton,5,VA,935,0.007
M,1951,Quentin,6,VA,900,0.008
M,1952,Quentin,5,VA,978,0.006
M,1953,Quentin,6,VA,899,0.007
M,1953,Quinton,5,VA,996,0.006
M,1954,Quentin,6,VA,935,0.007
M,1954,Quinton,5,VA,1037,0.006
M,1955,Quinton,5,VA,1044,0.006
M,1957,Quintin,11,VA,740,0.013
M,1957,Quinton,11,VA,740,0.013
M,1958,Quinton,9,VA,823,0.011
M,1959,Quinton,11,VA,737,0.013
M,1959,Quintin,8,VA,876,0.01
M,1960,Quinton,7,VA,898,0.009
M,1960,Quintin,5,VA,1070,0.006
M,1961,Quentin,6,VA,980,0.007
M,1961,Quinton,6,VA,980,0.007
M,1961,Quintin,5,VA,1074,0.006
M,1962,Quinton,13,VA,674,0.016
M,1962,Quintin,9,VA,801,0.011
M,1963,Quinton,12,VA,707,0.014
M,1963,Quintin,10,VA,778,0.012
M,1963,Quentin,6,VA,989,0.007
M,1964,Quentin,9,VA,836,0.011
M,1964,Quinton,9,VA,836,0.011
M,1964,Quintin,8,VA,884,0.01
M,1965,Quintin,9,VA,799,0.012
M,1965,Quinton,9,VA,799,0.012
M,1966,Quinton,16,VA,556,0.022
M,1966,Quentin,6,VA,943,0.008
M,1967,Quintin,8,VA,816,0.011
M,1967,Quinton,7,VA,871,0.01
M,1967,Quentin,6,VA,941,0.009
M,1967,Quincy,6,VA,941,0.009
M,1968,Quinton,10,VA,709,0.014
M,1968,Quentin,7,VA,853,0.01
M,1969,Quentin,9,VA,755,0.013
M,1969,Quinton,7,VA,876,0.01
M,1969,Quincy,5,VA,1057,0.007
M,1969,Quintin,5,VA,1057,0.007
M,1970,Quentin,13,VA,639,0.018
M,1970,Quinton,6,VA,973,0.008
M,1971,Quentin,17,VA,547,0.024
M,1971,Quincy,9,VA,788,0.013
M,1971,Quinton,5,VA,1073,0.007
M,1972,Quentin,10,VA,705,0.016
M,1972,Quincy,10,VA,705,0.016
M,1973,Quentin,9,VA,725,0.015
M,1973,Quincy,9,VA,725,0.015
M,1974,Quincy,21,VA,449,0.036
M,1974,Quinton,10,VA,689,0.017
M,1974,Quentin,9,VA,734,0.015
M,1975,Quincy,19,VA,474,0.033
M,1975,Quentin,10,VA,699,0.017
M,1975,Quinton,8,VA,786,0.014
M,1976,Quentin,14,VA,562,0.024
M,1976,Quincy,14,VA,562,0.024
M,1976,Quinton,13,VA,590,0.023
M,1977,Quentin,28,VA,373,0.046
M,1977,Quincy,26,VA,393,0.043
M,1977,Quinton,14,VA,590,0.023
M,1978,Quincy,17,VA,512,0.028
M,1978,Quentin,12,VA,638,0.02
M,1978,Quinton,8,VA,815,0.013
M,1979,Quentin,17,VA,526,0.027
M,1979,Quincy,13,VA,638,0.021
M,1979,Quinton,6,VA,1027,0.01
M,1980,Quincy,17,VA,528,0.027
M,1980,Quentin,13,VA,613,0.02
M,1980,Quinton,6,VA,1017,0.009
M,1981,Quentin,15,VA,570,0.023
M,1981,Quinton,11,VA,677,0.017
M,1981,Quincy,10,VA,727,0.015
M,1982,Quentin,21,VA,466,0.032
M,1982,Quinton,13,VA,611,0.02
M,1982,Quincy,6,VA,1000,0.009
M,1983,Quentin,26,VA,390,0.04
M,1983,Quinton,23,VA,429,0.035
M,1983,Quincy,10,VA,718,0.015
M,1984,Quinton,22,VA,444,0.033
M,1984,Quentin,16,VA,546,0.024
M,1984,Quincy,12,VA,648,0.018
M,1984,Quintin,7,VA,926,0.01
M,1985,Quinton,33,VA,337,0.047
M,1985,Quentin,29,VA,369,0.041
M,1985,Quincy,8,VA,902,0.011
M,1986,Quentin,19,VA,529,0.027
M,1986,Quinton,18,VA,554,0.025
M,1986,Quincy,9,VA,842,0.013
M,1986,Quinn,7,VA,977,0.01
M,1986,Quintin,7,VA,977,0.01
M,1987,Quentin,27,VA,409,0.036
M,1987,Quinton,20,VA,515,0.027
M,1987,Quintin,13,VA,686,0.018
M,1987,Quincy,9,VA,871,0.012
M,1987,Quinn,6,VA,1148,0.008
M,1988,Quinton,26,VA,434,0.034
M,1988,Quentin,18,VA,568,0.024
M,1988,Quintin,6,VA,1160,0.008
M,1989,Quinton,35,VA,343,0.044
M,1989,Quentin,18,VA,592,0.023
M,1989,Quincy,13,VA,729,0.016
M,1989,Quintin,9,VA,941,0.011
M,1989,Quamane,5,VA,1380,0.006
M,1989,Quinn,5,VA,1380,0.006
M,1990,Quinton,29,VA,422,0.036
M,1990,Quentin,20,VA,568,0.025
M,1990,Quincy,9,VA,978,0.011
M,1990,Quintin,8,VA,1054,0.01
M,1990,Quenton,6,VA,1262,0.007
M,1991,Quinton,28,VA,428,0.035
M,1991,Quentin,17,VA,635,0.022
M,1991,Quintin,15,VA,686,0.019
M,1991,Quincy,11,VA,849,0.014
M,1992,Quinton,33,VA,379,0.042
M,1992,Quentin,16,VA,668,0.02
M,1992,Quincy,12,VA,822,0.015
M,1992,Quinn,12,VA,822,0.015
M,1992,Quintin,12,VA,822,0.015
M,1993,Quinton,28,VA,430,0.037
M,1993,Quincy,16,VA,678,0.021
M,1993,Quentin,15,VA,713,0.02
M,1993,Quinn,8,VA,1101,0.01
M,1993,Quenton,6,VA,1315,0.008
M,1994,Quinton,35,VA,368,0.046
M,1994,Quentin,20,VA,581,0.026
M,1994,Quincy,13,VA,806,0.017
M,1994,Quinn,9,VA,1020,0.012
M,1994,Quintin,6,VA,1321,0.008
M,1995,Quinton,30,VA,407,0.041
M,1995,Quentin,24,VA,484,0.032
M,1995,Quincy,14,VA,734,0.019
M,1995,Quintin,9,VA,1011,0.012
M,1995,Quinn,6,VA,1313,0.008
M,1995,Quashawn,5,VA,1479,0.007
M,1996,Quentin,34,VA,381,0.046
M,1996,Quincy,19,VA,604,0.026
M,1996,Quinton,16,VA,687,0.022
M,1996,Quinn,13,VA,803,0.018
M,1996,Quintin,5,VA,1522,0.007
M,1997,Quentin,22,VA,548,0.031
M,1997,Quinton,22,VA,548,0.031
M,1997,Quinn,18,VA,628,0.025
M,1997,Quincy,10,VA,950,0.014
M,1997,Quintin,8,VA,1117,0.011
M,1997,Quinten,5,VA,1516,0.007
M,1998,Quentin,27,VA,474,0.037
M,1998,Quinton,16,VA,712,0.022
M,1998,Quinn,12,VA,897,0.016
M,1998,Quashawn,5,VA,1597,0.007
M,1998,Quinten,5,VA,1597,0.007
M,1998,Quintin,5,VA,1597,0.007
M,1998,Quran,5,VA,1597,0.007
M,1999,Quinton,26,VA,502,0.035
M,1999,Quinn,24,VA,525,0.032
M,1999,Quentin,21,VA,586,0.028
M,1999,Quincy,10,VA,1019,0.013
M,1999,Quinten,7,VA,1305,0.009
M,1999,Quintin,6,VA,1451,0.008
M,2000,Quentin,21,VA,612,0.027
M,2000,Quinton,19,VA,677,0.025
M,2000,Quincy,18,VA,702,0.024
M,2000,Quinn,13,VA,888,0.017
M,2000,Quintin,8,VA,1231,0.01
M,2001,Quentin,24,VA,563,0.032
M,2001,Quinton,23,VA,584,0.03
M,2001,Quincy,19,VA,681,0.025
M,2001,Quinn,18,VA,713,0.024
M,2001,Quintin,12,VA,938,0.016
M,2001,Quinten,6,VA,1550,0.008
M,2001,Quran,6,VA,1550,0.008
M,2001,Quenton,5,VA,1742,0.007
M,2002,Quentin,26,VA,524,0.034
M,2002,Quinton,24,VA,565,0.032
M,2002,Quinn,18,VA,706,0.024
M,2002,Quincy,12,VA,958,0.016
M,2002,Quavon,5,VA,1755,0.007
M,2002,Quintin,5,VA,1755,0.007
M,2003,Quentin,24,VA,574,0.031
M,2003,Quinn,24,VA,574,0.031
M,2003,Quincy,22,VA,623,0.028
M,2003,Quinton,20,VA,677,0.026
M,2003,Quinten,5,VA,1835,0.006
M,2004,Quinn,26,VA,562,0.033
M,2004,Quentin,24,VA,605,0.03
M,2004,Quinton,23,VA,622,0.029
M,2004,Quincy,13,VA,967,0.016
M,2004,Quintin,9,VA,1274,0.011
M,2004,Quinten,6,VA,1717,0.008
M,2005,Quinn,24,VA,631,0.03
M,2005,Quentin,23,VA,653,0.029
M,2005,Quincy,18,VA,770,0.022
M,2005,Quinton,13,VA,972,0.016
M,2005,Quintin,6,VA,1747,0.007
M,2005,Quran,5,VA,1967,0.006
M,2006,Quentin,26,VA,604,0.032
M,2006,Quinn,26,VA,604,0.032
M,2006,Quincy,16,VA,875,0.02
M,2006,Quinton,12,VA,1075,0.015
M,2006,Quintin,9,VA,1349,0.011
M,2006,Quran,5,VA,2056,0.006
M,2007,Quinn,36,VA,452,0.043
M,2007,Quincy,18,VA,816,0.022
M,2007,Quentin,14,VA,983,0.017
M,2007,Quinton,10,VA,1297,0.012
M,2008,Quinn,28,VA,562,0.035
M,2008,Quentin,27,VA,585,0.034
M,2008,Quinton,20,VA,741,0.025
M,2008,Quincy,15,VA,934,0.019
M,2008,Quinten,8,VA,1538,0.01
M,2008,Quintin,6,VA,1877,0.007
M,2009,Quinn,34,VA,468,0.043
M,2009,Quentin,17,VA,850,0.022
M,2009,Quinton,15,VA,938,0.019
M,2009,Quincy,11,VA,1205,0.014
M,2009,Quintin,10,VA,1287,0.013
M,2009,Quadir,7,VA,1639,0.009
M,2009,Quinten,7,VA,1639,0.009
M,2010,Quentin,24,VA,629,0.031
M,2010,Quinn,24,VA,629,0.031
M,2010,Quincy,19,VA,768,0.025
M,2010,Quinton,15,VA,935,0.019
M,2010,Quadir,5,VA,2094,0.006
M,2011,Quinn,27,VA,570,0.035
M,2011,Quentin,23,VA,670,0.03
M,2011,Quincy,12,VA,1107,0.016
M,2011,Quintin,8,VA,1497,0.01
M,2011,Quinton,8,VA,1497,0.01
M,2012,Quinn,21,VA,732,0.027
M,2012,Quincy,16,VA,901,0.02
M,2012,Quinton,15,VA,938,0.019
M,2012,Quentin,12,VA,1120,0.015
M,2012,Quinten,5,VA,2131,0.006
M,2013,Quinn,21,VA,734,0.027
M,2013,Quentin,18,VA,816,0.023
M,2013,Quinton,17,VA,854,0.022
M,2013,Quincy,6,VA,1833,0.008
M,2013,Quintin,6,VA,1833,0.008
M,2014,Quinn,24,VA,690,0.03
M,2014,Quinton,16,VA,918,0.02
M,2014,Quentin,10,VA,1289,0.013
M,2014,Quincy,10,VA,1289,0.013
M,2015,Quinn,29,VA,582,0.036
M,2015,Quentin,21,VA,768,0.026
M,2015,Quincy,6,VA,1947,0.008
M,2015,Quinten,5,VA,2207,0.006
M,2015,Quintin,5,VA,2207,0.006
M,2015,Quinton,5,VA,2207,0.006
M,2016,Quinn,30,VA,572,0.038
M,2016,Quentin,12,VA,1154,0.015
M,2016,Quincy,11,VA,1231,0.014
M,2016,Quinton,10,VA,1327,0.013
M,2016,Quinten,5,VA,2168,0.006
M,2017,Quinn,24,VA,668,0.031
M,2017,Quincy,17,VA,893,0.022
M,2017,Quinton,15,VA,982,0.02
M,2017,Quentin,14,VA,1029,0.018
M,2017,Quintin,6,VA,1934,0.008
M,2018,Quinn,22,VA,754,0.029
M,2018,Quentin,16,VA,946,0.021
M,2018,Quincy,13,VA,1095,0.017
M,2018,Quinton,13,VA,1095,0.017
M,2018,Qasim,6,VA,1922,0.008
M,2019,Quinn,23,VA,710,0.031
M,2019,Quincy,20,VA,801,0.027
M,2019,Quentin,16,VA,965,0.021
M,2019,Quinton,12,VA,1200,0.016
M,2020,Quinn,15,VA,988,0.021
M,2020,Quincy,13,VA,1115,0.018
M,2020,Quentin,12,VA,1177,0.016
M,2020,Quinton,7,VA,1717,0.01
M,2021,Quinn,24,VA,681,0.033
M,2021,Quentin,15,VA,1018,0.02
M,2021,Quincy,13,VA,1137,0.018
M,2021,Quinton,12,VA,1208,0.016
M,2022,Quinn,18,VA,880,0.025
M,2022,Quentin,13,VA,1145,0.018
M,2022,Quinton,11,VA,1314,0.015
M,2022,Quincy,10,VA,1406,0.014
M,2022,Quadir,5,VA,2294,0.007
M,2023,Quinn,17,VA,928,0.024
M,2023,Quincy,13,VA,1123,0.018
M,2023,Quinton,10,VA,1380,0.014
M,2023,Quentin,7,VA,1775,0.01
M,2023,Quadir,6,VA,1984,0.009
M,2024,Quinn,14,VA,1064,0.02
M,2024,Quentin,13,VA,1124,0.018
M,2024,Quinton,10,VA,1372,0.014
M,2024,Quincy,9,VA,1478,0.013
M,2024,Quintin,5,VA,2256,0.007
F,1910,Queen,11,MS,317,0.065
F,1911,Queen,7,MS,387,0.047
F,1912,Queen,11,MS,351,0.052
F,1913,Queen,11,MS,380,0.049
F,1914,Queen,17,MS,317,0.063
F,1915,Queen,11,MS,449,0.035
F,1916,Queen,18,MS,352,0.053
F,1917,Queen,14,MS,413,0.042
F,1918,Queen,24,MS,316,0.065
F,1919,Queen,29,MS,289,0.07
F,1920,Queen,23,MS,342,0.057
F,1921,Queen,22,MS,343,0.055
F,1922,Queen,24,MS,333,0.057
F,1923,Queen,20,MS,365,0.049
F,1924,Queen,21,MS,370,0.051
F,1925,Queen,15,MS,439,0.036
F,1926,Queen,24,MS,342,0.055
F,1927,Queen,27,MS,328,0.061
F,1928,Queen,19,MS,382,0.045
F,1929,Queen,37,MS,245,0.092
F,1930,Queen,18,MS,394,0.042
F,1931,Queen,25,MS,311,0.065
F,1932,Queen,23,MS,348,0.055
F,1933,Queen,22,MS,344,0.056
F,1934,Queen,18,MS,394,0.044
F,1935,Queen,29,MS,303,0.068
F,1936,Queen,29,MS,286,0.071
F,1937,Queen,35,MS,271,0.082
F,1938,Queen,36,MS,258,0.082
F,1939,Queen,22,MS,360,0.051
F,1940,Queen,20,MS,397,0.045
F,1941,Queen,23,MS,375,0.051
F,1942,Queen,20,MS,413,0.042
F,1943,Queen,31,MS,320,0.062
F,1944,Queen,23,MS,382,0.048
F,1945,Queen,33,MS,276,0.072
F,1946,Queen,27,MS,347,0.051
F,1947,Queen,28,MS,369,0.048
F,1948,Queen,31,MS,335,0.054
F,1949,Queen,20,MS,459,0.034
F,1950,Queen,30,MS,354,0.052
F,1951,Queen,24,MS,406,0.042
F,1952,Queen,23,MS,413,0.04
F,1953,Queen,24,MS,396,0.042
F,1954,Queen,34,MS,327,0.059
F,1955,Queen,20,MS,443,0.035
F,1956,Queen,22,MS,437,0.04
F,1957,Queen,11,MS,611,0.02
F,1958,Queen,16,MS,514,0.031
F,1959,Queen,17,MS,494,0.032
F,1960,Queen,9,MS,703,0.017
F,1961,Queen,10,MS,679,0.019
F,1962,Queen,12,MS,605,0.023
F,1963,Queen,6,MS,858,0.012
F,1964,Queen,9,MS,708,0.019
F,1965,Queen,10,MS,639,0.023
F,1966,Queen,9,MS,647,0.022
F,1978,Qiana,5,MS,912,0.015
F,1993,Quanesha,5,MS,874,0.018
F,1993,Quanisha,5,MS,874,0.018
F,1995,Quanisha,6,MS,780,0.022
F,1996,Quanesha,5,MS,926,0.019
F,1997,Quanisha,6,MS,794,0.023
F,2017,Quinn,8,MS,739,0.033
F,2018,Quinn,6,MS,931,0.025
F,2019,Quinn,7,MS,809,0.03
F,2021,Quinn,11,MS,547,0.051
F,2022,Quinn,9,MS,655,0.042
F,2023,Quinn,10,MS,590,0.048
F,2024,Quinn,9,MS,623,0.045
M,1910,Quincy,5,MS,508,0.03
M,1917,Quitman,7,MS,639,0.021
M,1918,Quinton,16,MS,402,0.043
M,1918,Quentin,10,MS,536,0.027
M,1918,Quitman,5,MS,826,0.013
M,1919,Quinton,12,MS,509,0.029
M,1919,Quentin,6,MS,779,0.014
M,1919,Quincy,6,MS,779,0.014
M,1920,Quinton,11,MS,525,0.027
M,1920,Quentin,6,MS,753,0.015
M,1921,Quinton,6,MS,774,0.015
M,1921,Quitman,5,MS,866,0.012
M,1922,Quitman,6,MS,769,0.014
M,1926,Quitman,5,MS,892,0.011
M,1927,Quincy,6,MS,800,0.014
M,1927,Quitman,6,MS,800,0.014
M,1928,Quitman,8,MS,669,0.019
M,1930,Quitman,7,MS,722,0.017
M,1931,Quincy,6,MS,733,0.016
M,1932,Quincy,10,MS,563,0.024
M,1932,Quitman,6,MS,751,0.014
M,1933,Quitman,8,MS,629,0.02
M,1934,Quitman,7,MS,682,0.017
M,1935,Quinton,5,MS,845,0.012
M,1937,Quincy,5,MS,857,0.012
M,1938,Quincy,6,MS,765,0.014
M,1938,Quinton,5,MS,841,0.011
M,1944,Quinton,5,MS,846,0.01
M,1945,Quinton,5,MS,821,0.011
M,1946,Quincy,6,MS,801,0.011
M,1947,Quincy,5,MS,925,0.009
M,1953,Quincy,7,MS,795,0.012
M,1956,Quinton,5,MS,943,0.009
M,1957,Quinton,5,MS,921,0.009
M,1958,Quintin,6,MS,855,0.011
M,1959,Quinton,7,MS,814,0.013
M,1961,Quincy,8,MS,766,0.015
M,1963,Quincy,6,MS,858,0.012
M,1963,Quinton,5,MS,944,0.01
M,1964,Quinton,6,MS,862,0.013
M,1965,Quintin,5,MS,899,0.012
M,1966,Quincy,5,MS,907,0.012
M,1968,Quincy,5,MS,868,0.013
M,1968,Quinton,5,MS,868,0.013
M,1970,Quinton,9,MS,656,0.022
M,1970,Quentin,7,MS,759,0.017
M,1970,Quincy,5,MS,927,0.012
M,1971,Quincy,11,MS,583,0.028
M,1971,Quinton,5,MS,934,0.013
M,1972,Quentin,6,MS,807,0.016
M,1972,Quincy,6,MS,807,0.016
M,1972,Quinton,5,MS,918,0.013
M,1973,Quentin,12,MS,512,0.034
M,1973,Quinton,9,MS,613,0.025
M,1973,Quincy,8,MS,661,0.023
M,1974,Quincy,13,MS,501,0.037
M,1974,Quentin,9,MS,653,0.026
M,1975,Quincy,13,MS,493,0.038
M,1975,Quentin,6,MS,801,0.018
M,1976,Quincy,20,MS,354,0.06
M,1976,Quentin,12,MS,525,0.036
M,1976,Quinton,6,MS,785,0.018
M,1977,Quincy,30,MS,261,0.086
M,1977,Quentin,19,MS,385,0.054
M,1977,Quinton,13,MS,508,0.037
M,1978,Quincy,28,MS,268,0.083
M,1978,Quentin,13,MS,494,0.038
M,1979,Quincy,26,MS,283,0.075
M,1979,Quentin,15,MS,444,0.043
M,1979,Quinton,6,MS,805,0.017
M,1980,Quincy,22,MS,331,0.06
M,1980,Quentin,7,MS,756,0.019
M,1981,Quentin,9,MS,604,0.026
M,1981,Quincy,9,MS,604,0.026
M,1982,Quincy,15,MS,429,0.043
M,1982,Quinton,10,MS,578,0.028
M,1982,Quentin,9,MS,613,0.026
M,1983,Quinton,22,MS,290,0.066
M,1983,Quentin,21,MS,303,0.063
M,1983,Quincy,12,MS,486,0.036
M,1984,Quinton,22,MS,287,0.067
M,1984,Quentin,16,MS,378,0.049
M,1984,Quincy,14,MS,427,0.043
M,1984,Quintin,9,MS,582,0.027
M,1985,Quinton,17,MS,354,0.053
M,1985,Quentin,14,MS,407,0.044
M,1985,Quincy,14,MS,407,0.044
M,1985,Quintin,6,MS,758,0.019
M,1986,Quinton,16,MS,363,0.052
M,1986,Quentin,14,MS,395,0.045
M,1986,Quincy,6,MS,748,0.019
M,1987,Quentin,18,MS,317,0.061
M,1987,Quincy,16,MS,354,0.054
M,1987,Quintin,11,MS,464,0.037
M,1987,Quinton,10,MS,509,0.034
M,1988,Quincy,20,MS,298,0.067
M,1988,Quinton,16,MS,358,0.054
M,1988,Quentin,14,MS,397,0.047
M,1988,Quintin,10,MS,512,0.033
M,1989,Quentin,23,MS,278,0.075
M,1989,Quinton,21,MS,302,0.068
M,1989,Quincy,14,MS,415,0.045
M,1989,Quintin,7,MS,681,0.023
M,1990,Quinton,16,MS,376,0.052
M,1990,Quentin,13,MS,433,0.042
M,1990,Quincy,10,MS,533,0.032
M,1990,Quintin,7,MS,700,0.023
M,1991,Quinton,21,MS,308,0.07
M,1991,Quincy,19,MS,332,0.063
M,1991,Quentin,11,MS,483,0.036
M,1991,Quintin,8,MS,620,0.026
M,1991,Quenton,6,MS,776,0.02
M,1991,Quintarius,6,MS,776,0.02
M,1991,Quartez,5,MS,893,0.017
M,1992,Quincy,19,MS,322,0.065
M,1992,Quinton,18,MS,337,0.062
M,1992,Quentin,16,MS,379,0.055
M,1992,Quintarius,7,MS,707,0.024
M,1992,Quintin,5,MS,904,0.017
M,1993,Quinton,18,MS,330,0.064
M,1993,Quincy,16,MS,373,0.057
M,1993,Quentin,7,MS,698,0.025
M,1993,Quintarius,6,MS,775,0.021
M,1994,Quinton,20,MS,289,0.072
M,1994,Quentin,13,MS,438,0.047
M,1994,Quincy,11,MS,507,0.04
M,1995,Quinton,21,MS,279,0.077
M,1995,Quentin,13,MS,452,0.048
M,1995,Quincy,8,MS,622,0.029
M,1995,Quintarius,7,MS,678,0.026
M,1995,Quadarius,5,MS,892,0.018
M,1996,Quentin,10,MS,531,0.037
M,1996,Quincy,10,MS,531,0.037
M,1996,Quinton,10,MS,531,0.037
M,1996,Quindarius,7,MS,713,0.026
M,1996,Quadarius,5,MS,926,0.019
M,1996,Quindon,5,MS,926,0.019
M,1997,Quincy,13,MS,435,0.049
M,1997,Quinton,10,MS,544,0.038
M,1997,Quadarius,8,MS,655,0.03
M,1997,Quentin,8,MS,655,0.03
M,1997,Quintarius,7,MS,718,0.026
M,1998,Quinton,16,MS,372,0.058
M,1998,Quadarius,8,MS,668,0.029
M,1998,Quentin,8,MS,668,0.029
M,1998,Quincy,5,MS,978,0.018
M,1998,Quintarius,5,MS,978,0.018
M,1999,Quentin,12,MS,472,0.044
M,1999,Quincy,11,MS,509,0.041
M,1999,Quindarius,9,MS,614,0.033
M,1999,Quadarius,6,MS,837,0.022
M,1999,Quinton,6,MS,837,0.022
M,2000,Quentin,15,MS,404,0.054
M,2000,Quinton,12,MS,492,0.044
M,2000,Quincy,9,MS,616,0.033
M,2000,Quadarius,8,MS,686,0.029
M,2000,Quintavious,5,MS,986,0.018
M,2001,Quincy,17,MS,352,0.065
M,2001,Quentin,9,MS,603,0.034
M,2001,Quindarius,9,MS,603,0.034
M,2001,Quadarius,8,MS,670,0.03
M,2001,Quintin,6,MS,863,0.023
M,2002,Quincy,13,MS,434,0.05
M,2002,Quentin,11,MS,498,0.042
M,2002,Quinton,10,MS,546,0.039
M,2002,Quandarius,5,MS,982,0.019
M,2002,Quantavious,5,MS,982,0.019
M,2002,Quintin,5,MS,982,0.019
M,2003,Quincy,14,MS,436,0.053
M,2003,Quinton,9,MS,627,0.034
M,2003,Quentin,6,MS,885,0.023
M,2003,Quindarius,6,MS,885,0.023
M,2003,Quadarius,5,MS,1029,0.019
M,2004,Quentin,13,MS,460,0.049
M,2004,Quincy,12,MS,502,0.045
M,2004,Quinton,11,MS,541,0.041
M,2004,Quintin,5,MS,1007,0.019
M,2005,Quentin,17,MS,359,0.065
M,2005,Quincy,12,MS,505,0.046
M,2005,Quinton,11,MS,547,0.042
M,2005,Quintavious,5,MS,1032,0.019
M,2006,Quentin,12,MS,553,0.042
M,2006,Quincy,11,MS,608,0.039
M,2006,Quinton,10,MS,657,0.035
M,2007,Quentin,9,MS,717,0.031
M,2007,Quincy,9,MS,717,0.031
M,2007,Quinton,7,MS,882,0.024
M,2007,Quinten,5,MS,1171,0.017
M,2008,Quincy,12,MS,539,0.043
M,2008,Quinton,12,MS,539,0.043
M,2008,Quentin,7,MS,870,0.025
M,2009,Quinton,20,MS,307,0.075
M,2009,Quentin,8,MS,737,0.03
M,2010,Quinton,8,MS,715,0.032
M,2010,Quincy,7,MS,811,0.028
M,2011,Quentin,9,MS,635,0.036
M,2011,Quincy,9,MS,635,0.036
M,2011,Quinton,5,MS,1060,0.02
M,2012,Quincy,7,MS,771,0.029
M,2012,Quinton,7,MS,771,0.029
M,2012,Quentin,5,MS,1036,0.021
M,2013,Quincy,7,MS,813,0.029
M,2013,Quinton,7,MS,813,0.029
M,2013,Quinn,6,MS,919,0.025
M,2013,Quentin,5,MS,1048,0.02
M,2014,Quinton,7,MS,802,0.028
M,2015,Quincy,6,MS,955,0.024
M,2016,Quincy,7,MS,822,0.029
M,2016,Quentin,5,MS,1081,0.02
M,2016,Quinton,5,MS,1081,0.02
M,2017,Quincy,6,MS,946,0.025
M,2017,Quentin,5,MS,1084,0.021
M,2017,Quinton,5,MS,1084,0.021
M,2018,Quincy,10,MS,612,0.042
M,2019,Quentin,5,MS,1103,0.021
M,2020,Quinton,6,MS,922,0.027
M,2020,Quentin,5,MS,1068,0.022
M,2021,Quentin,6,MS,930,0.028
M,2023,Quincy,8,MS,720,0.038
M,2023,Quinton,6,MS,916,0.029
F,1959,Queen,7,DC,520,0.025
F,1977,Quiana,6,DC,487,0.043
F,1978,Quiana,15,DC,221,0.114
F,1978,Qiana,7,DC,400,0.053
F,1979,Quiana,11,DC,282,0.082
F,1979,Qiana,8,DC,374,0.059
F,1980,Qiana,12,DC,259,0.089
F,1980,Quiana,6,DC,451,0.044
F,1981,Quiana,11,DC,286,0.08
F,1982,Quiana,6,DC,438,0.044
F,1983,Quiana,7,DC,381,0.053
F,1991,Quanisha,5,DC,615,0.036
F,2008,Quinn,5,DC,451,0.067
F,2010,Quinn,5,DC,434,0.073
F,2012,Quinn,6,DC,378,0.082
F,2013,Quinn,15,DC,149,0.197
F,2014,Quinn,9,DC,273,0.117
F,2015,Quinn,7,DC,363,0.088
F,2016,Quinn,16,DC,139,0.199
F,2017,Quinn,17,DC,126,0.218
F,2018,Quinn,15,DC,131,0.215
F,2019,Quinn,21,DC,77,0.303
F,2020,Quinn,27,DC,39,0.421
F,2021,Quinn,8,DC,253,0.131
F,2022,Quinn,14,DC,117,0.251
F,2023,Quinn,15,DC,94,0.286
F,2024,Quinn,9,DC,181,0.178
M,1952,Quentin,5,DC,573,0.018
M,1956,Quentin,7,DC,492,0.025
M,1959,Quintin,8,DC,483,0.029
M,1960,Quintin,7,DC,540,0.025
M,1962,Quentin,5,DC,666,0.018
M,1963,Quinton,7,DC,556,0.025
M,1964,Quintin,8,DC,495,0.03
M,1964,Quentin,5,DC,656,0.019
M,1965,Quintin,5,DC,627,0.02
M,1967,Quentin,8,DC,456,0.035
M,1969,Quentin,6,DC,577,0.027
M,1970,Quentin,9,DC,446,0.041
M,1972,Quincy,8,DC,416,0.048
M,1977,Quentin,5,DC,549,0.036
M,1979,Quentin,7,DC,420,0.052
M,1979,Quinton,6,DC,461,0.045
M,1980,Quentin,9,DC,327,0.067
M,1981,Quentin,6,DC,470,0.044
M,1981,Quinton,5,DC,534,0.036
M,1983,Quentin,6,DC,432,0.045
M,1984,Quentin,10,DC,288,0.075
M,1984,Quinton,5,DC,522,0.038
M,1986,Quentin,5,DC,514,0.038
M,1987,Quentin,9,DC,330,0.066
M,1987,Quintin,5,DC,521,0.036
M,1988,Quentin,10,DC,313,0.069
M,1988,Quintin,6,DC,487,0.041
M,1989,Quinton,6,DC,536,0.041
M,1989,Quentin,5,DC,629,0.034
M,1990,Quinton,8,DC,402,0.057
M,1990,Quentin,6,DC,534,0.043
M,1990,Quintin,6,DC,534,0.043
M,1991,Quentin,6,DC,538,0.044
M,1991,Quinton,6,DC,538,0.044
M,1992,Quinton,8,DC,386,0.063
M,1993,Quincy,8,DC,361,0.067
M,1993,Quinton,7,DC,397,0.059
M,1993,Quentin,6,DC,475,0.05
M,1993,Quinn,6,DC,475,0.05
M,1994,Quentin,6,DC,453,0.055
M,1995,Quentin,6,DC,408,0.063
M,1995,Quinn,5,DC,478,0.052
M,1997,Quentin,8,DC,283,0.095
M,1997,Quinton,6,DC,381,0.071
M,1998,Quentin,8,DC,297,0.095
M,1999,Quinn,5,DC,448,0.062
M,2000,Quentin,8,DC,284,0.095
M,2000,Quinn,6,DC,387,0.071
M,2001,Quentin,7,DC,339,0.085
M,2001,Quinn,6,DC,384,0.073
M,2002,Quinn,9,DC,267,0.11
M,2003,Quinn,13,DC,187,0.162
M,2004,Quentin,7,DC,328,0.086
M,2004,Quinn,5,DC,471,0.061
M,2006,Quinn,14,DC,167,0.176
M,2006,Quincy,6,DC,384,0.075
M,2007,Quinn,6,DC,395,0.076
M,2007,Quentin,5,DC,469,0.064
M,2008,Quinn,7,DC,339,0.094
M,2009,Quentin,6,DC,378,0.083
M,2009,Quinn,6,DC,378,0.083
M,2014,Quinn,6,DC,396,0.078
M,2016,Quinn,10,DC,250,0.124
M,2017,Quinn,12,DC,203,0.154
M,2017,Quentin,6,DC,408,0.077
M,2018,Quinn,8,DC,291,0.115
M,2019,Quinn,5,DC,445,0.072
M,2021,Quinn,5,DC,420,0.082
M,2023,Quinn,5,DC,368,0.095
F,1910,Queen,6,LA,448,0.041
F,1911,Queen,6,LA,418,0.045
F,1913,Queen,5,LA,661,0.024
F,1914,Queen,7,LA,581,0.028
F,1915,Queen,6,LA,706,0.019
F,1917,Queen,6,LA,755,0.018
F,1918,Queen,5,LA,905,0.013
F,1919,Queen,6,LA,818,0.015
F,1920,Queen,6,LA,821,0.015
F,1922,Queen,8,LA,706,0.018
F,1923,Queen,11,LA,587,0.026
F,1925,Queen,7,LA,756,0.016
F,1927,Queen,8,LA,713,0.018
F,1928,Queen,11,LA,578,0.027
F,1929,Queen,7,LA,727,0.017
F,1931,Queen,10,LA,583,0.026
F,1933,Queen,5,LA,835,0.014
F,1934,Queen,9,LA,633,0.023
F,1935,Queen,9,LA,632,0.023
F,1936,Queen,5,LA,866,0.012
F,1937,Queen,10,LA,600,0.024
F,1938,Queen,10,LA,601,0.023
F,1940,Queen,12,LA,581,0.026
F,1941,Queen,9,LA,678,0.018
F,1942,Queen,8,LA,751,0.015
F,1943,Queen,12,LA,616,0.022
F,1944,Queen,5,LA,965,0.009
F,1945,Queen,6,LA,852,0.012
F,1946,Queen,11,LA,671,0.018
F,1947,Queen,5,LA,1061,0.007
F,1948,Queen,7,LA,878,0.011
F,1949,Queen,11,LA,695,0.016
F,1950,Queen,11,LA,716,0.016
F,1951,Queen,5,LA,1079,0.007
F,1952,Queen,9,LA,802,0.012
F,1953,Queen,8,LA,879,0.01
F,1954,Queen,9,LA,840,0.011
F,1957,Queen,9,LA,925,0.011
F,1973,Quintina,5,LA,1244,0.009
F,1975,Quiana,10,LA,824,0.018
F,1976,Quiana,5,LA,1287,0.009
F,1977,Quiana,21,LA,531,0.034
F,1977,Qiana,19,LA,566,0.031
F,1978,Qiana,28,LA,415,0.046
F,1978,Quiana,25,LA,462,0.041
F,1979,Quiana,18,LA,597,0.028
F,1979,Qiana,13,LA,767,0.02
F,1979,Quinn,5,LA,1421,0.008
F,1980,Quiana,18,LA,598,0.027
F,1980,Qiana,7,LA,1144,0.01
F,1981,Qiana,8,LA,1013,0.012
F,1981,Quiana,6,LA,1240,0.009
F,1982,Quiana,9,LA,959,0.013
F,1982,Quinetta,5,LA,1426,0.007
F,1983,Quiana,5,LA,1380,0.007
F,1984,Quiana,5,LA,1386,0.008
F,1985,Quanisha,5,LA,1384,0.008
F,1986,Quintella,7,LA,1070,0.011
F,1991,Quaneisha,7,LA,1078,0.012
F,1995,Quanisha,8,LA,973,0.016
F,1996,Quanisha,5,LA,1342,0.01
F,2010,Quinn,6,LA,1371,0.014
F,2011,Quinn,7,LA,1205,0.016
F,2012,Quinn,12,LA,804,0.027
F,2013,Quinn,24,LA,443,0.054
F,2014,Quinn,21,LA,520,0.046
F,2014,Queen,7,LA,1285,0.015
F,2015,Quinn,13,LA,803,0.028
F,2016,Quinn,34,LA,337,0.075
F,2016,Queen,7,LA,1314,0.015
F,2017,Quinn,28,LA,403,0.064
F,2017,Queen,9,LA,1057,0.021
F,2018,Quinn,23,LA,479,0.054
F,2019,Quinn,26,LA,408,0.063
F,2019,Queen,8,LA,1164,0.019
F,2020,Quinn,26,LA,401,0.065
F,2020,Queen,10,LA,938,0.025
F,2021,Quinn,30,LA,343,0.074
F,2022,Quinn,28,LA,354,0.071
F,2023,Quinn,21,LA,481,0.055
F,2024,Quinn,16,LA,597,0.044
M,1918,Quentin,6,LA,798,0.016
M,1919,Quentin,6,LA,818,0.015
M,1927,Quincy,5,LA,929,0.011
M,1929,Quincy,5,LA,891,0.012
M,1930,Quincy,6,LA,778,0.015
M,1934,Quincy,7,LA,723,0.018
M,1942,Quincy,5,LA,951,0.01
M,1947,Quincy,5,LA,1061,0.007
M,1949,Quincy,5,LA,1064,0.007
M,1951,Quincy,5,LA,1079,0.007
M,1955,Quentin,7,LA,994,0.009
M,1957,Quintin,7,LA,1055,0.008
M,1959,Quincy,9,LA,935,0.011
M,1959,Quentin,7,LA,1068,0.009
M,1959,Quinton,5,LA,1254,0.006
M,1960,Quinton,9,LA,947,0.011
M,1960,Quentin,6,LA,1169,0.007
M,1960,Quinn,6,LA,1169,0.007
M,1961,Quincy,6,LA,1147,0.008
M,1961,Quentin,5,LA,1268,0.006
M,1962,Quentin,7,LA,1103,0.009
M,1962,Quinton,7,LA,1103,0.009
M,1963,Quentin,9,LA,926,0.012
M,1963,Quintin,7,LA,1059,0.009
M,1963,Quinton,6,LA,1154,0.008
M,1963,Quincy,5,LA,1265,0.007
M,1964,Quintin,8,LA,995,0.011
M,1964,Quincy,7,LA,1079,0.009
M,1964,Quentin,5,LA,1297,0.007
M,1965,Quinton,9,LA,908,0.013
M,1965,Quinn,7,LA,1038,0.01
M,1965,Quincy,6,LA,1139,0.009
M,1966,Quintin,6,LA,1101,0.009
M,1966,Quinton,6,LA,1101,0.009
M,1966,Quentin,5,LA,1226,0.007
M,1967,Quinn,8,LA,955,0.012
M,1967,Quentin,7,LA,1023,0.011
M,1967,Quincy,7,LA,1023,0.011
M,1968,Quinn,6,LA,1109,0.009
M,1969,Quentin,11,LA,790,0.017
M,1969,Quinton,6,LA,1117,0.009
M,1969,Quincy,5,LA,1222,0.008
M,1970,Quentin,10,LA,821,0.016
M,1970,Quinn,9,LA,872,0.014
M,1970,Quincy,7,LA,1034,0.011
M,1971,Quentin,13,LA,720,0.021
M,1971,Quincy,12,LA,755,0.019
M,1971,Quinton,7,LA,1042,0.011
M,1972,Quincy,14,LA,659,0.024
M,1972,Quinton,10,LA,812,0.017
M,1972,Quentin,6,LA,1098,0.01
M,1973,Quincy,20,LA,524,0.036
M,1973,Quentin,16,LA,603,0.029
M,1973,Quinn,8,LA,922,0.014
M,1973,Quinton,8,LA,922,0.014
M,1974,Quincy,18,LA,555,0.033
M,1974,Quinton,9,LA,857,0.017
M,1974,Quentin,8,LA,915,0.015
M,1975,Quincy,38,LA,315,0.068
M,1975,Quentin,25,LA,447,0.045
M,1975,Quinn,7,LA,1034,0.013
M,1975,Quinton,7,LA,1034,0.013
M,1975,Quenton,5,LA,1263,0.009
M,1976,Quentin,31,LA,371,0.055
M,1976,Quincy,29,LA,391,0.051
M,1976,Quinton,14,LA,660,0.025
M,1976,Quinn,8,LA,940,0.014
M,1977,Quincy,49,LA,276,0.08
M,1977,Quentin,33,LA,373,0.054
M,1977,Quinton,13,LA,740,0.021
M,1977,Quintin,8,LA,1018,0.013
M,1977,Quinn,5,LA,1377,0.008
M,1978,Quincy,46,LA,287,0.076
M,1978,Quentin,19,LA,561,0.031
M,1978,Quinton,9,LA,913,0.015
M,1978,Quinn,5,LA,1367,0.008
M,1978,Quintin,5,LA,1367,0.008
M,1979,Quincy,44,LA,305,0.069
M,1979,Quentin,24,LA,488,0.037
M,1979,Quinton,13,LA,767,0.02
M,1979,Quinn,6,LA,1267,0.009
M,1979,Quintin,5,LA,1421,0.008
M,1980,Quincy,40,LA,336,0.059
M,1980,Quentin,27,LA,455,0.04
M,1980,Quinton,12,LA,809,0.018
M,1980,Quintin,7,LA,1144,0.01
M,1980,Quinn,5,LA,1446,0.007
M,1981,Quincy,35,LA,367,0.052
M,1981,Quinton,22,LA,509,0.033
M,1981,Quentin,21,LA,527,0.031
M,1981,Quinn,9,LA,932,0.013
M,1982,Quincy,51,LA,271,0.073
M,1982,Quentin,41,LA,335,0.059
M,1982,Quinton,29,LA,429,0.042
M,1982,Quintin,8,LA,1032,0.012
M,1982,Quinn,6,LA,1267,0.009
M,1982,Quinten,5,LA,1426,0.007
M,1983,Quinton,58,LA,231,0.086
M,1983,Quentin,47,LA,284,0.07
M,1983,Quincy,34,LA,371,0.05
M,1983,Quintin,11,LA,817,0.016
M,1983,Quinn,6,LA,1225,0.009
M,1983,Quinten,6,LA,1225,0.009
M,1983,Quoc,5,LA,1380,0.007
M,1984,Quentin,48,LA,259,0.072
M,1984,Quinton,43,LA,298,0.065
M,1984,Quincy,30,LA,411,0.045
M,1984,Quintin,21,LA,532,0.032
M,1984,Quinten,7,LA,1100,0.011
M,1984,Quinn,5,LA,1386,0.008
M,1985,Quinton,43,LA,297,0.065
M,1985,Quentin,38,LA,336,0.058
M,1985,Quincy,35,LA,362,0.053
M,1985,Quintin,9,LA,943,0.014
M,1985,Quenton,5,LA,1384,0.008
M,1985,Quindell,5,LA,1384,0.008
M,1985,Quinn,5,LA,1384,0.008
M,1985,Quinten,5,LA,1384,0.008
M,1986,Quentin,37,LA,327,0.059
M,1986,Quincy,33,LA,361,0.053
M,1986,Quinton,30,LA,381,0.048
M,1986,Quinn,12,LA,768,0.019
M,1986,Quintin,10,LA,867,0.016
M,1987,Quinton,39,LA,293,0.067
M,1987,Quentin,27,LA,392,0.046
M,1987,Quincy,23,LA,454,0.039
M,1987,Quintin,12,LA,729,0.021
M,1987,Quinn,8,LA,961,0.014
M,1988,Quentin,35,LA,326,0.06
M,1988,Quinton,25,LA,418,0.043
M,1988,Quincy,20,LA,502,0.035
M,1988,Quintin,8,LA,957,0.014
M,1988,Quinten,6,LA,1170,0.01
M,1988,Quinn,5,LA,1329,0.009
M,1989,Quentin,34,LA,321,0.059
M,1989,Quincy,30,LA,353,0.052
M,1989,Quinton,30,LA,353,0.052
M,1989,Quintin,12,LA,746,0.021
M,1989,Quinn,8,LA,987,0.014
M,1990,Quinton,40,LA,285,0.071
M,1990,Quentin,29,LA,377,0.051
M,1990,Quincy,21,LA,469,0.037
M,1990,Quintin,15,LA,628,0.026
M,1990,Quinn,12,LA,751,0.021
M,1991,Quinton,32,LA,345,0.057
M,1991,Quincy,29,LA,383,0.052
M,1991,Quentin,24,LA,439,0.043
M,1991,Quintin,15,LA,621,0.027
M,1991,Quinn,11,LA,778,0.02
M,1991,Quinten,5,LA,1353,0.009
M,1992,Quinton,27,LA,389,0.05
M,1992,Quentin,24,LA,427,0.044
M,1992,Quincy,23,LA,447,0.042
M,1992,Quintin,12,LA,726,0.022
M,1992,Quenton,11,LA,779,0.02
M,1992,Quinn,8,LA,1009,0.015
M,1993,Quinton,29,LA,356,0.055
M,1993,Quincy,28,LA,372,0.053
M,1993,Quentin,18,LA,537,0.034
M,1993,Quintin,11,LA,773,0.021
M,1993,Quinn,5,LA,1384,0.01
M,1994,Quinton,37,LA,285,0.073
M,1994,Quincy,19,LA,513,0.038
M,1994,Quentin,14,LA,629,0.028
M,1994,Quinn,14,LA,629,0.028
M,1994,Quintin,11,LA,780,0.022
M,1995,Quentin,23,LA,430,0.047
M,1995,Quinton,18,LA,520,0.037
M,1995,Quinn,15,LA,609,0.03
M,1995,Quincy,14,LA,643,0.028
M,1995,Quintin,6,LA,1180,0.012
M,1996,Quinton,29,LA,351,0.06
M,1996,Quentin,19,LA,498,0.039
M,1996,Quincy,17,LA,540,0.035
M,1996,Quinn,14,LA,641,0.029
M,1996,Quindon,7,LA,1059,0.015
M,1996,Quintin,7,LA,1059,0.015
M,1997,Quentin,20,LA,481,0.041
M,1997,Quinton,17,LA,544,0.035
M,1997,Quinn,14,LA,643,0.029
M,1997,Quincy,13,LA,683,0.027
M,1997,Quintrell,7,LA,1071,0.014
M,1997,Quintin,5,LA,1348,0.01
M,1998,Quinton,26,LA,395,0.053
M,1998,Quentin,20,LA,499,0.041
M,1998,Quincy,18,LA,541,0.037
M,1998,Quinn,7,LA,1127,0.014
M,1999,Quinton,21,LA,482,0.043
M,1999,Quincy,17,LA,579,0.034
M,1999,Quentin,11,LA,814,0.022
M,1999,Quinn,11,LA,814,0.022
M,2000,Quinton,21,LA,490,0.043
M,2000,Quincy,20,LA,518,0.041
M,2000,Quentin,13,LA,726,0.026
M,2000,Quinn,10,LA,884,0.02
M,2000,Quenton,6,LA,1279,0.012
M,2000,Quintin,5,LA,1467,0.01
M,2001,Quinton,16,LA,594,0.034
M,2001,Quincy,11,LA,799,0.023
M,2001,Quentin,7,LA,1128,0.015
M,2001,Quinn,6,LA,1257,0.013
M,2002,Quentin,18,LA,532,0.039
M,2002,Quincy,17,LA,562,0.037
M,2002,Quinn,15,LA,635,0.032
M,2002,Quinton,11,LA,825,0.024
M,2002,Quintin,6,LA,1254,0.013
M,2003,Quincy,17,LA,554,0.037
M,2003,Quinton,16,LA,587,0.034
M,2003,Quentin,12,LA,754,0.026
M,2003,Quinn,11,LA,810,0.024
M,2003,Quintin,5,LA,1475,0.011
M,2004,Quincy,20,LA,504,0.043
M,2004,Quentin,16,LA,616,0.035
M,2004,Quinton,16,LA,616,0.035
M,2004,Quinn,9,LA,962,0.019
M,2004,Quincey,5,LA,1501,0.011
M,2005,Quentin,15,LA,608,0.034
M,2005,Quinton,13,LA,683,0.03
M,2005,Quincy,7,LA,1119,0.016
M,2005,Quinn,7,LA,1119,0.016
M,2005,Quintin,5,LA,1457,0.011
M,2006,Quincy,20,LA,481,0.044
M,2006,Quentin,10,LA,893,0.022
M,2006,Quinn,8,LA,1066,0.018
M,2006,Quinten,8,LA,1066,0.018
M,2006,Quinton,8,LA,1066,0.018
M,2007,Quentin,17,LA,596,0.036
M,2007,Quincy,12,LA,808,0.025
M,2007,Quinn,9,LA,1046,0.019
M,2007,Quintin,7,LA,1266,0.015
M,2007,Quinten,6,LA,1399,0.013
M,2007,Quinton,6,LA,1399,0.013
M,2008,Quinton,15,LA,644,0.033
M,2008,Quentin,12,LA,800,0.026
M,2008,Quinn,12,LA,800,0.026
M,2008,Quincy,11,LA,855,0.024
M,2008,Quintin,6,LA,1396,0.013
M,2009,Quincy,17,LA,611,0.037
M,2009,Quentin,14,LA,724,0.031
M,2009,Quinton,8,LA,1113,0.018
M,2009,Quinn,5,LA,1634,0.011
M,2010,Quincy,17,LA,569,0.039
M,2010,Quentin,12,LA,785,0.028
M,2010,Quinn,8,LA,1107,0.018
M,2010,Quinton,8,LA,1107,0.018
M,2011,Quentin,15,LA,650,0.035
M,2011,Quinn,14,LA,697,0.032
M,2011,Quinton,13,LA,741,0.03
M,2011,Quincy,10,LA,926,0.023
M,2012,Quincy,12,LA,804,0.027
M,2012,Quentin,11,LA,859,0.025
M,2012,Quinton,11,LA,859,0.025
M,2012,Quinn,10,LA,947,0.023
M,2012,Quintin,5,LA,1600,0.011
M,2013,Quentin,14,LA,689,0.031
M,2013,Quinn,12,LA,816,0.027
M,2013,Quinton,12,LA,816,0.027
M,2013,Quincy,10,LA,958,0.022
M,2013,Quintin,6,LA,1418,0.013
M,2014,Quinton,12,LA,840,0.026
M,2014,Quincy,9,LA,1054,0.02
M,2014,Quinn,9,LA,1054,0.02
M,2014,Quentin,5,LA,1639,0.011
M,2014,Quintin,5,LA,1639,0.011
M,2015,Quincy,11,LA,904,0.024
M,2015,Quinn,11,LA,904,0.024
M,2015,Quinton,8,LA,1162,0.017
M,2016,Quincy,15,LA,707,0.033
M,2016,Quinn,13,LA,802,0.029
M,2016,Quentin,8,LA,1187,0.018
M,2016,Quinton,8,LA,1187,0.018
M,2017,Quinn,14,LA,733,0.032
M,2017,Quinton,10,LA,977,0.023
M,2017,Quentin,9,LA,1057,0.021
M,2017,Quincy,9,LA,1057,0.021
M,2018,Quinn,11,LA,887,0.026
M,2018,Quinton,7,LA,1267,0.017
M,2019,Quentin,9,LA,1056,0.022
M,2019,Quinton,9,LA,1056,0.022
M,2019,Quincy,8,LA,1164,0.019
M,2019,Quinn,8,LA,1164,0.019
M,2020,Quincy,9,LA,1040,0.022
M,2020,Quinton,9,LA,1040,0.022
M,2020,Quentin,5,LA,1648,0.012
M,2020,Quinn,5,LA,1648,0.012
M,2021,Quentin,10,LA,968,0.025
M,2021,Quinton,8,LA,1155,0.02
M,2021,Quinn,5,LA,1646,0.012
M,2022,Quinn,9,LA,1055,0.023
M,2022,Quincy,7,LA,1286,0.018
M,2022,Quest,5,LA,1657,0.013
M,2022,Quinton,5,LA,1657,0.013
M,2023,Quinn,9,LA,1042,0.024
M,2023,Quincy,6,LA,1414,0.016
M,2024,Quest,6,LA,1379,0.016
M,2024,Quentin,5,LA,1571,0.014
M,2024,Quinton,5,LA,1571,0.014
F,1999,Quinn,7,NH,325,0.066
F,2000,Quinn,6,NH,352,0.057
F,2002,Quinn,6,NH,358,0.058
F,2003,Quinn,5,NH,404,0.049
F,2005,Quinn,6,NH,382,0.06
F,2006,Quinn,5,NH,442,0.05
F,2008,Quinn,6,NH,390,0.063
F,2009,Quinn,6,NH,365,0.066
F,2010,Quinn,11,NH,231,0.123
F,2011,Quinn,14,NH,185,0.158
F,2012,Quinn,15,NH,172,0.177
F,2013,Quinn,18,NH,142,0.209
F,2014,Quinn,22,NH,109,0.263
F,2015,Quinn,21,NH,118,0.251
F,2016,Quinn,23,NH,113,0.281
F,2017,Quinn,23,NH,98,0.295
F,2018,Quinn,22,NH,104,0.282
F,2019,Quinn,20,NH,115,0.256
F,2020,Quinn,24,NH,93,0.308
F,2021,Quinn,24,NH,98,0.287
F,2022,Quinn,16,NH,146,0.202
F,2023,Quinn,23,NH,87,0.286
F,2024,Quinn,16,NH,154,0.2
M,1993,Quinn,5,NH,386,0.041
M,1995,Quintin,5,NH,386,0.044
M,1996,Quentin,6,NH,347,0.053
M,1996,Quinn,5,NH,381,0.045
M,1997,Quinn,11,NH,244,0.101
M,1998,Quinn,10,NH,260,0.092
M,1999,Quinn,6,NH,350,0.057
M,2000,Quinn,7,NH,324,0.066
M,2000,Quentin,5,NH,397,0.047
M,2001,Quinn,12,NH,223,0.113
M,2002,Quinn,9,NH,270,0.088
M,2003,Quinn,9,NH,266,0.089
M,2004,Quinn,10,NH,255,0.097
M,2004,Quinton,6,NH,377,0.058
M,2005,Quinn,7,NH,333,0.07
M,2006,Quinn,13,NH,205,0.13
M,2007,Quinn,14,NH,184,0.143
M,2008,Quinn,12,NH,212,0.126
M,2009,Quinn,12,NH,213,0.133
M,2010,Quinn,9,NH,274,0.101
M,2011,Quinn,10,NH,250,0.113
M,2013,Quinn,12,NH,202,0.139
M,2013,Quentin,5,NH,451,0.058
M,2014,Quinn,6,NH,377,0.072
M,2015,Quinn,8,NH,301,0.096
M,2015,Quinton,5,NH,448,0.06
M,2016,Quinn,6,NH,371,0.073
M,2017,Quinn,9,NH,253,0.116
M,2018,Quinn,11,NH,219,0.141
M,2019,Quinn,13,NH,193,0.166
M,2019,Quincy,7,NH,333,0.089
M,2020,Quinn,5,NH,432,0.064
M,2022,Quinn,7,NH,350,0.088
F,1981,Quinn,5,OR,830,0.013
F,1991,Quinn,5,OR,917,0.014
F,1997,Quinn,6,OR,910,0.017
F,1998,Quinn,10,OR,683,0.027
F,1999,Quinn,6,OR,956,0.017
F,2000,Quinn,6,OR,984,0.017
F,2001,Quinn,5,OR,1102,0.014
F,2002,Quinn,9,OR,761,0.025
F,2003,Quinn,15,OR,544,0.042
F,2004,Quinn,11,OR,679,0.031
F,2006,Quinn,15,OR,575,0.041
F,2007,Quinn,10,OR,778,0.027
F,2008,Quinn,15,OR,591,0.041
F,2009,Quinn,13,OR,641,0.037
F,2010,Quinn,24,OR,353,0.072
F,2011,Quinn,31,OR,273,0.094
F,2012,Quinn,32,OR,273,0.097
F,2012,Quincy,7,OR,979,0.021
F,2013,Quinn,35,OR,250,0.106
F,2014,Quinn,54,OR,148,0.16
F,2015,Quinn,50,OR,156,0.15
F,2015,Quincy,5,OR,1302,0.015
F,2016,Quinn,52,OR,151,0.155
F,2016,Quincy,6,OR,1125,0.018
F,2017,Quinn,65,OR,108,0.204
F,2017,Quincy,7,OR,1003,0.022
F,2018,Quinn,49,OR,152,0.16
F,2019,Quinn,44,OR,170,0.145
F,2019,Quincy,6,OR,1086,0.02
F,2020,Quinn,48,OR,137,0.168
F,2020,Quincy,7,OR,939,0.025
F,2021,Quinn,44,OR,166,0.149
F,2021,Quincy,9,OR,800,0.03
F,2022,Quinn,41,OR,164,0.146
F,2022,Quincy,5,OR,1218,0.018
F,2023,Quinn,30,OR,234,0.111
F,2023,Quincy,7,OR,938,0.026
F,2024,Quinn,30,OR,233,0.108
F,2024,Quincy,6,OR,1097,0.022
M,1978,Quentin,6,OR,716,0.018
M,1978,Quincy,5,OR,801,0.015
M,1978,Quinn,5,OR,801,0.015
M,1979,Quinn,6,OR,750,0.017
M,1979,Quincy,5,OR,838,0.014
M,1980,Quinn,7,OR,656,0.019
M,1981,Quinn,6,OR,740,0.016
M,1981,Quincy,5,OR,830,0.013
M,1985,Quentin,5,OR,787,0.015
M,1986,Quinn,8,OR,571,0.024
M,1988,Quinn,10,OR,502,0.029
M,1989,Quinn,10,OR,531,0.028
M,1990,Quinn,11,OR,520,0.03
M,1991,Quinn,18,OR,361,0.049
M,1992,Quinn,7,OR,745,0.02
M,1992,Quinton,7,OR,745,0.02
M,1993,Quinn,13,OR,480,0.037
M,1993,Quincy,5,OR,942,0.014
M,1994,Quinn,18,OR,396,0.051
M,1994,Quentin,7,OR,770,0.02
M,1994,Quinton,7,OR,770,0.02
M,1994,Quincy,5,OR,983,0.014
M,1995,Quentin,16,OR,445,0.045
M,1995,Quinn,13,OR,505,0.037
M,1995,Quinton,10,OR,632,0.028
M,1995,Quincy,5,OR,990,0.014
M,1996,Quentin,17,OR,424,0.047
M,1996,Quinton,16,OR,441,0.044
M,1996,Quinn,15,OR,481,0.041
M,1996,Quinten,5,OR,1044,0.014
M,1996,Quintin,5,OR,1044,0.014
M,1997,Quinn,25,OR,330,0.07
M,1997,Quinton,12,OR,566,0.034
M,1997,Quentin,9,OR,683,0.025
M,1997,Quintin,9,OR,683,0.025
M,1997,Quincy,5,OR,1026,0.014
M,1998,Quinn,20,OR,398,0.055
M,1998,Quinton,13,OR,581,0.036
M,1998,Quentin,12,OR,602,0.033
M,1998,Quinten,9,OR,730,0.025
M,1998,Quintin,8,OR,788,0.022
M,1998,Quincy,5,OR,1054,0.014
M,1999,Quentin,18,OR,448,0.05
M,1999,Quinn,15,OR,513,0.042
M,1999,Quinton,10,OR,688,0.028
M,1999,Quinten,7,OR,876,0.019
M,1999,Quintin,5,OR,1086,0.014
M,2000,Quinn,27,OR,321,0.074
M,2000,Quentin,8,OR,819,0.022
M,2000,Quinton,8,OR,819,0.022
M,2000,Quinten,7,OR,890,0.019
M,2000,Quintin,7,OR,890,0.019
M,2000,Quincy,6,OR,984,0.017
M,2001,Quinn,27,OR,328,0.076
M,2001,Quentin,10,OR,689,0.028
M,2001,Quinton,8,OR,821,0.023
M,2001,Quincy,7,OR,892,0.02
M,2001,Quintin,7,OR,892,0.02
M,2002,Quinn,18,OR,442,0.051
M,2002,Quinton,14,OR,545,0.04
M,2002,Quentin,9,OR,761,0.025
M,2002,Quinten,5,OR,1121,0.014
M,2003,Quinn,27,OR,330,0.075
M,2003,Quentin,14,OR,565,0.039
M,2003,Quinton,10,OR,720,0.028
M,2003,Quintin,8,OR,835,0.022
M,2003,Quincy,5,OR,1146,0.014
M,2004,Quinn,27,OR,318,0.077
M,2004,Quentin,15,OR,542,0.043
M,2004,Quincy,8,OR,867,0.023
M,2004,Quintin,7,OR,938,0.02
M,2004,Quinton,6,OR,1029,0.017
M,2005,Quinn,20,OR,431,0.057
M,2005,Quinton,10,OR,728,0.028
M,2005,Quentin,9,OR,777,0.025
M,2005,Quintin,6,OR,1024,0.017
M,2005,Quincy,5,OR,1165,0.014
M,2006,Quinn,29,OR,317,0.079
M,2006,Quentin,22,OR,411,0.06
M,2006,Quincy,10,OR,768,0.027
M,2006,Quinton,9,OR,826,0.024
M,2006,Quintin,8,OR,898,0.022
M,2007,Quinn,30,OR,320,0.081
M,2007,Quentin,12,OR,678,0.032
M,2007,Quinten,10,OR,778,0.027
M,2007,Quinton,10,OR,778,0.027
M,2007,Quincy,8,OR,905,0.022
M,2007,Quintin,7,OR,1010,0.019
M,2008,Quinn,25,OR,374,0.068
M,2008,Quentin,14,OR,619,0.038
M,2008,Quinton,13,OR,658,0.035
M,2008,Quinten,7,OR,1033,0.019
M,2008,Quintin,6,OR,1143,0.016
M,2008,Quincy,5,OR,1293,0.014
M,2009,Quinn,26,OR,356,0.074
M,2009,Quentin,14,OR,599,0.04
M,2009,Quintin,8,OR,900,0.023
M,2009,Quinton,8,OR,900,0.023
M,2009,Quinten,7,OR,1006,0.02
M,2010,Quinn,34,OR,247,0.102
M,2010,Quentin,19,OR,436,0.057
M,2010,Quincy,10,OR,775,0.03
M,2010,Quinton,10,OR,775,0.03
M,2010,Quintin,8,OR,903,0.024
M,2011,Quinn,23,OR,369,0.07
M,2011,Quentin,13,OR,601,0.039
M,2011,Quincy,10,OR,745,0.03
M,2011,Quinton,6,OR,1098,0.018
M,2012,Quinn,22,OR,387,0.067
M,2012,Quentin,10,OR,745,0.03
M,2012,Quincy,9,OR,819,0.027
M,2012,Quintin,8,OR,877,0.024
M,2012,Quinton,8,OR,877,0.024
M,2013,Quinn,19,OR,451,0.058
M,2013,Quinton,15,OR,547,0.045
M,2013,Quentin,12,OR,662,0.036
M,2013,Quintin,7,OR,960,0.021
M,2014,Quinn,23,OR,382,0.068
M,2014,Quinton,13,OR,602,0.038
M,2014,Quentin,11,OR,707,0.033
M,2015,Quinn,18,OR,488,0.054
M,2015,Quentin,17,OR,508,0.051
M,2015,Quincy,11,OR,718,0.033
M,2015,Quintin,5,OR,1302,0.015
M,2015,Quinton,5,OR,1302,0.015
M,2016,Quinn,24,OR,361,0.071
M,2016,Quentin,11,OR,723,0.033
M,2016,Quinton,10,OR,770,0.03
M,2016,Quincy,5,OR,1296,0.015
M,2016,Quinten,5,OR,1296,0.015
M,2016,Quintin,5,OR,1296,0.015
M,2017,Quinn,19,OR,442,0.06
M,2017,Quinton,12,OR,648,0.038
M,2017,Quincy,8,OR,906,0.025
M,2017,Quentin,6,OR,1107,0.019
M,2018,Quentin,14,OR,564,0.046
M,2018,Quinn,14,OR,564,0.046
M,2018,Quinton,11,OR,691,0.036
M,2018,Quinten,9,OR,794,0.029
M,2018,Quincy,7,OR,960,0.023
M,2019,Quinn,15,OR,521,0.049
M,2019,Quincy,9,OR,806,0.03
M,2019,Quentin,7,OR,963,0.023
M,2020,Quinn,13,OR,574,0.046
M,2020,Quincy,11,OR,666,0.039
M,2020,Quinton,11,OR,666,0.039
M,2020,Quentin,7,OR,939,0.025
M,2020,Quinten,6,OR,1061,0.021
M,2021,Quinn,15,OR,512,0.051
M,2021,Quentin,12,OR,623,0.041
M,2021,Quincy,8,OR,877,0.027
M,2021,Quinton,8,OR,877,0.027
M,2022,Quinn,12,OR,608,0.043
M,2022,Quentin,11,OR,643,0.039
M,2022,Quincy,7,OR,938,0.025
M,2022,Quintin,5,OR,1218,0.018
M,2022,Quinton,5,OR,1218,0.018
M,2023,Quinn,10,OR,694,0.037
M,2023,Quincy,6,OR,1068,0.022
M,2023,Quinton,5,OR,1213,0.018
M,2024,Quinn,12,OR,618,0.043
M,2024,Quincy,6,OR,1097,0.022
M,2024,Quinton,5,OR,1251,0.018
F,1911,Queen,6,FL,237,0.097
F,1912,Queen,5,FL,371,0.052
F,1913,Queen,6,FL,338,0.058
F,1914,Queen,6,FL,408,0.044
F,1915,Queen,8,FL,375,0.05
F,1916,Queen,5,FL,509,0.031
F,1917,Queen,13,FL,277,0.078
F,1918,Queen,14,FL,283,0.075
F,1919,Queen,14,FL,298,0.073
F,1920,Queen,11,FL,351,0.054
F,1921,Queen,10,FL,381,0.047
F,1922,Queen,9,FL,411,0.041
F,1923,Queen,15,FL,301,0.068
F,1924,Queen,20,FL,262,0.08
F,1925,Queen,17,FL,317,0.06
F,1926,Queen,9,FL,499,0.028
F,1927,Queen,18,FL,330,0.059
F,1928,Queen,14,FL,350,0.052
F,1929,Queen,11,FL,379,0.046
F,1930,Queen,13,FL,355,0.054
F,1931,Queen,12,FL,372,0.052
F,1932,Queen,14,FL,336,0.057
F,1933,Queen,17,FL,276,0.077
F,1934,Queen,8,FL,457,0.034
F,1935,Queen,11,FL,392,0.044
F,1936,Queen,8,FL,500,0.032
F,1937,Queen,11,FL,402,0.043
F,1938,Queen,11,FL,429,0.04
F,1939,Queen,9,FL,478,0.032
F,1940,Queen,8,FL,522,0.026
F,1941,Queen,11,FL,451,0.034
F,1942,Queen,12,FL,470,0.033
F,1943,Queen,11,FL,517,0.026
F,1944,Queen,9,FL,584,0.02
F,1945,Queen,10,FL,556,0.022
F,1946,Queen,18,FL,422,0.036
F,1947,Queen,18,FL,453,0.032
F,1948,Queen,12,FL,567,0.022
F,1949,Queen,17,FL,473,0.03
F,1950,Queen,13,FL,566,0.022
F,1951,Queen,13,FL,586,0.02
F,1952,Queen,15,FL,562,0.022
F,1953,Queen,8,FL,809,0.011
F,1954,Queen,10,FL,742,0.013
F,1955,Queen,17,FL,584,0.021
F,1956,Queen,10,FL,809,0.011
F,1957,Queen,13,FL,757,0.014
F,1958,Queen,6,FL,1147,0.006
F,1959,Queen,13,FL,797,0.013
F,1960,Queen,12,FL,854,0.011
F,1961,Queen,11,FL,889,0.01
F,1962,Queen,5,FL,1394,0.005
F,1963,Queen,8,FL,1076,0.008
F,1964,Queen,6,FL,1277,0.006
F,1966,Queen,5,FL,1337,0.006
F,1967,Queen,6,FL,1198,0.007
F,1967,Quanda,5,FL,1339,0.006
F,1976,Quintina,7,FL,1283,0.008
F,1976,Quanda,5,FL,1580,0.006
F,1977,Qiana,6,FL,1465,0.006
F,1978,Qiana,9,FL,1163,0.009
F,1978,Quiana,7,FL,1351,0.007
F,1979,Quiana,14,FL,909,0.014
F,1979,Qiana,8,FL,1288,0.008
F,1980,Quiana,10,FL,1174,0.009
F,1980,Qiana,5,FL,1794,0.004
F,1981,Quiana,7,FL,1499,0.006
F,1981,Quintina,6,FL,1653,0.005
F,1981,Qiana,5,FL,1867,0.004
F,1981,Queen,5,FL,1867,0.004
F,1982,Quiana,7,FL,1525,0.006
F,1985,Quiana,7,FL,1655,0.005
F,1986,Quanisha,5,FL,2105,0.004
F,1988,Quanisha,8,FL,1675,0.005
F,1988,Quintina,6,FL,2007,0.004
F,1989,Quanisha,10,FL,1541,0.006
F,1989,Quanesha,7,FL,1923,0.004
F,1990,Quanisha,9,FL,1702,0.005
F,1990,Quanesha,6,FL,2194,0.004
F,1990,Quinisha,5,FL,2460,0.003
F,1991,Quanisha,13,FL,1326,0.008
F,1991,Quaneisha,5,FL,2477,0.003
F,1991,Quanesha,5,FL,2477,0.003
F,1991,Quinn,5,FL,2477,0.003
F,1992,Quanisha,11,FL,1490,0.007
F,1992,Quanesha,10,FL,1585,0.006
F,1992,Quaneisha,6,FL,2217,0.004
F,1992,Quaneshia,5,FL,2496,0.003
F,1993,Quanisha,14,FL,1301,0.009
F,1993,Quinn,5,FL,2512,0.003
F,1994,Quanisha,20,FL,1012,0.013
F,1994,Quanesha,8,FL,1875,0.005
F,1994,Quaneisha,5,FL,2550,0.003
F,1994,Quaneshia,5,FL,2550,0.003
F,1994,Queen,5,FL,2550,0.003
F,1994,Quiana,5,FL,2550,0.003
F,1994,Quinn,5,FL,2550,0.003
F,1995,Quanisha,26,FL,867,0.016
F,1995,Quanesha,7,FL,2039,0.004
F,1995,Quiana,7,FL,2039,0.004
F,1995,Quinn,5,FL,2548,0.003
F,1996,Quanisha,17,FL,1141,0.011
F,1996,Quiana,5,FL,2641,0.003
F,1996,Quinn,5,FL,2641,0.003
F,1997,Quanisha,8,FL,1991,0.005
F,1997,Quiana,6,FL,2370,0.004
F,1997,Quinn,6,FL,2370,0.004
F,1998,Quinn,11,FL,1648,0.007
F,1998,Quanisha,6,FL,2425,0.004
F,1999,Quinn,11,FL,1692,0.007
F,1999,Quanesha,5,FL,2844,0.003
F,1999,Quanisha,5,FL,2844,0.003
F,2000,Quinn,9,FL,1990,0.005
F,2000,Quiana,5,FL,2963,0.003
F,2001,Quinn,13,FL,1616,0.008
F,2002,Quinn,9,FL,2057,0.005
F,2002,Queen,7,FL,2417,0.004
F,2003,Quinn,7,FL,2561,0.004
F,2004,Quinn,7,FL,2634,0.004
F,2004,Queen,5,FL,3331,0.003
F,2005,Quinn,8,FL,2532,0.004
F,2006,Quinn,17,FL,1549,0.009
F,2006,Queen,5,FL,3639,0.003
F,2007,Quinn,9,FL,2508,0.005
F,2008,Quinn,20,FL,1422,0.011
F,2009,Quinn,8,FL,2644,0.005
F,2009,Queen,6,FL,3229,0.003
F,2010,Quinn,43,FL,715,0.025
F,2011,Quinn,48,FL,649,0.028
F,2011,Queen,5,FL,3598,0.003
F,2012,Quinn,68,FL,501,0.04
F,2012,Queen,7,FL,2833,0.004
F,2013,Quinn,86,FL,422,0.049
F,2013,Queen,7,FL,2837,0.004
F,2013,Quincy,5,FL,3607,0.003
F,2014,Quinn,77,FL,482,0.043
F,2014,Queen,10,FL,2300,0.006
F,2015,Quinn,100,FL,388,0.054
F,2015,Queen,18,FL,1575,0.01
F,2016,Quinn,122,FL,343,0.066
F,2016,Queen,17,FL,1651,0.009
F,2017,Quinn,129,FL,306,0.071
F,2017,Queen,24,FL,1258,0.013
F,2018,Quinn,135,FL,291,0.075
F,2018,Queen,22,FL,1365,0.012
F,2019,Quinn,97,FL,393,0.054
F,2019,Queen,22,FL,1373,0.012
F,2020,Quinn,125,FL,303,0.073
F,2020,Queen,20,FL,1429,0.012
F,2021,Quinn,96,FL,393,0.054
F,2021,Queen,23,FL,1356,0.013
F,2022,Quinn,126,FL,308,0.069
F,2022,Queen,12,FL,2228,0.007
F,2022,Quincy,5,FL,3935,0.003
F,2023,Quinn,86,FL,438,0.048
F,2023,Queen,8,FL,2905,0.004
F,2023,Quincy,7,FL,3176,0.004
F,2024,Quinn,104,FL,373,0.057
F,2024,Queen,13,FL,2095,0.007
F,2024,Quincy,10,FL,2498,0.006
M,1918,Quentin,8,FL,417,0.043
M,1919,Quinton,5,FL,551,0.026
M,1922,Quinton,5,FL,595,0.023
M,1927,Quinton,5,FL,678,0.016
M,1951,Quinton,7,FL,790,0.011
M,1954,Quinton,9,FL,783,0.011
M,1955,Quinton,6,FL,990,0.007
M,1956,Quintin,7,FL,974,0.008
M,1958,Quentin,5,FL,1265,0.005
M,1958,Quinton,5,FL,1265,0.005
M,1959,Quintin,6,FL,1184,0.006
M,1959,Quinton,6,FL,1184,0.006
M,1959,Quentin,5,FL,1296,0.005
M,1960,Quintin,9,FL,995,0.009
M,1960,Quinton,8,FL,1055,0.008
M,1961,Quinton,7,FL,1135,0.007
M,1961,Quintin,5,FL,1356,0.005
M,1962,Quintin,11,FL,919,0.011
M,1962,Quincy,9,FL,1010,0.009
M,1962,Quinton,8,FL,1081,0.008
M,1962,Quentin,6,FL,1264,0.006
M,1963,Quentin,9,FL,1014,0.009
M,1963,Quinn,6,FL,1264,0.006
M,1963,Quintin,5,FL,1389,0.005
M,1964,Quentin,17,FL,726,0.017
M,1964,Quinton,10,FL,965,0.01
M,1965,Quintin,6,FL,1209,0.006
M,1965,Quentin,5,FL,1351,0.005
M,1965,Quincy,5,FL,1351,0.005
M,1965,Quinton,5,FL,1351,0.005
M,1966,Quentin,11,FL,879,0.012
M,1966,Quintin,10,FL,923,0.011
M,1966,Quinton,5,FL,1337,0.006
M,1967,Quinton,6,FL,1198,0.007
M,1967,Quentin,5,FL,1339,0.006
M,1967,Quintin,5,FL,1339,0.006
M,1968,Quentin,9,FL,990,0.01
M,1968,Quinton,6,FL,1226,0.007
M,1969,Quentin,11,FL,919,0.012
M,1970,Quentin,21,FL,665,0.021
M,1970,Quinton,16,FL,772,0.016
M,1970,Quincy,7,FL,1250,0.007
M,1970,Quintin,7,FL,1250,0.007
M,1970,Quinn,5,FL,1511,0.005
M,1971,Quentin,19,FL,714,0.019
M,1971,Quinton,18,FL,746,0.018
M,1972,Quentin,10,FL,1013,0.011
M,1972,Quincy,8,FL,1173,0.008
M,1972,Quinton,7,FL,1273,0.007
M,1973,Quinton,13,FL,872,0.014
M,1973,Quentin,12,FL,917,0.013
M,1973,Quincy,9,FL,1098,0.01
M,1974,Quentin,10,FL,1048,0.011
M,1974,Quincy,9,FL,1115,0.01
M,1975,Quentin,16,FL,772,0.018
M,1975,Quincy,9,FL,1091,0.01
M,1975,Quinn,6,FL,1385,0.007
M,1975,Quinton,6,FL,1385,0.007
M,1975,Quintin,5,FL,1550,0.006
M,1976,Quincy,20,FL,641,0.023
M,1976,Quentin,19,FL,669,0.022
M,1976,Quinton,18,FL,686,0.02
M,1976,Quintin,7,FL,1283,0.008
M,1977,Quentin,28,FL,521,0.03
M,1977,Quincy,24,FL,599,0.026
M,1977,Quinton,17,FL,760,0.018
M,1978,Quincy,32,FL,493,0.034
M,1978,Quentin,18,FL,730,0.019
M,1978,Quinton,9,FL,1163,0.009
M,1978,Quinn,5,FL,1659,0.005
M,1979,Quentin,20,FL,706,0.02
M,1979,Quinton,14,FL,909,0.014
M,1979,Quincy,9,FL,1209,0.009
M,1979,Quintin,9,FL,1209,0.009
M,1980,Quentin,27,FL,593,0.024
M,1980,Quincy,21,FL,714,0.019
M,1980,Quinton,11,FL,1102,0.01
M,1980,Quintin,8,FL,1357,0.007
M,1981,Quentin,21,FL,732,0.018
M,1981,Quinton,19,FL,789,0.016
M,1981,Quincy,14,FL,945,0.012
M,1981,Quinn,9,FL,1279,0.008
M,1982,Quentin,37,FL,518,0.03
M,1982,Quinton,32,FL,576,0.026
M,1982,Quincy,14,FL,989,0.011
M,1982,Quintin,10,FL,1204,0.008
M,1982,Quinn,5,FL,1897,0.004
M,1983,Quinton,66,FL,329,0.052
M,1983,Quentin,42,FL,466,0.033
M,1983,Quincy,16,FL,917,0.013
M,1983,Quintin,12,FL,1097,0.009
M,1983,Quinn,6,FL,1710,0.005
M,1983,Quinten,5,FL,1920,0.004
M,1984,Quinton,38,FL,509,0.029
M,1984,Quentin,28,FL,630,0.021
M,1984,Quintin,15,FL,974,0.011
M,1984,Quincy,9,FL,1337,0.007
M,1984,Quinten,5,FL,1969,0.004
M,1985,Quinton,39,FL,526,0.028
M,1985,Quentin,35,FL,566,0.025
M,1985,Quintin,15,FL,1013,0.011
M,1985,Quincy,14,FL,1057,0.01
M,1985,Quinten,7,FL,1655,0.005
M,1986,Quinton,41,FL,509,0.029
M,1986,Quentin,28,FL,668,0.02
M,1986,Quincy,12,FL,1194,0.008
M,1986,Quintin,10,FL,1342,0.007
M,1986,Quinn,8,FL,1557,0.006
M,1986,Quenton,5,FL,2105,0.004
M,1987,Quentin,50,FL,462,0.034
M,1987,Quinton,35,FL,613,0.023
M,1987,Quincy,12,FL,1227,0.008
M,1987,Quintin,10,FL,1385,0.007
M,1987,Quinn,9,FL,1485,0.006
M,1987,Quenton,5,FL,2166,0.003
M,1988,Quinton,40,FL,564,0.025
M,1988,Quentin,32,FL,683,0.02
M,1988,Quintin,21,FL,901,0.013
M,1988,Quincy,14,FL,1180,0.009
M,1988,Quinn,9,FL,1543,0.006
M,1989,Quinton,45,FL,543,0.027
M,1989,Quentin,35,FL,665,0.021
M,1989,Quintin,14,FL,1250,0.008
M,1989,Quenton,13,FL,1301,0.008
M,1989,Quincy,10,FL,1541,0.006
M,1989,Quinn,9,FL,1649,0.005
M,1989,Quinten,6,FL,2111,0.004
M,1990,Quinton,47,FL,543,0.028
M,1990,Quentin,35,FL,692,0.02
M,1990,Quintin,24,FL,890,0.014
M,1990,Quincy,11,FL,1489,0.006
M,1990,Quinn,10,FL,1585,0.006
M,1990,Quenton,5,FL,2460,0.003
M,1991,Quinton,45,FL,543,0.027
M,1991,Quentin,31,FL,739,0.019
M,1991,Quintin,19,FL,1014,0.011
M,1991,Quinn,16,FL,1153,0.01
M,1991,Quincy,13,FL,1326,0.008
M,1991,Quayshaun,9,FL,1699,0.005
M,1991,Quinten,7,FL,2002,0.004
M,1992,Quinton,47,FL,525,0.029
M,1992,Quentin,22,FL,952,0.014
M,1992,Quinn,16,FL,1178,0.01
M,1992,Quincy,15,FL,1220,0.009
M,1992,Quintin,13,FL,1353,0.008
M,1992,Quinten,12,FL,1415,0.007
M,1993,Quentin,32,FL,739,0.02
M,1993,Quinton,27,FL,845,0.017
M,1993,Quinn,15,FL,1239,0.009
M,1993,Quintin,15,FL,1239,0.009
M,1993,Quincy,12,FL,1432,0.007
M,1993,Quamaine,6,FL,2218,0.004
M,1994,Quinton,47,FL,547,0.029
M,1994,Quentin,20,FL,1012,0.013
M,1994,Quintin,16,FL,1194,0.01
M,1994,Quinn,15,FL,1250,0.009
M,1994,Quincy,12,FL,1443,0.008
M,1994,Quenton,7,FL,2052,0.004
M,1995,Quinton,48,FL,543,0.03
M,1995,Quentin,40,FL,622,0.025
M,1995,Quincy,29,FL,793,0.018
M,1995,Quintin,21,FL,1002,0.013
M,1995,Quinn,19,FL,1058,0.012
M,1995,Quinten,8,FL,1857,0.005
M,1995,Quinlan,5,FL,2548,0.003
M,1996,Quinton,55,FL,484,0.035
M,1996,Quentin,44,FL,576,0.028
M,1996,Quinn,24,FL,923,0.015
M,1996,Quintin,17,FL,1141,0.011
M,1996,Quincy,16,FL,1201,0.01
M,1996,Quinten,12,FL,1469,0.008
M,1996,Quenton,7,FL,2128,0.004
M,1996,Quade,6,FL,2337,0.004
M,1996,Quantavious,5,FL,2641,0.003
M,1997,Quinton,48,FL,570,0.03
M,1997,Quentin,36,FL,699,0.023
M,1997,Quinn,36,FL,699,0.023
M,1997,Quincy,15,FL,1276,0.009
M,1997,Quinten,15,FL,1276,0.009
M,1997,Quintin,15,FL,1276,0.009
M,1997,Quenton,10,FL,1693,0.006
M,1998,Quentin,49,FL,562,0.03
M,1998,Quinton,45,FL,597,0.028
M,1998,Quinn,28,FL,858,0.017
M,1998,Quintin,26,FL,896,0.016
M,1998,Quincy,9,FL,1890,0.006
M,1998,Quenton,6,FL,2425,0.004
M,1999,Quentin,38,FL,682,0.024
M,1999,Quinton,35,FL,743,0.022
M,1999,Quinn,29,FL,846,0.018
M,1999,Quincy,19,FL,1114,0.012
M,1999,Quintin,17,FL,1199,0.011
M,1999,Quinten,11,FL,1692,0.007
M,1999,Quinlan,8,FL,2093,0.005
M,2000,Quentin,39,FL,701,0.023
M,2000,Quinton,34,FL,786,0.02
M,2000,Quinn,33,FL,806,0.02
M,2000,Quincy,18,FL,1235,0.011
M,2000,Quintin,18,FL,1235,0.011
M,2000,Quinten,8,FL,2157,0.005
M,2000,Quinlan,6,FL,2628,0.004
M,2001,Quentin,32,FL,832,0.019
M,2001,Quincy,28,FL,926,0.017
M,2001,Quinton,28,FL,926,0.017
M,2001,Quinn,27,FL,952,0.016
M,2001,Quintin,17,FL,1318,0.01
M,2001,Quinlan,6,FL,2680,0.004
M,2001,Quinten,6,FL,2680,0.004
M,2002,Quincy,35,FL,789,0.021
M,2002,Quentin,33,FL,827,0.02
M,2002,Quinn,24,FL,1040,0.014
M,2002,Quinton,23,FL,1075,0.014
M,2002,Quintin,18,FL,1265,0.011
M,2002,Quinten,9,FL,2057,0.005
M,2003,Quentin,43,FL,697,0.025
M,2003,Quinton,38,FL,758,0.022
M,2003,Quinn,29,FL,942,0.017
M,2003,Quincy,25,FL,1045,0.014
M,2003,Quintin,11,FL,1859,0.006
M,2003,Quinten,10,FL,1988,0.006
M,2004,Quinn,36,FL,827,0.02
M,2004,Quinton,29,FL,959,0.016
M,2004,Quincy,27,FL,1020,0.015
M,2004,Quentin,25,FL,1078,0.014
M,2004,Quintin,23,FL,1152,0.013
M,2004,Quinten,9,FL,2197,0.005
M,2005,Quinn,41,FL,762,0.022
M,2005,Quentin,36,FL,865,0.019
M,2005,Quincy,34,FL,904,0.018
M,2005,Quinton,33,FL,936,0.018
M,2005,Quintin,16,FL,1525,0.009
M,2005,Quinlan,7,FL,2761,0.004
M,2005,Quinten,7,FL,2761,0.004
M,2006,Quentin,37,FL,869,0.019
M,2006,Quinton,35,FL,910,0.018
M,2006,Quinn,29,FL,1064,0.015
M,2006,Quincy,23,FL,1269,0.012
M,2006,Quintin,11,FL,2122,0.006
M,2007,Quentin,38,FL,860,0.02
M,2007,Quinn,33,FL,963,0.017
M,2007,Quinton,30,FL,1032,0.016
M,2007,Quincy,27,FL,1120,0.014
M,2007,Quintin,15,FL,1739,0.008
M,2007,Quinten,6,FL,3329,0.003
M,2007,Quinlan,5,FL,3730,0.003
M,2008,Quincy,42,FL,773,0.023
M,2008,Quentin,35,FL,901,0.019
M,2008,Quinton,29,FL,1064,0.016
M,2008,Quinn,28,FL,1093,0.015
M,2008,Quintin,18,FL,1538,0.01
M,2008,Quenton,5,FL,3649,0.003
M,2008,Quinten,5,FL,3649,0.003
M,2009,Quinn,40,FL,781,0.023
M,2009,Quentin,34,FL,916,0.019
M,2009,Quinton,28,FL,1075,0.016
M,2009,Quincy,25,FL,1183,0.014
M,2009,Quintin,16,FL,1638,0.009
M,2009,Quinlan,5,FL,3652,0.003
M,2009,Quinten,5,FL,3652,0.003
M,2010,Quinn,37,FL,823,0.021
M,2010,Quinton,35,FL,859,0.02
M,2010,Quentin,29,FL,1003,0.017
M,2010,Quincy,24,FL,1151,0.014
M,2010,Quinten,13,FL,1880,0.008
M,2010,Quintin,10,FL,2275,0.006
M,2010,Quinlan,5,FL,3592,0.003
M,2011,Quinn,31,FL,951,0.018
M,2011,Quentin,24,FL,1181,0.014
M,2011,Quinton,21,FL,1310,0.012
M,2011,Quincy,20,FL,1373,0.012
M,2011,Quintin,11,FL,2098,0.006
M,2011,Quinten,9,FL,2411,0.005
M,2012,Quinn,27,FL,1081,0.016
M,2012,Quinton,27,FL,1081,0.016
M,2012,Quentin,22,FL,1268,0.013
M,2012,Quincy,18,FL,1456,0.01
M,2012,Quinten,7,FL,2833,0.004
M,2012,Quintin,5,FL,3572,0.003
M,2013,Quentin,31,FL,966,0.018
M,2013,Quinn,26,FL,1146,0.015
M,2013,Quincy,24,FL,1205,0.014
M,2013,Quinton,19,FL,1415,0.011
M,2013,Quintin,13,FL,1874,0.007
M,2013,Quinten,6,FL,3159,0.003
M,2014,Quinton,34,FL,942,0.019
M,2014,Quinn,31,FL,1011,0.017
M,2014,Quentin,22,FL,1350,0.012
M,2014,Quincy,21,FL,1396,0.012
M,2014,Quintin,10,FL,2300,0.006
M,2014,Quincey,7,FL,2904,0.004
M,2015,Quinn,38,FL,884,0.021
M,2015,Quinton,29,FL,1102,0.016
M,2015,Quentin,24,FL,1266,0.013
M,2015,Quincy,19,FL,1517,0.01
M,2015,Quintin,11,FL,2210,0.006
M,2016,Quinn,44,FL,802,0.024
M,2016,Quincy,25,FL,1244,0.014
M,2016,Quentin,24,FL,1277,0.013
M,2016,Quinton,20,FL,1475,0.011
M,2016,Quintin,6,FL,3296,0.003
M,2017,Quinn,36,FL,939,0.02
M,2017,Quinton,32,FL,1027,0.018
M,2017,Quincy,31,FL,1051,0.017
M,2017,Quentin,22,FL,1344,0.012
M,2017,Quintin,10,FL,2357,0.005
M,2018,Quinn,27,FL,1188,0.015
M,2018,Quinton,25,FL,1250,0.014
M,2018,Quincy,19,FL,1521,0.011
M,2018,Quentin,18,FL,1578,0.01
M,2018,Quinten,7,FL,2974,0.004
M,2018,Quintin,6,FL,3280,0.003
M,2018,Quin,5,FL,3729,0.003
M,2019,Quinn,35,FL,956,0.02
M,2019,Quincy,26,FL,1223,0.015
M,2019,Quinton,21,FL,1431,0.012
M,2019,Quentin,18,FL,1579,0.01
M,2019,Quadir,7,FL,3053,0.004
M,2019,Quinten,7,FL,3053,0.004
M,2020,Quincy,29,FL,1093,0.017
M,2020,Quentin,27,FL,1162,0.016
M,2020,Quinn,23,FL,1297,0.013
M,2020,Quinton,8,FL,2696,0.005
M,2020,Quintin,7,FL,2950,0.004
M,2020,Quinten,6,FL,3256,0.004
M,2021,Quinn,26,FL,1227,0.015
M,2021,Quincy,23,FL,1356,0.013
M,2021,Quentin,22,FL,1407,0.012
M,2021,Quinton,16,FL,1745,0.009
M,2021,Quintin,8,FL,2774,0.005
M,2021,Quadir,7,FL,3046,0.004
M,2021,Quinten,5,FL,3835,0.003
M,2022,Quincy,20,FL,1532,0.011
M,2022,Quinn,20,FL,1532,0.011
M,2022,Quentin,18,FL,1668,0.01
M,2022,Quinton,14,FL,2007,0.008
M,2022,Quest,6,FL,3486,0.003
M,2022,Quinten,5,FL,3935,0.003
M,2023,Quinn,25,FL,1284,0.014
M,2023,Quincy,23,FL,1364,0.013
M,2023,Quentin,19,FL,1581,0.011
M,2023,Quintin,9,FL,2693,0.005
M,2023,Quinton,9,FL,2693,0.005
M,2023,Quest,7,FL,3176,0.004
M,2023,Quadir,5,FL,3961,0.003
M,2024,Quinn,24,FL,1356,0.013
M,2024,Quincy,17,FL,1740,0.009
M,2024,Quinton,13,FL,2095,0.007
M,2024,Quentin,12,FL,2217,0.007
M,2024,Qasim,6,FL,3498,0.003
F,2001,Quinn,7,ND,242,0.124
F,2006,Quinn,5,ND,332,0.083
F,2007,Quinn,6,ND,319,0.098
F,2009,Quinn,5,ND,358,0.084
F,2010,Quinn,10,ND,202,0.16
F,2011,Quinn,14,ND,134,0.224
F,2012,Quinn,14,ND,140,0.21
F,2013,Quinn,17,ND,109,0.241
F,2014,Quinn,20,ND,107,0.264
F,2015,Quinn,18,ND,124,0.24
F,2016,Quinn,26,ND,64,0.35
F,2017,Quinn,31,ND,32,0.437
F,2018,Quinn,23,ND,65,0.335
F,2019,Quinn,30,ND,28,0.453
F,2020,Quinn,29,ND,27,0.47
F,2021,Quinn,27,ND,37,0.425
F,2022,Quinn,19,ND,68,0.319
F,2023,Quinn,20,ND,61,0.337
F,2024,Quinn,15,ND,102,0.258
M,1919,Quentin,13,ND,241,0.097
M,1920,Quentin,7,ND,350,0.05
M,1921,Quentin,5,ND,416,0.036
M,1944,Quentin,7,ND,281,0.063
M,1961,Quentin,5,ND,443,0.036
M,1982,Quinn,5,ND,357,0.045
M,1996,Quinn,5,ND,332,0.074
M,1997,Quentin,9,ND,209,0.136
M,1997,Quinn,7,ND,250,0.106
M,1998,Quinn,6,ND,267,0.097
M,1999,Quinn,5,ND,303,0.084
M,2001,Quinn,9,ND,198,0.16
M,2003,Quentin,6,ND,285,0.103
M,2005,Quinn,10,ND,194,0.168
M,2007,Quinn,7,ND,275,0.114
M,2007,Quentin,5,ND,368,0.082
M,2009,Quentin,5,ND,358,0.084
M,2009,Quinn,5,ND,358,0.084
M,2010,Quinn,5,ND,392,0.08
M,2013,Quinn,6,ND,370,0.085
M,2013,Quentin,5,ND,430,0.071
M,2014,Quentin,5,ND,473,0.066
M,2016,Quinn,7,ND,343,0.094
M,2023,Quinn,5,ND,437,0.084
M,2024,Quincy,6,ND,345,0.103
F,2006,Quinn,6,SD,373,0.081
F,2007,Quinn,5,SD,433,0.066
F,2008,Quinn,6,SD,376,0.082
F,2009,Quinn,5,SD,432,0.07
F,2010,Quinn,6,SD,365,0.086
F,2011,Quinn,16,SD,123,0.228
F,2012,Quinn,22,SD,81,0.312
F,2013,Quinn,17,SD,120,0.234
F,2014,Quinn,19,SD,98,0.258
F,2015,Quinn,18,SD,108,0.249
F,2016,Quinn,31,SD,41,0.432
F,2017,Quinn,29,SD,41,0.413
F,2018,Quinn,18,SD,96,0.262
F,2019,Quinn,18,SD,101,0.271
F,2020,Quinn,27,SD,33,0.45
F,2021,Quinn,26,SD,37,0.396
F,2022,Quinn,21,SD,57,0.336
F,2023,Quinn,22,SD,58,0.343
F,2024,Quinn,14,SD,141,0.208
M,1918,Quentin,8,SD,312,0.065
M,1919,Quentin,11,SD,242,0.092
M,1920,Quentin,6,SD,388,0.046
M,1921,Quentin,5,SD,417,0.038
M,1922,Quentin,8,SD,320,0.063
M,1926,Quentin,6,SD,352,0.051
M,1950,Quentin,5,SD,404,0.033
M,1965,Quentin,5,SD,402,0.045
M,1975,Quentin,5,SD,332,0.058
M,1977,Quentin,7,SD,283,0.075
M,1978,Quentin,5,SD,343,0.053
M,1980,Quentin,5,SD,373,0.048
M,1982,Quentin,5,SD,357,0.05
M,1993,Quentin,6,SD,281,0.077
M,1995,Quentin,5,SD,344,0.067
M,1997,Quentin,6,SD,296,0.087
M,2000,Quinn,6,SD,314,0.089
M,2001,Quinn,9,SD,231,0.131
M,2001,Quinton,5,SD,383,0.073
M,2002,Quentin,6,SD,336,0.087
M,2003,Quinn,9,SD,241,0.124
M,2004,Quentin,7,SD,291,0.096
M,2005,Quentin,6,SD,360,0.081
M,2005,Quinn,6,SD,360,0.081
M,2007,Quincy,8,SD,289,0.106
M,2007,Quinn,6,SD,373,0.08
M,2008,Quinn,5,SD,433,0.068
M,2009,Quentin,8,SD,288,0.112
M,2009,Quinn,8,SD,288,0.112
M,2011,Quinn,5,SD,434,0.071
M,2012,Quentin,5,SD,443,0.071
M,2013,Quentin,7,SD,345,0.096
M,2013,Quinn,7,SD,345,0.096
M,2017,Quinton,8,SD,288,0.114
M,2019,Quinn,8,SD,281,0.12
M,2020,Quincy,5,SD,418,0.083
M,2021,Quincy,5,SD,462,0.076
M,2024,Quentin,7,SD,340,0.104
F,2010,Quinn,6,RI,312,0.085
F,2011,Quinn,6,RI,315,0.086
F,2012,Quinn,13,RI,157,0.188
F,2013,Quinn,13,RI,153,0.192
F,2014,Quinn,10,RI,204,0.148
F,2015,Quinn,18,RI,108,0.266
F,2016,Quinn,17,RI,115,0.251
F,2017,Quinn,15,RI,133,0.235
F,2018,Quinn,8,RI,241,0.127
F,2019,Quinn,16,RI,116,0.265
F,2020,Quinn,10,RI,188,0.168
F,2021,Quinn,12,RI,165,0.196
F,2022,Quinn,12,RI,154,0.203
F,2023,Quinn,11,RI,152,0.196
F,2024,Quinn,13,RI,140,0.234
M,1996,Quinn,6,RI,326,0.061
M,2000,Quinn,6,RI,332,0.066
M,2001,Quinn,7,RI,306,0.077
M,2001,Quincy,5,RI,393,0.055
M,2002,Quinn,7,RI,304,0.077
M,2003,Quinn,9,RI,257,0.098
M,2004,Quinn,7,RI,316,0.078
M,2006,Quinn,10,RI,230,0.119
M,2006,Quincy,6,RI,337,0.072
M,2008,Quinn,7,RI,293,0.09
M,2009,Quinn,6,RI,330,0.082
M,2011,Quinn,6,RI,315,0.086
M,2012,Quinn,7,RI,293,0.101
M,2013,Quinn,5,RI,385,0.074
M,2015,Quinn,7,RI,287,0.103
M,2018,Quinn,8,RI,241,0.127
M,2021,Quentin,5,RI,395,0.082
M,2021,Quinn,5,RI,395,0.082
M,2022,Quinn,5,RI,393,0.084
F,1929,Queen,5,OH,995,0.005
F,1951,Queen,5,OH,1314,0.003
F,1962,Queen,5,OH,1562,0.002
F,1975,Qiana,6,OH,1500,0.004
F,1976,Qiana,8,OH,1234,0.006
F,1976,Quiana,6,OH,1493,0.004
F,1977,Qiana,14,OH,919,0.009
F,1978,Qiana,21,OH,695,0.014
F,1978,Quiana,19,OH,745,0.013
F,1978,Quinn,5,OH,1679,0.003
F,1979,Quiana,25,OH,633,0.016
F,1979,Qiana,20,OH,737,0.013
F,1979,Quinn,6,OH,1550,0.004
F,1980,Quiana,26,OH,621,0.017
F,1980,Qiana,20,OH,744,0.013
F,1980,Quinn,8,OH,1306,0.005
F,1980,Quianna,6,OH,1556,0.004
F,1981,Qiana,15,OH,861,0.01
F,1981,Quiana,14,OH,895,0.009
F,1981,Quinn,8,OH,1271,0.005
F,1982,Quiana,15,OH,864,0.01
F,1982,Qiana,8,OH,1268,0.005
F,1982,Quinn,7,OH,1378,0.005
F,1983,Quiana,15,OH,839,0.01
F,1983,Quinn,5,OH,1630,0.003
F,1984,Quiana,12,OH,971,0.008
F,1984,Quinn,7,OH,1344,0.005
F,1985,Quiana,6,OH,1511,0.004
F,1986,Quiana,6,OH,1523,0.004
F,1987,Quinn,6,OH,1561,0.004
F,1987,Quiana,5,OH,1742,0.003
F,1991,Quinn,5,OH,1991,0.003
F,1993,Quinn,9,OH,1372,0.006
F,1994,Quinn,9,OH,1339,0.007
F,1994,Quiana,5,OH,1997,0.004
F,1995,Quinn,12,OH,1150,0.009
F,1995,Quincy,5,OH,1980,0.004
F,1996,Quinn,13,OH,1089,0.01
F,1997,Quinn,10,OH,1315,0.008
F,1998,Quinn,7,OH,1683,0.005
F,1999,Quinn,16,OH,983,0.012
F,2000,Quinn,16,OH,996,0.012
F,2001,Quinn,13,OH,1165,0.01
F,2002,Quinn,14,OH,1099,0.011
F,2003,Quinn,15,OH,1076,0.012
F,2004,Quinn,22,OH,832,0.018
F,2005,Quinn,16,OH,1071,0.013
F,2006,Quinn,27,OH,744,0.022
F,2007,Quinn,28,OH,730,0.023
F,2007,Quincy,5,OH,2562,0.004
F,2008,Quinn,33,OH,644,0.027
F,2009,Quinn,40,OH,543,0.034
F,2010,Quinn,83,OH,292,0.074
F,2011,Quinn,94,OH,264,0.084
F,2012,Quinn,111,OH,222,0.1
F,2013,Quinn,145,OH,167,0.129
F,2013,Queen,11,OH,1511,0.01
F,2014,Quinn,120,OH,219,0.106
F,2014,Queen,5,OH,2647,0.004
F,2014,Quincy,5,OH,2647,0.004
F,2015,Quinn,172,OH,151,0.152
F,2015,Queen,6,OH,2350,0.005
F,2016,Quinn,201,OH,120,0.181
F,2016,Queen,11,OH,1546,0.01
F,2017,Quinn,198,OH,113,0.18
F,2017,Queen,15,OH,1255,0.014
F,2017,Quincy,6,OH,2342,0.005
F,2018,Quinn,209,OH,98,0.193
F,2018,Queen,17,OH,1156,0.016
F,2018,Quincy,8,OH,1959,0.007
F,2019,Quinn,184,OH,118,0.172
F,2019,Queen,13,OH,1390,0.012
F,2019,Quincy,7,OH,2163,0.007
F,2020,Quinn,164,OH,125,0.16
F,2020,Queen,10,OH,1650,0.01
F,2020,Quincy,5,OH,2676,0.005
F,2020,Quinley,5,OH,2676,0.005
F,2021,Quinn,146,OH,151,0.142
F,2021,Queen,10,OH,1704,0.01
F,2021,Quincy,6,OH,2387,0.006
F,2022,Quinn,200,OH,85,0.199
F,2022,Queen,6,OH,2380,0.006
F,2022,Quincy,6,OH,2380,0.006
F,2023,Quinn,150,OH,130,0.151
F,2023,Quincy,12,OH,1459,0.012
F,2023,Queen,5,OH,2718,0.005
F,2024,Quinn,153,OH,122,0.154
F,2024,Quincy,12,OH,1464,0.012
M,1917,Quentin,5,OH,1007,0.005
M,1918,Quentin,13,OH,627,0.013
M,1919,Quentin,27,OH,398,0.029
M,1920,Quentin,18,OH,519,0.017
M,1921,Quentin,11,OH,690,0.01
M,1922,Quentin,5,OH,1026,0.005
M,1923,Quentin,8,OH,806,0.007
M,1924,Quentin,11,OH,713,0.01
M,1925,Quentin,6,OH,926,0.006
M,1926,Quentin,8,OH,807,0.007
M,1927,Quentin,7,OH,855,0.006
M,1932,Quentin,5,OH,908,0.005
M,1942,Quentin,6,OH,998,0.004
M,1945,Quentin,5,OH,1037,0.004
M,1948,Quentin,5,OH,1246,0.003
M,1950,Quentin,5,OH,1258,0.003
M,1954,Quentin,6,OH,1326,0.003
M,1955,Quentin,6,OH,1322,0.003
M,1956,Quentin,5,OH,1562,0.002
M,1957,Quentin,7,OH,1348,0.003
M,1957,Quintin,5,OH,1601,0.002
M,1958,Quentin,5,OH,1567,0.002
M,1959,Quentin,6,OH,1464,0.003
M,1960,Quinton,6,OH,1483,0.003
M,1960,Quentin,5,OH,1629,0.002
M,1961,Quintin,8,OH,1303,0.004
M,1962,Quintin,6,OH,1428,0.003
M,1963,Quentin,7,OH,1305,0.004
M,1963,Quint,7,OH,1305,0.004
M,1963,Quintin,6,OH,1415,0.003
M,1964,Quentin,12,OH,1013,0.006
M,1964,Quintin,12,OH,1013,0.006
M,1964,Quinton,7,OH,1318,0.004
M,1964,Quinn,6,OH,1426,0.003
M,1964,Quincy,5,OH,1567,0.003
M,1966,Quentin,11,OH,1016,0.006
M,1966,Quinton,8,OH,1188,0.004
M,1966,Quintin,7,OH,1275,0.004
M,1966,Quinn,6,OH,1385,0.003
M,1967,Quentin,8,OH,1195,0.005
M,1968,Quentin,11,OH,1020,0.006
M,1968,Quinn,9,OH,1127,0.005
M,1969,Quentin,11,OH,1042,0.006
M,1969,Quinton,5,OH,1617,0.003
M,1970,Quentin,15,OH,922,0.008
M,1970,Quincy,13,OH,995,0.007
M,1970,Quinn,7,OH,1417,0.004
M,1971,Quentin,25,OH,685,0.014
M,1971,Quinn,11,OH,1095,0.006
M,1971,Quincy,7,OH,1414,0.004
M,1972,Quentin,15,OH,883,0.01
M,1972,Quincy,10,OH,1109,0.006
M,1972,Quinn,9,OH,1179,0.006
M,1972,Quintin,6,OH,1496,0.004
M,1973,Quentin,15,OH,851,0.01
M,1973,Quincy,14,OH,906,0.01
M,1973,Quinn,8,OH,1250,0.005
M,1973,Quinton,8,OH,1250,0.005
M,1973,Quintin,7,OH,1351,0.005
M,1974,Quincy,17,OH,803,0.011
M,1974,Quinn,11,OH,1054,0.007
M,1974,Quentin,8,OH,1264,0.005
M,1975,Quincy,17,OH,801,0.012
M,1975,Quentin,16,OH,830,0.011
M,1975,Quinn,14,OH,898,0.01
M,1975,Quinton,5,OH,1672,0.003
M,1976,Quincy,19,OH,731,0.013
M,1976,Quentin,17,OH,780,0.012
M,1976,Quinton,8,OH,1234,0.006
M,1976,Quinn,6,OH,1493,0.004
M,1977,Quincy,26,OH,620,0.018
M,1977,Quentin,20,OH,732,0.014
M,1977,Quinton,7,OH,1414,0.005
M,1978,Quincy,26,OH,606,0.018
M,1978,Quentin,23,OH,656,0.016
M,1978,Quinton,8,OH,1277,0.005
M,1978,Quintin,5,OH,1679,0.003
M,1979,Quincy,25,OH,633,0.016
M,1979,Quentin,24,OH,653,0.016
M,1979,Quinn,12,OH,1016,0.008
M,1979,Quintin,5,OH,1736,0.003
M,1980,Quentin,18,OH,791,0.012
M,1980,Quincy,11,OH,1084,0.007
M,1980,Quinton,6,OH,1556,0.004
M,1980,Quinn,5,OH,1752,0.003
M,1981,Quincy,17,OH,801,0.011
M,1981,Quentin,14,OH,895,0.009
M,1981,Quinn,8,OH,1271,0.005
M,1981,Quintin,8,OH,1271,0.005
M,1981,Quinton,5,OH,1711,0.003
M,1982,Quentin,25,OH,637,0.017
M,1982,Quinton,11,OH,1032,0.007
M,1982,Quincy,10,OH,1101,0.007
M,1982,Quinn,10,OH,1101,0.007
M,1982,Quintin,10,OH,1101,0.007
M,1983,Quentin,31,OH,528,0.021
M,1983,Quinton,16,OH,806,0.011
M,1983,Quincy,10,OH,1070,0.007
M,1983,Quintin,10,OH,1070,0.007
M,1983,Quinn,8,OH,1226,0.006
M,1983,Quinten,7,OH,1340,0.005
M,1984,Quentin,26,OH,598,0.018
M,1984,Quintin,24,OH,637,0.016
M,1984,Quincy,14,OH,890,0.01
M,1984,Quinton,11,OH,1021,0.008
M,1985,Quinton,19,OH,746,0.013
M,1985,Quentin,15,OH,850,0.01
M,1985,Quintin,15,OH,850,0.01
M,1985,Quinn,11,OH,1032,0.008
M,1986,Quentin,34,OH,508,0.024
M,1986,Quincy,11,OH,1039,0.008
M,1986,Quinton,11,OH,1039,0.008
M,1986,Quintin,7,OH,1396,0.005
M,1986,Quinn,5,OH,1725,0.003
M,1987,Quentin,22,OH,665,0.015
M,1987,Quinton,17,OH,795,0.012
M,1987,Quincy,13,OH,964,0.009
M,1987,Quinn,9,OH,1202,0.006
M,1987,Quintin,9,OH,1202,0.006
M,1988,Quentin,27,OH,607,0.019
M,1988,Quinton,13,OH,989,0.009
M,1988,Quinn,8,OH,1341,0.005
M,1988,Quinten,6,OH,1610,0.004
M,1988,Quintin,6,OH,1610,0.004
M,1989,Quentin,25,OH,647,0.017
M,1989,Quinton,18,OH,826,0.012
M,1989,Quincy,13,OH,1017,0.009
M,1989,Quintin,12,OH,1060,0.008
M,1989,Quinn,11,OH,1110,0.007
M,1990,Quinton,38,OH,504,0.025
M,1990,Quentin,26,OH,663,0.017
M,1990,Quinn,11,OH,1163,0.007
M,1990,Quintin,11,OH,1163,0.007
M,1990,Quincy,10,OH,1239,0.007
M,1990,Quinten,6,OH,1716,0.004
M,1991,Quentin,32,OH,580,0.021
M,1991,Quinton,27,OH,644,0.018
M,1991,Quinn,20,OH,808,0.013
M,1991,Quintin,17,OH,894,0.011
M,1991,Quincy,6,OH,1762,0.004
M,1992,Quentin,28,OH,626,0.019
M,1992,Quinton,23,OH,725,0.016
M,1992,Quinn,22,OH,755,0.015
M,1992,Quintin,13,OH,1108,0.009
M,1992,Quincy,12,OH,1165,0.008
M,1992,Quinten,9,OH,1366,0.006
M,1993,Quincy,25,OH,686,0.018
M,1993,Quentin,19,OH,841,0.013
M,1993,Quinton,17,OH,912,0.012
M,1993,Quinn,10,OH,1276,0.007
M,1993,Quintin,9,OH,1372,0.006
M,1993,Quinten,7,OH,1611,0.005
M,1994,Quentin,45,OH,434,0.033
M,1994,Quinton,30,OH,598,0.022
M,1994,Quinn,27,OH,639,0.02
M,1994,Quinten,19,OH,847,0.014
M,1994,Quincy,15,OH,986,0.011
M,1994,Quintin,13,OH,1099,0.009
M,1994,Quran,6,OH,1766,0.004
M,1995,Quentin,40,OH,488,0.03
M,1995,Quinton,33,OH,558,0.024
M,1995,Quinn,25,OH,692,0.018
M,1995,Quintin,21,OH,769,0.016
M,1995,Quincy,18,OH,875,0.013
M,1995,Quinten,14,OH,1040,0.01
M,1996,Quentin,46,OH,438,0.035
M,1996,Quinton,37,OH,515,0.028
M,1996,Quinn,29,OH,613,0.022
M,1996,Quinten,18,OH,885,0.014
M,1996,Quintin,17,OH,912,0.013
M,1996,Quincy,14,OH,1038,0.011
M,1997,Quentin,52,OH,413,0.039
M,1997,Quinton,38,OH,524,0.029
M,1997,Quinn,27,OH,676,0.02
M,1997,Quintin,24,OH,735,0.018
M,1997,Quinten,12,OH,1174,0.009
M,1997,Quincy,10,OH,1315,0.008
M,1998,Quentin,66,OH,357,0.05
M,1998,Quinn,34,OH,582,0.026
M,1998,Quinton,34,OH,582,0.026
M,1998,Quintin,19,OH,878,0.014
M,1998,Quinten,14,OH,1077,0.011
M,1998,Quincy,9,OH,1422,0.007
M,1998,Quinlan,9,OH,1422,0.007
M,1998,Quenton,5,OH,2091,0.004
M,1999,Quinn,40,OH,521,0.031
M,1999,Quentin,39,OH,533,0.03
M,1999,Quinton,35,OH,572,0.027
M,1999,Quintin,21,OH,826,0.016
M,1999,Quincy,17,OH,949,0.013
M,1999,Quinten,6,OH,1872,0.005
M,1999,Quenton,5,OH,2127,0.004
M,2000,Quentin,47,OH,473,0.035
M,2000,Quinn,46,OH,484,0.035
M,2000,Quinton,34,OH,601,0.026
M,2000,Quincy,19,OH,882,0.014
M,2000,Quintin,18,OH,919,0.014
M,2000,Quinten,13,OH,1157,0.01
M,2001,Quentin,41,OH,515,0.032
M,2001,Quinn,31,OH,627,0.024
M,2001,Quinton,29,OH,648,0.023
M,2001,Quincy,21,OH,827,0.016
M,2001,Quintin,18,OH,923,0.014
M,2001,Quinten,13,OH,1165,0.01
M,2001,Quenton,6,OH,1957,0.005
M,2001,Quinlan,5,OH,2222,0.004
M,2002,Quentin,45,OH,481,0.036
M,2002,Quinn,32,OH,605,0.026
M,2002,Quinton,27,OH,696,0.022
M,2002,Quincy,19,OH,870,0.015
M,2002,Quinten,16,OH,997,0.013
M,2002,Quintin,14,OH,1099,0.011
M,2002,Quinlan,6,OH,2002,0.005
M,2003,Quinn,53,OH,436,0.042
M,2003,Quentin,50,OH,455,0.04
M,2003,Quinton,32,OH,631,0.026
M,2003,Quincy,27,OH,706,0.022
M,2003,Quintin,17,OH,985,0.014
M,2003,Quinten,15,OH,1076,0.012
M,2003,Quran,5,OH,2322,0.004
M,2004,Quentin,59,OH,396,0.048
M,2004,Quinn,52,OH,441,0.042
M,2004,Quincy,26,OH,745,0.021
M,2004,Quintin,18,OH,963,0.015
M,2004,Quinten,15,OH,1096,0.012
M,2004,Quinton,14,OH,1144,0.011
M,2005,Quentin,54,OH,431,0.044
M,2005,Quinn,50,OH,458,0.041
M,2005,Quinton,29,OH,678,0.024
M,2005,Quintin,24,OH,793,0.02
M,2005,Quincy,20,OH,921,0.016
M,2005,Quinten,12,OH,1298,0.01
M,2006,Quinn,59,OH,405,0.048
M,2006,Quentin,46,OH,489,0.037
M,2006,Quinton,32,OH,644,0.026
M,2006,Quincy,20,OH,924,0.016
M,2006,Quintin,16,OH,1098,0.013
M,2006,Quinten,15,OH,1142,0.012
M,2007,Quinn,79,OH,319,0.064
M,2007,Quentin,39,OH,551,0.032
M,2007,Quinton,39,OH,551,0.032
M,2007,Quintin,27,OH,760,0.022
M,2007,Quinten,18,OH,1039,0.015
M,2007,Quincy,12,OH,1399,0.01
M,2008,Quinn,55,OH,431,0.046
M,2008,Quentin,40,OH,554,0.033
M,2008,Quinton,37,OH,592,0.031
M,2008,Quintin,22,OH,896,0.018
M,2008,Quincy,16,OH,1144,0.013
M,2008,Quinten,16,OH,1144,0.013
M,2008,Quin,6,OH,2268,0.005
M,2009,Quinn,65,OH,373,0.056
M,2009,Quentin,42,OH,528,0.036
M,2009,Quinton,37,OH,578,0.032
M,2009,Quintin,27,OH,750,0.023
M,2009,Quincy,23,OH,839,0.02
M,2009,Quinten,13,OH,1347,0.011
M,2010,Quinn,60,OH,387,0.053
M,2010,Quentin,33,OH,620,0.029
M,2010,Quinton,28,OH,703,0.025
M,2010,Quintin,21,OH,866,0.019
M,2010,Quincy,19,OH,943,0.017
M,2010,Quinten,17,OH,1066,0.015
M,2010,Quinlan,6,OH,2245,0.005
M,2011,Quinn,56,OH,417,0.05
M,2011,Quentin,42,OH,527,0.038
M,2011,Quinton,29,OH,692,0.026
M,2011,Quincy,24,OH,821,0.022
M,2011,Quinten,17,OH,1065,0.015
M,2011,Quintin,15,OH,1166,0.013
M,2012,Quinn,50,OH,461,0.045
M,2012,Quentin,33,OH,630,0.03
M,2012,Quinton,27,OH,731,0.024
M,2012,Quintin,22,OH,860,0.02
M,2012,Quinten,14,OH,1257,0.013
M,2012,Quincy,12,OH,1406,0.011
M,2013,Quinn,41,OH,557,0.037
M,2013,Quentin,38,OH,601,0.034
M,2013,Quinton,31,OH,696,0.028
M,2013,Quincy,20,OH,960,0.018
M,2013,Quintin,13,OH,1331,0.012
M,2013,Quinten,7,OH,2066,0.006
M,2014,Quinn,50,OH,482,0.044
M,2014,Quentin,28,OH,763,0.025
M,2014,Quinton,23,OH,889,0.02
M,2014,Quintin,14,OH,1289,0.012
M,2014,Quincy,12,OH,1445,0.011
M,2014,Quinten,10,OH,1651,0.009
M,2014,Quinlan,5,OH,2647,0.004
M,2015,Quinn,39,OH,608,0.035
M,2015,Quentin,28,OH,789,0.025
M,2015,Quinton,21,OH,955,0.019
M,2015,Quinten,12,OH,1474,0.011
M,2015,Quincy,11,OH,1561,0.01
M,2015,Quintin,8,OH,1969,0.007
M,2016,Quentin,37,OH,626,0.033
M,2016,Quinn,36,OH,641,0.032
M,2016,Quinton,30,OH,760,0.027
M,2016,Quincy,16,OH,1187,0.014
M,2016,Quintin,12,OH,1458,0.011
M,2016,Quinten,6,OH,2331,0.005
M,2017,Quentin,31,OH,725,0.028
M,2017,Quinn,31,OH,725,0.028
M,2017,Quinton,22,OH,968,0.02
M,2017,Quincy,11,OH,1577,0.01
M,2017,Quinten,8,OH,1954,0.007
M,2017,Quintin,5,OH,2660,0.005
M,2018,Quinn,34,OH,680,0.031
M,2018,Quinton,25,OH,869,0.023
M,2018,Quentin,20,OH,1029,0.018
M,2018,Quincy,16,OH,1206,0.015
M,2018,Quinten,12,OH,1457,0.011
M,2018,Quintin,7,OH,2128,0.006
M,2018,Quran,5,OH,2663,0.005
M,2019,Quentin,31,OH,727,0.029
M,2019,Quinn,31,OH,727,0.029
M,2019,Quinton,21,OH,994,0.02
M,2019,Quinten,11,OH,1570,0.01
M,2019,Quincy,9,OH,1833,0.008
M,2019,Quintin,8,OH,1966,0.007
M,2019,Quran,5,OH,2699,0.005
M,2020,Quinn,30,OH,746,0.029
M,2020,Quentin,25,OH,847,0.024
M,2020,Quinton,25,OH,847,0.024
M,2020,Quincy,22,OH,933,0.022
M,2020,Quintin,6,OH,2388,0.006
M,2020,Quinten,5,OH,2676,0.005
M,2021,Quinn,29,OH,768,0.028
M,2021,Quinton,21,OH,986,0.02
M,2021,Quentin,19,OH,1060,0.018
M,2021,Quincy,19,OH,1060,0.018
M,2021,Quinten,7,OH,2146,0.007
M,2021,Quadir,6,OH,2387,0.006
M,2021,Quintin,6,OH,2387,0.006
M,2021,Quest,5,OH,2689,0.005
M,2022,Quinn,26,OH,830,0.026
M,2022,Quincy,17,OH,1149,0.017
M,2022,Quentin,16,OH,1208,0.016
M,2022,Quinton,10,OH,1666,0.01
M,2022,Quintin,9,OH,1791,0.009
M,2022,Quadir,5,OH,2703,0.005
M,2022,Quinten,5,OH,2703,0.005
M,2023,Quinn,37,OH,616,0.037
M,2023,Quentin,19,OH,1063,0.019
M,2023,Quinton,17,OH,1135,0.017
M,2023,Quincy,13,OH,1378,0.013
M,2023,Qais,5,OH,2718,0.005
M,2023,Quest,5,OH,2718,0.005
M,2024,Quinn,30,OH,745,0.03
M,2024,Quentin,17,OH,1136,0.017
M,2024,Quinton,16,OH,1192,0.016
M,2024,Quincy,12,OH,1464,0.012
M,2024,Quinten,5,OH,2715,0.005
M,2024,Quintin,5,OH,2715,0.005
F,1910,Queen,10,AL,326,0.051
F,1910,Queenie,8,AL,400,0.041
F,1911,Queen,13,AL,280,0.071
F,1912,Queen,16,AL,306,0.06
F,1912,Queenie,6,AL,581,0.023
F,1913,Queen,15,AL,356,0.051
F,1914,Queen,21,AL,306,0.059
F,1915,Queen,22,AL,348,0.051
F,1915,Queenie,6,AL,783,0.014
F,1916,Queen,27,AL,311,0.057
F,1916,Queenie,6,AL,834,0.013
F,1917,Queen,18,AL,395,0.04
F,1917,Queenie,5,AL,903,0.011
F,1918,Queen,28,AL,317,0.056
F,1918,Queenie,6,AL,832,0.012
F,1919,Queen,20,AL,427,0.036
F,1919,Queenie,7,AL,824,0.012
F,1920,Queen,30,AL,322,0.053
F,1920,Queenie,10,AL,652,0.018
F,1921,Queen,19,AL,449,0.033
F,1921,Queenie,9,AL,709,0.016
F,1922,Queen,33,AL,318,0.057
F,1923,Queen,27,AL,354,0.048
F,1923,Queenie,5,AL,1008,0.009
F,1924,Queen,35,AL,304,0.06
F,1924,Queenie,7,AL,814,0.012
F,1925,Queen,36,AL,307,0.06
F,1925,Queenie,8,AL,759,0.013
F,1926,Queen,35,AL,307,0.058
F,1926,Queenie,6,AL,904,0.01
F,1927,Queen,33,AL,328,0.054
F,1927,Queenie,5,AL,1022,0.008
F,1928,Queen,34,AL,319,0.058
F,1928,Queenie,7,AL,807,0.012
F,1929,Queen,40,AL,280,0.07
F,1929,Queenie,10,AL,641,0.018
F,1930,Queen,15,AL,509,0.026
F,1931,Queen,20,AL,414,0.037
F,1932,Queen,18,AL,481,0.031
F,1932,Queenie,5,AL,958,0.009
F,1933,Queen,19,AL,435,0.036
F,1933,Queenie,5,AL,915,0.009
F,1934,Queen,39,AL,288,0.068
F,1935,Queen,27,AL,359,0.048
F,1935,Queenie,6,AL,842,0.011
F,1936,Queen,22,AL,412,0.04
F,1937,Queen,33,AL,331,0.058
F,1938,Queen,26,AL,386,0.046
F,1938,Queenie,5,AL,914,0.009
F,1939,Queen,33,AL,324,0.059
F,1940,Queen,27,AL,364,0.046
F,1940,Queenie,10,AL,645,0.017
F,1941,Queen,16,AL,496,0.027
F,1942,Queen,30,AL,382,0.046
F,1943,Queen,24,AL,436,0.035
F,1944,Queen,22,AL,441,0.034
F,1945,Queen,14,AL,538,0.022
F,1945,Queenie,7,AL,778,0.011
F,1946,Queen,23,AL,447,0.032
F,1947,Queen,29,AL,404,0.037
F,1947,Queenie,5,AL,1036,0.006
F,1948,Queen,20,AL,504,0.026
F,1949,Queen,16,AL,555,0.021
F,1950,Queen,23,AL,461,0.031
F,1951,Queen,9,AL,747,0.012
F,1952,Queen,19,AL,520,0.025
F,1953,Queen,19,AL,517,0.025
F,1954,Queen,12,AL,648,0.016
F,1955,Queen,16,AL,587,0.021
F,1956,Queen,21,AL,505,0.027
F,1957,Queen,19,AL,536,0.025
F,1958,Queen,10,AL,770,0.013
F,1959,Queen,12,AL,694,0.016
F,1960,Queen,10,AL,767,0.014
F,1960,Queenie,8,AL,866,0.011
F,1961,Queen,8,AL,860,0.011
F,1962,Queen,11,AL,724,0.016
F,1963,Queen,8,AL,848,0.012
F,1964,Queen,11,AL,730,0.016
F,1974,Quintina,5,AL,1007,0.01
F,1978,Quintina,5,AL,1039,0.011
F,1979,Qiana,5,AL,1061,0.01
F,1981,Quintina,5,AL,1048,0.01
F,1986,Quinetta,5,AL,999,0.011
F,1994,Quanesha,6,AL,1002,0.013
F,1994,Quanisha,5,AL,1134,0.011
F,1995,Quanisha,8,AL,808,0.018
F,1996,Quanisha,6,AL,1021,0.013
F,1997,Quanisha,5,AL,1164,0.011
F,2011,Quinn,7,AL,1109,0.017
F,2014,Quinn,11,AL,791,0.026
F,2015,Quinn,7,AL,1172,0.016
F,2016,Quinn,10,AL,905,0.024
F,2016,Queen,5,AL,1482,0.012
F,2017,Quinn,16,AL,601,0.038
F,2018,Quinn,10,AL,918,0.024
F,2019,Quinn,16,AL,624,0.039
F,2020,Quinn,12,AL,781,0.03
F,2020,Queen,5,AL,1524,0.012
F,2021,Quinn,9,AL,1028,0.022
F,2022,Quinn,11,AL,875,0.027
F,2023,Quinn,10,AL,960,0.025
F,2024,Quinn,13,AL,763,0.032
M,1918,Quinton,15,AL,476,0.03
M,1918,Quentin,9,AL,653,0.018
M,1919,Quinton,27,AL,356,0.048
M,1919,Quentin,12,AL,594,0.021
M,1920,Quinton,20,AL,422,0.035
M,1921,Quinton,9,AL,709,0.016
M,1922,Quinton,9,AL,707,0.015
M,1923,Quinton,6,AL,894,0.011
M,1924,Quinton,7,AL,814,0.012
M,1925,Quinton,6,AL,901,0.01
M,1926,Quinton,7,AL,828,0.012
M,1927,Quinton,9,AL,726,0.015
M,1927,Quincy,8,AL,773,0.013
M,1928,Quincy,8,AL,739,0.014
M,1928,Quinton,6,AL,887,0.01
M,1931,Quinton,7,AL,767,0.013
M,1931,Quincy,6,AL,843,0.011
M,1932,Quinton,7,AL,807,0.012
M,1933,Quinton,11,AL,578,0.021
M,1933,Quincy,5,AL,915,0.009
M,1934,Quinton,9,AL,676,0.016
M,1936,Quinton,8,AL,704,0.014
M,1937,Quincy,5,AL,942,0.009
M,1937,Quinton,5,AL,942,0.009
M,1939,Quinton,5,AL,905,0.009
M,1942,Quinton,8,AL,753,0.012
M,1943,Quincy,5,AL,974,0.007
M,1943,Quinton,5,AL,974,0.007
M,1944,Quinton,5,AL,948,0.008
M,1946,Quinton,9,AL,730,0.013
M,1947,Quincy,5,AL,1036,0.006
M,1948,Quinton,9,AL,749,0.012
M,1948,Quincy,5,AL,1005,0.007
M,1950,Quinton,8,AL,799,0.011
M,1952,Quinton,5,AL,1011,0.007
M,1954,Quinton,8,AL,798,0.011
M,1955,Quinton,14,AL,626,0.019
M,1956,Quintin,9,AL,794,0.012
M,1957,Quinton,6,AL,994,0.008
M,1958,Quentin,7,AL,930,0.009
M,1959,Quinton,7,AL,939,0.009
M,1959,Quentin,5,AL,1112,0.007
M,1959,Quintin,5,AL,1112,0.007
M,1960,Quintin,9,AL,812,0.012
M,1960,Quinton,8,AL,866,0.011
M,1961,Quinton,10,AL,761,0.014
M,1961,Quintin,7,AL,922,0.01
M,1962,Quintin,8,AL,844,0.011
M,1962,Quinton,7,AL,907,0.01
M,1963,Quinton,16,AL,591,0.024
M,1963,Quintin,11,AL,716,0.016
M,1964,Quinton,13,AL,658,0.019
M,1964,Quintin,9,AL,811,0.013
M,1965,Quintin,7,AL,891,0.011
M,1965,Quinton,6,AL,952,0.01
M,1965,Quincy,5,AL,1039,0.008
M,1966,Quintin,10,AL,700,0.017
M,1966,Quinton,8,AL,799,0.014
M,1966,Quentin,6,AL,931,0.01
M,1967,Quinton,12,AL,628,0.021
M,1967,Quintin,11,AL,653,0.02
M,1967,Quentin,8,AL,787,0.014
M,1967,Quincy,8,AL,787,0.014
M,1968,Quinton,13,AL,591,0.024
M,1969,Quentin,9,AL,751,0.016
M,1969,Quincy,8,AL,798,0.014
M,1969,Quinton,6,AL,940,0.011
M,1970,Quentin,12,AL,642,0.021
M,1970,Quinton,12,AL,642,0.021
M,1970,Quincy,7,AL,871,0.012
M,1971,Quentin,15,AL,550,0.026
M,1971,Quinton,12,AL,636,0.021
M,1971,Quincy,7,AL,869,0.012
M,1971,Quintin,6,AL,942,0.011
M,1972,Quentin,18,AL,460,0.035
M,1972,Quincy,12,AL,634,0.023
M,1972,Quinton,6,AL,901,0.012
M,1973,Quentin,18,AL,475,0.036
M,1973,Quincy,10,AL,669,0.02
M,1973,Quinton,8,AL,763,0.016
M,1974,Quentin,18,AL,464,0.037
M,1974,Quincy,17,AL,480,0.035
M,1974,Quinton,11,AL,634,0.022
M,1975,Quincy,24,AL,385,0.051
M,1975,Quentin,15,AL,506,0.032
M,1975,Quinton,8,AL,766,0.017
M,1976,Quincy,25,AL,356,0.054
M,1976,Quentin,15,AL,521,0.032
M,1976,Quinton,14,AL,535,0.03
M,1976,Quincey,6,AL,890,0.013
M,1977,Quincy,36,AL,282,0.072
M,1977,Quentin,21,AL,426,0.042
M,1977,Quinton,12,AL,608,0.024
M,1978,Quincy,22,AL,401,0.046
M,1978,Quentin,16,AL,484,0.034
M,1978,Quinton,13,AL,562,0.027
M,1978,Quintin,6,AL,926,0.013
M,1978,Quenton,5,AL,1039,0.011
M,1979,Quincy,35,AL,301,0.07
M,1979,Quinton,19,AL,442,0.038
M,1979,Quentin,13,AL,562,0.026
M,1980,Quincy,20,AL,420,0.04
M,1980,Quentin,19,AL,438,0.038
M,1980,Quinton,17,AL,475,0.034
M,1980,Quenton,5,AL,1073,0.01
M,1980,Quintin,5,AL,1073,0.01
M,1981,Quentin,28,AL,319,0.057
M,1981,Quinton,18,AL,435,0.037
M,1981,Quincy,14,AL,524,0.029
M,1981,Quintin,6,AL,913,0.012
M,1982,Quentin,29,AL,318,0.061
M,1982,Quinton,26,AL,329,0.054
M,1982,Quincy,15,AL,490,0.031
M,1982,Quintin,6,AL,908,0.013
M,1983,Quinton,40,AL,228,0.084
M,1983,Quentin,18,AL,420,0.038
M,1983,Quincy,15,AL,490,0.032
M,1983,Quintin,12,AL,553,0.025
M,1983,Quenton,5,AL,997,0.011
M,1984,Quinton,32,AL,276,0.068
M,1984,Quentin,20,AL,388,0.043
M,1984,Quintin,18,AL,417,0.038
M,1984,Quincy,9,AL,687,0.019
M,1985,Quinton,32,AL,277,0.068
M,1985,Quentin,27,AL,318,0.057
M,1985,Quintin,13,AL,526,0.027
M,1985,Quincy,9,AL,681,0.019
M,1985,Quintez,5,AL,1006,0.011
M,1986,Quinton,35,AL,260,0.075
M,1986,Quentin,14,AL,504,0.03
M,1986,Quincy,10,AL,646,0.021
M,1986,Quintin,9,AL,695,0.019
M,1987,Quinton,31,AL,277,0.066
M,1987,Quentin,30,AL,280,0.064
M,1987,Quintin,12,AL,563,0.026
M,1987,Quincy,9,AL,691,0.019
M,1988,Quentin,35,AL,248,0.074
M,1988,Quinton,32,AL,275,0.067
M,1988,Quintin,9,AL,711,0.019
M,1988,Quenton,8,AL,775,0.017
M,1988,Quadarius,5,AL,1039,0.011
M,1988,Quindarius,5,AL,1039,0.011
M,1989,Quinton,30,AL,303,0.06
M,1989,Quentin,21,AL,390,0.042
M,1989,Quintin,10,AL,687,0.02
M,1989,Quintavious,7,AL,847,0.014
M,1989,Quenton,6,AL,946,0.012
M,1989,Quintez,6,AL,946,0.012
M,1989,Quindarius,5,AL,1081,0.01
M,1990,Quinton,38,AL,252,0.077
M,1990,Quentin,23,AL,380,0.046
M,1990,Quincy,10,AL,677,0.02
M,1990,Quintin,10,AL,677,0.02
M,1990,Quenton,6,AL,969,0.012
M,1990,Quinten,5,AL,1094,0.01
M,1990,Quintez,5,AL,1094,0.01
M,1991,Quinton,31,AL,291,0.064
M,1991,Quentin,18,AL,450,0.037
M,1991,Quintin,13,AL,561,0.027
M,1992,Quentin,24,AL,358,0.05
M,1992,Quinton,19,AL,430,0.04
M,1992,Quincy,9,AL,731,0.019
M,1992,Quintin,8,AL,802,0.017
M,1992,Quindarius,5,AL,1121,0.01
M,1993,Quinton,32,AL,278,0.068
M,1993,Quentin,16,AL,489,0.034
M,1993,Quincy,7,AL,909,0.015
M,1993,Quintin,7,AL,909,0.015
M,1994,Quinton,29,AL,319,0.063
M,1994,Quentin,17,AL,475,0.037
M,1994,Quincy,11,AL,644,0.024
M,1994,Quintin,10,AL,691,0.022
M,1994,Quintez,6,AL,1002,0.013
M,1994,Quandarius,5,AL,1134,0.011
M,1994,Quindarius,5,AL,1134,0.011
M,1995,Quinton,24,AL,373,0.053
M,1995,Quentin,16,AL,495,0.035
M,1995,Quintin,9,AL,739,0.02
M,1995,Quincy,8,AL,808,0.018
M,1995,Quintarius,8,AL,808,0.018
M,1995,Quinn,7,AL,892,0.015
M,1995,Quindarius,6,AL,998,0.013
M,1995,Quintrell,5,AL,1166,0.011
M,1996,Quinton,22,AL,404,0.048
M,1996,Quentin,20,AL,436,0.044
M,1996,Quindon,9,AL,767,0.02
M,1996,Quincy,8,AL,838,0.018
M,1996,Quintin,8,AL,838,0.018
M,1996,Quindarius,7,AL,911,0.015
M,1996,Quadarius,5,AL,1181,0.011
M,1996,Quenton,5,AL,1181,0.011
M,1996,Quintarius,5,AL,1181,0.011
M,1997,Quinton,25,AL,362,0.055
M,1997,Quentin,19,AL,436,0.042
M,1997,Quintin,11,AL,672,0.024
M,1997,Quindarius,9,AL,773,0.02
M,1997,Quintavious,6,AL,1027,0.013
M,1997,Quadarius,5,AL,1164,0.011
M,1997,Quandarius,5,AL,1164,0.011
M,1997,Quincy,5,AL,1164,0.011
M,1997,Quintavius,5,AL,1164,0.011
M,1997,Quinten,5,AL,1164,0.011
M,1998,Quinton,25,AL,369,0.054
M,1998,Quentin,16,AL,536,0.035
M,1998,Quincy,10,AL,738,0.022
M,1998,Quindarius,7,AL,957,0.015
M,1998,Quadarius,6,AL,1078,0.013
M,1998,Quintavious,6,AL,1078,0.013
M,1998,Quintez,5,AL,1222,0.011
M,1998,Quintin,5,AL,1222,0.011
M,1999,Quinton,17,AL,509,0.037
M,1999,Quintin,12,AL,665,0.026
M,1999,Quentin,8,AL,875,0.017
M,1999,Quantavious,7,AL,987,0.015
M,1999,Quindarius,7,AL,987,0.015
M,1999,Quendarius,6,AL,1125,0.013
M,1999,Quincy,6,AL,1125,0.013
M,1999,Quintavious,6,AL,1125,0.013
M,1999,Quintez,6,AL,1125,0.013
M,2000,Quentin,21,AL,424,0.045
M,2000,Quinton,19,AL,464,0.041
M,2000,Quindarius,8,AL,937,0.017
M,2000,Quintavious,7,AL,1027,0.015
M,2000,Quintin,6,AL,1135,0.013
M,2000,Quincy,5,AL,1290,0.011
M,2001,Quinton,24,AL,367,0.054
M,2001,Quindarius,12,AL,674,0.027
M,2001,Quentin,9,AL,839,0.02
M,2001,Quincy,5,AL,1256,0.011
M,2002,Quinton,13,AL,617,0.03
M,2002,Quincy,12,AL,662,0.028
M,2002,Quentin,10,AL,753,0.023
M,2002,Quindarius,6,AL,1091,0.014
M,2003,Quinton,16,AL,531,0.037
M,2003,Quentin,11,AL,712,0.025
M,2003,Quincy,8,AL,925,0.018
M,2003,Quintin,5,AL,1315,0.012
M,2004,Quinton,15,AL,581,0.035
M,2004,Quincy,8,AL,943,0.019
M,2004,Quentin,5,AL,1312,0.012
M,2005,Quentin,12,AL,727,0.028
M,2005,Quincy,12,AL,727,0.028
M,2005,Quinton,10,AL,829,0.023
M,2005,Quenton,6,AL,1189,0.014
M,2005,Quinterrius,5,AL,1362,0.012
M,2005,Quintin,5,AL,1362,0.012
M,2006,Quentin,13,AL,708,0.028
M,2006,Quinton,12,AL,765,0.026
M,2006,Quincy,7,AL,1112,0.015
M,2007,Quentin,13,AL,726,0.028
M,2007,Quincy,11,AL,843,0.024
M,2007,Quinton,10,AL,919,0.022
M,2007,Quinn,8,AL,1063,0.017
M,2007,Quindarius,6,AL,1295,0.013
M,2008,Quinton,13,AL,713,0.028
M,2008,Quentin,11,AL,835,0.024
M,2008,Quinn,9,AL,970,0.02
M,2009,Quinton,14,AL,664,0.032
M,2009,Quincy,9,AL,971,0.02
M,2009,Quentin,8,AL,1058,0.018
M,2009,Quintavious,6,AL,1288,0.014
M,2009,Quintin,5,AL,1472,0.011
M,2010,Quinton,14,AL,636,0.033
M,2010,Quinn,9,AL,939,0.021
M,2010,Quentin,7,AL,1141,0.017
M,2010,Quincy,5,AL,1467,0.012
M,2011,Quinton,9,AL,911,0.022
M,2011,Quincy,7,AL,1109,0.017
M,2011,Quentin,6,AL,1262,0.014
M,2011,Quinn,5,AL,1458,0.012
M,2012,Quinton,12,AL,748,0.03
M,2012,Quentin,6,AL,1206,0.015
M,2012,Quinn,5,AL,1393,0.012
M,2013,Quinton,10,AL,847,0.024
M,2013,Quentin,9,AL,920,0.022
M,2013,Quinn,6,AL,1258,0.015
M,2014,Quinton,10,AL,866,0.024
M,2014,Quentin,7,AL,1138,0.016
M,2015,Quinton,8,AL,1065,0.019
M,2015,Quintin,7,AL,1172,0.016
M,2015,Quincy,5,AL,1510,0.012
M,2016,Quinton,15,AL,643,0.035
M,2016,Quentin,8,AL,1070,0.019
M,2016,Quincy,7,AL,1178,0.016
M,2016,Quinn,5,AL,1482,0.012
M,2017,Quinn,9,AL,982,0.021
M,2017,Quinton,7,AL,1205,0.017
M,2017,Quincy,6,AL,1341,0.014
M,2018,Quincy,10,AL,918,0.024
M,2018,Quinton,10,AL,918,0.024
M,2019,Quinton,12,AL,795,0.029
M,2019,Quentin,5,AL,1535,0.012
M,2020,Quentin,6,AL,1350,0.015
M,2020,Quinn,6,AL,1350,0.015
M,2020,Quinton,6,AL,1350,0.015
M,2021,Quinton,8,AL,1130,0.019
M,2021,Quentin,6,AL,1400,0.015
M,2021,Quincy,5,AL,1590,0.012
M,2022,Quentin,9,AL,1049,0.022
M,2023,Quinton,5,AL,1579,0.012
M,2024,Quincy,8,AL,1152,0.02
M,2024,Quinton,6,AL,1424,0.015
F,1978,Quiana,5,CT,702,0.016
F,1979,Quiana,6,CT,629,0.019
F,1983,Quiana,6,CT,623,0.017
F,1997,Quinn,6,CT,751,0.018
F,2001,Quinn,5,CT,896,0.015
F,2003,Quinn,7,CT,718,0.021
F,2005,Quinn,10,CT,562,0.032
F,2006,Quinn,5,CT,955,0.016
F,2007,Quinn,12,CT,496,0.039
F,2008,Quinn,6,CT,853,0.021
F,2009,Quinn,8,CT,659,0.029
F,2010,Quinn,27,CT,225,0.1
F,2011,Quinn,18,CT,346,0.067
F,2012,Quinn,27,CT,235,0.104
F,2013,Quinn,34,CT,190,0.131
F,2014,Quinn,28,CT,234,0.105
F,2015,Quinn,35,CT,192,0.132
F,2016,Quinn,39,CT,167,0.148
F,2017,Quinn,40,CT,164,0.155
F,2018,Quinn,43,CT,144,0.169
F,2019,Quinn,35,CT,182,0.141
F,2020,Quinn,48,CT,121,0.197
F,2021,Quinn,48,CT,125,0.185
F,2022,Quinn,41,CT,156,0.159
F,2023,Quinn,43,CT,141,0.175
F,2024,Quinn,40,CT,154,0.162
M,1958,Quentin,5,CT,723,0.01
M,1975,Quincy,5,CT,700,0.017
M,1976,Quincy,5,CT,670,0.017
M,1977,Quincy,8,CT,513,0.026
M,1978,Quincy,8,CT,514,0.026
M,1979,Quentin,8,CT,526,0.025
M,1979,Quinn,6,CT,629,0.019
M,1981,Quincy,9,CT,477,0.027
M,1983,Quentin,5,CT,693,0.015
M,1988,Quentin,9,CT,560,0.022
M,1988,Quintin,5,CT,824,0.012
M,1989,Quentin,8,CT,620,0.019
M,1991,Quinn,5,CT,865,0.012
M,1992,Quinn,12,CT,461,0.031
M,1992,Quincy,9,CT,567,0.023
M,1992,Quinton,5,CT,852,0.013
M,1993,Quinn,8,CT,607,0.021
M,1993,Quincy,6,CT,752,0.016
M,1994,Quinton,7,CT,686,0.019
M,1994,Quentin,6,CT,753,0.016
M,1994,Quinn,5,CT,858,0.014
M,1995,Quinton,10,CT,514,0.028
M,1995,Quinn,9,CT,560,0.025
M,1996,Quinn,15,CT,392,0.042
M,1996,Quentin,10,CT,528,0.028
M,1996,Quinton,10,CT,528,0.028
M,1996,Quintin,5,CT,834,0.014
M,1997,Quinn,10,CT,526,0.03
M,1997,Quinton,8,CT,614,0.024
M,1997,Quentin,6,CT,751,0.018
M,1998,Quinn,12,CT,468,0.035
M,1998,Quentin,8,CT,634,0.023
M,1998,Quinton,6,CT,765,0.018
M,1999,Quinn,20,CT,329,0.06
M,1999,Quentin,13,CT,453,0.039
M,1999,Quincy,10,CT,540,0.03
M,2000,Quinn,18,CT,351,0.054
M,2000,Quincy,10,CT,527,0.03
M,2000,Quentin,8,CT,619,0.024
M,2000,Quintin,5,CT,850,0.015
M,2001,Quinn,21,CT,309,0.064
M,2001,Quentin,8,CT,641,0.024
M,2001,Quincy,5,CT,896,0.015
M,2002,Quinn,27,CT,263,0.083
M,2002,Quentin,10,CT,534,0.031
M,2002,Quincy,9,CT,584,0.028
M,2002,Quinton,7,CT,710,0.022
M,2003,Quinn,17,CT,364,0.052
M,2003,Quentin,5,CT,919,0.015
M,2004,Quinn,25,CT,272,0.079
M,2004,Quentin,7,CT,733,0.022
M,2004,Quincy,5,CT,914,0.016
M,2005,Quinn,30,CT,241,0.097
M,2005,Quincy,10,CT,562,0.032
M,2005,Quentin,8,CT,666,0.026
M,2005,Quintin,6,CT,811,0.019
M,2005,Quinton,5,CT,922,0.016
M,2006,Quinn,31,CT,236,0.101
M,2006,Quincy,8,CT,659,0.026
M,2006,Quentin,5,CT,955,0.016
M,2007,Quinn,28,CT,250,0.092
M,2007,Quincy,8,CT,685,0.026
M,2007,Quentin,6,CT,854,0.02
M,2007,Quinton,6,CT,854,0.02
M,2007,Quintin,5,CT,983,0.016
M,2008,Quinn,13,CT,469,0.045
M,2008,Quincy,9,CT,615,0.031
M,2008,Quentin,5,CT,966,0.017
M,2008,Quintin,5,CT,966,0.017
M,2009,Quinn,29,CT,224,0.104
M,2009,Quincy,9,CT,605,0.032
M,2009,Quentin,7,CT,745,0.025
M,2010,Quinn,19,CT,316,0.071
M,2010,Quentin,6,CT,829,0.022
M,2010,Quincy,5,CT,950,0.019
M,2011,Quinn,17,CT,373,0.064
M,2011,Quentin,5,CT,957,0.019
M,2011,Quincy,5,CT,957,0.019
M,2012,Quinn,21,CT,301,0.081
M,2012,Quincy,5,CT,917,0.019
M,2013,Quinn,21,CT,293,0.081
M,2013,Quentin,10,CT,575,0.038
M,2013,Quincy,10,CT,575,0.038
M,2014,Quinn,14,CT,437,0.052
M,2015,Quinn,11,CT,544,0.042
M,2015,Quincy,8,CT,680,0.03
M,2015,Quentin,6,CT,834,0.023
M,2016,Quinn,12,CT,503,0.045
M,2017,Quinn,14,CT,433,0.054
M,2017,Quincy,5,CT,969,0.019
M,2018,Quinn,15,CT,415,0.059
M,2019,Quinn,15,CT,416,0.06
M,2019,Quincy,7,CT,757,0.028
M,2020,Quinn,12,CT,496,0.049
M,2020,Quentin,5,CT,971,0.021
M,2021,Quinn,24,CT,283,0.092
M,2022,Quinn,17,CT,379,0.066
M,2022,Quentin,7,CT,821,0.027
M,2022,Quincy,6,CT,918,0.023
M,2023,Quinn,10,CT,577,0.041
M,2024,Quinn,15,CT,422,0.061
M,2024,Quincy,5,CT,1029,0.02
F,1978,Quiana,6,WA,906,0.012
F,1983,Quinn,7,WA,902,0.012
F,1984,Quinn,7,WA,898,0.012
F,1989,Quinn,5,WA,1272,0.008
F,1990,Quinn,5,WA,1333,0.007
F,1992,Quinn,6,WA,1250,0.009
F,1993,Quinn,6,WA,1266,0.009
F,1993,Quincy,5,WA,1423,0.008
F,1994,Quinn,10,WA,900,0.016
F,1994,Queen,5,WA,1402,0.008
F,1995,Quinn,8,WA,1044,0.013
F,1996,Quinn,9,WA,982,0.014
F,1997,Quinn,6,WA,1305,0.01
F,1998,Quinn,6,WA,1371,0.009
F,1999,Quinn,16,WA,712,0.025
F,2000,Quinn,17,WA,697,0.027
F,2000,Quincy,6,WA,1390,0.009
F,2001,Quinn,9,WA,1060,0.014
F,2002,Quinn,9,WA,1073,0.015
F,2003,Quinn,14,WA,826,0.022
F,2003,Quincy,5,WA,1630,0.008
F,2004,Quinn,13,WA,879,0.021
F,2005,Quinn,15,WA,813,0.023
F,2005,Quincy,6,WA,1542,0.009
F,2006,Quinn,17,WA,782,0.025
F,2007,Quinn,22,WA,657,0.032
F,2008,Quinn,21,WA,707,0.03
F,2008,Quincy,7,WA,1570,0.01
F,2009,Quinn,21,WA,694,0.031
F,2009,Quincy,10,WA,1208,0.015
F,2010,Quinn,38,WA,391,0.058
F,2010,Quincy,7,WA,1540,0.011
F,2011,Quinn,49,WA,319,0.074
F,2012,Quinn,61,WA,258,0.092
F,2012,Quincy,7,WA,1577,0.011
F,2013,Quinn,85,WA,176,0.13
F,2014,Quinn,84,WA,187,0.124
F,2014,Quincy,16,WA,892,0.024
F,2015,Quinn,93,WA,174,0.137
F,2016,Quinn,119,WA,121,0.172
F,2016,Quincy,5,WA,2054,0.007
F,2017,Quinn,102,WA,140,0.153
F,2017,Quincy,10,WA,1266,0.015
F,2018,Quinn,105,WA,131,0.162
F,2018,Quincy,13,WA,1041,0.02
F,2019,Quinn,103,WA,132,0.161
F,2019,Quincy,5,WA,1994,0.008
F,2020,Quinn,88,WA,153,0.141
F,2020,Quincy,9,WA,1340,0.014
F,2021,Quinn,85,WA,163,0.135
F,2021,Quincy,11,WA,1177,0.017
F,2022,Quinn,90,WA,139,0.145
F,2023,Quinn,91,WA,136,0.152
F,2023,Quincy,15,WA,904,0.025
F,2024,Quinn,70,WA,192,0.114
F,2024,Quincy,8,WA,1480,0.013
M,1918,Quentin,7,WA,398,0.037
M,1919,Quentin,5,WA,472,0.027
M,1920,Quentin,9,WA,326,0.044
M,1924,Quentin,5,WA,449,0.025
M,1966,Quinn,5,WA,869,0.011
M,1967,Quinn,6,WA,804,0.012
M,1969,Quentin,5,WA,943,0.01
M,1970,Quinn,7,WA,828,0.013
M,1971,Quinn,6,WA,855,0.013
M,1973,Quentin,5,WA,875,0.012
M,1974,Quinn,7,WA,738,0.016
M,1975,Quentin,9,WA,657,0.021
M,1975,Quinn,5,WA,925,0.012
M,1976,Quentin,6,WA,866,0.013
M,1977,Quincy,8,WA,761,0.016
M,1978,Quentin,8,WA,743,0.016
M,1978,Quincy,5,WA,1014,0.01
M,1978,Quinn,5,WA,1014,0.01
M,1979,Quinn,10,WA,688,0.018
M,1979,Quentin,5,WA,1119,0.009
M,1980,Quinn,10,WA,702,0.017
M,1981,Quinn,14,WA,577,0.024
M,1981,Quentin,10,WA,718,0.017
M,1981,Quincy,5,WA,1165,0.008
M,1982,Quinn,7,WA,929,0.012
M,1983,Quentin,8,WA,818,0.014
M,1983,Quinn,5,WA,1110,0.009
M,1984,Quentin,6,WA,994,0.01
M,1984,Quinn,5,WA,1116,0.009
M,1985,Quinton,9,WA,770,0.015
M,1985,Quentin,7,WA,917,0.012
M,1985,Quincy,5,WA,1133,0.008
M,1986,Quinn,10,WA,714,0.017
M,1986,Quincy,5,WA,1162,0.009
M,1987,Quinton,10,WA,731,0.017
M,1987,Quinn,9,WA,798,0.015
M,1988,Quinn,10,WA,766,0.017
M,1988,Quentin,8,WA,885,0.013
M,1989,Quinn,16,WA,574,0.025
M,1989,Quinton,12,WA,700,0.019
M,1989,Quincy,6,WA,1139,0.009
M,1990,Quinn,18,WA,561,0.027
M,1990,Quentin,9,WA,915,0.013
M,1990,Quinton,7,WA,1080,0.01
M,1990,Quincy,6,WA,1186,0.009
M,1990,Quinten,5,WA,1333,0.007
M,1991,Quinn,25,WA,443,0.037
M,1991,Quinton,15,WA,670,0.022
M,1991,Quincy,6,WA,1224,0.009
M,1991,Quinten,6,WA,1224,0.009
M,1991,Quentin,5,WA,1387,0.007
M,1992,Quinn,24,WA,467,0.036
M,1992,Quinton,10,WA,892,0.015
M,1992,Quentin,6,WA,1250,0.009
M,1992,Quincy,6,WA,1250,0.009
M,1992,Quinten,6,WA,1250,0.009
M,1992,Quintin,6,WA,1250,0.009
M,1993,Quinn,34,WA,360,0.053
M,1993,Quinton,8,WA,1039,0.012
M,1993,Quincy,7,WA,1135,0.011
M,1993,Quintin,5,WA,1423,0.008
M,1994,Quinn,27,WA,435,0.043
M,1994,Quinton,17,WA,609,0.027
M,1994,Quentin,16,WA,637,0.026
M,1994,Quincy,12,WA,807,0.019
M,1994,Quinten,8,WA,1028,0.013
M,1994,Quintin,6,WA,1250,0.01
M,1995,Quinn,28,WA,421,0.045
M,1995,Quentin,17,WA,633,0.028
M,1995,Quinton,17,WA,633,0.028
M,1995,Quintin,7,WA,1155,0.011
M,1995,Quincy,5,WA,1421,0.008
M,1995,Quinten,5,WA,1421,0.008
M,1996,Quinn,34,WA,366,0.055
M,1996,Quinton,22,WA,526,0.035
M,1996,Quentin,21,WA,547,0.034
M,1996,Quincy,6,WA,1293,0.01
M,1996,Quinlan,6,WA,1293,0.01
M,1996,Quintin,6,WA,1293,0.01
M,1997,Quinn,38,WA,348,0.061
M,1997,Quinton,22,WA,549,0.035
M,1997,Quentin,20,WA,581,0.032
M,1997,Quintin,8,WA,1067,0.013
M,1998,Quinn,32,WA,414,0.05
M,1998,Quinton,31,WA,425,0.049
M,1998,Quentin,28,WA,461,0.044
M,1998,Quincy,7,WA,1236,0.011
M,1998,Quinten,7,WA,1236,0.011
M,1999,Quinn,46,WA,306,0.072
M,1999,Quentin,26,WA,507,0.041
M,1999,Quinton,19,WA,633,0.03
M,1999,Quinlan,5,WA,1572,0.008
M,1999,Quinten,5,WA,1572,0.008
M,1999,Quintin,5,WA,1572,0.008
M,2000,Quinn,37,WA,384,0.058
M,2000,Quentin,21,WA,595,0.033
M,2000,Quinton,11,WA,942,0.017
M,2000,Quincy,10,WA,1010,0.016
M,2000,Quinten,8,WA,1169,0.012
M,2000,Quinlan,5,WA,1568,0.008
M,2001,Quinn,28,WA,479,0.045
M,2001,Quentin,15,WA,748,0.024
M,2001,Quinton,13,WA,839,0.021
M,2001,Quincy,8,WA,1152,0.013
M,2001,Quinten,7,WA,1261,0.011
M,2001,Quintin,6,WA,1380,0.01
M,2002,Quinn,31,WA,427,0.05
M,2002,Quentin,19,WA,639,0.031
M,2002,Quincy,15,WA,740,0.024
M,2002,Quinton,10,WA,999,0.016
M,2002,Quinlan,5,WA,1606,0.008
M,2003,Quinn,36,WA,385,0.057
M,2003,Quincy,21,WA,602,0.034
M,2003,Quentin,20,WA,627,0.032
M,2003,Quinton,13,WA,868,0.021
M,2003,Quin,6,WA,1448,0.01
M,2003,Quintin,6,WA,1448,0.01
M,2003,Quinlan,5,WA,1630,0.008
M,2003,Quinten,5,WA,1630,0.008
M,2004,Quinn,30,WA,473,0.047
M,2004,Quentin,19,WA,665,0.03
M,2004,Quinton,17,WA,718,0.027
M,2004,Quincy,9,WA,1125,0.014
M,2004,Quinten,9,WA,1125,0.014
M,2004,Quin,5,WA,1659,0.008
M,2004,Quintin,5,WA,1659,0.008
M,2005,Quinn,32,WA,457,0.05
M,2005,Quinton,19,WA,686,0.03
M,2005,Quentin,18,WA,704,0.028
M,2005,Quincy,16,WA,762,0.025
M,2005,Quinten,8,WA,1262,0.012
M,2005,Quinlan,6,WA,1542,0.009
M,2005,Quintin,6,WA,1542,0.009
M,2006,Quinn,37,WA,416,0.055
M,2006,Quentin,17,WA,782,0.025
M,2006,Quincy,13,WA,942,0.019
M,2006,Quinten,10,WA,1121,0.015
M,2006,Quintin,9,WA,1207,0.013
M,2006,Quinton,9,WA,1207,0.013
M,2006,Quinlan,7,WA,1426,0.01
M,2007,Quinn,47,WA,342,0.069
M,2007,Quentin,18,WA,760,0.026
M,2007,Quincy,18,WA,760,0.026
M,2007,Quinton,15,WA,882,0.022
M,2007,Quinten,8,WA,1365,0.012
M,2007,Quinlan,6,WA,1674,0.009
M,2007,Quintin,6,WA,1674,0.009
M,2008,Quinn,49,WA,325,0.071
M,2008,Quentin,21,WA,707,0.03
M,2008,Quinton,20,WA,741,0.029
M,2008,Quincy,16,WA,864,0.023
M,2008,Quinten,7,WA,1570,0.01
M,2008,Quintin,5,WA,1977,0.007
M,2009,Quinn,47,WA,333,0.069
M,2009,Quentin,26,WA,581,0.038
M,2009,Quincy,14,WA,955,0.02
M,2009,Quintin,9,WA,1302,0.013
M,2009,Quinton,7,WA,1562,0.01
M,2009,Quinten,6,WA,1749,0.009
M,2010,Quinn,40,WA,377,0.061
M,2010,Quentin,23,WA,619,0.035
M,2010,Quinton,16,WA,827,0.024
M,2010,Quintin,11,WA,1114,0.017
M,2010,Quinten,10,WA,1184,0.015
M,2010,Quincy,8,WA,1392,0.012
M,2011,Quinn,39,WA,410,0.059
M,2011,Quentin,26,WA,573,0.039
M,2011,Quinton,15,WA,872,0.023
M,2011,Quintin,14,WA,917,0.021
M,2011,Quincy,12,WA,1030,0.018
M,2011,Quinten,10,WA,1208,0.015
M,2012,Quinn,37,WA,421,0.056
M,2012,Quentin,16,WA,839,0.024
M,2012,Quintin,11,WA,1131,0.017
M,2012,Quinton,10,WA,1220,0.015
M,2012,Quincy,8,WA,1445,0.012
M,2012,Quinten,7,WA,1577,0.011
M,2012,Quinlan,5,WA,2002,0.008
M,2013,Quinn,34,WA,453,0.052
M,2013,Quentin,26,WA,580,0.04
M,2013,Quintin,11,WA,1135,0.017
M,2013,Quinton,9,WA,1299,0.014
M,2013,Quincy,5,WA,1942,0.008
M,2013,Quinten,5,WA,1942,0.008
M,2014,Quinn,29,WA,541,0.043
M,2014,Quinton,17,WA,850,0.025
M,2014,Quentin,15,WA,939,0.022
M,2014,Quincy,10,WA,1260,0.015
M,2014,Quinten,9,WA,1342,0.013
M,2014,Quintin,8,WA,1454,0.012
M,2015,Quincy,26,WA,589,0.038
M,2015,Quentin,25,WA,613,0.037
M,2015,Quinn,25,WA,613,0.037
M,2015,Quinton,14,WA,983,0.021
M,2015,Quinten,5,WA,2056,0.007
M,2015,Quintin,5,WA,2056,0.007
M,2016,Quinn,38,WA,422,0.055
M,2016,Quincy,26,WA,612,0.038
M,2016,Quentin,22,WA,702,0.032
M,2016,Quinton,20,WA,767,0.029
M,2016,Quintin,7,WA,1635,0.01
M,2016,Quinten,5,WA,2054,0.007
M,2017,Quinn,35,WA,449,0.053
M,2017,Quentin,15,WA,930,0.023
M,2017,Quincy,14,WA,975,0.021
M,2017,Quinton,13,WA,1024,0.02
M,2017,Quintin,10,WA,1266,0.015
M,2017,Quinten,6,WA,1803,0.009
M,2018,Quinn,23,WA,649,0.035
M,2018,Quincy,14,WA,980,0.022
M,2018,Quentin,13,WA,1041,0.02
M,2018,Quinton,9,WA,1348,0.014
M,2018,Quinten,8,WA,1467,0.012
M,2019,Quinn,35,WA,432,0.055
M,2019,Quincy,18,WA,794,0.028
M,2019,Quinton,15,WA,950,0.023
M,2019,Quentin,12,WA,1117,0.019
M,2019,Quinten,5,WA,1994,0.008
M,2020,Quinn,22,WA,640,0.035
M,2020,Quentin,18,WA,789,0.029
M,2020,Quincy,15,WA,920,0.024
M,2020,Quinton,12,WA,1095,0.019
M,2020,Quinten,8,WA,1456,0.013
M,2020,Quintin,6,WA,1787,0.01
M,2021,Quincy,26,WA,578,0.041
M,2021,Quinn,25,WA,598,0.04
M,2021,Quentin,23,WA,650,0.037
M,2021,Quinton,10,WA,1270,0.016
M,2022,Quinn,28,WA,528,0.045
M,2022,Quentin,15,WA,927,0.024
M,2022,Quincy,15,WA,927,0.024
M,2022,Quinton,9,WA,1366,0.015
M,2022,Quinten,6,WA,1819,0.01
M,2023,Quinn,27,WA,537,0.045
M,2023,Quincy,18,WA,777,0.03
M,2023,Quentin,11,WA,1179,0.018
M,2023,Quinton,5,WA,2069,0.008
M,2024,Quinn,16,WA,864,0.026
M,2024,Quincy,13,WA,1041,0.021
M,2024,Quentin,7,WA,1624,0.011
M,2024,Quinton,7,WA,1624,0.011
F,2013,Quinn,11,AK,166,0.185
F,2014,Quinn,7,AK,301,0.114
F,2015,Quinn,8,AK,245,0.137
F,2016,Quinn,10,AK,185,0.176
F,2017,Quinn,8,AK,228,0.152
F,2018,Quinn,10,AK,152,0.2
F,2020,Quinn,7,AK,229,0.157
F,2021,Quinn,13,AK,110,0.298
F,2022,Quinn,7,AK,226,0.164
F,2023,Quinn,10,AK,118,0.254
M,1990,Quinton,7,AK,263,0.089
M,1993,Quinn,8,AK,238,0.114
M,1994,Quinn,6,AK,288,0.092
M,1997,Quinn,5,AK,330,0.085
M,1998,Quincy,5,AK,333,0.085
M,1999,Quinn,8,AK,220,0.139
M,2001,Quentin,6,AK,288,0.107
M,2002,Quinn,5,AK,333,0.091
M,2003,Quinn,5,AK,341,0.092
M,2004,Quinn,5,AK,344,0.089
M,2005,Quinn,9,AK,195,0.16
M,2007,Quinton,8,AK,239,0.138
M,2007,Quinn,6,AK,317,0.103
M,2007,Quentin,5,AK,364,0.086
M,2008,Quincy,6,AK,326,0.101
M,2009,Quinn,16,AK,108,0.275
M,2011,Quinn,5,AK,385,0.084
M,2012,Quinn,9,AK,200,0.159
M,2013,Quinn,7,AK,289,0.118
M,2015,Quinn,6,AK,334,0.103
M,2020,Quinton,6,AK,275,0.135
