sex,year,name,frequency,State,rank,percentage,overall_rank,overall_percentage
F,1914,Ursula,6,MI,306,0.033,576,0.018
F,1915,Ursula,9,MI,302,0.032,571,0.017
F,1915,Una,6,MI,386,0.022,718,0.012
F,1916,Ursula,8,MI,351,0.025,652,0.013
F,1916,Una,6,MI,420,0.019,765,0.01
F,1917,Ursula,9,MI,348,0.026,648,0.014
F,1919,Ursula,6,MI,422,0.018,768,0.01
F,1919,Una,5,MI,461,0.015,836,0.008
F,1920,Ursula,8,MI,373,0.021,692,0.011
F,1920,Una,5,MI,483,0.013,889,0.007
F,1921,Una,5,MI,498,0.013,908,0.007
F,1922,Una,9,MI,340,0.024,637,0.013
F,1923,Ursula,9,MI,356,0.023,662,0.012
F,1924,Ursula,6,MI,450,0.015,827,0.008
F,1928,Ursula,5,MI,503,0.012,919,0.006
F,1929,Ursula,5,MI,498,0.012,899,0.006
F,1930,Una,5,MI,495,0.012,905,0.006
F,1931,Una,6,MI,426,0.016,777,0.008
F,1932,Una,5,MI,460,0.014,837,0.007
F,1934,Ursula,6,MI,423,0.016,752,0.008
F,1936,Ursula,6,MI,433,0.015,772,0.008
F,1938,Ursula,6,MI,454,0.014,817,0.007
F,1939,Ursula,5,MI,487,0.012,870,0.006
F,1940,Ursula,5,MI,498,0.011,903,0.006
F,1941,Ursula,5,MI,527,0.01,916,0.005
F,1950,Unknown,8,MI,553,0.011,737,0.009
F,1951,Unknown,6,MI,657,0.008,801,0.007
F,1952,Unknown,9,MI,539,0.011,737,0.009
F,1953,Unknown,7,MI,635,0.008,769,0.008
F,1954,Unknown,9,MI,570,0.01,753,0.009
F,1955,Ursula,6,MI,737,0.007,1245,0.003
F,1956,Ursula,11,MI,550,0.012,939,0.006
F,1957,Ursula,5,MI,872,0.005,1435,0.003
F,1959,Unknown,6,MI,772,0.007,1280,0.003
F,1959,Ursula,5,MI,849,0.006,1405,0.003
F,1960,Ursula,5,MI,862,0.006,1405,0.003
F,1961,Ursula,8,MI,687,0.009,1134,0.004
F,1962,Ursula,7,MI,710,0.009,1179,0.004
F,1963,Ursula,8,MI,664,0.01,1101,0.005
F,1964,Ursula,10,MI,584,0.013,979,0.006
F,1965,Ursula,23,MI,366,0.031,634,0.015
F,1966,Ursula,38,MI,283,0.052,487,0.025
F,1967,Ursula,13,MI,506,0.018,856,0.009
F,1968,Ursula,25,MI,353,0.036,609,0.017
F,1969,Ursula,26,MI,361,0.036,620,0.017
F,1970,Ursula,11,MI,600,0.015,1031,0.007
F,1971,Ursula,29,MI,327,0.042,587,0.02
F,1972,Ursula,19,MI,409,0.031,722,0.015
F,1973,Ursula,7,MI,765,0.012,1261,0.006
F,1974,Ursula,15,MI,456,0.026,805,0.012
F,1975,Ursula,14,MI,474,0.025,830,0.012
F,1977,Ursula,11,MI,569,0.019,959,0.009
F,1978,Ursula,8,MI,697,0.014,1163,0.007
F,1979,Ursula,6,MI,871,0.01,1442,0.005
F,1980,Ursula,6,MI,870,0.01,1409,0.005
F,1981,Ursula,6,MI,844,0.01,1369,0.005
F,1983,Ursula,7,MI,721,0.013,1195,0.006
F,1985,Unique,7,MI,766,0.012,1262,0.006
F,1987,Unique,6,MI,883,0.01,1430,0.005
F,1988,Unique,7,MI,805,0.012,1342,0.006
F,1989,Unknown,12,MI,594,0.02,672,0.018
F,1990,Unknown,32,MI,297,0.051,257,0.064
F,1990,Unique,10,MI,692,0.016,1220,0.007
F,1991,Unknown,23,MI,364,0.038,462,0.033
F,1991,Unique,13,MI,557,0.022,1020,0.01
F,1991,Uniqua,5,MI,1129,0.008,1870,0.004
F,1992,Unknown,19,MI,419,0.033,474,0.029
F,1992,Unique,9,MI,733,0.016,1296,0.007
F,1992,Uniqua,6,MI,966,0.011,1649,0.005
F,1993,Unknown,16,MI,471,0.029,513,0.028
F,1993,Unique,9,MI,735,0.016,1285,0.008
F,1993,Uniqua,5,MI,1102,0.009,1814,0.004
F,1994,Unique,11,MI,633,0.02,1137,0.009
F,1995,Unique,12,MI,591,0.023,1070,0.011
F,1995,Unknown,5,MI,1063,0.01,1195,0.009
F,1996,Unique,10,MI,669,0.019,1204,0.009
F,1997,Unique,13,MI,567,0.025,1021,0.012
F,1998,Unique,12,MI,614,0.023,1117,0.011
F,1999,Unique,14,MI,543,0.027,1000,0.013
F,2000,Unique,8,MI,845,0.015,1504,0.007
F,2001,Unique,11,MI,667,0.022,1225,0.01
F,2002,Unique,10,MI,708,0.021,1293,0.01
F,2003,Unique,8,MI,863,0.016,1553,0.008
F,2004,Unique,8,MI,870,0.017,1568,0.008
F,2005,Unique,6,MI,1085,0.013,1940,0.006
F,2006,Unique,12,MI,658,0.025,1200,0.012
F,2008,Unique,10,MI,773,0.022,1413,0.01
F,2009,Unique,11,MI,685,0.026,1275,0.012
F,2011,Unique,6,MI,1088,0.014,1956,0.007
F,2012,Unique,8,MI,878,0.019,1609,0.009
F,2014,Unique,6,MI,1101,0.014,1987,0.007
F,2015,Unique,6,MI,1107,0.014,2005,0.007
F,2017,Una,6,MI,1143,0.015,2037,0.007
F,2020,Unique,6,MI,1067,0.016,1971,0.007
F,2021,Unique,6,MI,1070,0.016,1995,0.007
F,2021,Unknown,6,MI,1070,0.016,1327,0.014
F,2022,Unique,5,MI,1215,0.014,2226,0.006
F,2022,Unknown,5,MI,1215,0.014,1058,0.019
F,2023,Unknown,8,MI,870,0.023,807,0.028
F,2024,Unknown,9,MI,791,0.025,1013,0.021
M,1914,Uno,5,MI,304,0.033,632,0.015
M,1915,Uno,6,MI,339,0.025,718,0.012
M,1917,Urho,5,MI,413,0.017,883,0.008
M,1918,Urho,5,MI,422,0.015,898,0.007
M,1920,Urban,5,MI,428,0.015,889,0.007
M,1922,Urban,5,MI,414,0.014,865,0.007
M,1923,Urban,7,MI,357,0.019,752,0.009
M,1925,Urban,8,MI,334,0.02,719,0.01
M,1926,Ulysses,5,MI,447,0.012,911,0.006
M,1936,Urban,5,MI,398,0.013,847,0.006
M,1945,Ulysses,7,MI,376,0.013,811,0.007
M,1949,Ulysses,5,MI,522,0.007,1159,0.003
M,1950,Unknown,5,MI,511,0.006,737,0.009
M,1951,Ulysses,6,MI,483,0.007,1108,0.004
M,1951,Unknown,6,MI,483,0.007,801,0.007
M,1952,Ulysses,7,MI,459,0.008,1038,0.004
M,1952,Unknown,6,MI,496,0.007,737,0.009
M,1953,Unknown,7,MI,478,0.008,769,0.008
M,1954,Unknown,7,MI,481,0.007,753,0.009
M,1955,Ulysses,6,MI,552,0.006,1245,0.003
M,1955,Unknown,5,MI,601,0.005,1367,0.003
M,1966,Ulysses,6,MI,556,0.008,1296,0.004
M,1967,Ulysses,5,MI,594,0.006,1428,0.003
M,1968,Ulysses,5,MI,592,0.007,1407,0.003
M,1969,Ulysses,5,MI,636,0.006,1499,0.003
M,1970,Ulysses,6,MI,612,0.007,1406,0.004
M,1971,Ulysses,12,MI,439,0.016,990,0.008
M,1976,Uriah,7,MI,544,0.011,1227,0.006
M,1976,Ulysses,5,MI,668,0.008,1521,0.004
M,1977,Ulysses,6,MI,608,0.009,1391,0.005
M,1980,Uriah,7,MI,552,0.01,1300,0.005
M,1986,Ulysses,5,MI,687,0.008,1575,0.004
M,1989,Unknown,11,MI,501,0.016,672,0.018
M,1990,Unknown,53,MI,189,0.075,257,0.064
M,1990,Uriah,5,MI,796,0.007,1848,0.004
M,1991,Unknown,19,MI,373,0.028,462,0.033
M,1992,Unknown,17,MI,403,0.026,474,0.029
M,1993,Unknown,17,MI,409,0.027,513,0.028
M,1994,Unknown,5,MI,853,0.008,1890,0.004
M,1995,Unknown,5,MI,836,0.008,1195,0.009
M,1997,Uriah,11,MI,529,0.019,1143,0.01
M,1998,Uriah,5,MI,916,0.008,1981,0.004
M,1999,Ulysses,6,MI,847,0.01,1811,0.005
M,1999,Uriah,5,MI,948,0.008,2058,0.005
M,2000,Uriah,6,MI,848,0.01,1843,0.005
M,2000,Ulises,5,MI,948,0.008,2086,0.004
M,2001,Uriel,6,MI,862,0.01,1835,0.006
M,2002,Umar,6,MI,849,0.011,1814,0.006
M,2002,Usman,5,MI,974,0.009,2073,0.005
M,2003,Uriel,7,MI,800,0.012,1704,0.007
M,2003,Ulises,6,MI,892,0.011,1904,0.006
M,2003,Uriah,5,MI,1011,0.009,2181,0.005
M,2004,Uriel,9,MI,687,0.016,1451,0.009
M,2005,Ulises,7,MI,834,0.013,1738,0.007
M,2005,Uriel,7,MI,834,0.013,1738,0.007
M,2006,Ulises,7,MI,826,0.013,1750,0.007
M,2006,Uriah,5,MI,1068,0.009,2277,0.005
M,2007,Uriel,8,MI,778,0.015,1627,0.008
M,2007,Ulises,6,MI,943,0.011,1996,0.006
M,2008,Uriel,11,MI,624,0.021,1299,0.011
M,2008,Uriah,7,MI,862,0.014,1806,0.007
M,2008,Urijah,6,MI,947,0.012,1989,0.006
M,2008,Ulises,5,MI,1079,0.01,2256,0.005
M,2008,Ulysses,5,MI,1079,0.01,2256,0.005
M,2009,Urijah,21,MI,388,0.043,785,0.023
M,2009,Ulises,9,MI,700,0.018,1481,0.01
M,2009,Uriah,9,MI,700,0.018,1481,0.01
M,2009,Uriel,5,MI,1041,0.01,2231,0.005
M,2010,Urijah,11,MI,621,0.023,1295,0.012
M,2010,Uriah,10,MI,669,0.021,1378,0.011
M,2010,Uriel,8,MI,785,0.017,1619,0.009
M,2010,Ulises,6,MI,932,0.012,1951,0.007
M,2011,Urijah,10,MI,652,0.021,1351,0.011
M,2011,Uriah,8,MI,763,0.017,1602,0.009
M,2011,Umar,5,MI,1055,0.01,2220,0.006
M,2012,Uriah,9,MI,710,0.019,1477,0.01
M,2012,Urijah,7,MI,839,0.015,1746,0.008
M,2012,Ulises,5,MI,1020,0.01,2153,0.006
M,2013,Urijah,11,MI,616,0.023,1296,0.012
M,2013,Uriah,9,MI,705,0.019,1487,0.01
M,2013,Uriel,5,MI,1082,0.01,2250,0.006
M,2014,Uriah,19,MI,430,0.039,877,0.021
M,2014,Uriel,9,MI,731,0.018,1509,0.01
M,2014,Ulises,6,MI,959,0.012,1987,0.007
M,2014,Urijah,5,MI,1067,0.01,2248,0.005
M,2015,Uriah,9,MI,758,0.019,1541,0.01
M,2015,Uriel,5,MI,1077,0.01,2261,0.006
M,2016,Uriah,18,MI,457,0.038,930,0.02
M,2016,Urijah,5,MI,1098,0.01,2289,0.006
M,2017,Uriah,22,MI,392,0.047,796,0.025
M,2017,Urijah,5,MI,1105,0.011,2313,0.006
M,2018,Uriah,9,MI,742,0.02,1528,0.01
M,2018,Ulysses,7,MI,872,0.015,1812,0.008
M,2019,Uriah,14,MI,542,0.032,1111,0.017
M,2019,Umar,7,MI,869,0.016,1765,0.008
M,2019,Uriel,6,MI,960,0.014,1952,0.007
M,2019,Ulises,5,MI,1064,0.011,2203,0.006
M,2020,Uriah,10,MI,709,0.023,1413,0.012
M,2020,Uriel,5,MI,1087,0.012,2214,0.006
M,2020,Urijah,5,MI,1087,0.012,2214,0.006
M,2021,Uriah,15,MI,532,0.035,1068,0.018
M,2021,Uriel,7,MI,894,0.016,1794,0.009
M,2021,Unknown,5,MI,1130,0.012,1327,0.014
M,2022,Uriah,15,MI,524,0.036,1058,0.019
M,2022,Unknown,10,MI,704,0.024,1058,0.019
M,2022,Ulysses,6,MI,1002,0.014,1981,0.008
M,2022,Uriel,5,MI,1118,0.012,2226,0.006
M,2023,Unknown,13,MI,575,0.032,807,0.028
M,2023,Uriel,7,MI,899,0.017,1792,0.009
M,2023,Umar,5,MI,1115,0.012,2222,0.007
M,2024,Uriah,15,MI,528,0.038,1063,0.02
M,2024,Unknown,7,MI,870,0.018,1013,0.021
M,2024,Uriel,5,MI,1091,0.013,2208,0.007
M,2024,Usman,5,MI,1091,0.013,2208,0.007
M,2024,Uthman,5,MI,1091,0.013,2208,0.007
F,1913,Una,6,MO,340,0.035,597,0.019
F,1914,Una,7,MO,334,0.036,600,0.019
F,1914,Ursula,5,MO,403,0.026,718,0.014
F,1915,Ursula,7,MO,392,0.026,712,0.014
F,1916,Una,9,MO,356,0.031,641,0.017
F,1918,Una,9,MO,369,0.029,667,0.016
F,1918,Ula,6,MO,468,0.02,830,0.01
F,1918,Ursula,5,MO,515,0.016,909,0.009
F,1919,Una,11,MO,306,0.038,562,0.02
F,1920,Una,8,MO,383,0.026,702,0.014
F,1920,Ursula,5,MO,491,0.016,889,0.009
F,1921,Una,6,MO,451,0.019,817,0.01
F,1922,Una,12,MO,297,0.039,553,0.02
F,1923,Una,7,MO,416,0.023,748,0.012
F,1924,Una,10,MO,344,0.031,626,0.016
F,1925,Una,8,MO,398,0.026,689,0.013
F,1925,Uldine,5,MO,491,0.016,883,0.008
F,1929,Una,5,MO,447,0.018,783,0.009
F,1935,Una,5,MO,431,0.019,769,0.009
F,1936,Una,6,MO,400,0.023,704,0.012
F,1941,Una,5,MO,446,0.017,787,0.008
F,1949,Unknown,6,MO,472,0.015,813,0.007
F,1950,Unknown,6,MO,466,0.015,593,0.014
F,1952,Unknown,10,MO,379,0.024,676,0.012
F,1954,Unknown,8,MO,454,0.018,608,0.014
F,1956,Unknown,11,MO,380,0.025,524,0.019
F,1962,Ursula,6,MO,572,0.014,977,0.007
F,1964,Ursula,5,MO,630,0.013,1059,0.006
F,1967,Ursula,6,MO,540,0.018,919,0.009
F,1968,Ursula,6,MO,532,0.018,907,0.009
F,1970,Ursula,5,MO,619,0.014,1052,0.007
F,1971,Ursula,5,MO,648,0.015,1098,0.007
F,1976,Ursula,6,MO,542,0.02,932,0.01
F,1977,Ursula,6,MO,554,0.019,945,0.009
F,1989,Unknown,24,MO,219,0.074,258,0.064
F,1996,Unique,8,MO,526,0.027,939,0.012
F,1998,Unique,6,MO,688,0.02,1197,0.009
F,1999,Unique,5,MO,762,0.017,1338,0.008
F,2000,Unique,5,MO,771,0.017,1372,0.008
F,2001,Unique,5,MO,779,0.017,1396,0.008
F,2003,Unique,8,MO,586,0.028,1069,0.013
F,2005,Unique,10,MO,520,0.034,954,0.016
F,2008,Unique,7,MO,732,0.024,1355,0.011
F,2009,Unique,9,MO,604,0.032,1121,0.015
F,2012,Unique,5,MO,935,0.019,1660,0.009
F,2017,Unique,6,MO,820,0.023,1502,0.011
F,2018,Unique,6,MO,833,0.023,1514,0.011
F,2021,Unique,5,MO,947,0.02,1716,0.009
M,1917,Urban,8,MO,319,0.033,695,0.015
M,1918,Ulysses,7,MO,348,0.026,767,0.012
M,1918,Uel,5,MO,415,0.019,909,0.009
M,1919,Ulysses,5,MO,414,0.02,887,0.009
M,1920,Ulysses,5,MO,421,0.018,889,0.009
M,1922,Urban,5,MO,426,0.018,911,0.009
M,1923,Urban,8,MO,320,0.027,692,0.013
M,1924,Urban,8,MO,331,0.026,707,0.013
M,1932,Urban,5,MO,362,0.018,774,0.009
M,1935,Urban,8,MO,281,0.03,601,0.015
M,1946,Ulysses,5,MO,401,0.013,870,0.007
M,1950,Unknown,5,MO,397,0.012,593,0.014
M,1953,Unknown,5,MO,433,0.011,955,0.006
M,1954,Unknown,5,MO,444,0.011,608,0.014
M,1955,Unknown,9,MO,337,0.019,754,0.01
M,1956,Unknown,7,MO,396,0.015,524,0.019
M,1959,Unknown,5,MO,473,0.01,1066,0.005
M,1960,Ulysses,5,MO,470,0.01,1054,0.005
M,1989,Unknown,21,MO,227,0.056,258,0.064
M,1990,Uriah,5,MO,550,0.013,1218,0.007
M,1993,Uriah,5,MO,577,0.014,1252,0.008
M,1997,Uriah,7,MO,483,0.02,1036,0.011
M,2005,Uriel,6,MO,679,0.018,1403,0.01
M,2005,Uriah,5,MO,748,0.015,1586,0.008
M,2007,Uriah,8,MO,591,0.023,1217,0.012
M,2007,Uriel,6,MO,713,0.017,1476,0.009
M,2008,Uriah,12,MO,451,0.035,931,0.019
M,2008,Uriel,6,MO,732,0.017,1510,0.009
M,2009,Uriah,12,MO,454,0.036,903,0.02
M,2009,Urijah,7,MO,662,0.021,1353,0.011
M,2009,Uriel,5,MO,805,0.015,1688,0.008
M,2010,Uriah,10,MO,510,0.031,1024,0.017
M,2010,Urijah,5,MO,792,0.015,1670,0.008
M,2011,Uriah,16,MO,365,0.049,719,0.027
M,2011,Urijah,9,MO,546,0.028,1110,0.015
M,2012,Urijah,14,MO,403,0.044,813,0.024
M,2012,Uriah,11,MO,477,0.035,957,0.019
M,2012,Uriel,5,MO,789,0.016,1660,0.009
M,2013,Uriah,11,MO,493,0.035,986,0.019
M,2013,Urijah,10,MO,525,0.031,1055,0.017
M,2013,Uriel,7,MO,629,0.022,1314,0.012
M,2014,Uriah,14,MO,423,0.043,836,0.024
M,2015,Uriah,10,MO,520,0.032,1052,0.017
M,2015,Urijah,5,MO,817,0.016,1682,0.009
M,2016,Uriah,15,MO,414,0.047,807,0.026
M,2017,Uriah,11,MO,491,0.036,982,0.019
M,2017,Uriel,5,MO,840,0.016,1701,0.009
M,2018,Uriah,11,MO,499,0.036,989,0.019
M,2018,Uriel,5,MO,858,0.016,1743,0.009
M,2019,Uriah,8,MO,634,0.027,1273,0.014
M,2019,Uriel,8,MO,634,0.027,1273,0.014
M,2020,Uriah,6,MO,750,0.021,1505,0.011
M,2021,Uriah,7,MO,682,0.025,1367,0.013
M,2021,Uriel,5,MO,855,0.018,1716,0.009
M,2022,Uriah,7,MO,702,0.025,1377,0.013
M,2023,Uriah,8,MO,612,0.03,1225,0.016
M,2023,Uriel,8,MO,612,0.03,1225,0.016
M,2024,Uriah,13,MO,441,0.048,879,0.026
M,1961,Unknown,5,ID,226,0.069,473,0.037
M,2012,Uriah,6,ID,334,0.074,633,0.042
M,2014,Ulises,5,ID,397,0.06,752,0.034
M,2014,Uriah,5,ID,397,0.06,752,0.034
M,2017,Uriah,7,ID,314,0.089,576,0.049
M,2017,Uriel,5,ID,395,0.063,750,0.035
M,2019,Uriah,7,ID,296,0.09,562,0.05
M,2021,Uriel,5,ID,406,0.062,752,0.035
M,2023,Uriah,6,ID,354,0.076,661,0.042
F,1918,Ursula,5,NM,196,0.134,345,0.07
F,1919,Ursula,5,NM,178,0.154,330,0.078
F,1930,Ursula,5,NM,220,0.11,413,0.055
F,1943,Unknown,7,NM,197,0.114,366,0.056
F,1951,Unknown,6,NM,268,0.063,529,0.03
F,1962,Ursula,6,NM,341,0.052,653,0.024
F,1968,Ursula,5,NM,327,0.065,598,0.03
F,1971,Ursula,6,NM,315,0.071,579,0.033
F,1973,Ursula,10,NM,191,0.134,376,0.062
F,1975,Ursula,5,NM,350,0.065,645,0.03
F,1978,Ursula,6,NM,301,0.073,585,0.033
F,1979,Ursula,6,NM,309,0.069,588,0.032
F,1981,Ursula,6,NM,323,0.064,608,0.029
F,1988,Ursula,6,NM,322,0.064,611,0.029
F,1990,Ursula,5,NM,384,0.054,732,0.024
F,2001,Unique,5,NM,403,0.062,747,0.027
F,2005,Unique,5,NM,424,0.06,780,0.026
F,2006,Unique,6,NM,369,0.071,720,0.03
F,2007,Unique,6,NM,399,0.07,734,0.03
F,2008,Unique,7,NM,336,0.083,648,0.036
F,2009,Unique,9,NM,252,0.112,508,0.048
F,2010,Uma,5,NM,420,0.067,808,0.029
F,2011,Unique,6,NM,361,0.082,696,0.036
F,2012,Unique,6,NM,341,0.085,689,0.036
F,2014,Unique,6,NM,347,0.087,677,0.038
F,2016,Unique,7,NM,268,0.111,564,0.048
F,2017,Unique,5,NM,349,0.086,727,0.036
M,1920,Ubaldo,5,NM,165,0.136,349,0.067
M,1922,Ubaldo,5,NM,184,0.124,384,0.06
M,1983,Uriah,5,NM,343,0.043,700,0.024
M,1985,Uriah,5,NM,335,0.043,707,0.024
M,1988,Ulysses,5,NM,338,0.044,700,0.024
M,1990,Uriah,5,NM,361,0.044,732,0.024
M,1992,Uriah,6,NM,327,0.052,649,0.029
M,1993,Uriah,6,NM,320,0.052,659,0.029
M,1993,Uriel,5,NM,367,0.044,750,0.024
M,1996,Uriel,7,NM,296,0.065,577,0.036
M,1997,Uriah,6,NM,320,0.056,631,0.032
M,1998,Uriah,5,NM,361,0.046,735,0.026
M,1999,Uriel,10,NM,235,0.093,459,0.053
M,2002,Uriah,7,NM,308,0.066,613,0.037
M,2002,Uriel,7,NM,308,0.066,613,0.037
M,2003,Uriel,8,NM,275,0.076,544,0.043
M,2003,Uriah,6,NM,327,0.057,671,0.032
M,2004,Uriel,7,NM,302,0.064,610,0.037
M,2004,Ulises,5,NM,369,0.046,790,0.026
M,2004,Uriah,5,NM,369,0.046,790,0.026
M,2005,Uriel,17,NM,167,0.156,303,0.088
M,2006,Uriel,9,NM,265,0.079,515,0.045
M,2007,Uriel,11,NM,233,0.096,446,0.055
M,2007,Ulises,8,NM,288,0.07,571,0.04
M,2008,Uriah,12,NM,224,0.108,416,0.061
M,2008,Uriel,12,NM,224,0.108,416,0.061
M,2008,Urijah,9,NM,276,0.081,528,0.046
M,2008,Ulises,5,NM,421,0.045,866,0.025
M,2009,Urijah,20,NM,146,0.189,247,0.107
M,2009,Uriah,18,NM,164,0.17,281,0.097
M,2009,Uriel,13,NM,207,0.123,375,0.07
M,2009,Ulises,11,NM,230,0.104,425,0.059
M,2010,Uriah,17,NM,165,0.17,279,0.097
M,2010,Urijah,15,NM,183,0.15,309,0.086
M,2010,Uriel,14,NM,192,0.14,332,0.08
M,2010,Ulises,5,NM,400,0.05,808,0.029
M,2011,Uriah,16,NM,171,0.168,287,0.095
M,2011,Urijah,16,NM,171,0.168,287,0.095
M,2011,Uriel,9,NM,257,0.094,487,0.053
M,2012,Urijah,19,NM,146,0.196,242,0.113
M,2012,Uriah,15,NM,172,0.155,301,0.089
M,2012,Uriel,5,NM,403,0.052,795,0.03
M,2013,Uriah,15,NM,166,0.163,290,0.094
M,2013,Uriel,8,NM,277,0.087,515,0.05
M,2013,Urijah,5,NM,389,0.054,764,0.031
M,2014,Uriah,20,NM,127,0.22,216,0.125
M,2014,Urijah,9,NM,250,0.099,466,0.056
M,2014,Uriel,7,NM,308,0.077,590,0.044
M,2014,Uzziah,5,NM,386,0.055,782,0.031
M,2015,Uriah,14,NM,176,0.158,296,0.091
M,2015,Uriel,9,NM,262,0.102,470,0.058
M,2015,Urijah,8,NM,281,0.09,520,0.052
M,2015,Ulises,7,NM,314,0.079,581,0.045
M,2016,Uriah,16,NM,151,0.191,262,0.109
M,2016,Uriel,7,NM,299,0.084,564,0.048
M,2016,Urijah,6,NM,332,0.072,640,0.041
M,2017,Uriah,17,NM,130,0.21,215,0.122
M,2017,Uriel,11,NM,200,0.136,363,0.079
M,2017,Urijah,5,NM,390,0.062,727,0.036
M,2018,Uriel,10,NM,222,0.131,395,0.074
M,2018,Uriah,9,NM,241,0.118,440,0.067
M,2019,Uriah,14,NM,155,0.184,266,0.106
M,2019,Uriel,7,NM,306,0.092,547,0.053
M,2020,Uriel,9,NM,239,0.124,415,0.072
M,2020,Uriah,7,NM,291,0.096,513,0.056
M,2021,Uriel,10,NM,221,0.143,375,0.083
M,2021,Uriah,9,NM,243,0.128,415,0.075
M,2022,Uriel,9,NM,228,0.135,397,0.078
M,2022,Uriah,8,NM,252,0.12,438,0.069
M,2022,Urijah,5,NM,357,0.075,665,0.043
M,2023,Uriel,9,NM,211,0.145,390,0.082
M,2023,Uriah,5,NM,342,0.08,650,0.046
M,2024,Uriah,15,NM,134,0.233,232,0.132
M,2024,Uriel,8,NM,249,0.124,448,0.071
F,1919,Umeno,5,HI,165,0.175,276,0.1
F,1973,Uilani,6,HI,222,0.132,420,0.058
F,1977,Uilani,6,HI,227,0.129,442,0.055
F,1979,Uilani,5,HI,279,0.105,535,0.045
F,1981,Uilani,9,HI,147,0.185,312,0.077
F,1982,Uilani,6,HI,237,0.117,470,0.05
F,1984,Uilani,5,HI,279,0.095,528,0.041
F,1987,Uilani,6,HI,208,0.124,422,0.052
F,1988,Uilani,6,HI,219,0.121,432,0.051
F,1990,Uilani,5,HI,279,0.092,542,0.039
F,1995,Uilani,5,HI,258,0.114,503,0.048
M,2008,Urijah,7,HI,191,0.14,353,0.082
M,2008,Uriah,6,HI,222,0.12,410,0.07
M,2009,Urijah,7,HI,180,0.152,349,0.088
M,2010,Uriah,8,HI,180,0.167,310,0.1
M,2010,Urijah,8,HI,180,0.167,310,0.1
M,2011,Urijah,12,HI,118,0.25,199,0.147
M,2011,Uriah,5,HI,270,0.104,508,0.061
M,2012,Uriah,9,HI,158,0.193,281,0.112
M,2012,Urijah,8,HI,174,0.171,315,0.099
M,2013,Uriah,6,HI,241,0.124,409,0.074
M,2014,Urijah,8,HI,185,0.169,317,0.101
M,2015,Uriah,10,HI,134,0.222,241,0.126
M,2015,Urijah,6,HI,234,0.133,417,0.076
M,2016,Urijah,7,HI,208,0.152,365,0.091
M,2017,Uriah,10,HI,131,0.236,218,0.14
M,2023,Uriah,5,HI,211,0.164,378,0.094
M,2024,Uriah,5,HI,213,0.176,379,0.099
F,1923,Una,5,IA,387,0.023,689,0.012
F,1924,Una,6,IA,353,0.027,637,0.014
F,1995,Unkown,10,IA,240,0.071,276,0.075
F,1996,Unkown,9,IA,288,0.063,369,0.052
F,1997,Unkown,8,IA,308,0.058,344,0.057
F,1998,Unkown,8,IA,326,0.057,293,0.072
F,1999,Unknown,8,IA,335,0.058,423,0.046
F,1999,Unkown,6,IA,399,0.044,470,0.04
F,2000,Unknown,19,IA,173,0.134,198,0.13
F,2001,Unknown,10,IA,281,0.073,535,0.034
F,2002,Unknown,5,IA,480,0.037,463,0.044
F,2003,Unknown,6,IA,441,0.044,805,0.02
M,1913,Urban,5,IA,235,0.055,503,0.025
M,1916,Urban,6,IA,289,0.033,634,0.015
M,1919,Urban,7,IA,267,0.038,576,0.018
M,1920,Urban,6,IA,308,0.029,651,0.014
M,1922,Urban,5,IA,321,0.024,703,0.012
M,1923,Urban,11,IA,220,0.053,456,0.026
M,1924,Urban,6,IA,296,0.029,637,0.014
M,1995,Unkown,13,IA,189,0.08,276,0.075
M,1996,Unkown,7,IA,303,0.042,369,0.052
M,1997,Unkown,9,IA,262,0.055,344,0.057
M,1998,Unkown,14,IA,203,0.086,293,0.072
M,1999,Unknown,6,IA,362,0.036,423,0.046
M,1999,Unkown,6,IA,362,0.036,470,0.04
M,2000,Unknown,21,IA,172,0.126,198,0.13
M,2002,Unknown,8,IA,320,0.049,463,0.044
M,2002,Uriel,6,IA,381,0.037,792,0.02
M,2004,Unknown,5,IA,444,0.031,936,0.017
M,2007,Uriel,5,IA,483,0.03,1012,0.016
M,2010,Ulises,6,IA,444,0.039,909,0.021
M,2010,Uriah,6,IA,444,0.039,909,0.021
M,2011,Urijah,7,IA,397,0.047,799,0.025
M,2011,Uriah,6,IA,436,0.04,881,0.022
M,2012,Uriah,6,IA,468,0.04,933,0.022
M,2013,Uriah,10,IA,330,0.066,643,0.036
M,2014,Uriah,8,IA,415,0.051,791,0.028
M,2014,Urijah,5,IA,544,0.032,1081,0.017
M,2015,Uriah,6,IA,505,0.038,996,0.021
M,2016,Uriah,9,IA,377,0.059,726,0.032
M,2018,Uriah,7,IA,441,0.049,859,0.026
M,2019,Uriah,6,IA,487,0.042,961,0.023
M,2019,Uriel,6,IA,487,0.042,961,0.023
M,2020,Uriah,6,IA,495,0.044,935,0.024
M,2022,Uriah,6,IA,522,0.043,986,0.024
M,2024,Uriel,10,IA,363,0.073,657,0.04
M,2024,Uriah,6,IA,503,0.044,973,0.024
F,1946,Unknown,6,CO,282,0.047,513,0.023
F,1948,Unknown,7,CO,279,0.048,357,0.043
F,1964,Ursula,5,CO,468,0.028,822,0.013
F,1967,Ursula,7,CO,355,0.046,625,0.021
F,1970,Ursula,6,CO,435,0.035,760,0.016
F,1972,Ursula,6,CO,409,0.038,732,0.018
F,1973,Ursula,6,CO,427,0.038,736,0.018
F,1975,Ursula,7,CO,382,0.044,680,0.02
F,1981,Ursula,6,CO,498,0.029,851,0.013
F,1998,Unique,6,CO,653,0.027,1136,0.012
F,1999,Unique,8,CO,539,0.035,963,0.016
F,2000,Unique,6,CO,701,0.025,1218,0.011
F,2001,Unique,5,CO,814,0.02,1396,0.009
F,2002,Unique,5,CO,825,0.02,1438,0.009
F,2003,Unique,6,CO,735,0.024,1306,0.011
F,2005,Unique,6,CO,756,0.024,1334,0.011
F,2009,Unique,5,CO,921,0.021,1611,0.01
F,2014,Unique,6,CO,783,0.026,1439,0.012
F,2020,Unique,5,CO,857,0.023,1583,0.011
M,1944,Unknown,5,CO,239,0.044,503,0.023
M,1948,Unknown,6,CO,259,0.038,357,0.043
M,1953,Unknown,6,CO,287,0.033,626,0.017
M,1954,Unknown,5,CO,314,0.026,698,0.014
M,1957,Unknown,5,CO,351,0.024,768,0.013
M,1977,Uriah,5,CO,384,0.025,846,0.014
M,1978,Uriah,6,CO,344,0.03,747,0.016
M,1981,Uriah,8,CO,310,0.034,692,0.018
M,1982,Uriah,6,CO,386,0.024,870,0.013
M,1987,Uriah,5,CO,431,0.02,960,0.011
M,1991,Uriah,7,CO,398,0.029,846,0.016
M,1992,Uriah,6,CO,446,0.024,964,0.013
M,1992,Uriel,6,CO,446,0.024,964,0.013
M,1993,Uriah,6,CO,450,0.025,963,0.013
M,1994,Uriel,8,CO,381,0.033,801,0.018
M,1995,Uriah,5,CO,509,0.02,1106,0.011
M,1996,Uriah,5,CO,544,0.02,1170,0.011
M,1996,Uriel,5,CO,544,0.02,1170,0.011
M,1997,Uriel,11,CO,348,0.044,695,0.024
M,1998,Uriel,15,CO,303,0.057,616,0.031
M,1998,Ulises,7,CO,470,0.027,1012,0.014
M,1999,Uriel,17,CO,293,0.062,579,0.034
M,1999,Ulises,7,CO,492,0.026,1065,0.014
M,1999,Uriah,6,CO,542,0.022,1178,0.012
M,2000,Uriel,18,CO,292,0.063,579,0.034
M,2000,Ulises,7,CO,508,0.025,1111,0.013
M,2001,Uriel,18,CO,304,0.062,603,0.034
M,2001,Ulises,14,CO,346,0.048,715,0.026
M,2001,Ulysses,5,CO,628,0.017,1396,0.009
M,2002,Uriel,25,CO,246,0.083,484,0.046
M,2002,Ulises,19,CO,297,0.063,597,0.035
M,2002,Uriah,6,CO,593,0.02,1280,0.011
M,2003,Uriel,18,CO,298,0.059,605,0.032
M,2003,Uriah,6,CO,609,0.02,1306,0.011
M,2003,Ulises,5,CO,669,0.017,1479,0.009
M,2003,Ulysses,5,CO,669,0.017,1479,0.009
M,2004,Ulises,14,CO,358,0.047,741,0.026
M,2004,Uriel,12,CO,401,0.041,824,0.022
M,2005,Uriel,23,CO,273,0.077,534,0.042
M,2005,Ulises,13,CO,384,0.043,785,0.024
M,2005,Uriah,8,CO,515,0.027,1098,0.015
M,2005,Ulysses,5,CO,701,0.017,1533,0.009
M,2006,Uriel,24,CO,269,0.079,521,0.043
M,2006,Ulises,13,CO,382,0.043,808,0.023
M,2006,Uriah,11,CO,428,0.036,909,0.02
M,2006,Ulysses,7,CO,588,0.023,1264,0.013
M,2007,Uriel,28,CO,249,0.093,459,0.051
M,2007,Ulises,10,CO,477,0.033,993,0.018
M,2007,Uriah,8,CO,557,0.027,1161,0.015
M,2007,Ulices,5,CO,723,0.017,1581,0.009
M,2008,Uriel,19,CO,325,0.064,639,0.035
M,2008,Uriah,16,CO,370,0.054,728,0.03
M,2008,Ulises,9,CO,519,0.03,1087,0.017
M,2008,Urijah,7,CO,608,0.024,1294,0.013
M,2009,Uriah,18,CO,328,0.063,639,0.034
M,2009,Uriel,18,CO,328,0.063,639,0.034
M,2009,Ulises,12,CO,426,0.042,874,0.023
M,2009,Urijah,8,CO,560,0.028,1149,0.015
M,2009,Ulysses,7,CO,605,0.024,1265,0.013
M,2009,Uziel,5,CO,743,0.017,1611,0.01
M,2010,Uriah,20,CO,308,0.073,589,0.04
M,2010,Ulises,18,CO,327,0.065,636,0.036
M,2010,Uriel,13,CO,392,0.047,798,0.026
M,2010,Urijah,12,CO,419,0.044,856,0.024
M,2010,Ulysses,9,CO,506,0.033,1044,0.018
M,2011,Uriah,17,CO,337,0.063,657,0.034
M,2011,Urijah,12,CO,413,0.044,842,0.024
M,2011,Ulises,9,CO,493,0.033,1030,0.018
M,2011,Ulysses,7,CO,582,0.026,1220,0.014
M,2011,Uriel,7,CO,582,0.026,1220,0.014
M,2012,Uriah,21,CO,298,0.077,569,0.042
M,2012,Uriel,12,CO,424,0.044,848,0.024
M,2012,Urijah,12,CO,424,0.044,848,0.024
M,2012,Ulysses,7,CO,600,0.026,1258,0.014
M,2012,Ulises,6,CO,677,0.022,1412,0.012
M,2013,Uriah,19,CO,312,0.071,594,0.038
M,2013,Urijah,16,CO,349,0.06,683,0.032
M,2013,Uriel,11,CO,447,0.041,897,0.022
M,2013,Ulysses,6,CO,672,0.022,1403,0.012
M,2014,Uriah,25,CO,264,0.092,482,0.049
M,2014,Uriel,19,CO,320,0.07,612,0.038
M,2014,Urijah,14,CO,399,0.051,766,0.028
M,2014,Ulises,8,CO,570,0.029,1155,0.016
M,2014,Ulysses,7,CO,620,0.026,1275,0.014
M,2015,Uriah,16,CO,378,0.058,712,0.031
M,2015,Urijah,15,CO,397,0.054,750,0.029
M,2015,Uriel,12,CO,458,0.043,885,0.024
M,2015,Ulises,8,CO,588,0.029,1161,0.016
M,2015,Ulysses,7,CO,636,0.025,1284,0.014
M,2016,Uriel,17,CO,359,0.062,685,0.033
M,2016,Uriah,12,CO,466,0.044,910,0.023
M,2016,Urijah,6,CO,698,0.022,1440,0.012
M,2017,Uriah,21,CO,303,0.079,555,0.043
M,2017,Uriel,18,CO,345,0.068,638,0.037
M,2017,Urijah,5,CO,758,0.019,1604,0.01
M,2018,Uriah,15,CO,385,0.058,727,0.031
M,2018,Uriel,10,CO,502,0.039,988,0.021
M,2018,Ulises,7,CO,634,0.027,1267,0.015
M,2018,Ulysses,5,CO,771,0.019,1607,0.01
M,2018,Urijah,5,CO,771,0.019,1607,0.01
M,2019,Uriah,17,CO,348,0.066,667,0.036
M,2019,Uriel,15,CO,383,0.058,725,0.031
M,2019,Ulises,6,CO,699,0.023,1407,0.013
M,2019,Ulysses,6,CO,699,0.023,1407,0.013
M,2020,Uriel,16,CO,362,0.064,682,0.034
M,2020,Uriah,12,CO,452,0.048,869,0.026
M,2020,Ulises,6,CO,715,0.024,1424,0.013
M,2021,Uriel,18,CO,346,0.07,646,0.038
M,2021,Uriah,12,CO,467,0.046,896,0.025
M,2021,Ulises,10,CO,513,0.039,1008,0.021
M,2021,Ulysses,8,CO,592,0.031,1194,0.017
M,2021,Uziel,8,CO,592,0.031,1194,0.017
M,2021,Unknown,6,CO,723,0.023,1435,0.013
M,2021,Ulices,5,CO,805,0.019,1615,0.01
M,2022,Uriel,12,CO,455,0.047,873,0.025
M,2022,Uriah,10,CO,514,0.039,1007,0.021
M,2022,Ulysses,6,CO,716,0.024,1430,0.013
M,2023,Uriel,10,CO,518,0.04,1004,0.022
M,2023,Ulysses,8,CO,610,0.032,1175,0.017
M,2023,Uriah,8,CO,610,0.032,1175,0.017
M,2023,Ulises,7,CO,660,0.028,1289,0.015
M,2024,Uriel,16,CO,375,0.061,718,0.033
M,2024,Uriah,13,CO,439,0.05,845,0.027
M,2024,Ulysses,7,CO,687,0.027,1333,0.014
M,2024,Ulises,6,CO,744,0.023,1469,0.012
M,2024,Uziel,5,CO,839,0.019,1668,0.01
F,1910,Ursula,6,NY,371,0.019,592,0.012
F,1911,Ursula,5,NY,427,0.013,729,0.008
F,1912,Ursula,12,NY,324,0.024,587,0.013
F,1913,Ursula,12,NY,346,0.022,630,0.012
F,1914,Ursula,16,NY,327,0.022,611,0.012
F,1914,Una,8,NY,460,0.011,846,0.006
F,1915,Ursula,28,NY,287,0.031,519,0.016
F,1915,Una,7,NY,563,0.008,1030,0.004
F,1916,Ursula,22,NY,333,0.023,603,0.013
F,1916,Una,11,NY,444,0.012,822,0.006
F,1917,Ursula,18,NY,371,0.019,684,0.01
F,1917,Una,7,NY,565,0.007,1049,0.004
F,1918,Ursula,23,NY,332,0.023,615,0.012
F,1918,Una,8,NY,546,0.008,994,0.004
F,1919,Ursula,18,NY,358,0.019,664,0.01
F,1919,Una,8,NY,525,0.008,947,0.004
F,1920,Ursula,29,NY,292,0.029,539,0.015
F,1920,Una,5,NY,664,0.005,1223,0.003
F,1921,Ursula,21,NY,356,0.021,651,0.011
F,1921,Una,8,NY,536,0.008,990,0.004
F,1922,Ursula,22,NY,346,0.022,632,0.011
F,1923,Ursula,24,NY,323,0.024,593,0.012
F,1924,Ursula,23,NY,342,0.023,622,0.012
F,1925,Ursula,20,NY,366,0.02,663,0.01
F,1925,Una,11,NY,483,0.011,867,0.006
F,1926,Ursula,24,NY,331,0.024,600,0.012
F,1927,Ursula,30,NY,305,0.03,547,0.015
F,1927,Uldine,8,NY,587,0.008,1033,0.004
F,1927,Una,7,NY,615,0.007,1085,0.004
F,1928,Ursula,24,NY,342,0.024,617,0.012
F,1928,Una,7,NY,607,0.007,1098,0.004
F,1929,Ursula,33,NY,281,0.034,514,0.017
F,1929,Una,7,NY,596,0.007,1060,0.004
F,1930,Ursula,31,NY,288,0.032,518,0.016
F,1930,Una,6,NY,662,0.006,1176,0.003
F,1931,Ursula,17,NY,371,0.019,673,0.009
F,1931,Una,11,NY,466,0.012,846,0.006
F,1932,Ursula,22,NY,339,0.025,605,0.012
F,1932,Una,5,NY,676,0.006,1212,0.003
F,1933,Ursula,22,NY,321,0.027,583,0.013
F,1933,Una,10,NY,474,0.012,856,0.006
F,1934,Ursula,28,NY,282,0.034,505,0.017
F,1935,Ursula,34,NY,263,0.041,471,0.02
F,1935,Una,6,NY,605,0.007,1062,0.004
F,1936,Ursula,17,NY,371,0.021,662,0.01
F,1936,Una,5,NY,659,0.006,1160,0.003
F,1937,Ursula,19,NY,349,0.023,628,0.011
F,1937,Una,11,NY,466,0.013,827,0.007
F,1938,Ursula,19,NY,360,0.022,634,0.011
F,1939,Ursula,30,NY,285,0.035,504,0.017
F,1939,Una,6,NY,642,0.007,1110,0.003
F,1940,Ursula,17,NY,396,0.019,690,0.009
F,1940,Una,8,NY,574,0.009,986,0.004
F,1941,Ursula,27,NY,315,0.028,561,0.014
F,1942,Ursula,17,NY,434,0.015,768,0.007
F,1943,Ursula,16,NY,453,0.014,790,0.007
F,1944,Ursula,22,NY,382,0.021,666,0.01
F,1945,Ursula,19,NY,422,0.018,717,0.009
F,1946,Ursula,27,NY,381,0.02,667,0.01
F,1947,Ursula,12,NY,642,0.008,1074,0.004
F,1947,Una,5,NY,1006,0.003,1613,0.002
F,1948,Ursula,12,NY,639,0.008,1061,0.004
F,1948,Una,5,NY,989,0.004,1595,0.002
F,1949,Ursula,10,NY,707,0.007,1184,0.003
F,1950,Ursula,12,NY,650,0.008,1106,0.004
F,1951,Ursula,16,NY,580,0.011,971,0.005
F,1952,Ursula,11,NY,703,0.007,1192,0.003
F,1953,Ursula,15,NY,619,0.01,1047,0.005
F,1953,Una,5,NY,1087,0.003,1781,0.002
F,1954,Ursula,22,NY,527,0.014,903,0.007
F,1955,Ursula,20,NY,573,0.012,964,0.006
F,1956,Ursula,21,NY,573,0.013,975,0.006
F,1957,Ursula,20,NY,598,0.012,1033,0.006
F,1958,Ursula,10,NY,882,0.006,1475,0.003
F,1958,Una,6,NY,1163,0.004,1878,0.002
F,1959,Ursula,17,NY,675,0.01,1151,0.005
F,1959,Una,5,NY,1288,0.003,2095,0.001
F,1960,Ursula,21,NY,607,0.013,1041,0.006
F,1960,Una,5,NY,1296,0.003,2116,0.001
F,1961,Ursula,28,NY,537,0.017,932,0.008
F,1961,Una,5,NY,1333,0.003,2151,0.001
F,1962,Ursula,27,NY,549,0.017,942,0.008
F,1962,Una,11,NY,878,0.007,1467,0.003
F,1963,Ursula,25,NY,581,0.015,985,0.007
F,1963,Una,5,NY,1341,0.003,2184,0.001
F,1964,Ursula,32,NY,510,0.02,869,0.01
F,1964,Una,6,NY,1258,0.004,2043,0.002
F,1965,Ursula,40,NY,436,0.026,750,0.013
F,1965,Una,8,NY,1052,0.005,1722,0.003
F,1966,Ursula,32,NY,488,0.022,841,0.011
F,1966,Una,6,NY,1267,0.004,2024,0.002
F,1967,Ursula,46,NY,405,0.033,697,0.016
F,1968,Ursula,30,NY,504,0.022,869,0.011
F,1968,Una,7,NY,1178,0.005,1882,0.002
F,1969,Ursula,35,NY,489,0.025,837,0.012
F,1970,Ursula,22,NY,647,0.016,1118,0.007
F,1970,Una,12,NY,934,0.008,1550,0.004
F,1971,Ursula,28,NY,535,0.022,948,0.011
F,1971,Una,5,NY,1552,0.004,2501,0.002
F,1972,Ursula,30,NY,497,0.027,854,0.013
F,1973,Ursula,19,NY,638,0.018,1100,0.009
F,1974,Ursula,19,NY,635,0.018,1106,0.009
F,1974,Una,5,NY,1552,0.005,2490,0.002
F,1975,Ursula,21,NY,605,0.021,1052,0.01
F,1975,Unique,6,NY,1401,0.006,2274,0.003
F,1976,Ursula,26,NY,532,0.026,927,0.012
F,1976,Unique,5,NY,1605,0.005,2594,0.002
F,1977,Ursula,19,NY,661,0.019,1140,0.009
F,1977,Unique,11,NY,964,0.011,1608,0.005
F,1978,Ursula,13,NY,850,0.013,1425,0.006
F,1978,Unique,5,NY,1604,0.005,1669,0.005
F,1979,Unique,22,NY,599,0.022,1032,0.01
F,1979,Ursula,12,NY,914,0.012,1487,0.006
F,1980,Unique,12,NY,901,0.012,1500,0.006
F,1980,Ursula,6,NY,1434,0.006,2326,0.003
F,1981,Unique,15,NY,777,0.015,1307,0.007
F,1981,Ursula,15,NY,777,0.015,1307,0.007
F,1982,Ursula,12,NY,888,0.012,1493,0.005
F,1982,Unique,10,NY,1010,0.01,1294,0.007
F,1983,Unique,12,NY,901,0.012,1161,0.008
F,1983,Ursula,8,NY,1187,0.008,1940,0.004
F,1983,Uniqua,5,NY,1586,0.005,2592,0.002
F,1984,Ursula,16,NY,739,0.015,1261,0.007
F,1984,Unique,10,NY,992,0.01,1182,0.008
F,1984,Una,5,NY,1657,0.005,2663,0.002
F,1985,Ursula,10,NY,1057,0.009,1775,0.004
F,1985,Unique,9,NY,1131,0.008,1882,0.004
F,1986,Unique,7,NY,1380,0.006,2260,0.003
F,1986,Ursula,6,NY,1538,0.006,2491,0.003
F,1987,Unique,7,NY,1406,0.006,1357,0.007
F,1987,Unknown,7,NY,1406,0.006,1641,0.005
F,1987,Ursula,7,NY,1406,0.006,2308,0.003
F,1988,Unique,13,NY,924,0.011,1117,0.009
F,1989,Unique,22,NY,674,0.019,916,0.013
F,1989,Uniqua,8,NY,1373,0.007,2314,0.003
F,1989,Ursula,7,NY,1497,0.006,2510,0.003
F,1990,Unique,14,NY,958,0.011,1671,0.005
F,1990,Ursula,7,NY,1548,0.006,2607,0.003
F,1990,Unknown,6,NY,1702,0.005,1926,0.004
F,1991,Unique,17,NY,837,0.014,1113,0.01
F,1991,Ursula,6,NY,1743,0.005,2899,0.002
F,1992,Unique,23,NY,683,0.02,850,0.015
F,1992,Uniqua,6,NY,1734,0.005,2933,0.002
F,1992,Ursula,6,NY,1734,0.005,2933,0.002
F,1992,Unknown,5,NY,1981,0.004,1745,0.005
F,1993,Unique,16,NY,873,0.014,1534,0.007
F,1993,Unknown,8,NY,1432,0.007,1215,0.01
F,1993,Ursula,6,NY,1733,0.005,2912,0.002
F,1994,Unique,18,NY,797,0.016,930,0.014
F,1994,Unknown,8,NY,1427,0.007,2429,0.003
F,1994,Uniqua,5,NY,1979,0.004,3333,0.002
F,1995,Unique,16,NY,843,0.015,1025,0.013
F,1995,Una,6,NY,1706,0.006,2920,0.003
F,1995,Ursula,6,NY,1706,0.006,2920,0.003
F,1996,Unique,28,NY,563,0.027,744,0.021
F,1996,Unknown,6,NY,1716,0.006,1583,0.007
F,1997,Unique,29,NY,538,0.029,772,0.019
F,1998,Unique,16,NY,843,0.016,1040,0.013
F,1998,Ursula,8,NY,1405,0.008,2479,0.004
F,1998,Uma,5,NY,1976,0.005,3414,0.002
F,1998,Una,5,NY,1976,0.005,3414,0.002
F,1999,Unique,16,NY,867,0.016,1043,0.013
F,1999,Uma,5,NY,2004,0.005,3443,0.002
F,2000,Unique,12,NY,1074,0.012,1204,0.011
F,2000,Uma,9,NY,1354,0.009,2380,0.004
F,2000,Una,9,NY,1354,0.009,2380,0.004
F,2000,Ursula,7,NY,1622,0.007,2830,0.003
F,2001,Unique,21,NY,718,0.021,892,0.017
F,2001,Uma,5,NY,2098,0.005,3614,0.002
F,2002,Unique,11,NY,1163,0.011,1147,0.012
F,2003,Unique,16,NY,893,0.016,1147,0.012
F,2003,Uma,7,NY,1651,0.007,2866,0.003
F,2003,Ursula,7,NY,1651,0.007,2866,0.003
F,2004,Unique,12,NY,1114,0.012,1284,0.011
F,2004,Uma,7,NY,1676,0.007,2902,0.003
F,2005,Uma,12,NY,1127,0.013,2004,0.006
F,2005,Unique,9,NY,1393,0.009,1395,0.01
F,2005,Una,6,NY,1854,0.006,3262,0.003
F,2006,Uma,17,NY,903,0.018,1620,0.008
F,2006,Unique,12,NY,1170,0.012,1433,0.01
F,2006,Una,6,NY,1944,0.006,3381,0.003
F,2007,Unique,16,NY,959,0.016,1371,0.011
F,2007,Uma,9,NY,1459,0.009,2598,0.004
F,2007,Ursula,6,NY,1976,0.006,3431,0.003
F,2007,Una,5,NY,2254,0.005,3907,0.002
F,2008,Unique,11,NY,1288,0.012,1427,0.01
F,2008,Uma,7,NY,1801,0.007,3138,0.003
F,2008,Una,6,NY,2016,0.006,3484,0.003
F,2009,Unique,13,NY,1114,0.014,2035,0.006
F,2009,Una,8,NY,1613,0.008,2853,0.004
F,2009,Uma,7,NY,1788,0.007,3132,0.003
F,2009,Ursula,7,NY,1788,0.007,3132,0.003
F,2010,Unique,11,NY,1273,0.012,1741,0.008
F,2010,Uma,6,NY,1960,0.006,3489,0.003
F,2010,Una,6,NY,1960,0.006,3489,0.003
F,2011,Uma,8,NY,1596,0.009,2840,0.004
F,2011,Unique,6,NY,1953,0.006,3421,0.003
F,2011,Unknown,6,NY,1953,0.006,3421,0.003
F,2011,Una,5,NY,2209,0.005,3860,0.003
F,2012,Uma,16,NY,978,0.017,1760,0.008
F,2012,Unique,12,NY,1210,0.013,1679,0.009
F,2012,Una,5,NY,2241,0.005,3911,0.003
F,2013,Udy,8,NY,1554,0.009,2782,0.004
F,2013,Uma,7,NY,1717,0.008,3048,0.004
F,2013,Unique,6,NY,1904,0.007,2016,0.007
F,2014,Uma,12,NY,1208,0.013,2169,0.006
F,2014,Udy,9,NY,1480,0.01,2620,0.005
F,2014,Unique,8,NY,1600,0.009,2821,0.004
F,2014,Umme,7,NY,1755,0.008,3101,0.004
F,2014,Una,6,NY,1930,0.006,3407,0.003
F,2015,Unique,9,NY,1491,0.01,1942,0.007
F,2015,Uma,8,NY,1613,0.009,2884,0.004
F,2015,Una,7,NY,1762,0.008,3152,0.004
F,2016,Uma,7,NY,1732,0.008,3067,0.004
F,2016,Una,7,NY,1732,0.008,3067,0.004
F,2017,Uma,12,NY,1195,0.014,2142,0.006
F,2017,Umaiza,8,NY,1590,0.009,2818,0.004
F,2017,Una,7,NY,1719,0.008,3053,0.004
F,2017,Umme,6,NY,1908,0.007,3350,0.003
F,2017,Unique,5,NY,2143,0.006,3778,0.003
F,2018,Udy,13,NY,1111,0.015,1987,0.007
F,2018,Uma,10,NY,1336,0.012,2415,0.005
F,2018,Una,8,NY,1568,0.009,2818,0.004
F,2018,Umaima,5,NY,2174,0.006,3801,0.003
F,2019,Una,10,NY,1330,0.012,2409,0.006
F,2019,Uma,9,NY,1449,0.011,2601,0.005
F,2019,Udy,8,NY,1571,0.009,2803,0.004
F,2019,Unique,5,NY,2113,0.006,3733,0.003
F,2020,Uma,14,NY,1012,0.018,1848,0.008
F,2020,Udy,11,NY,1220,0.014,2207,0.007
F,2020,Umme,7,NY,1650,0.009,2944,0.004
F,2020,Una,7,NY,1650,0.009,2944,0.004
F,2021,Udy,15,NY,972,0.018,1792,0.009
F,2021,Uma,11,NY,1226,0.014,2218,0.006
F,2021,Unique,7,NY,1674,0.009,3015,0.004
F,2021,Una,6,NY,1876,0.007,3344,0.004
F,2021,Umaiza,5,NY,2089,0.006,3738,0.003
F,2022,Umaiza,14,NY,1036,0.017,1878,0.008
F,2022,Una,11,NY,1234,0.014,2238,0.007
F,2022,Udy,8,NY,1523,0.01,2750,0.005
F,2022,Uma,7,NY,1660,0.009,3007,0.004
F,2022,Unique,6,NY,1863,0.007,3334,0.004
F,2023,Uma,10,NY,1318,0.013,2397,0.006
F,2023,Una,6,NY,1816,0.008,3273,0.004
F,2023,Unique,6,NY,1816,0.008,2118,0.007
F,2023,Ursula,6,NY,1816,0.008,3273,0.004
F,2024,Una,10,NY,1320,0.013,2431,0.006
F,2024,Uma,6,NY,1827,0.008,3347,0.004
M,1912,Umberto,8,NY,332,0.019,706,0.009
M,1914,Umberto,6,NY,479,0.009,981,0.004
M,1915,Umberto,15,NY,324,0.019,702,0.009
M,1915,Ulysses,6,NY,522,0.008,1101,0.004
M,1916,Umberto,12,NY,370,0.015,790,0.007
M,1916,Ulysses,6,NY,537,0.007,1106,0.003
M,1917,Umberto,6,NY,544,0.007,1119,0.003
M,1918,Urban,7,NY,505,0.008,1071,0.004
M,1918,Umberto,5,NY,592,0.006,1249,0.003
M,1921,Urban,7,NY,499,0.008,1054,0.004
M,1922,Umberto,7,NY,505,0.008,1052,0.004
M,1922,Ulysses,6,NY,556,0.006,1145,0.003
M,1924,Umberto,10,NY,439,0.01,933,0.005
M,1924,Ulysses,7,NY,509,0.007,1085,0.004
M,1924,Urban,7,NY,509,0.007,1085,0.004
M,1925,Umberto,6,NY,553,0.006,1145,0.003
M,1926,Umberto,5,NY,625,0.005,1265,0.003
M,1927,Umberto,9,NY,458,0.009,976,0.005
M,1928,Umberto,8,NY,505,0.008,1039,0.004
M,1930,Umberto,10,NY,433,0.01,918,0.005
M,1930,Ulysses,8,NY,491,0.008,1023,0.004
M,1931,Ulysses,6,NY,537,0.007,1116,0.003
M,1931,Umberto,5,NY,597,0.006,1217,0.003
M,1932,Ulysses,8,NY,470,0.009,982,0.005
M,1932,Umberto,8,NY,470,0.009,982,0.005
M,1935,Ulysses,5,NY,547,0.006,1156,0.003
M,1946,Ulysses,5,NY,640,0.004,1489,0.002
M,1947,Ulysses,6,NY,632,0.004,1480,0.002
M,1948,Ulysses,8,NY,536,0.005,1278,0.003
M,1949,Ulysses,8,NY,563,0.005,1319,0.003
M,1950,Ulysses,5,NY,699,0.003,1643,0.002
M,1952,Ulysses,5,NY,738,0.003,1744,0.002
M,1953,Ulysses,7,NY,662,0.004,1506,0.002
M,1955,Ulysses,6,NY,747,0.003,1732,0.002
M,1955,Umberto,5,NY,841,0.003,1907,0.001
M,1956,Ulysses,14,NY,511,0.008,1195,0.004
M,1956,Umberto,6,NY,779,0.003,1787,0.002
M,1957,Ulysses,8,NY,681,0.004,1572,0.002
M,1958,Ulysses,7,NY,736,0.004,1761,0.002
M,1959,Ulysses,12,NY,593,0.007,1354,0.003
M,1959,Umberto,6,NY,827,0.003,1917,0.002
M,1960,Ulysses,12,NY,606,0.007,1383,0.003
M,1960,Umberto,7,NY,783,0.004,1810,0.002
M,1960,Usher,5,NY,916,0.003,2116,0.001
M,1961,Ulysses,14,NY,557,0.008,1283,0.004
M,1962,Ulysses,11,NY,633,0.006,1467,0.003
M,1963,Ulysses,12,NY,615,0.007,1418,0.004
M,1963,Ulises,5,NY,945,0.003,2184,0.001
M,1964,Ulysses,16,NY,533,0.009,1227,0.005
M,1964,Uriel,6,NY,874,0.003,2043,0.002
M,1964,Ulises,5,NY,960,0.003,2233,0.002
M,1964,Umberto,5,NY,960,0.003,2233,0.002
M,1964,Uwe,5,NY,960,0.003,2233,0.002
M,1965,Ulysses,16,NY,522,0.01,1215,0.005
M,1966,Ulysses,12,NY,602,0.008,1414,0.004
M,1966,Ulises,5,NY,932,0.003,2209,0.002
M,1967,Ulysses,22,NY,444,0.015,1034,0.008
M,1967,Ulises,7,NY,785,0.005,1874,0.002
M,1968,Ulysses,15,NY,551,0.01,1270,0.005
M,1968,Umberto,6,NY,834,0.004,2037,0.002
M,1969,Ulysses,16,NY,544,0.011,1259,0.006
M,1969,Ulises,5,NY,1014,0.003,2410,0.002
M,1970,Ulysses,14,NY,624,0.009,1427,0.005
M,1970,Ulises,6,NY,970,0.004,2297,0.002
M,1970,Unknown,6,NY,970,0.004,2297,0.002
M,1971,Ulysses,12,NY,649,0.009,1487,0.005
M,1971,Uri,11,NY,682,0.008,1572,0.004
M,1971,Ulises,8,NY,807,0.006,1878,0.003
M,1971,Umberto,5,NY,1070,0.004,2501,0.002
M,1972,Ulises,6,NY,923,0.005,2192,0.003
M,1972,Ulysses,5,NY,1043,0.004,2462,0.002
M,1972,Uri,5,NY,1043,0.004,2462,0.002
M,1973,Ulysses,10,NY,692,0.009,1585,0.005
M,1973,Ulises,8,NY,775,0.007,1814,0.004
M,1973,Uri,6,NY,927,0.005,2182,0.003
M,1973,Umar,5,NY,1046,0.004,2440,0.002
M,1974,Ulysses,11,NY,661,0.01,1527,0.005
M,1974,Ulises,5,NY,1060,0.004,2490,0.002
M,1974,Uri,5,NY,1060,0.004,2490,0.002
M,1975,Uri,11,NY,677,0.01,1567,0.005
M,1975,Ulysses,7,NY,880,0.006,2051,0.003
M,1976,Ulysses,9,NY,777,0.008,1781,0.004
M,1976,Uri,8,NY,831,0.007,1911,0.004
M,1977,Ulysses,7,NY,917,0.006,2141,0.003
M,1977,Ulises,5,NY,1096,0.004,2610,0.002
M,1977,Umar,5,NY,1096,0.004,2610,0.002
M,1977,Uriel,5,NY,1096,0.004,2610,0.002
M,1977,Usher,5,NY,1096,0.004,2610,0.002
M,1978,Ulysses,12,NY,640,0.011,1492,0.006
M,1978,Ulises,8,NY,822,0.007,1933,0.004
M,1978,Uriel,6,NY,989,0.005,2317,0.003
M,1978,Umar,5,NY,1111,0.005,2610,0.002
M,1978,Unique,5,NY,1111,0.005,1669,0.005
M,1979,Ulysses,10,NY,719,0.009,1690,0.005
M,1979,Umar,8,NY,818,0.007,1914,0.004
M,1979,Uriel,7,NY,887,0.006,2086,0.003
M,1979,Uri,5,NY,1093,0.005,2569,0.002
M,1979,Usher,5,NY,1093,0.005,2569,0.002
M,1980,Ulysses,9,NY,773,0.008,1808,0.004
M,1980,Uriel,6,NY,986,0.005,2326,0.003
M,1981,Ulysses,7,NY,881,0.006,2085,0.003
M,1981,Uriel,7,NY,881,0.006,2085,0.003
M,1981,Usher,7,NY,881,0.006,2085,0.003
M,1981,Uri,5,NY,1095,0.004,2574,0.002
M,1981,Usman,5,NY,1095,0.004,2574,0.002
M,1982,Usman,8,NY,813,0.007,1923,0.004
M,1982,Uriah,7,NY,905,0.006,2111,0.003
M,1982,Ulric,6,NY,993,0.005,2331,0.003
M,1982,Ulysses,6,NY,993,0.005,2331,0.003
M,1982,Usher,6,NY,993,0.005,2331,0.003
M,1982,Umberto,5,NY,1125,0.004,2622,0.002
M,1982,Unique,5,NY,1125,0.004,1294,0.007
M,1983,Ulysses,6,NY,994,0.005,2307,0.003
M,1983,Unique,6,NY,994,0.005,1161,0.008
M,1983,Uriah,6,NY,994,0.005,2307,0.003
M,1983,Umberto,5,NY,1119,0.004,2592,0.002
M,1984,Unique,8,NY,843,0.007,1182,0.008
M,1984,Ulysses,6,NY,1007,0.005,2351,0.003
M,1984,Uriah,6,NY,1007,0.005,2351,0.003
M,1984,Uriel,5,NY,1128,0.004,2663,0.002
M,1984,Usman,5,NY,1128,0.004,2663,0.002
M,1985,Ulysses,9,NY,814,0.007,1882,0.004
M,1985,Uriah,9,NY,814,0.007,1882,0.004
M,1985,Uriel,8,NY,881,0.007,2039,0.004
M,1985,Umar,7,NY,956,0.006,2224,0.003
M,1985,Uri,6,NY,1041,0.005,2435,0.003
M,1986,Ulysses,8,NY,889,0.007,2078,0.003
M,1986,Usman,8,NY,889,0.007,2078,0.003
M,1986,Umar,7,NY,970,0.006,2260,0.003
M,1986,Usher,7,NY,970,0.006,2260,0.003
M,1986,Uriah,6,NY,1057,0.005,2491,0.003
M,1987,Ulysses,10,NY,780,0.008,1854,0.004
M,1987,Unique,9,NY,830,0.007,1357,0.007
M,1987,Uriel,9,NY,830,0.007,1973,0.004
M,1987,Umar,6,NY,1096,0.005,2552,0.003
M,1987,Unknown,5,NY,1233,0.004,1641,0.005
M,1987,Usman,5,NY,1233,0.004,2889,0.002
M,1988,Ulysses,18,NY,563,0.014,1290,0.007
M,1988,Unique,10,NY,819,0.008,1117,0.009
M,1988,Uriel,10,NY,819,0.008,1895,0.004
M,1988,Ulises,9,NY,879,0.007,2034,0.004
M,1988,Umar,6,NY,1140,0.005,2642,0.002
M,1988,Unknown,6,NY,1140,0.005,2642,0.002
M,1988,Uri,6,NY,1140,0.005,2642,0.002
M,1988,Uladimir,5,NY,1304,0.004,3006,0.002
M,1988,Umair,5,NY,1304,0.004,3006,0.002
M,1988,Usher,5,NY,1304,0.004,3006,0.002
M,1989,Unique,12,NY,772,0.009,916,0.013
M,1989,Ulises,11,NY,822,0.008,1883,0.004
M,1989,Ulysses,11,NY,822,0.008,1883,0.004
M,1989,Usman,10,NY,879,0.007,1988,0.004
M,1989,Umar,8,NY,1016,0.006,2314,0.003
M,1989,Uriel,8,NY,1016,0.006,2314,0.003
M,1989,Uri,6,NY,1227,0.004,2798,0.002
M,1989,Uchenna,5,NY,1382,0.004,3190,0.002
M,1989,Uriah,5,NY,1382,0.004,3190,0.002
M,1990,Ulysses,14,NY,744,0.01,1671,0.005
M,1990,Ulises,11,NY,862,0.008,1926,0.004
M,1990,Umar,8,NY,1050,0.006,2371,0.003
M,1990,Usman,8,NY,1050,0.006,2371,0.003
M,1990,Uriel,7,NY,1148,0.005,2607,0.003
M,1990,Usher,6,NY,1273,0.004,2873,0.002
M,1990,Unknown,5,NY,1423,0.004,1926,0.004
M,1991,Usman,10,NY,892,0.007,2049,0.004
M,1991,Unique,9,NY,955,0.007,1113,0.01
M,1991,Unknown,9,NY,955,0.007,2203,0.004
M,1991,Usher,8,NY,1033,0.006,2386,0.003
M,1991,Ulises,7,NY,1134,0.005,2617,0.003
M,1991,Ulysses,7,NY,1134,0.005,2617,0.003
M,1991,Umar,7,NY,1134,0.005,2617,0.003
M,1991,Uriah,6,NY,1263,0.004,2899,0.002
M,1992,Ulysses,15,NY,696,0.011,1592,0.006
M,1992,Unique,15,NY,696,0.011,850,0.015
M,1992,Unknown,8,NY,1063,0.006,1745,0.005
M,1992,Uri,8,NY,1063,0.006,2392,0.003
M,1992,Usher,8,NY,1063,0.006,2392,0.003
M,1992,Usman,8,NY,1063,0.006,2392,0.003
M,1992,Umar,6,NY,1307,0.005,2933,0.002
M,1992,Uriah,6,NY,1307,0.005,2933,0.002
M,1992,Uriel,6,NY,1307,0.005,2933,0.002
M,1992,Ulises,5,NY,1467,0.004,3309,0.002
M,1992,Umer,5,NY,1467,0.004,3309,0.002
M,1993,Unknown,15,NY,724,0.012,1215,0.01
M,1993,Ulysses,12,NY,829,0.009,1860,0.005
M,1993,Uriel,12,NY,829,0.009,1860,0.005
M,1993,Usman,11,NY,871,0.009,1969,0.005
M,1993,Umar,9,NY,992,0.007,2240,0.004
M,1993,Uriah,8,NY,1067,0.006,2422,0.003
M,1993,Usher,8,NY,1067,0.006,2422,0.003
M,1993,Ulises,5,NY,1469,0.004,3285,0.002
M,1994,Unique,15,NY,708,0.012,930,0.014
M,1994,Usman,14,NY,751,0.011,1678,0.006
M,1994,Uriel,11,NY,879,0.009,1945,0.005
M,1994,Usher,8,NY,1089,0.006,2429,0.003
M,1994,Ulysses,6,NY,1317,0.005,2954,0.003
M,1994,Umar,5,NY,1497,0.004,3333,0.002
M,1995,Usman,17,NY,652,0.014,1444,0.007
M,1995,Unique,13,NY,767,0.011,1025,0.013
M,1995,Usher,11,NY,867,0.009,1958,0.005
M,1995,Ulises,9,NY,995,0.007,2247,0.004
M,1995,Ulysses,9,NY,995,0.007,2247,0.004
M,1995,Unknown,9,NY,995,0.007,2247,0.004
M,1995,Umar,5,NY,1487,0.004,3312,0.002
M,1996,Unique,18,NY,637,0.015,744,0.021
M,1996,Umar,13,NY,794,0.011,1752,0.006
M,1996,Uriel,12,NY,829,0.01,1847,0.005
M,1996,Usman,11,NY,879,0.009,1957,0.005
M,1996,Ulysses,10,NY,944,0.008,2102,0.004
M,1996,Ulises,9,NY,1021,0.008,2260,0.004
M,1996,Unknown,9,NY,1021,0.008,1583,0.007
M,1996,Usher,9,NY,1021,0.008,2260,0.004
M,1996,Uriah,7,NY,1219,0.006,2685,0.003
M,1996,Usama,6,NY,1355,0.005,2964,0.003
M,1996,Umer,5,NY,1541,0.004,3356,0.002
M,1997,Usher,16,NY,685,0.014,1506,0.007
M,1997,Unique,13,NY,796,0.011,772,0.019
M,1997,Umar,11,NY,887,0.01,1942,0.005
M,1997,Uriel,11,NY,887,0.01,1942,0.005
M,1997,Usman,10,NY,938,0.009,2081,0.005
M,1997,Unknown,8,NY,1076,0.007,2388,0.004
M,1997,Usama,8,NY,1076,0.007,2388,0.004
M,1997,Uriah,7,NY,1186,0.006,2632,0.003
M,1997,Ulysses,6,NY,1334,0.005,2926,0.003
M,1997,Ulises,5,NY,1512,0.004,3323,0.002
M,1998,Uriel,21,NY,583,0.018,1265,0.01
M,1998,Usher,15,NY,739,0.013,1610,0.007
M,1998,Ulises,12,NY,867,0.01,1890,0.006
M,1998,Unique,12,NY,867,0.01,1040,0.013
M,1998,Usman,12,NY,867,0.01,1890,0.006
M,1998,Umar,7,NY,1234,0.006,2722,0.003
M,1998,Umer,7,NY,1234,0.006,2722,0.003
M,1998,Uriah,6,NY,1356,0.005,2994,0.003
M,1998,Usama,6,NY,1356,0.005,2994,0.003
M,1998,Unknown,5,NY,1554,0.004,3414,0.002
M,1999,Uriel,26,NY,500,0.023,1098,0.012
M,1999,Umar,18,NY,636,0.016,1412,0.008
M,1999,Usher,16,NY,688,0.014,1541,0.007
M,1999,Ulises,14,NY,748,0.012,1684,0.007
M,1999,Usman,13,NY,781,0.011,1762,0.006
M,1999,Unique,12,NY,833,0.011,1043,0.013
M,1999,Ulysses,8,NY,1123,0.007,2458,0.004
M,1999,Uriah,7,NY,1222,0.006,2695,0.003
M,1999,Umer,6,NY,1366,0.005,3008,0.003
M,1999,Ulices,5,NY,1561,0.004,3443,0.002
M,1999,Uri,5,NY,1561,0.004,3443,0.002
M,1999,Usama,5,NY,1561,0.004,3443,0.002
M,2000,Uriel,18,NY,669,0.016,1434,0.008
M,2000,Usher,14,NY,801,0.012,1726,0.007
M,2000,Usman,13,NY,831,0.011,1815,0.006
M,2000,Umar,12,NY,873,0.01,1919,0.006
M,2000,Unique,11,NY,933,0.01,1204,0.011
M,2000,Ulises,10,NY,993,0.009,2206,0.005
M,2000,Ulysses,9,NY,1076,0.008,2380,0.004
M,2000,Usama,5,NY,1601,0.004,3529,0.002
M,2001,Uriel,21,NY,600,0.019,1312,0.01
M,2001,Usher,17,NY,686,0.015,1520,0.008
M,2001,Umar,16,NY,723,0.014,1590,0.008
M,2001,Unique,15,NY,761,0.013,892,0.017
M,2001,Ulises,10,NY,998,0.009,2213,0.005
M,2001,Usman,8,NY,1167,0.007,2607,0.004
M,2001,Ulysses,7,NY,1269,0.006,2854,0.003
M,2001,Uriah,6,NY,1420,0.005,3159,0.003
M,2001,Umer,5,NY,1641,0.004,3614,0.002
M,2002,Uriel,22,NY,569,0.02,1261,0.011
M,2002,Usher,22,NY,569,0.02,1261,0.011
M,2002,Unique,14,NY,780,0.013,1147,0.012
M,2002,Ulises,12,NY,873,0.011,1919,0.006
M,2002,Umar,10,NY,1009,0.009,2199,0.005
M,2002,Usman,10,NY,1009,0.009,2199,0.005
M,2002,Umair,5,NY,1592,0.005,3549,0.002
M,2002,Uriah,5,NY,1592,0.005,3549,0.002
M,2003,Umar,18,NY,665,0.016,1476,0.009
M,2003,Uriel,16,NY,743,0.014,1619,0.008
M,2003,Usher,14,NY,809,0.013,1780,0.007
M,2003,Unique,10,NY,1011,0.009,1147,0.012
M,2003,Ulises,8,NY,1186,0.007,2620,0.004
M,2003,Uriah,7,NY,1288,0.006,2866,0.003
M,2003,Ulysses,6,NY,1439,0.005,3182,0.003
M,2003,Uzair,6,NY,1439,0.005,3182,0.003
M,2003,Umair,5,NY,1659,0.004,3641,0.002
M,2004,Usher,26,NY,520,0.024,1152,0.013
M,2004,Uriel,21,NY,618,0.019,1367,0.01
M,2004,Umar,12,NY,910,0.011,1987,0.006
M,2004,Ulises,11,NY,978,0.01,2133,0.005
M,2004,Unique,11,NY,978,0.01,1284,0.011
M,2004,Ulysses,7,NY,1310,0.006,2902,0.003
M,2004,Uri,6,NY,1463,0.005,3239,0.003
M,2004,Uriah,6,NY,1463,0.005,3239,0.003
M,2005,Usher,33,NY,439,0.03,976,0.016
M,2005,Uriel,20,NY,649,0.018,1395,0.01
M,2005,Umar,11,NY,966,0.01,2128,0.005
M,2005,Unique,11,NY,966,0.01,1395,0.01
M,2005,Ulises,10,NY,1049,0.009,2286,0.005
M,2005,Ulysses,7,NY,1364,0.006,2954,0.003
M,2005,Usman,7,NY,1364,0.006,2954,0.003
M,2005,Unknown,5,NY,1695,0.005,3695,0.002
M,2006,Usher,32,NY,480,0.029,1032,0.016
M,2006,Uriel,21,NY,638,0.019,1379,0.01
M,2006,Ulises,10,NY,1093,0.009,2394,0.005
M,2006,Ulysses,10,NY,1093,0.009,2394,0.005
M,2006,Umar,10,NY,1093,0.009,2394,0.005
M,2006,Unique,8,NY,1262,0.007,1433,0.01
M,2006,Usman,8,NY,1262,0.007,2781,0.004
M,2006,Uri,5,NY,1732,0.005,3804,0.002
M,2007,Uriel,31,NY,496,0.028,1070,0.015
M,2007,Usher,31,NY,496,0.028,1070,0.015
M,2007,Ulises,9,NY,1201,0.008,2598,0.004
M,2007,Umar,8,NY,1296,0.007,2825,0.004
M,2007,Ulysses,6,NY,1567,0.005,3431,0.003
M,2007,Unique,6,NY,1567,0.005,1371,0.011
M,2007,Usman,6,NY,1567,0.005,3431,0.003
M,2007,Uri,5,NY,1789,0.005,3907,0.002
M,2007,Uriah,5,NY,1789,0.005,3907,0.002
M,2008,Usher,38,NY,424,0.035,923,0.019
M,2008,Uriel,30,NY,510,0.027,1102,0.015
M,2008,Ulises,14,NY,884,0.013,1929,0.007
M,2008,Uri,12,NY,976,0.011,2136,0.006
M,2008,Unique,10,NY,1125,0.009,1427,0.01
M,2008,Umar,9,NY,1222,0.008,2642,0.004
M,2008,Unknown,6,NY,1588,0.005,3484,0.003
M,2008,Urijah,5,NY,1794,0.005,3912,0.002
M,2009,Uriel,34,NY,470,0.032,996,0.017
M,2009,Usher,28,NY,547,0.026,1168,0.014
M,2009,Ulises,15,NY,868,0.014,1848,0.007
M,2009,Ulysses,8,NY,1312,0.007,2853,0.004
M,2009,Uriah,8,NY,1312,0.007,2853,0.004
M,2009,Urijah,8,NY,1312,0.007,2853,0.004
M,2009,Umar,7,NY,1432,0.006,3132,0.003
M,2009,Uri,7,NY,1432,0.006,3132,0.003
M,2009,Usman,6,NY,1592,0.006,3475,0.003
M,2009,Uzair,6,NY,1592,0.006,3475,0.003
M,2009,Uziel,6,NY,1592,0.006,3475,0.003
M,2010,Usher,29,NY,533,0.027,1146,0.015
M,2010,Uriel,28,NY,545,0.026,1170,0.014
M,2010,Uriah,14,NY,886,0.013,1918,0.007
M,2010,Usman,13,NY,929,0.012,2012,0.007
M,2010,Umar,12,NY,987,0.011,2132,0.006
M,2010,Unknown,8,NY,1343,0.008,2873,0.004
M,2010,Urijah,7,NY,1468,0.007,3129,0.004
M,2010,Uzair,7,NY,1468,0.007,3129,0.004
M,2010,Umer,5,NY,1840,0.005,3934,0.003
M,2010,Unique,5,NY,1840,0.005,1741,0.008
M,2010,Uri,5,NY,1840,0.005,3934,0.003
M,2011,Usher,37,NY,427,0.035,917,0.019
M,2011,Uriel,31,NY,486,0.03,1058,0.016
M,2011,Umar,15,NY,845,0.014,1840,0.008
M,2011,Uriah,13,NY,941,0.012,2049,0.007
M,2011,Urijah,10,NY,1126,0.01,2446,0.005
M,2011,Ulises,9,NY,1206,0.009,2623,0.005
M,2011,Ulysses,5,NY,1784,0.005,3860,0.003
M,2011,Uri,5,NY,1784,0.005,3860,0.003
M,2011,Uzair,5,NY,1784,0.005,3860,0.003
M,2012,Usher,47,NY,357,0.045,747,0.024
M,2012,Uriel,29,NY,526,0.028,1139,0.015
M,2012,Umar,15,NY,850,0.014,1848,0.008
M,2012,Uriah,11,NY,1058,0.011,2309,0.006
M,2012,Usman,8,NY,1331,0.008,2874,0.004
M,2012,Uzair,8,NY,1331,0.008,2874,0.004
M,2012,Ulysses,6,NY,1598,0.006,3451,0.003
M,2012,Urijah,6,NY,1598,0.006,3451,0.003
M,2012,Ulises,5,NY,1800,0.005,3911,0.003
M,2012,Unique,5,NY,1800,0.005,1679,0.009
M,2013,Usher,36,NY,443,0.035,935,0.019
M,2013,Uriel,34,NY,461,0.033,982,0.018
M,2013,Umar,18,NY,735,0.018,1589,0.009
M,2013,Uriah,8,NY,1291,0.008,2782,0.004
M,2013,Ulises,7,NY,1407,0.007,3048,0.004
M,2013,Unique,7,NY,1407,0.007,2016,0.007
M,2013,Uri,7,NY,1407,0.007,3048,0.004
M,2013,Ulysses,6,NY,1563,0.006,3369,0.003
M,2013,Umair,5,NY,1761,0.005,3791,0.003
M,2013,Urijah,5,NY,1761,0.005,3791,0.003
M,2013,Usman,5,NY,1761,0.005,3791,0.003
M,2014,Uriel,31,NY,505,0.03,1096,0.016
M,2014,Usher,28,NY,548,0.027,1186,0.014
M,2014,Umar,20,NY,695,0.019,1503,0.01
M,2014,Ulises,11,NY,1062,0.011,2301,0.006
M,2014,Uriah,8,NY,1291,0.008,2821,0.004
M,2014,Uziel,7,NY,1428,0.007,3101,0.004
M,2014,Usman,6,NY,1588,0.006,3407,0.003
M,2014,Uri,5,NY,1811,0.005,3878,0.003
M,2014,Urijah,5,NY,1811,0.005,3878,0.003
M,2014,Uzziah,5,NY,1811,0.005,3878,0.003
M,2015,Usher,40,NY,410,0.039,860,0.021
M,2015,Uriel,24,NY,628,0.023,1314,0.012
M,2015,Umar,18,NY,768,0.018,1634,0.009
M,2015,Uriah,9,NY,1241,0.009,2672,0.005
M,2015,Usman,9,NY,1241,0.009,2672,0.005
M,2015,Uzair,9,NY,1241,0.009,2672,0.005
M,2015,Umair,8,NY,1348,0.008,2884,0.004
M,2015,Unique,5,NY,1830,0.005,1942,0.007
M,2016,Usher,35,NY,473,0.035,973,0.018
M,2016,Uriel,31,NY,517,0.031,1067,0.016
M,2016,Umar,27,NY,568,0.027,1186,0.014
M,2016,Ulises,13,NY,939,0.013,2059,0.007
M,2016,Usman,8,NY,1314,0.008,2814,0.004
M,2016,Uriah,6,NY,1579,0.006,3382,0.003
M,2016,Urijah,6,NY,1579,0.006,3382,0.003
M,2016,Ulysses,5,NY,1805,0.005,3846,0.003
M,2016,Umair,5,NY,1805,0.005,3846,0.003
M,2017,Uriel,29,NY,535,0.03,1128,0.016
M,2017,Umar,22,NY,637,0.023,1360,0.012
M,2017,Ulysses,16,NY,798,0.016,1738,0.009
M,2017,Ulises,9,NY,1188,0.009,2586,0.005
M,2017,Uriah,9,NY,1188,0.009,2586,0.005
M,2017,Uri,8,NY,1304,0.008,2818,0.004
M,2017,Usman,7,NY,1430,0.007,3053,0.004
M,2017,Umer,5,NY,1771,0.005,3778,0.003
M,2018,Umar,30,NY,509,0.031,1083,0.016
M,2018,Usher,29,NY,525,0.03,1108,0.016
M,2018,Uriel,27,NY,546,0.028,1171,0.015
M,2018,Uriah,13,NY,907,0.014,1987,0.007
M,2018,Usman,10,NY,1127,0.01,2415,0.005
M,2018,Uri,7,NY,1435,0.007,3062,0.004
M,2018,Uziel,7,NY,1435,0.007,3062,0.004
M,2018,Ulises,6,NY,1581,0.006,3387,0.003
M,2018,Ulysses,6,NY,1581,0.006,3387,0.003
M,2018,Usmon,6,NY,1581,0.006,3387,0.003
M,2018,Uzair,5,NY,1766,0.005,3801,0.003
M,2019,Uriel,34,NY,463,0.036,972,0.019
M,2019,Umar,19,NY,706,0.02,1523,0.011
M,2019,Uriah,11,NY,1066,0.012,2259,0.006
M,2019,Ulises,9,NY,1224,0.01,2601,0.005
M,2019,Usman,7,NY,1430,0.007,3035,0.004
M,2019,Uri,6,NY,1577,0.006,3348,0.003
M,2019,Ulysses,5,NY,1764,0.005,3733,0.003
M,2020,Uriel,32,NY,470,0.037,995,0.019
M,2020,Umar,26,NY,553,0.03,1171,0.016
M,2020,Usman,17,NY,758,0.019,1603,0.01
M,2020,Uriah,11,NY,1042,0.013,2207,0.007
M,2020,Ulises,7,NY,1399,0.008,2944,0.004
M,2020,Uri,6,NY,1539,0.007,3231,0.004
M,2021,Usher,38,NY,426,0.043,903,0.022
M,2021,Umar,35,NY,443,0.039,948,0.021
M,2021,Uriel,35,NY,443,0.039,948,0.021
M,2021,Usman,17,NY,790,0.019,1647,0.01
M,2021,Uriah,12,NY,984,0.013,2079,0.007
M,2021,Ulysses,9,NY,1229,0.01,2577,0.005
M,2021,Uziel,8,NY,1327,0.009,2774,0.005
M,2021,Uzair,6,NY,1591,0.007,3344,0.004
M,2021,Umair,5,NY,1802,0.006,3738,0.003
M,2021,Usmon,5,NY,1802,0.006,3738,0.003
M,2022,Usher,39,NY,421,0.045,867,0.023
M,2022,Umar,38,NY,427,0.044,884,0.023
M,2022,Uriel,36,NY,448,0.041,924,0.022
M,2022,Usman,15,NY,840,0.017,1791,0.009
M,2022,Uri,11,NY,1061,0.013,2238,0.007
M,2022,Uriah,8,NY,1318,0.009,2750,0.005
M,2022,Urijah,6,NY,1593,0.007,3334,0.004
M,2022,Usmon,6,NY,1593,0.007,3334,0.004
M,2022,Uzair,6,NY,1593,0.007,3334,0.004
M,2022,Uziel,6,NY,1593,0.007,3334,0.004
M,2023,Usher,47,NY,365,0.055,742,0.029
M,2023,Umar,41,NY,408,0.048,840,0.025
M,2023,Uriel,27,NY,563,0.032,1175,0.017
M,2023,Usman,20,NY,701,0.023,1475,0.012
M,2023,Ulysses,8,NY,1309,0.009,2747,0.005
M,2023,Uri,8,NY,1309,0.009,2747,0.005
M,2023,Unique,6,NY,1582,0.007,2118,0.007
M,2023,Uthman,6,NY,1582,0.007,3273,0.004
M,2023,Uziel,6,NY,1582,0.007,3273,0.004
M,2023,Ulises,5,NY,1780,0.006,3691,0.003
M,2024,Usher,51,NY,356,0.059,700,0.031
M,2024,Umar,44,NY,395,0.051,793,0.027
M,2024,Uriel,37,NY,449,0.043,924,0.023
M,2024,Usman,19,NY,750,0.022,1561,0.012
M,2024,Uri,12,NY,1035,0.014,2174,0.007
M,2024,Uriah,9,NY,1237,0.01,2584,0.005
M,2024,Unique,7,NY,1466,0.008,3021,0.004
M,2024,Uzair,6,NY,1631,0.007,3347,0.004
M,2024,Ulysses,5,NY,1828,0.006,3741,0.003
F,1989,Unknown,8,DE,108,0.217,208,0.095
F,1992,Unknown,5,DE,158,0.14,149,0.163
F,1993,Unknown,6,DE,130,0.18,145,0.185
F,1994,Unknown,14,DE,73,0.417,89,0.319
F,1995,Unknown,9,DE,100,0.282,97,0.292
M,1991,Unknown,8,DE,104,0.171,213,0.095
M,1992,Unknown,8,DE,105,0.181,149,0.163
M,1993,Unknown,8,DE,102,0.189,145,0.185
M,1994,Unknown,10,DE,90,0.24,89,0.319
M,1995,Unknown,12,DE,79,0.299,97,0.292
F,1912,Una,5,WV,250,0.063,412,0.039
F,1915,Una,7,WV,298,0.047,528,0.027
F,1918,Una,5,WV,379,0.028,686,0.016
F,1919,Una,7,WV,316,0.042,564,0.023
F,1921,Una,8,WV,314,0.039,569,0.022
F,1922,Una,6,WV,363,0.03,662,0.016
F,1923,Una,8,WV,317,0.039,583,0.021
F,1926,Una,5,WV,402,0.025,722,0.013
F,1927,Una,5,WV,414,0.025,744,0.013
F,1928,Una,8,WV,308,0.041,563,0.021
F,1936,Una,7,WV,307,0.038,567,0.019
F,1950,Unknown,7,WV,330,0.031,604,0.015
F,1952,Unknown,6,WV,360,0.027,657,0.013
F,1959,Unknown,6,WV,351,0.033,614,0.016
M,1914,Ulysses,6,WV,206,0.075,475,0.032
M,1918,Ulysses,9,WV,221,0.064,489,0.028
M,1921,Ulysses,6,WV,307,0.036,655,0.016
M,1923,Ulysses,5,WV,345,0.029,740,0.013
M,1925,Ulysses,6,WV,321,0.034,673,0.016
M,1929,Ulysses,5,WV,335,0.03,695,0.014
M,2009,Uriah,5,WV,306,0.058,616,0.033
M,2010,Uriah,5,WV,283,0.062,608,0.034
M,2012,Uriah,9,WV,219,0.108,416,0.06
M,2014,Uriah,7,WV,263,0.086,513,0.049
M,2015,Uriah,5,WV,326,0.061,656,0.034
M,2016,Uriah,7,WV,260,0.09,504,0.05
M,2018,Uriah,9,WV,228,0.119,416,0.068
M,2019,Uriah,5,WV,347,0.068,658,0.038
F,1991,Unknown,21,NV,85,0.295,89,0.282
F,1992,Unknown,21,NV,85,0.289,76,0.313
F,1993,Unknown,14,NV,125,0.199,122,0.204
F,1994,Unknown,8,NV,224,0.103,440,0.046
F,1995,Unknown,6,NV,310,0.075,378,0.061
F,1997,Unique,5,NV,381,0.059,706,0.026
F,1999,Unknown,8,NV,294,0.087,579,0.038
F,2004,Unique,5,NV,512,0.046,922,0.02
F,2008,Unique,5,NV,572,0.041,1034,0.018
F,2009,Unique,5,NV,557,0.044,1004,0.019
F,2019,Unknown,5,NV,524,0.049,1003,0.022
F,2020,Unity,5,NV,503,0.051,974,0.023
M,1991,Unknown,25,NV,83,0.273,89,0.282
M,1992,Unknown,30,NV,74,0.332,76,0.313
M,1992,Uriel,5,NV,283,0.055,578,0.031
M,1993,Unknown,19,NV,117,0.208,122,0.204
M,1994,Uriel,5,NV,303,0.052,619,0.029
M,1995,Uriel,7,NV,253,0.071,526,0.039
M,1995,Unknown,5,NV,318,0.05,378,0.061
M,1996,Unknown,5,NV,332,0.048,687,0.027
M,1997,Unknown,5,NV,343,0.047,706,0.026
M,1997,Uriel,5,NV,343,0.047,706,0.026
M,1998,Uriel,7,NV,302,0.062,595,0.034
M,1999,Ulises,10,NV,253,0.085,489,0.048
M,1999,Uriel,7,NV,316,0.059,630,0.033
M,2000,Ulises,10,NV,257,0.081,487,0.046
M,2000,Uriel,7,NV,316,0.057,635,0.032
M,2001,Ulises,10,NV,262,0.081,509,0.045
M,2001,Uriel,5,NV,385,0.04,820,0.022
M,2002,Uriel,13,NV,218,0.102,420,0.057
M,2003,Uriel,10,NV,266,0.076,536,0.042
M,2003,Ulises,8,NV,308,0.061,621,0.034
M,2004,Ulises,8,NV,311,0.058,661,0.032
M,2004,Uriel,6,NV,379,0.043,801,0.024
M,2005,Uriel,10,NV,301,0.068,608,0.038
M,2005,Ulises,9,NV,318,0.061,649,0.034
M,2006,Ulises,12,NV,272,0.077,531,0.043
M,2006,Uriel,10,NV,299,0.064,596,0.036
M,2007,Uriel,15,NV,243,0.094,469,0.052
M,2007,Ulises,11,NV,296,0.069,594,0.038
M,2007,Ulysses,5,NV,499,0.031,1078,0.017
M,2008,Ulises,6,NV,428,0.04,910,0.022
M,2008,Uriel,6,NV,428,0.04,910,0.022
M,2009,Uriel,10,NV,307,0.07,596,0.039
M,2009,Ulises,8,NV,353,0.056,704,0.031
M,2009,Urijah,7,NV,378,0.049,773,0.027
M,2010,Uriel,6,NV,406,0.044,859,0.024
M,2010,Ulises,5,NV,479,0.037,1005,0.02
M,2010,Uriah,5,NV,479,0.037,1005,0.02
M,2011,Uriel,10,NV,290,0.075,566,0.042
M,2011,Ulises,7,NV,375,0.052,760,0.029
M,2011,Uriah,5,NV,475,0.037,998,0.021
M,2012,Ulises,7,NV,377,0.053,766,0.03
M,2012,Uriah,7,NV,377,0.053,766,0.03
M,2012,Uriel,7,NV,377,0.053,766,0.03
M,2013,Ulises,6,NV,422,0.045,834,0.025
M,2013,Ulysses,5,NV,477,0.038,964,0.021
M,2013,Urijah,5,NV,477,0.038,964,0.021
M,2014,Uriel,8,NV,357,0.059,715,0.033
M,2014,Urijah,7,NV,398,0.052,794,0.029
M,2014,Ulises,6,NV,437,0.044,884,0.025
M,2015,Uriel,8,NV,361,0.059,711,0.033
M,2016,Uriah,8,NV,372,0.059,735,0.033
M,2016,Uriel,8,NV,372,0.059,735,0.033
M,2016,Ulises,6,NV,455,0.045,907,0.024
M,2017,Uriah,7,NV,402,0.053,773,0.029
M,2017,Uriel,7,NV,402,0.053,773,0.029
M,2018,Uriel,11,NV,300,0.084,558,0.046
M,2018,Uriah,6,NV,456,0.046,911,0.025
M,2018,Ulises,5,NV,510,0.038,1021,0.021
M,2019,Uriel,13,NV,262,0.101,478,0.057
M,2019,Uriah,5,NV,509,0.039,1003,0.022
M,2020,Uriel,12,NV,272,0.101,485,0.056
M,2021,Uriel,6,NV,445,0.051,865,0.028
M,2021,Uriah,5,NV,503,0.042,987,0.023
M,2022,Uriel,6,NV,428,0.052,827,0.029
M,2023,Uriel,6,NV,436,0.055,847,0.03
M,2024,Uriel,7,NV,384,0.064,743,0.035
M,2024,Ulises,6,NV,424,0.055,834,0.03
F,1910,Ursula,10,PA,262,0.032,405,0.022
F,1911,Ursula,8,PA,301,0.023,498,0.015
F,1912,Ursula,7,PA,380,0.015,697,0.009
F,1913,Ursula,8,PA,371,0.015,674,0.009
F,1914,Ursula,16,PA,304,0.024,546,0.013
F,1915,Ursula,11,PA,412,0.013,755,0.007
F,1915,Una,5,PA,613,0.006,1097,0.003
F,1916,Ursula,8,PA,480,0.009,868,0.005
F,1917,Ursula,17,PA,348,0.018,635,0.01
F,1918,Ursula,14,PA,402,0.014,739,0.008
F,1919,Ursula,14,PA,378,0.015,698,0.008
F,1920,Ursula,18,PA,345,0.018,639,0.01
F,1920,Una,10,PA,471,0.01,849,0.005
F,1921,Ursula,17,PA,362,0.017,673,0.009
F,1922,Ursula,33,PA,255,0.035,457,0.018
F,1922,Una,6,PA,578,0.006,1065,0.003
F,1923,Ursula,25,PA,297,0.026,548,0.014
F,1924,Ursula,17,PA,369,0.017,677,0.009
F,1925,Ursula,21,PA,328,0.022,602,0.011
F,1926,Ursula,13,PA,408,0.014,734,0.007
F,1927,Ursula,11,PA,447,0.012,809,0.006
F,1928,Ursula,11,PA,445,0.013,792,0.006
F,1929,Ursula,10,PA,439,0.012,783,0.006
F,1930,Ursula,9,PA,476,0.011,852,0.006
F,1931,Ursula,10,PA,428,0.013,777,0.007
F,1932,Ursula,11,PA,408,0.015,729,0.007
F,1933,Ursula,18,PA,315,0.026,573,0.013
F,1934,Ursula,9,PA,440,0.013,777,0.006
F,1935,Ursula,15,PA,343,0.021,622,0.01
F,1935,Una,6,PA,546,0.008,953,0.004
F,1936,Ursula,6,PA,549,0.008,965,0.004
F,1937,Ursula,8,PA,477,0.011,846,0.006
F,1938,Ursula,11,PA,432,0.015,770,0.007
F,1939,Ursula,12,PA,406,0.017,707,0.008
F,1940,Ursula,11,PA,425,0.015,754,0.007
F,1941,Ursula,7,PA,536,0.009,927,0.004
F,1942,Ursula,9,PA,525,0.01,895,0.005
F,1943,Ursula,7,PA,593,0.008,1012,0.004
F,1944,Ursula,7,PA,556,0.009,953,0.004
F,1945,Ursula,9,PA,496,0.012,841,0.006
F,1946,Ursula,7,PA,635,0.007,1068,0.003
F,1947,Ursula,9,PA,609,0.008,1036,0.004
F,1948,Unknown,9,PA,591,0.009,991,0.004
F,1949,Unknown,10,PA,544,0.01,915,0.005
F,1949,Ursula,6,PA,700,0.006,1155,0.003
F,1950,Ursula,11,PA,527,0.011,884,0.005
F,1950,Unknown,5,PA,781,0.005,1276,0.002
F,1952,Ursula,9,PA,621,0.008,1037,0.004
F,1953,Ursula,6,PA,762,0.005,1256,0.003
F,1954,Ursula,12,PA,556,0.011,919,0.005
F,1954,Unknown,6,PA,781,0.005,759,0.007
F,1956,Ursula,10,PA,629,0.009,1036,0.004
F,1957,Ursula,5,PA,907,0.004,1473,0.002
F,1958,Ursula,12,PA,593,0.01,994,0.005
F,1959,Ursula,8,PA,707,0.007,1184,0.003
F,1960,Ursula,10,PA,660,0.009,1091,0.004
F,1961,Ursula,9,PA,689,0.008,1135,0.004
F,1962,Ursula,10,PA,643,0.01,1061,0.005
F,1963,Ursula,11,PA,617,0.011,1027,0.005
F,1964,Ursula,12,PA,590,0.012,969,0.006
F,1965,Ursula,7,PA,742,0.008,1222,0.004
F,1966,Ursula,15,PA,519,0.017,844,0.008
F,1967,Ursula,19,PA,455,0.022,734,0.011
F,1968,Ursula,12,PA,567,0.014,936,0.007
F,1969,Ursula,12,PA,584,0.014,951,0.007
F,1970,Ursula,16,PA,514,0.019,851,0.009
F,1971,Ursula,8,PA,734,0.01,1207,0.005
F,1972,Ursula,8,PA,711,0.011,1169,0.005
F,1973,Ursula,12,PA,556,0.018,921,0.008
F,1974,Ursula,6,PA,846,0.009,1353,0.004
F,1975,Ursula,7,PA,771,0.011,1256,0.005
F,1976,Ursula,5,PA,934,0.008,1503,0.004
F,1977,Ursula,9,PA,687,0.014,1106,0.006
F,1978,Ursula,7,PA,810,0.011,1288,0.005
F,1979,Ursula,9,PA,710,0.013,1156,0.006
F,1981,Unique,5,PA,1003,0.007,1579,0.003
F,1981,Ursula,5,PA,1003,0.007,1579,0.003
F,1984,Unique,7,PA,788,0.01,1269,0.005
F,1985,Unique,6,PA,924,0.009,1462,0.004
F,1986,Unique,6,PA,932,0.009,1487,0.004
F,1987,Unique,6,PA,949,0.009,1508,0.004
F,1988,Unique,8,PA,794,0.011,1313,0.005
F,1990,Ursula,5,PA,1185,0.007,1904,0.003
F,1991,Unique,6,PA,1039,0.008,1694,0.004
F,1992,Unique,13,PA,607,0.019,856,0.012
F,1993,Unique,14,PA,576,0.021,1028,0.01
F,1994,Uniqua,5,PA,1163,0.008,1932,0.004
F,1994,Unique,5,PA,1163,0.008,1932,0.004
F,1995,Unique,12,PA,636,0.019,1113,0.009
F,1996,Unique,21,PA,419,0.035,762,0.016
F,1997,Unique,11,PA,667,0.019,1181,0.009
F,1998,Unique,12,PA,639,0.021,1129,0.01
F,1999,Unique,10,PA,726,0.017,1297,0.008
F,2000,Unique,16,PA,525,0.028,959,0.013
F,2001,Unique,14,PA,576,0.025,1059,0.012
F,2002,Unique,13,PA,629,0.024,891,0.015
F,2003,Unique,11,PA,715,0.019,1282,0.009
F,2004,Unique,8,PA,906,0.014,1589,0.007
F,2005,Unique,16,PA,565,0.029,1015,0.013
F,2006,Unique,12,PA,706,0.022,1280,0.01
F,2007,Unique,7,PA,1071,0.012,1884,0.006
F,2008,Unique,13,PA,699,0.023,1268,0.011
F,2009,Unique,15,PA,628,0.027,1152,0.013
F,2010,Unique,5,PA,1367,0.009,2395,0.004
F,2011,Unique,12,PA,744,0.023,1340,0.011
F,2012,Unique,8,PA,992,0.015,1792,0.007
F,2014,Unique,5,PA,1372,0.009,2453,0.004
F,2016,Unique,6,PA,1261,0.012,2217,0.005
F,2017,Unique,6,PA,1258,0.012,2236,0.005
F,2019,Unique,5,PA,1417,0.01,2514,0.005
F,2021,Unique,6,PA,1233,0.012,2233,0.006
M,1917,Umberto,6,PA,495,0.008,1060,0.004
M,1917,Ulysses,5,PA,542,0.006,1149,0.003
M,1918,Ulysses,5,PA,572,0.006,1205,0.003
M,1920,Urban,5,PA,541,0.006,1168,0.003
M,1921,Ulysses,12,PA,371,0.013,794,0.006
M,1923,Ulysses,9,PA,408,0.01,887,0.005
M,1924,Urban,6,PA,514,0.007,1105,0.003
M,1924,Ulysses,5,PA,575,0.006,1222,0.003
M,1925,Ulysses,11,PA,370,0.012,816,0.006
M,1926,Ulysses,6,PA,493,0.007,1052,0.003
M,1927,Ulysses,6,PA,499,0.007,1080,0.003
M,1928,Ulysses,6,PA,492,0.007,1039,0.003
M,1930,Urban,5,PA,519,0.006,1093,0.003
M,1933,Ulysses,8,PA,393,0.012,822,0.006
M,1933,Urban,5,PA,472,0.007,1009,0.004
M,1934,Ulysses,5,PA,483,0.007,1033,0.004
M,1935,Ulysses,5,PA,480,0.007,1032,0.003
M,1939,Ulysses,5,PA,478,0.007,1041,0.003
M,1942,Ulysses,6,PA,490,0.006,1067,0.003
M,1943,Ulysses,7,PA,447,0.007,1012,0.004
M,1944,Ulysses,5,PA,494,0.006,1113,0.003
M,1946,Ulysses,7,PA,461,0.007,1068,0.003
M,1948,Ulysses,6,PA,497,0.005,1172,0.003
M,1949,Ulysses,9,PA,414,0.008,958,0.004
M,1952,Ulysses,5,PA,559,0.004,1317,0.002
M,1953,Unknown,7,PA,478,0.006,1149,0.003
M,1954,Unknown,11,PA,396,0.009,759,0.007
M,1955,Ulysses,6,PA,545,0.005,1285,0.003
M,1955,Unknown,5,PA,600,0.004,1408,0.002
M,1957,Ulysses,6,PA,568,0.005,1333,0.002
M,1958,Ulysses,8,PA,496,0.006,1180,0.003
M,1964,Ulysses,5,PA,623,0.005,1501,0.002
M,1967,Ulysses,6,PA,541,0.007,1285,0.003
M,1969,Ulysses,7,PA,507,0.008,1257,0.004
M,1970,Ulysses,5,PA,647,0.005,1554,0.003
M,1972,Ulysses,5,PA,622,0.006,1499,0.003
M,1976,Uriah,6,PA,563,0.008,1351,0.004
M,1976,Ulysses,5,PA,631,0.007,1503,0.004
M,1979,Ulysses,5,PA,684,0.007,1606,0.003
M,1983,Urie,7,PA,554,0.009,1291,0.005
M,1986,Ulysses,5,PA,693,0.006,1653,0.003
M,1988,Uriah,8,PA,568,0.01,1313,0.005
M,1992,Unique,5,PA,819,0.006,856,0.012
M,1993,Uriah,5,PA,826,0.007,1904,0.004
M,1994,Uriah,7,PA,702,0.01,1579,0.005
M,1995,Urie,7,PA,690,0.01,1525,0.005
M,1995,Uriah,5,PA,848,0.007,1915,0.004
M,1996,Uriah,5,PA,832,0.007,1888,0.004
M,1998,Uriah,6,PA,793,0.009,1753,0.005
M,1999,Ulysses,5,PA,880,0.008,1989,0.004
M,2000,Uriah,7,PA,763,0.011,1661,0.006
M,2000,Urie,6,PA,839,0.009,1831,0.005
M,2001,Uriah,9,PA,660,0.014,1409,0.007
M,2001,Uriel,6,PA,844,0.009,1824,0.005
M,2002,Uriah,8,PA,726,0.013,1549,0.007
M,2002,Unique,5,PA,947,0.008,891,0.015
M,2002,Urie,5,PA,947,0.008,2088,0.004
M,2006,Uriah,6,PA,956,0.009,2048,0.005
M,2006,Uriel,6,PA,956,0.009,2048,0.005
M,2007,Uriel,6,PA,975,0.009,2120,0.005
M,2007,Uriah,5,PA,1090,0.008,2402,0.004
M,2008,Urijah,7,PA,913,0.011,1950,0.006
M,2008,Uriah,6,PA,1008,0.009,2162,0.005
M,2008,Uriel,5,PA,1119,0.008,2421,0.004
M,2009,Uriah,14,PA,575,0.023,1218,0.012
M,2009,Urijah,9,PA,783,0.014,1641,0.008
M,2009,Urie,5,PA,1128,0.008,2454,0.004
M,2010,Urijah,11,PA,673,0.018,1428,0.01
M,2010,Uriah,8,PA,820,0.013,1753,0.007
M,2010,Umar,6,PA,983,0.01,2118,0.005
M,2011,Uriah,8,PA,833,0.013,1770,0.007
M,2011,Uriel,8,PA,833,0.013,1770,0.007
M,2011,Ulysses,7,PA,901,0.012,1929,0.006
M,2011,Urijah,6,PA,1005,0.01,2158,0.005
M,2011,Urie,5,PA,1158,0.008,2454,0.004
M,2012,Uriah,11,PA,682,0.018,1435,0.01
M,2012,Urijah,9,PA,791,0.015,1654,0.008
M,2012,Umar,7,PA,927,0.012,1967,0.006
M,2012,Uriel,6,PA,1034,0.01,2182,0.005
M,2013,Uriah,15,PA,538,0.025,1137,0.013
M,2013,Umar,9,PA,758,0.015,1633,0.008
M,2013,Urijah,6,PA,1003,0.01,2127,0.005
M,2013,Ulysses,5,PA,1136,0.008,2415,0.004
M,2013,Uriel,5,PA,1136,0.008,2415,0.004
M,2014,Uriah,21,PA,450,0.035,937,0.018
M,2014,Ulysses,7,PA,957,0.012,1994,0.006
M,2014,Ulises,6,PA,1072,0.01,2206,0.005
M,2014,Umar,6,PA,1072,0.01,2206,0.005
M,2014,Uriel,6,PA,1072,0.01,2206,0.005
M,2014,Urijah,6,PA,1072,0.01,2206,0.005
M,2015,Uriah,14,PA,588,0.023,1269,0.012
M,2015,Umar,6,PA,1035,0.01,2187,0.005
M,2015,Ulysses,5,PA,1156,0.008,2459,0.004
M,2016,Uriah,20,PA,470,0.034,982,0.018
M,2016,Uriel,6,PA,1039,0.01,2217,0.005
M,2017,Uriah,16,PA,554,0.027,1170,0.015
M,2017,Urijah,8,PA,855,0.014,1814,0.007
M,2017,Umar,7,PA,945,0.012,1987,0.006
M,2017,Uriel,7,PA,945,0.012,1987,0.006
M,2018,Uriah,18,PA,513,0.031,1073,0.017
M,2018,Uriel,11,PA,684,0.019,1467,0.01
M,2018,Umar,9,PA,780,0.016,1655,0.008
M,2018,Ulysses,5,PA,1223,0.009,2522,0.005
M,2019,Uriah,16,PA,538,0.029,1156,0.015
M,2019,Uriel,7,PA,961,0.013,2004,0.007
M,2019,Umar,6,PA,1072,0.011,2221,0.006
M,2019,Urie,5,PA,1219,0.009,2514,0.005
M,2019,Urijah,5,PA,1219,0.009,2514,0.005
M,2020,Uriah,18,PA,499,0.033,1074,0.018
M,2020,Umar,10,PA,752,0.019,1579,0.01
M,2020,Uriel,10,PA,752,0.019,1579,0.01
M,2021,Umar,14,PA,612,0.025,1277,0.013
M,2021,Uriah,12,PA,693,0.022,1442,0.012
M,2021,Uriel,6,PA,1100,0.011,2233,0.006
M,2021,Usman,6,PA,1100,0.011,2233,0.006
M,2022,Umar,17,PA,547,0.032,1129,0.017
M,2022,Uriah,14,PA,633,0.026,1313,0.014
M,2022,Uriel,9,PA,829,0.017,1727,0.009
M,2022,Usman,7,PA,995,0.013,2037,0.007
M,2022,Ulysses,5,PA,1248,0.009,2527,0.005
M,2023,Umar,18,PA,508,0.035,1058,0.018
M,2023,Uriah,9,PA,848,0.017,1738,0.009
M,2023,Uriel,9,PA,848,0.017,1738,0.009
M,2023,Usman,6,PA,1104,0.012,2267,0.006
M,2024,Umar,18,PA,514,0.035,1080,0.018
M,2024,Uriel,12,PA,696,0.023,1418,0.012
M,2024,Uriah,9,PA,841,0.017,1708,0.009
M,2024,Urijah,5,PA,1235,0.01,2499,0.005
F,1911,Una,7,AR,212,0.098,319,0.066
F,1912,Una,6,AR,269,0.063,450,0.038
F,1914,Una,7,AR,295,0.057,509,0.031
F,1915,Una,6,AR,353,0.039,627,0.021
F,1916,Una,12,AR,256,0.073,443,0.04
F,1917,Una,8,AR,342,0.044,608,0.024
F,1918,Una,12,AR,280,0.062,491,0.034
F,1919,Una,9,AR,341,0.044,607,0.024
F,1920,Una,9,AR,340,0.043,592,0.024
F,1921,Una,9,AR,339,0.043,603,0.023
F,1922,Una,7,AR,404,0.034,696,0.018
F,1923,Una,9,AR,336,0.044,595,0.024
F,1924,Una,6,AR,441,0.028,770,0.015
F,1925,Una,7,AR,415,0.032,695,0.018
F,1928,Una,8,AR,347,0.043,596,0.023
F,1931,Una,9,AR,306,0.051,534,0.026
F,1932,Una,5,AR,434,0.027,756,0.014
F,1933,Una,5,AR,432,0.027,768,0.014
F,1934,Una,5,AR,430,0.027,763,0.014
F,1943,Una,5,AR,422,0.024,755,0.012
F,1946,Unknown,8,AR,333,0.038,595,0.018
F,1947,Unknown,5,AR,442,0.021,513,0.023
F,1948,Unknown,15,AR,239,0.067,329,0.053
F,1949,Unknown,38,AR,123,0.17,168,0.125
F,1950,Unknown,30,AR,137,0.141,131,0.158
F,1951,Unknown,36,AR,117,0.175,129,0.171
F,1952,Unknown,39,AR,101,0.196,127,0.181
F,1953,Unknown,35,AR,108,0.18,132,0.166
F,1954,Unknown,29,AR,127,0.15,153,0.141
F,1955,Unknown,27,AR,134,0.144,147,0.147
F,1956,Unknown,24,AR,152,0.127,176,0.125
F,1957,Unknown,21,AR,161,0.113,170,0.131
F,1958,Unknown,15,AR,218,0.084,238,0.085
F,1959,Unknown,7,AR,342,0.039,356,0.048
F,1960,Unknown,6,AR,386,0.034,453,0.035
F,1969,Ursula,7,AR,325,0.052,585,0.024
F,2012,Unique,5,AR,550,0.044,1027,0.019
M,1914,Ulysses,7,AR,229,0.07,509,0.031
M,1915,Ulysses,5,AR,337,0.038,706,0.018
M,1916,Ulysses,5,AR,363,0.036,752,0.017
M,1918,Ulysses,7,AR,317,0.043,684,0.02
M,1920,Ulysses,5,AR,406,0.029,852,0.013
M,1921,Ulysses,5,AR,420,0.028,860,0.013
M,1922,Ulysses,11,AR,244,0.062,533,0.029
M,1923,Ulysses,6,AR,352,0.034,750,0.016
M,1924,Ulysses,6,AR,361,0.033,770,0.015
M,1925,Utah,7,AR,309,0.039,695,0.018
M,1926,Ulysses,5,AR,393,0.027,831,0.013
M,1927,Ulysses,14,AR,214,0.078,457,0.037
M,1928,Ulysses,7,AR,292,0.042,635,0.02
M,1929,Ulysses,6,AR,317,0.036,686,0.017
M,1930,Ulysses,7,AR,291,0.04,635,0.019
M,1931,Ulysses,9,AR,255,0.055,534,0.026
M,1932,Ulysses,9,AR,258,0.051,552,0.025
M,1933,Ulysses,7,AR,294,0.041,623,0.02
M,1935,Ulysses,8,AR,271,0.044,588,0.021
M,1936,Ulysses,7,AR,289,0.041,604,0.02
M,1937,Ulysses,5,AR,351,0.028,719,0.014
M,1938,Ulysses,5,AR,369,0.027,760,0.014
M,1939,Ulysses,7,AR,298,0.039,620,0.019
M,1941,Ulysses,7,AR,302,0.035,614,0.018
M,1942,Ulysses,6,AR,334,0.029,685,0.015
M,1943,Ulysses,11,AR,232,0.052,493,0.026
M,1944,Ulysses,8,AR,270,0.04,566,0.02
M,1947,Unknown,6,AR,337,0.025,513,0.023
M,1948,Unknown,9,AR,269,0.039,329,0.053
M,1949,Unknown,18,AR,178,0.08,168,0.125
M,1949,Ulysses,7,AR,304,0.031,643,0.016
M,1950,Unknown,39,AR,113,0.175,131,0.158
M,1951,Unknown,37,AR,116,0.168,129,0.171
M,1951,Ulysses,5,AR,364,0.023,742,0.012
M,1952,Unknown,36,AR,123,0.168,127,0.181
M,1953,Unknown,32,AR,127,0.153,132,0.166
M,1954,Unknown,28,AR,131,0.134,153,0.141
M,1954,Ulysses,7,AR,295,0.033,623,0.017
M,1955,Unknown,30,AR,123,0.15,147,0.147
M,1956,Unknown,25,AR,148,0.123,176,0.125
M,1957,Unknown,30,AR,134,0.147,170,0.131
M,1958,Unknown,17,AR,181,0.086,238,0.085
M,1958,Ulysses,7,AR,298,0.035,625,0.019
M,1959,Unknown,11,AR,242,0.056,356,0.048
M,1960,Unknown,7,AR,310,0.036,453,0.035
M,1961,Ulysses,6,AR,332,0.031,700,0.016
M,1961,Unknown,6,AR,332,0.031,700,0.016
M,1963,Unknown,6,AR,336,0.031,712,0.016
M,1964,Unknown,6,AR,343,0.031,706,0.016
M,2001,Uriel,7,AR,351,0.048,686,0.027
M,2003,Uriel,6,AR,401,0.04,812,0.022
M,2004,Uriel,5,AR,463,0.033,933,0.018
M,2005,Uriel,6,AR,432,0.04,880,0.022
M,2007,Ulises,5,AR,540,0.032,1053,0.018
M,2008,Uriel,5,AR,502,0.033,1046,0.018
M,2009,Uriel,10,AR,315,0.067,606,0.037
M,2009,Uriah,8,AR,377,0.053,737,0.03
M,2009,Urijah,6,AR,455,0.04,916,0.022
M,2010,Uriah,8,AR,369,0.055,698,0.031
M,2010,Uriel,6,AR,441,0.042,877,0.023
M,2010,Urijah,6,AR,441,0.042,877,0.023
M,2012,Uriah,5,AR,512,0.035,1027,0.019
M,2014,Uriah,5,AR,538,0.034,1062,0.019
M,2015,Urijah,6,AR,482,0.041,944,0.023
M,2017,Uriah,5,AR,541,0.036,1080,0.02
M,2019,Uriah,6,AR,476,0.045,938,0.025
M,2019,Uriel,5,AR,545,0.038,1066,0.021
M,2020,Uriah,7,AR,441,0.055,810,0.03
M,2021,Uriel,6,AR,483,0.046,946,0.025
M,2022,Uriah,6,AR,486,0.048,940,0.026
M,2022,Uriel,5,AR,550,0.04,1068,0.022
F,1912,Una,6,NC,320,0.035,566,0.021
F,1913,Una,6,NC,337,0.032,615,0.018
F,1917,Una,5,NC,481,0.016,945,0.009
F,1918,Una,9,NC,353,0.027,692,0.014
F,1920,Una,8,NC,405,0.021,780,0.011
F,1922,Una,7,NC,445,0.018,870,0.01
F,1924,Una,8,NC,426,0.019,797,0.01
F,1926,Una,8,NC,405,0.021,774,0.011
F,1930,Una,5,NC,490,0.014,963,0.007
F,1933,Una,7,NC,424,0.02,786,0.01
F,1938,Una,6,NC,454,0.016,845,0.008
F,1944,Ula,5,NC,540,0.012,986,0.006
F,1947,Unknown,9,NC,450,0.017,828,0.009
F,1948,Unknown,14,NC,359,0.028,658,0.014
F,1949,Unknown,18,NC,319,0.037,467,0.029
F,1950,Unknown,11,NC,405,0.023,489,0.026
F,1951,Unknown,14,NC,364,0.028,525,0.023
F,1952,Unknown,24,NC,278,0.047,480,0.028
F,1953,Unknown,9,NC,467,0.018,546,0.021
F,1954,Unknown,16,NC,357,0.031,476,0.027
F,1955,Unknown,16,NC,366,0.031,536,0.023
F,1955,Ursula,5,NC,649,0.01,1150,0.005
F,1956,Unknown,10,NC,465,0.019,621,0.018
F,1957,Unknown,9,NC,489,0.018,661,0.016
F,1960,Unknown,6,NC,622,0.012,717,0.014
F,1961,Ursula,5,NC,684,0.01,1179,0.005
F,1962,Ursula,7,NC,560,0.015,986,0.007
F,1963,Ursula,8,NC,526,0.017,926,0.008
F,1965,Ursula,14,NC,366,0.033,668,0.016
F,1966,Ursula,16,NC,334,0.04,612,0.019
F,1967,Ursula,11,NC,413,0.028,734,0.013
F,1968,Ursula,15,NC,342,0.038,628,0.018
F,1969,Ursula,18,NC,311,0.045,578,0.021
F,1970,Ursula,16,NC,352,0.038,637,0.018
F,1971,Ursula,20,NC,293,0.05,554,0.024
F,1972,Ursula,22,NC,277,0.06,518,0.028
F,1973,Ursula,13,NC,373,0.037,685,0.017
F,1974,Ursula,7,NC,533,0.021,955,0.01
F,1975,Ursula,11,NC,402,0.034,739,0.016
F,1976,Ursula,6,NC,591,0.019,1024,0.009
F,1977,Ursula,6,NC,608,0.018,1078,0.008
F,1978,Ursula,7,NC,553,0.022,991,0.01
F,1981,Ursula,5,NC,708,0.015,1185,0.007
F,1985,Ursula,5,NC,749,0.014,1251,0.007
F,1986,Ursula,7,NC,582,0.02,1037,0.009
F,1988,Ursula,5,NC,796,0.013,1357,0.006
F,1989,Ursula,5,NC,832,0.012,1425,0.006
F,1990,Ursula,7,NC,668,0.017,1202,0.008
F,1991,Uniqua,7,NC,673,0.018,1200,0.008
F,1992,Uniqua,12,NC,447,0.03,863,0.014
F,1993,Uniqua,6,NC,768,0.016,1388,0.007
F,1994,Unique,7,NC,678,0.018,1227,0.008
F,1995,Unique,11,NC,499,0.029,929,0.013
F,1996,Uniqua,8,NC,666,0.02,1213,0.009
F,1996,Unique,6,NC,808,0.015,1455,0.007
F,1997,Unique,7,NC,745,0.017,1349,0.008
F,1998,Unique,9,NC,669,0.021,884,0.015
F,1999,Unique,12,NC,540,0.028,739,0.021
F,2000,Unique,9,NC,717,0.02,1314,0.009
F,2001,Unique,13,NC,564,0.029,838,0.019
F,2004,Unique,10,NC,767,0.022,1323,0.01
F,2005,Unique,8,NC,934,0.018,1599,0.008
F,2006,Unique,12,NC,692,0.025,1260,0.012
F,2008,Unique,8,NC,1030,0.017,1777,0.008
F,2009,Unique,9,NC,911,0.019,1617,0.009
F,2010,Unique,8,NC,971,0.018,1709,0.008
F,2011,Unknown,12,NC,696,0.027,685,0.027
F,2011,Unique,5,NC,1320,0.011,2312,0.005
F,2012,Unique,8,NC,955,0.018,1691,0.008
F,2012,Unknown,8,NC,955,0.018,776,0.024
F,2013,Unknown,10,NC,786,0.023,1000,0.018
F,2014,Unknown,10,NC,822,0.022,928,0.02
F,2015,Unique,6,NC,1227,0.013,2118,0.006
F,2016,Unique,8,NC,1001,0.018,1762,0.008
F,2016,Unknown,8,NC,1001,0.018,1086,0.016
F,2016,Unity,5,NC,1376,0.011,2381,0.005
F,2017,Unique,8,NC,1003,0.018,1790,0.008
F,2017,Unknown,5,NC,1420,0.011,2437,0.005
F,2018,Unique,10,NC,836,0.022,1516,0.011
F,2018,Unknown,6,NC,1232,0.013,1090,0.017
F,2019,Unknown,8,NC,1016,0.018,901,0.022
F,2020,Unknown,9,NC,896,0.021,950,0.022
F,2021,Unknown,6,NC,1231,0.013,752,0.029
F,2023,Ulani,8,NC,1020,0.018,1875,0.008
M,1910,Ulysses,5,NC,204,0.077,499,0.026
M,1912,Ulysses,7,NC,235,0.057,521,0.024
M,1914,Ulysses,8,NC,283,0.042,612,0.019
M,1915,Ulysses,9,NC,296,0.038,625,0.017
M,1916,Ulysses,11,NC,283,0.044,587,0.02
M,1917,Ulysses,14,NC,242,0.053,512,0.024
M,1918,Ulysses,9,NC,352,0.031,692,0.014
M,1919,Ulysses,6,NC,470,0.02,914,0.009
M,1920,Ulysses,15,NC,251,0.046,537,0.021
M,1921,Ulysses,16,NC,250,0.048,526,0.022
M,1922,Ulysses,11,NC,321,0.032,649,0.015
M,1923,Ulysses,7,NC,433,0.021,847,0.01
M,1923,Ulyses,6,NC,483,0.018,929,0.008
M,1924,Ulysses,18,NC,235,0.052,507,0.024
M,1925,Ulysses,13,NC,289,0.038,607,0.018
M,1926,Ulysses,10,NC,326,0.029,664,0.014
M,1927,Ulysses,23,NC,212,0.065,447,0.031
M,1928,Ulysses,8,NC,379,0.023,754,0.011
M,1929,Ulysses,11,NC,305,0.033,618,0.016
M,1930,Ulysses,11,NC,310,0.033,628,0.016
M,1931,Ulysses,7,NC,392,0.022,785,0.011
M,1932,Ulysses,11,NC,300,0.032,626,0.016
M,1933,Ulysses,6,NC,421,0.018,842,0.009
M,1934,Ulysses,13,NC,272,0.038,576,0.018
M,1935,Ulysses,10,NC,319,0.028,653,0.014
M,1936,Ulysses,8,NC,351,0.023,710,0.011
M,1937,Ulysses,11,NC,309,0.031,640,0.015
M,1938,Ulysses,15,NC,273,0.042,555,0.021
M,1939,Ulysses,10,NC,321,0.028,653,0.014
M,1940,Ulysses,11,NC,305,0.03,632,0.015
M,1941,Ulysses,16,NC,265,0.041,549,0.021
M,1942,Ulysses,9,NC,370,0.022,759,0.011
M,1943,Ulysses,12,NC,323,0.028,661,0.014
M,1944,Ulysses,12,NC,314,0.029,639,0.014
M,1945,Ulysses,8,NC,379,0.019,779,0.01
M,1946,Ulysses,7,NC,444,0.015,895,0.007
M,1947,Ulyses,5,NC,582,0.009,1125,0.005
M,1947,Ulysses,5,NC,582,0.009,1125,0.005
M,1948,Ulysses,13,NC,321,0.025,682,0.013
M,1949,Ulysses,11,NC,348,0.022,736,0.011
M,1949,Unknown,11,NC,348,0.022,467,0.029
M,1950,Unknown,15,NC,304,0.03,489,0.026
M,1950,Ulysses,11,NC,362,0.022,751,0.011
M,1951,Ulysses,11,NC,374,0.021,777,0.011
M,1951,Unknown,10,NC,402,0.019,525,0.023
M,1952,Ulysses,12,NC,359,0.023,742,0.012
M,1952,Unknown,5,NC,547,0.009,480,0.028
M,1953,Unknown,13,NC,338,0.024,546,0.021
M,1953,Ulysses,8,NC,426,0.015,901,0.008
M,1954,Ulysses,15,NC,325,0.027,689,0.014
M,1954,Unknown,13,NC,345,0.024,476,0.027
M,1955,Unknown,9,NC,413,0.016,536,0.023
M,1955,Ulysses,8,NC,441,0.015,927,0.007
M,1956,Ulysses,9,NC,418,0.016,887,0.008
M,1956,Unknown,9,NC,418,0.016,621,0.018
M,1957,Ulysses,9,NC,412,0.017,879,0.009
M,1957,Unknown,8,NC,432,0.015,661,0.016
M,1958,Ulysses,10,NC,400,0.019,835,0.01
M,1958,Unknown,6,NC,502,0.011,1070,0.006
M,1959,Unknown,7,NC,464,0.013,995,0.007
M,1959,Ulysses,5,NC,530,0.009,1148,0.005
M,1960,Ulysses,8,NC,438,0.015,941,0.008
M,1960,Unknown,8,NC,438,0.015,717,0.014
M,1961,Ulysses,7,NC,470,0.013,1014,0.007
M,1961,Unknown,7,NC,470,0.013,1014,0.007
M,1963,Ulysses,7,NC,459,0.014,995,0.007
M,1979,Ulysses,8,NC,422,0.021,906,0.011
M,1994,Uriah,6,NC,654,0.013,1351,0.007
M,1994,Uriel,5,NC,744,0.011,1526,0.006
M,1997,Uriel,11,NC,495,0.023,1006,0.013
M,1997,Uriah,5,NC,824,0.011,1712,0.006
M,1998,Uriel,9,NC,597,0.019,1226,0.01
M,1998,Unique,5,NC,846,0.01,884,0.015
M,1999,Ulises,9,NC,610,0.018,1235,0.01
M,1999,Uriel,8,NC,660,0.016,1347,0.009
M,1999,Unique,7,NC,715,0.014,739,0.021
M,2000,Uriel,9,NC,636,0.017,1314,0.009
M,2000,Ulises,8,NC,688,0.015,1445,0.008
M,2000,Ulysses,6,NC,827,0.012,1757,0.006
M,2000,Uriah,6,NC,827,0.012,1757,0.006
M,2001,Uriel,19,NC,393,0.038,810,0.02
M,2001,Ulises,13,NC,490,0.026,1027,0.014
M,2001,Ulysses,5,NC,916,0.01,2006,0.005
M,2001,Unique,5,NC,916,0.01,838,0.019
M,2001,Uriah,5,NC,916,0.01,2006,0.005
M,2002,Uriel,13,NC,507,0.026,1048,0.014
M,2002,Ulises,8,NC,674,0.016,1442,0.009
M,2002,Uriah,8,NC,674,0.016,1442,0.009
M,2003,Uriel,13,NC,519,0.026,1056,0.014
M,2003,Ulises,10,NC,593,0.02,1275,0.011
M,2003,Unique,5,NC,939,0.01,2057,0.005
M,2004,Uriel,10,NC,590,0.02,1323,0.01
M,2004,Ulises,7,NC,746,0.014,1674,0.007
M,2005,Uriel,23,NC,376,0.044,764,0.024
M,2005,Ulises,12,NC,569,0.023,1218,0.012
M,2006,Uriel,29,NC,322,0.053,660,0.029
M,2006,Ulises,12,NC,600,0.022,1260,0.012
M,2007,Uriel,26,NC,366,0.046,745,0.025
M,2007,Ulises,13,NC,576,0.023,1243,0.012
M,2007,Uziel,7,NC,861,0.012,1900,0.007
M,2008,Uriel,24,NC,383,0.043,800,0.023
M,2008,Uriah,17,NC,477,0.031,1035,0.016
M,2008,Uziel,9,NC,755,0.016,1647,0.009
M,2008,Ulises,8,NC,808,0.014,1777,0.008
M,2008,Urijah,5,NC,1098,0.009,2414,0.005
M,2008,Uzziah,5,NC,1098,0.009,2414,0.005
M,2009,Uriel,21,NC,411,0.039,860,0.021
M,2009,Uriah,17,NC,486,0.032,1022,0.017
M,2009,Urijah,14,NC,568,0.026,1184,0.014
M,2009,Uziel,8,NC,821,0.015,1747,0.008
M,2009,Ulises,6,NC,980,0.011,2115,0.006
M,2010,Uriel,25,NC,348,0.048,740,0.026
M,2010,Ulises,21,NC,397,0.041,833,0.022
M,2010,Uriah,18,NC,446,0.035,946,0.019
M,2010,Urijah,11,NC,637,0.021,1367,0.011
M,2010,Uziel,6,NC,974,0.012,2087,0.006
M,2010,Uzziah,5,NC,1088,0.01,2361,0.005
M,2011,Uriel,19,NC,419,0.037,886,0.02
M,2011,Ulises,15,NC,506,0.029,1063,0.016
M,2011,Unknown,14,NC,543,0.028,685,0.027
M,2011,Uriah,13,NC,564,0.026,1190,0.014
M,2011,Urijah,7,NC,880,0.014,1840,0.007
M,2012,Uriah,16,NC,486,0.032,1038,0.017
M,2012,Unknown,15,NC,509,0.03,776,0.024
M,2012,Ulises,14,NC,538,0.028,1143,0.015
M,2012,Uriel,10,NC,671,0.02,1450,0.011
M,2012,Urijah,8,NC,795,0.016,1691,0.008
M,2013,Uriah,22,NC,392,0.044,819,0.023
M,2013,Uriel,14,NC,531,0.028,1133,0.015
M,2013,Urijah,12,NC,594,0.024,1257,0.013
M,2013,Ulises,9,NC,726,0.018,1530,0.01
M,2013,Unknown,7,NC,846,0.014,1000,0.018
M,2014,Uriah,17,NC,476,0.033,1014,0.018
M,2014,Uriel,15,NC,523,0.029,1103,0.015
M,2014,Unknown,9,NC,739,0.017,928,0.02
M,2014,Ulises,8,NC,798,0.015,1705,0.008
M,2014,Urijah,7,NC,883,0.014,1879,0.007
M,2015,Uriah,15,NC,527,0.029,1102,0.015
M,2015,Uriel,11,NC,656,0.021,1374,0.011
M,2015,Ulises,10,NC,711,0.019,1481,0.01
M,2015,Unknown,9,NC,759,0.017,1600,0.009
M,2015,Urijah,7,NC,891,0.013,1896,0.007
M,2016,Uriah,19,NC,477,0.037,966,0.02
M,2016,Uriel,12,NC,643,0.023,1337,0.012
M,2016,Unknown,8,NC,824,0.015,1086,0.016
M,2016,Urijah,6,NC,999,0.012,2125,0.006
M,2017,Uriah,15,NC,557,0.029,1131,0.016
M,2017,Uriel,10,NC,733,0.019,1512,0.01
M,2017,Urijah,7,NC,938,0.014,1973,0.007
M,2018,Uriah,22,NC,434,0.044,871,0.023
M,2018,Uriel,16,NC,527,0.032,1090,0.017
M,2018,Unknown,10,NC,732,0.02,1090,0.017
M,2018,Uri,5,NC,1139,0.01,2411,0.005
M,2018,Urijah,5,NC,1139,0.01,2411,0.005
M,2019,Uriel,17,NC,529,0.034,1071,0.018
M,2019,Unknown,13,NC,623,0.026,901,0.022
M,2019,Uriah,13,NC,623,0.026,1292,0.014
M,2019,Ulises,9,NC,804,0.018,1670,0.009
M,2019,Urijah,6,NC,1060,0.012,2170,0.006
M,2019,Uziel,5,NC,1178,0.01,2457,0.005
M,2020,Uriel,21,NC,445,0.043,915,0.023
M,2020,Uriah,12,NC,667,0.025,1355,0.013
M,2020,Unknown,11,NC,705,0.022,950,0.022
M,2020,Ulises,10,NC,754,0.02,1522,0.011
M,2021,Unknown,22,NC,459,0.043,752,0.029
M,2021,Uriel,18,NC,514,0.035,1054,0.019
M,2021,Uziel,9,NC,862,0.018,1729,0.009
M,2021,Uriah,7,NC,1015,0.014,2028,0.007
M,2022,Uriah,14,NC,650,0.027,1289,0.015
M,2022,Uriel,10,NC,813,0.02,1633,0.01
M,2022,Unknown,9,NC,868,0.018,1757,0.009
M,2022,Uri,5,NC,1256,0.01,2559,0.005
M,2023,Uriel,22,NC,445,0.043,895,0.023
M,2023,Uriah,11,NC,757,0.022,1511,0.012
M,2023,Unknown,8,NC,950,0.016,1875,0.008
M,2023,Urijah,5,NC,1278,0.01,2579,0.005
M,2024,Uriah,13,NC,698,0.026,1393,0.013
M,2024,Uriel,9,NC,897,0.018,1803,0.009
M,2024,Unique,6,NC,1155,0.012,2310,0.006
M,2024,Ulysses,5,NC,1291,0.01,2609,0.005
M,2024,Unknown,5,NC,1291,0.01,2609,0.005
F,1930,Ursula,5,MD,249,0.04,448,0.02
F,1936,Una,5,MD,251,0.045,437,0.022
F,1941,Ursula,5,MD,289,0.034,518,0.017
F,1948,Unknown,7,MD,317,0.031,563,0.015
F,1949,Unknown,5,MD,375,0.022,652,0.011
F,1952,Unknown,7,MD,338,0.027,608,0.013
F,1953,Unknown,7,MD,351,0.026,631,0.013
F,1954,Unknown,5,MD,436,0.018,772,0.009
F,1956,Ursula,6,MD,418,0.02,727,0.01
F,1957,Unknown,6,MD,445,0.02,775,0.009
F,1958,Ursula,5,MD,476,0.017,840,0.008
F,1959,Ursula,5,MD,506,0.016,878,0.008
F,1961,Ursula,5,MD,529,0.016,883,0.008
F,1962,Ursula,6,MD,467,0.02,792,0.01
F,1963,Ursula,9,MD,379,0.03,659,0.014
F,1965,Ursula,10,MD,349,0.035,605,0.017
F,1966,Ursula,16,MD,264,0.059,469,0.028
F,1967,Ursula,13,MD,293,0.05,518,0.024
F,1968,Ursula,11,MD,322,0.044,556,0.021
F,1969,Ursula,10,MD,353,0.04,600,0.019
F,1970,Ursula,7,MD,429,0.028,731,0.013
F,1971,Ursula,7,MD,439,0.03,741,0.014
F,1983,Ursula,5,MD,529,0.022,889,0.01
F,1989,Unknown,100,MD,59,0.361,68,0.351
F,1989,Unique,5,MD,632,0.018,1099,0.008
F,1990,Unknown,39,MD,137,0.137,168,0.12
F,1991,Unique,7,MD,522,0.025,943,0.012
F,1992,Unique,9,MD,450,0.033,829,0.015
F,1993,Unique,10,MD,386,0.039,740,0.018
F,1994,Unknown,72,MD,80,0.285,78,0.282
F,1994,Unique,17,MD,259,0.067,512,0.031
F,1995,Unique,5,MD,653,0.02,1214,0.009
F,1995,Unknown,5,MD,653,0.02,713,0.02
F,1996,Unique,11,MD,380,0.045,730,0.021
F,1998,Unique,10,MD,425,0.042,793,0.019
F,1999,Unique,6,MD,631,0.025,1162,0.011
F,2000,Unique,10,MD,436,0.041,826,0.019
F,2001,Unique,7,MD,577,0.029,1084,0.013
F,2002,Unique,5,MD,770,0.021,1372,0.01
F,2003,Unique,6,MD,672,0.025,1210,0.011
F,2004,Unique,6,MD,698,0.024,1262,0.011
F,2006,Unique,7,MD,683,0.028,1215,0.013
F,2007,Unique,6,MD,785,0.023,1409,0.011
F,2009,Unique,5,MD,892,0.02,1594,0.009
F,2011,Unique,6,MD,756,0.025,1355,0.012
F,2012,Unique,6,MD,762,0.025,1394,0.012
M,1951,Ulysses,5,MD,310,0.019,691,0.01
M,1965,Ulysses,5,MD,380,0.016,860,0.008
M,1989,Unknown,110,MD,63,0.343,68,0.351
M,1990,Unknown,35,MD,146,0.105,168,0.12
M,1991,Unknown,7,MD,444,0.021,943,0.012
M,1993,Unknown,5,MD,563,0.016,1195,0.009
M,1994,Unknown,84,MD,78,0.279,78,0.282
M,1995,Unknown,6,MD,539,0.02,713,0.02
M,2002,Ulysses,5,MD,646,0.018,1372,0.01
M,2006,Uriel,6,MD,647,0.02,1361,0.011
M,2006,Ulises,5,MD,753,0.017,1559,0.009
M,2007,Uriel,7,MD,603,0.023,1257,0.013
M,2008,Uriel,6,MD,683,0.02,1420,0.011
M,2009,Uriah,7,MD,578,0.024,1218,0.013
M,2010,Umar,7,MD,602,0.025,1253,0.013
M,2011,Uriel,5,MD,751,0.018,1590,0.01
M,2011,Urijah,5,MD,751,0.018,1590,0.01
M,2012,Urijah,7,MD,579,0.025,1241,0.014
M,2012,Uriah,6,MD,675,0.022,1394,0.012
M,2013,Uriah,5,MD,759,0.018,1562,0.01
M,2014,Uriah,6,MD,680,0.021,1404,0.011
M,2015,Umar,7,MD,636,0.025,1285,0.013
M,2015,Uriah,7,MD,636,0.025,1285,0.013
M,2016,Umar,5,MD,795,0.018,1623,0.01
M,2018,Uriel,8,MD,558,0.03,1155,0.016
M,2018,Uriah,6,MD,699,0.023,1434,0.012
M,2019,Uriah,12,MD,422,0.046,855,0.025
M,2019,Uriel,12,MD,422,0.046,855,0.025
M,2020,Uriel,8,MD,579,0.032,1189,0.017
M,2021,Uriel,6,MD,708,0.024,1430,0.013
M,2022,Uriel,13,MD,411,0.052,831,0.028
M,2022,Umar,5,MD,804,0.02,1678,0.011
M,2023,Uriel,7,MD,610,0.03,1246,0.016
M,2023,Umar,6,MD,698,0.026,1414,0.014
M,2024,Umar,9,MD,525,0.039,1043,0.02
M,2024,Uriel,9,MD,525,0.039,1043,0.02
F,1918,Una,5,ME,220,0.078,403,0.041
F,1996,Unnamed,5,ME,209,0.104,190,0.142
M,1918,Urban,6,ME,164,0.107,358,0.05
M,1996,Unnamed,10,ME,121,0.174,190,0.142
M,1998,Unnamed,7,ME,157,0.123,312,0.068
F,1911,Ursula,7,CA,180,0.106,276,0.07
F,1919,Una,5,CA,455,0.021,838,0.011
F,1920,Ursula,5,CA,505,0.018,927,0.009
F,1923,Ursula,9,CA,396,0.026,743,0.013
F,1925,Ursula,7,CA,494,0.019,889,0.01
F,1926,Ursula,5,CA,591,0.014,1070,0.007
F,1928,Ursula,5,CA,616,0.014,1094,0.007
F,1929,Una,6,CA,540,0.017,981,0.008
F,1929,Ursula,6,CA,540,0.017,981,0.008
F,1931,Ursula,5,CA,559,0.014,1013,0.007
F,1933,Ursula,5,CA,542,0.015,964,0.007
F,1934,Ursula,5,CA,549,0.015,989,0.007
F,1941,Una,5,CA,704,0.009,1201,0.004
F,1944,Unknown,5,CA,887,0.006,1462,0.003
F,1948,Unknown,7,CA,897,0.006,1024,0.006
F,1949,Unknown,9,CA,783,0.008,1043,0.006
F,1950,Unknown,13,CA,638,0.011,759,0.011
F,1951,Unknown,16,CA,588,0.013,836,0.009
F,1951,Ursula,5,CA,1140,0.004,1813,0.002
F,1952,Unknown,12,CA,710,0.009,715,0.012
F,1952,Una,6,CA,1081,0.005,1743,0.002
F,1953,Unknown,16,CA,648,0.012,812,0.01
F,1953,Ursula,5,CA,1236,0.004,1989,0.002
F,1954,Unknown,21,CA,560,0.015,710,0.013
F,1954,Ursula,9,CA,915,0.006,1530,0.003
F,1955,Ursula,12,CA,790,0.008,1345,0.004
F,1955,Unknown,11,CA,824,0.008,880,0.009
F,1956,Unknown,16,CA,720,0.01,872,0.01
F,1956,Ursula,15,CA,756,0.01,1280,0.005
F,1957,Ursula,9,CA,1026,0.005,1676,0.003
F,1957,Unknown,7,CA,1184,0.004,1059,0.007
F,1958,Ursula,14,CA,818,0.009,1378,0.004
F,1958,Unknown,10,CA,990,0.006,1043,0.007
F,1959,Ursula,11,CA,940,0.007,1576,0.003
F,1959,Unknown,5,CA,1481,0.003,1576,0.003
F,1960,Unknown,9,CA,1118,0.005,1230,0.006
F,1960,Ursula,5,CA,1557,0.003,2435,0.001
F,1961,Ursula,21,CA,724,0.012,1234,0.006
F,1961,Unknown,6,CA,1434,0.003,1444,0.004
F,1962,Ursula,17,CA,803,0.01,1338,0.005
F,1963,Ursula,26,CA,643,0.015,1103,0.007
F,1963,Una,5,CA,1613,0.003,2522,0.001
F,1963,Unknown,5,CA,1613,0.003,2522,0.001
F,1964,Ursula,27,CA,630,0.016,1093,0.008
F,1965,Ursula,46,CA,468,0.028,825,0.014
F,1966,Ursula,38,CA,513,0.025,896,0.012
F,1966,Unknown,5,CA,1630,0.003,1736,0.003
F,1967,Ursula,29,CA,600,0.019,1029,0.009
F,1968,Ursula,43,CA,491,0.028,863,0.013
F,1969,Ursula,38,CA,546,0.024,951,0.011
F,1970,Ursula,49,CA,475,0.03,843,0.014
F,1971,Ursula,40,CA,518,0.027,914,0.013
F,1972,Ursula,28,CA,613,0.02,1063,0.01
F,1973,Ursula,37,CA,513,0.028,910,0.013
F,1974,Ursula,27,CA,654,0.02,1124,0.009
F,1975,Ursula,30,CA,618,0.022,1070,0.01
F,1975,Unknown,5,CA,1918,0.004,1916,0.004
F,1976,Ursula,36,CA,566,0.025,996,0.012
F,1977,Ursula,28,CA,685,0.019,1175,0.009
F,1978,Ursula,25,CA,744,0.016,1269,0.008
F,1978,Unique,6,CA,1853,0.004,2879,0.002
F,1979,Ursula,18,CA,974,0.011,1619,0.005
F,1979,Unique,8,CA,1636,0.005,2560,0.002
F,1980,Ursula,24,CA,829,0.014,1403,0.007
F,1980,Unique,7,CA,1813,0.004,2879,0.002
F,1981,Ursula,22,CA,903,0.012,1496,0.006
F,1981,Uyen,9,CA,1595,0.005,2549,0.002
F,1982,Ursula,25,CA,836,0.013,1397,0.006
F,1982,Uyen,10,CA,1506,0.005,2419,0.003
F,1982,Unique,7,CA,1904,0.004,3012,0.002
F,1983,Ursula,25,CA,828,0.013,1398,0.006
F,1983,Uyen,11,CA,1421,0.006,2280,0.003
F,1983,Unique,6,CA,2057,0.003,3236,0.002
F,1984,Ursula,22,CA,933,0.011,1536,0.005
F,1984,Unique,17,CA,1096,0.009,1786,0.004
F,1984,Uyen,14,CA,1248,0.007,2021,0.003
F,1985,Ursula,30,CA,773,0.015,1318,0.007
F,1985,Unique,17,CA,1138,0.008,1845,0.004
F,1985,Uyen,8,CA,1829,0.004,2906,0.002
F,1986,Unique,22,CA,988,0.011,1617,0.005
F,1986,Ursula,19,CA,1088,0.009,1768,0.004
F,1987,Ursula,26,CA,903,0.012,1519,0.006
F,1987,Unique,22,CA,1018,0.01,1692,0.005
F,1988,Ursula,21,CA,1099,0.009,1813,0.004
F,1988,Unique,20,CA,1136,0.009,1872,0.004
F,1989,Unique,31,CA,893,0.013,1508,0.006
F,1989,Ursula,22,CA,1138,0.009,1856,0.004
F,1989,Uyen,7,CA,2383,0.003,3799,0.001
F,1990,Unique,23,CA,1168,0.009,1911,0.004
F,1990,Ursula,19,CA,1314,0.007,2136,0.003
F,1991,Unique,26,CA,1090,0.01,1798,0.005
F,1991,Ursula,11,CA,1890,0.004,3038,0.002
F,1992,Unique,29,CA,1007,0.011,1675,0.005
F,1992,Ursula,12,CA,1808,0.005,2878,0.002
F,1992,Uyen,6,CA,2873,0.002,4513,0.001
F,1992,Uriel,5,CA,3226,0.002,585,0.028
F,1993,Unique,32,CA,940,0.013,1567,0.006
F,1993,Ursula,8,CA,2328,0.003,3673,0.002
F,1993,Uyen,7,CA,2538,0.003,3999,0.001
F,1994,Unique,29,CA,991,0.012,1646,0.006
F,1994,Ursula,12,CA,1776,0.005,2834,0.002
F,1995,Unique,43,CA,738,0.018,1271,0.009
F,1995,Ursula,7,CA,2472,0.003,3957,0.001
F,1995,Uma,5,CA,3110,0.002,4917,0.001
F,1995,Unknown,5,CA,3110,0.002,4917,0.001
F,1996,Unique,37,CA,816,0.016,1402,0.008
F,1996,Uma,7,CA,2442,0.003,3888,0.001
F,1996,Ursula,6,CA,2702,0.003,4297,0.001
F,1997,Unique,50,CA,662,0.022,1157,0.011
F,1997,Ursula,10,CA,1935,0.004,3124,0.002
F,1997,Uma,9,CA,2075,0.004,3354,0.002
F,1997,Unknown,5,CA,3021,0.002,2548,0.003
F,1998,Unique,49,CA,672,0.022,1164,0.011
F,1998,Ursula,10,CA,1968,0.005,3177,0.002
F,1998,Uma,7,CA,2478,0.003,3949,0.002
F,1999,Unique,43,CA,723,0.02,1258,0.009
F,1999,Ursula,8,CA,2255,0.004,3674,0.002
F,1999,Uma,6,CA,2734,0.003,4386,0.001
F,2000,Unique,42,CA,785,0.019,1335,0.009
F,2000,Uma,8,CA,2354,0.004,3761,0.002
F,2000,Ursula,8,CA,2354,0.004,3761,0.002
F,2000,Ulyssa,5,CA,3231,0.002,5166,0.001
F,2000,Uriah,5,CA,3231,0.002,1895,0.005
F,2001,Unique,37,CA,864,0.017,1461,0.008
F,2001,Uma,8,CA,2393,0.004,3841,0.002
F,2001,Una,6,CA,2882,0.003,4598,0.001
F,2001,Ursula,5,CA,3233,0.002,5173,0.001
F,2002,Unique,42,CA,794,0.019,1349,0.009
F,2002,Uriah,8,CA,2391,0.004,2256,0.004
F,2002,Uma,7,CA,2611,0.003,4185,0.001
F,2003,Unique,29,CA,1053,0.013,1775,0.006
F,2003,Uma,13,CA,1770,0.006,2926,0.003
F,2003,Ursula,7,CA,2670,0.003,4323,0.001
F,2003,Unknown,6,CA,3001,0.003,2926,0.003
F,2003,Una,5,CA,3359,0.002,5384,0.001
F,2003,Uriah,5,CA,3359,0.002,2655,0.003
F,2004,Unique,38,CA,883,0.017,1502,0.008
F,2004,Uma,14,CA,1720,0.006,2844,0.003
F,2004,Una,7,CA,2714,0.003,4402,0.001
F,2004,Unity,5,CA,3463,0.002,5555,0.001
F,2004,Unknown,5,CA,3463,0.002,5555,0.001
F,2004,Ursula,5,CA,3463,0.002,5555,0.001
F,2005,Unique,39,CA,886,0.017,1495,0.008
F,2005,Uma,17,CA,1531,0.007,2561,0.004
F,2005,Una,7,CA,2796,0.003,4600,0.001
F,2006,Unique,44,CA,831,0.019,1433,0.009
F,2006,Uma,14,CA,1813,0.006,2997,0.003
F,2006,Ursula,6,CA,3201,0.003,5174,0.001
F,2006,Una,5,CA,3633,0.002,5831,0.001
F,2006,Uriah,5,CA,3633,0.002,1966,0.005
F,2007,Unique,30,CA,1121,0.013,1885,0.006
F,2007,Uma,17,CA,1598,0.007,2703,0.003
F,2007,Una,6,CA,3245,0.003,5296,0.001
F,2007,Uriah,6,CA,3245,0.003,1799,0.006
F,2007,Ulani,5,CA,3665,0.002,5972,0.001
F,2007,Unknown,5,CA,3665,0.002,2826,0.003
F,2008,Unique,30,CA,1126,0.013,1899,0.006
F,2008,Uma,13,CA,1938,0.006,3255,0.003
F,2008,Uriah,6,CA,3197,0.003,1293,0.011
F,2008,Una,5,CA,3637,0.002,5922,0.001
F,2009,Unique,38,CA,940,0.017,1626,0.008
F,2009,Uma,13,CA,1891,0.006,3177,0.003
F,2009,Una,7,CA,2862,0.003,4723,0.002
F,2009,Uriah,7,CA,2862,0.003,916,0.018
F,2009,Unity,6,CA,3207,0.003,5241,0.001
F,2010,Unique,29,CA,1095,0.014,1883,0.007
F,2010,Uma,18,CA,1490,0.009,2541,0.004
F,2010,Ursula,5,CA,3535,0.002,5835,0.001
F,2011,Unique,24,CA,1226,0.012,2087,0.005
F,2011,Uma,7,CA,2779,0.003,4636,0.002
F,2011,Ursula,5,CA,3451,0.002,5734,0.001
F,2012,Unique,29,CA,1075,0.014,1875,0.007
F,2012,Uma,12,CA,1935,0.006,3291,0.003
F,2012,Ursula,11,CA,2035,0.005,3471,0.003
F,2012,Una,6,CA,3104,0.003,5151,0.001
F,2012,Umaiza,5,CA,3535,0.002,5819,0.001
F,2012,Unity,5,CA,3535,0.002,5819,0.001
F,2012,Uriah,5,CA,3535,0.002,1012,0.016
F,2012,Uriyah,5,CA,3535,0.002,5819,0.001
F,2013,Unique,25,CA,1195,0.012,2071,0.006
F,2013,Uma,8,CA,2485,0.004,4168,0.002
F,2013,Una,5,CA,3400,0.002,5671,0.001
F,2014,Uma,18,CA,1486,0.009,2564,0.004
F,2014,Unique,17,CA,1544,0.008,2652,0.004
F,2014,Unknown,10,CA,2170,0.005,2488,0.004
F,2014,Una,9,CA,2336,0.004,3958,0.002
F,2014,Ursula,7,CA,2740,0.003,4664,0.002
F,2014,Ulyana,5,CA,3433,0.002,5750,0.001
F,2015,Uma,20,CA,1381,0.01,2388,0.005
F,2015,Unique,19,CA,1434,0.009,2474,0.004
F,2015,Una,7,CA,2717,0.003,4581,0.002
F,2015,Ursula,6,CA,3005,0.003,5063,0.001
F,2015,Uliana,5,CA,3391,0.002,5681,0.001
F,2016,Uma,17,CA,1525,0.008,2647,0.004
F,2016,Unique,13,CA,1816,0.006,3156,0.003
F,2016,Una,9,CA,2306,0.004,3965,0.002
F,2017,Uma,14,CA,1704,0.007,2946,0.003
F,2017,Unique,12,CA,1881,0.006,3222,0.003
F,2017,Ulyana,6,CA,2901,0.003,4932,0.001
F,2017,Una,6,CA,2901,0.003,4932,0.001
F,2017,Ursula,5,CA,3266,0.003,5545,0.001
F,2018,Uma,15,CA,1603,0.008,2773,0.004
F,2018,Unique,12,CA,1852,0.006,3190,0.003
F,2018,Una,7,CA,2610,0.004,4437,0.002
F,2019,Uma,17,CA,1475,0.009,2579,0.004
F,2019,Una,15,CA,1600,0.008,2798,0.004
F,2019,Unique,9,CA,2221,0.005,3802,0.002
F,2020,Una,14,CA,1623,0.008,2847,0.004
F,2020,Unique,13,CA,1708,0.007,2988,0.004
F,2020,Uma,11,CA,1916,0.006,3318,0.003
F,2020,Ursula,7,CA,2540,0.004,4306,0.002
F,2020,Urvi,7,CA,2540,0.004,4306,0.002
F,2021,Uma,19,CA,1325,0.011,2371,0.005
F,2021,Ulani,9,CA,2193,0.005,3725,0.002
F,2021,Una,8,CA,2380,0.005,4020,0.002
F,2021,Unique,8,CA,2380,0.005,4020,0.002
F,2021,Umi,7,CA,2583,0.004,4362,0.002
F,2021,Ulanni,6,CA,2839,0.003,4798,0.002
F,2021,Urvi,5,CA,3185,0.003,5368,0.001
F,2022,Uma,14,CA,1665,0.008,2933,0.004
F,2022,Una,8,CA,2384,0.005,4066,0.002
F,2022,Unique,7,CA,2592,0.004,4387,0.002
F,2022,Urvi,6,CA,2869,0.003,4836,0.002
F,2022,Ulani,5,CA,3224,0.003,5441,0.001
F,2022,Umi,5,CA,3224,0.003,5441,0.001
F,2023,Uma,19,CA,1316,0.012,2336,0.006
F,2023,Una,10,CA,2036,0.006,3501,0.003
F,2023,Unique,10,CA,2036,0.006,3501,0.003
F,2023,Urvi,7,CA,2570,0.004,4356,0.002
F,2023,Umi,6,CA,2816,0.004,4749,0.002
F,2023,Ursula,6,CA,2816,0.004,4749,0.002
F,2023,Unity,5,CA,3159,0.003,5316,0.001
F,2024,Uma,16,CA,1465,0.01,2593,0.005
F,2024,Una,10,CA,2031,0.006,3505,0.003
F,2024,Unique,7,CA,2558,0.004,4352,0.002
F,2024,Ursula,5,CA,3161,0.003,5341,0.001
M,1931,Urban,5,CA,494,0.014,1013,0.007
M,1945,Ulysses,5,CA,656,0.006,1506,0.003
M,1948,Unknown,7,CA,644,0.006,1024,0.006
M,1949,Unknown,5,CA,763,0.004,1043,0.006
M,1950,Unknown,13,CA,481,0.011,759,0.011
M,1950,Ulysses,6,CA,707,0.005,1628,0.003
M,1951,Unknown,6,CA,704,0.005,836,0.009
M,1952,Unknown,21,CA,398,0.015,715,0.012
M,1953,Unknown,12,CA,566,0.008,812,0.01
M,1953,Ulysses,9,CA,649,0.006,1475,0.003
M,1953,Ubaldo,6,CA,780,0.004,1806,0.002
M,1954,Unknown,18,CA,461,0.012,710,0.013
M,1955,Unknown,16,CA,512,0.01,880,0.009
M,1956,Unknown,15,CA,550,0.009,872,0.01
M,1956,Ulysses,5,CA,919,0.003,2176,0.002
M,1957,Unknown,16,CA,553,0.009,1059,0.007
M,1957,Ulysses,5,CA,938,0.003,2248,0.001
M,1958,Unknown,15,CA,571,0.009,1043,0.007
M,1958,Uriel,6,CA,883,0.003,2097,0.002
M,1958,Ulysses,5,CA,958,0.003,2279,0.001
M,1959,Unknown,6,CA,902,0.003,1576,0.003
M,1959,Ulysses,5,CA,991,0.003,2336,0.001
M,1960,Unknown,11,CA,707,0.006,1230,0.006
M,1960,Ulysses,7,CA,855,0.004,2038,0.002
M,1960,Uriel,7,CA,855,0.004,2038,0.002
M,1960,Ubaldo,5,CA,1000,0.003,2435,0.001
M,1961,Ulysses,10,CA,735,0.005,1752,0.003
M,1961,Unknown,9,CA,771,0.005,1444,0.004
M,1962,Ulysses,8,CA,808,0.004,1960,0.002
M,1964,Uriel,8,CA,847,0.004,2025,0.002
M,1965,Uriel,7,CA,872,0.004,2135,0.002
M,1965,Ulysses,5,CA,1046,0.003,2563,0.001
M,1966,Ulysses,12,CA,655,0.007,1568,0.004
M,1966,Unknown,5,CA,1005,0.003,1736,0.003
M,1966,Uriel,5,CA,1005,0.003,2509,0.002
M,1967,Ulysses,13,CA,651,0.008,1537,0.004
M,1967,Uriel,7,CA,884,0.004,2151,0.002
M,1967,Ubaldo,6,CA,952,0.004,2330,0.002
M,1967,Umberto,6,CA,952,0.004,2330,0.002
M,1968,Ulysses,7,CA,913,0.004,2246,0.002
M,1968,Uriel,7,CA,913,0.004,2246,0.002
M,1969,Ulysses,15,CA,667,0.009,1545,0.004
M,1969,Ubaldo,8,CA,902,0.005,2174,0.002
M,1969,Uriel,6,CA,1044,0.003,2555,0.002
M,1969,Ulises,5,CA,1159,0.003,2826,0.001
M,1970,Uriel,17,CA,634,0.01,1482,0.005
M,1970,Ulysses,15,CA,668,0.008,1585,0.004
M,1970,Ubaldo,6,CA,1095,0.003,2650,0.002
M,1971,Ulysses,17,CA,629,0.011,1462,0.005
M,1971,Ulises,8,CA,921,0.005,2201,0.003
M,1971,Uriel,8,CA,921,0.005,2201,0.003
M,1972,Ulysses,14,CA,671,0.009,1576,0.005
M,1972,Ulises,13,CA,699,0.009,1638,0.005
M,1972,Uriel,6,CA,1072,0.004,2552,0.002
M,1973,Ulysses,19,CA,568,0.013,1321,0.007
M,1973,Ulises,14,CA,684,0.01,1580,0.005
M,1973,Ubaldo,10,CA,814,0.007,1904,0.004
M,1973,Uriah,10,CA,814,0.007,1904,0.004
M,1973,Uriel,7,CA,979,0.005,2338,0.003
M,1974,Ulysses,14,CA,688,0.009,1624,0.005
M,1974,Uriel,14,CA,688,0.009,1624,0.005
M,1974,Ubaldo,12,CA,748,0.008,1764,0.004
M,1974,Ulises,10,CA,831,0.007,1965,0.003
M,1974,Uriah,5,CA,1212,0.003,2881,0.002
M,1975,Uriel,17,CA,632,0.011,1509,0.006
M,1975,Ubaldo,15,CA,677,0.01,1619,0.005
M,1975,Ulysses,15,CA,677,0.01,1619,0.005
M,1975,Ulises,10,CA,853,0.007,2030,0.003
M,1975,Uriah,10,CA,853,0.007,2030,0.003
M,1975,Unknown,6,CA,1150,0.004,1916,0.004
M,1976,Ulysses,17,CA,646,0.011,1523,0.006
M,1976,Uriah,15,CA,691,0.009,1631,0.005
M,1976,Ulises,13,CA,755,0.008,1785,0.004
M,1976,Uriel,13,CA,755,0.008,1785,0.004
M,1976,Ubaldo,7,CA,1063,0.004,2513,0.002
M,1977,Uriel,26,CA,527,0.016,1224,0.008
M,1977,Ulysses,17,CA,659,0.01,1578,0.005
M,1977,Ulises,15,CA,706,0.009,1703,0.005
M,1977,Uriah,13,CA,757,0.008,1832,0.004
M,1977,Ubaldo,8,CA,1010,0.005,2410,0.003
M,1977,Uri,5,CA,1327,0.003,3168,0.002
M,1978,Ulysses,26,CA,533,0.015,1244,0.008
M,1978,Uriel,26,CA,533,0.015,1244,0.008
M,1978,Uriah,13,CA,766,0.008,1867,0.004
M,1978,Ulises,11,CA,842,0.007,2040,0.003
M,1978,Ubaldo,8,CA,1017,0.005,2444,0.002
M,1979,Uriel,30,CA,505,0.017,1186,0.009
M,1979,Ulises,24,CA,575,0.013,1356,0.007
M,1979,Ulysses,24,CA,575,0.013,1356,0.007
M,1979,Ubaldo,10,CA,940,0.006,2264,0.003
M,1979,Uri,6,CA,1246,0.003,3033,0.002
M,1979,Uriah,6,CA,1246,0.003,3033,0.002
M,1979,Uvaldo,5,CA,1407,0.003,3376,0.001
M,1980,Uriel,29,CA,533,0.015,1247,0.008
M,1980,Ulysses,21,CA,645,0.011,1516,0.006
M,1980,Ulises,19,CA,685,0.01,1611,0.005
M,1980,Ubaldo,13,CA,835,0.007,2019,0.004
M,1980,Uriah,10,CA,968,0.005,2352,0.003
M,1980,Ulisses,5,CA,1499,0.003,3530,0.001
M,1981,Ulysses,33,CA,506,0.016,1186,0.009
M,1981,Uriel,26,CA,567,0.013,1349,0.007
M,1981,Ulises,22,CA,620,0.011,1496,0.006
M,1981,Ubaldo,16,CA,742,0.008,1801,0.004
M,1981,Unknown,6,CA,1344,0.003,3215,0.002
M,1981,Ulices,5,CA,1506,0.002,3610,0.001
M,1981,Ulyses,5,CA,1506,0.002,3610,0.001
M,1981,Urbano,5,CA,1506,0.002,3610,0.001
M,1982,Uriel,39,CA,467,0.019,1084,0.01
M,1982,Ulysses,24,CA,607,0.012,1436,0.006
M,1982,Ulises,22,CA,641,0.011,1521,0.006
M,1982,Uriah,13,CA,871,0.006,2081,0.003
M,1982,Ubaldo,7,CA,1276,0.003,3012,0.002
M,1983,Uriel,38,CA,474,0.018,1100,0.01
M,1983,Ulysses,29,CA,546,0.014,1278,0.007
M,1983,Ulises,24,CA,618,0.012,1438,0.006
M,1983,Ubaldo,11,CA,952,0.005,2280,0.003
M,1983,Ulisses,7,CA,1269,0.003,2952,0.002
M,1984,Ulysses,31,CA,536,0.015,1253,0.008
M,1984,Uriel,29,CA,559,0.014,1313,0.007
M,1984,Ulises,28,CA,570,0.013,1339,0.007
M,1984,Ubaldo,10,CA,1022,0.005,2444,0.002
M,1984,Uriah,8,CA,1190,0.004,2810,0.002
M,1984,Ulices,5,CA,1619,0.002,3764,0.001
M,1985,Ulises,60,CA,382,0.027,876,0.014
M,1985,Uriel,51,CA,422,0.023,973,0.012
M,1985,Ulysses,39,CA,491,0.017,1137,0.009
M,1985,Ulisses,8,CA,1243,0.004,2906,0.002
M,1985,Ubaldo,6,CA,1511,0.003,3496,0.001
M,1985,Ulices,6,CA,1511,0.003,3496,0.001
M,1985,Uriah,6,CA,1511,0.003,3496,0.001
M,1985,Ulyses,5,CA,1690,0.002,3903,0.001
M,1985,Uvaldo,5,CA,1690,0.002,3903,0.001
M,1986,Uriel,48,CA,454,0.021,1028,0.011
M,1986,Ulysses,43,CA,482,0.019,1098,0.01
M,1986,Ulises,33,CA,554,0.014,1275,0.008
M,1986,Ubaldo,14,CA,882,0.006,2134,0.003
M,1986,Ulisses,14,CA,882,0.006,2134,0.003
M,1986,Uriah,11,CA,1032,0.005,2492,0.003
M,1986,Ulices,8,CA,1300,0.004,3043,0.002
M,1987,Ulysses,64,CA,388,0.027,887,0.014
M,1987,Uriel,55,CA,425,0.023,978,0.012
M,1987,Ulises,46,CA,481,0.019,1105,0.01
M,1987,Ubaldo,17,CA,827,0.007,1956,0.004
M,1987,Uriah,14,CA,930,0.006,2202,0.003
M,1987,Ulisses,12,CA,1019,0.005,2428,0.003
M,1988,Ulysses,74,CA,376,0.029,854,0.015
M,1988,Uriel,63,CA,411,0.025,945,0.013
M,1988,Ulises,54,CA,453,0.021,1048,0.011
M,1988,Ubaldo,15,CA,939,0.006,2224,0.003
M,1988,Ulisses,14,CA,981,0.006,2333,0.003
M,1988,Uriah,13,CA,1031,0.005,2453,0.003
M,1988,Ulices,8,CA,1415,0.003,3283,0.002
M,1988,Uziel,6,CA,1681,0.002,3922,0.001
M,1988,Umar,5,CA,1929,0.002,4457,0.001
M,1989,Uriel,85,CA,363,0.032,821,0.017
M,1989,Ulises,80,CA,377,0.03,857,0.016
M,1989,Ulysses,63,CA,430,0.023,988,0.012
M,1989,Ubaldo,18,CA,879,0.007,2105,0.004
M,1989,Uriah,15,CA,987,0.006,2360,0.003
M,1989,Ulisses,12,CA,1154,0.004,2718,0.002
M,1989,Ulyses,11,CA,1215,0.004,2855,0.002
M,1989,Urbano,6,CA,1814,0.002,4173,0.001
M,1989,Ulices,5,CA,2063,0.002,4741,0.001
M,1989,Urian,5,CA,2063,0.002,4741,0.001
M,1989,Ustin,5,CA,2063,0.002,4741,0.001
M,1989,Uziel,5,CA,2063,0.002,4741,0.001
M,1990,Uriel,115,CA,323,0.04,712,0.021
M,1990,Ulises,100,CA,343,0.034,775,0.018
M,1990,Ulysses,81,CA,401,0.028,884,0.015
M,1990,Ulisses,16,CA,988,0.006,2385,0.003
M,1990,Ubaldo,15,CA,1030,0.005,2486,0.003
M,1990,Ulices,13,CA,1115,0.004,2708,0.002
M,1990,Uziel,13,CA,1115,0.004,2708,0.002
M,1990,Ulyses,11,CA,1265,0.004,3032,0.002
M,1990,Uvaldo,5,CA,2169,0.002,5007,0.001
M,1991,Uriel,118,CA,321,0.041,698,0.021
M,1991,Ulises,98,CA,360,0.034,792,0.018
M,1991,Ulysses,57,CA,475,0.02,1108,0.01
M,1991,Ubaldo,23,CA,796,0.008,1920,0.004
M,1991,Ulisses,23,CA,796,0.008,1920,0.004
M,1991,Ulyses,15,CA,1049,0.005,2502,0.003
M,1991,Uriah,12,CA,1211,0.004,2873,0.002
M,1991,Ulices,9,CA,1452,0.003,3448,0.002
M,1991,Uziel,9,CA,1452,0.003,3448,0.002
M,1991,Umberto,6,CA,1924,0.002,4460,0.001
M,1992,Uriel,145,CA,282,0.051,585,0.028
M,1992,Ulises,112,CA,333,0.039,726,0.021
M,1992,Ulysses,73,CA,416,0.026,939,0.013
M,1992,Ubaldo,21,CA,861,0.007,2046,0.004
M,1992,Ulisses,13,CA,1142,0.005,2711,0.002
M,1992,Ulices,11,CA,1271,0.004,3044,0.002
M,1992,Uziel,10,CA,1354,0.004,3237,0.002
M,1992,Uriah,9,CA,1468,0.003,3470,0.002
M,1992,Ulyses,7,CA,1746,0.002,4066,0.001
M,1993,Uriel,137,CA,287,0.05,618,0.026
M,1993,Ulises,110,CA,319,0.04,710,0.021
M,1993,Ulysses,60,CA,461,0.022,1058,0.011
M,1993,Ubaldo,24,CA,777,0.009,1858,0.005
M,1993,Ulisses,12,CA,1187,0.004,2880,0.002
M,1993,Ulyses,10,CA,1347,0.004,3195,0.002
M,1993,Ulices,9,CA,1437,0.003,3395,0.002
M,1993,Umar,8,CA,1579,0.003,3673,0.002
M,1993,Uziel,8,CA,1579,0.003,3673,0.002
M,1993,Uriah,6,CA,1935,0.002,4428,0.001
M,1993,Uvaldo,6,CA,1935,0.002,4428,0.001
M,1993,Umberto,5,CA,2194,0.002,5011,0.001
M,1993,Uri,5,CA,2194,0.002,5011,0.001
M,1993,Usman,5,CA,2194,0.002,5011,0.001
M,1994,Uriel,139,CA,280,0.052,594,0.027
M,1994,Ulises,133,CA,288,0.05,615,0.026
M,1994,Ulysses,51,CA,504,0.019,1162,0.01
M,1994,Ubaldo,23,CA,795,0.009,1903,0.005
M,1994,Ulisses,17,CA,955,0.006,2298,0.003
M,1994,Uziel,13,CA,1117,0.005,2698,0.003
M,1994,Ulices,12,CA,1190,0.004,2834,0.002
M,1994,Uriah,12,CA,1190,0.004,2834,0.002
M,1994,Ulyses,8,CA,1573,0.003,3662,0.002
M,1994,Urbano,7,CA,1733,0.003,4004,0.001
M,1994,Usman,7,CA,1733,0.003,4004,0.001
M,1994,Umar,5,CA,2206,0.002,5006,0.001
M,1995,Uriel,161,CA,259,0.062,533,0.033
M,1995,Ulises,95,CA,352,0.037,779,0.019
M,1995,Ulysses,59,CA,459,0.023,1030,0.012
M,1995,Ubaldo,16,CA,965,0.006,2340,0.003
M,1995,Ulisses,14,CA,1035,0.005,2530,0.003
M,1995,Uriah,12,CA,1148,0.005,2778,0.002
M,1995,Ulices,9,CA,1421,0.003,3367,0.002
M,1995,Uziel,8,CA,1536,0.003,3617,0.002
M,1995,Usman,7,CA,1698,0.003,3957,0.001
M,1995,Ulyses,5,CA,2121,0.002,4917,0.001
M,1996,Uriel,154,CA,265,0.061,541,0.032
M,1996,Ulises,126,CA,295,0.05,617,0.026
M,1996,Ulysses,65,CA,432,0.026,988,0.013
M,1996,Ulyses,12,CA,1166,0.005,2809,0.002
M,1996,Ulisses,11,CA,1228,0.004,2972,0.002
M,1996,Ulices,9,CA,1407,0.004,3363,0.002
M,1996,Ubaldo,8,CA,1508,0.003,3597,0.002
M,1996,Uriah,7,CA,1652,0.003,3888,0.001
M,1996,Umar,6,CA,1839,0.002,4297,0.001
M,1996,Uvaldo,6,CA,1839,0.002,4297,0.001
M,1996,Usman,5,CA,2103,0.002,4883,0.001
M,1996,Uziel,5,CA,2103,0.002,4883,0.001
M,1997,Uriel,135,CA,286,0.055,597,0.029
M,1997,Ulises,116,CA,313,0.047,664,0.025
M,1997,Ulysses,71,CA,401,0.029,899,0.015
M,1997,Ulices,22,CA,783,0.009,1904,0.005
M,1997,Ubaldo,21,CA,814,0.009,1970,0.004
M,1997,Ulisses,18,CA,897,0.007,2183,0.004
M,1997,Uriah,12,CA,1147,0.005,2802,0.003
M,1997,Ulyses,10,CA,1302,0.004,3124,0.002
M,1997,Uziel,10,CA,1302,0.004,3124,0.002
M,1997,Unknown,9,CA,1407,0.004,2548,0.003
M,1997,Umar,7,CA,1670,0.003,3919,0.001
M,1998,Ulises,156,CA,254,0.064,524,0.034
M,1998,Uriel,144,CA,275,0.059,563,0.031
M,1998,Ulysses,87,CA,360,0.036,801,0.019
M,1998,Ulyses,19,CA,875,0.008,2119,0.004
M,1998,Ulices,14,CA,1042,0.006,2540,0.003
M,1998,Ubaldo,13,CA,1095,0.005,2665,0.003
M,1998,Ulisses,11,CA,1232,0.005,2988,0.002
M,1998,Uziel,10,CA,1306,0.004,3177,0.002
M,1998,Umar,7,CA,1651,0.003,3949,0.002
M,1998,Usman,7,CA,1651,0.003,3949,0.002
M,1998,Uriah,6,CA,1838,0.002,4349,0.001
M,1999,Ulises,183,CA,230,0.076,470,0.04
M,1999,Uriel,160,CA,254,0.066,523,0.035
M,1999,Ulysses,113,CA,317,0.047,680,0.025
M,1999,Ulisses,28,CA,694,0.012,1682,0.006
M,1999,Ulices,22,CA,789,0.009,1939,0.005
M,1999,Ubaldo,13,CA,1097,0.005,2688,0.003
M,1999,Uriah,12,CA,1166,0.005,2835,0.003
M,1999,Uziel,12,CA,1166,0.005,2835,0.003
M,1999,Ulyses,10,CA,1321,0.004,3181,0.002
M,1999,Umar,6,CA,1861,0.002,4386,0.001
M,1999,Usman,5,CA,2145,0.002,5011,0.001
M,1999,Uzziel,5,CA,2145,0.002,5011,0.001
M,2000,Uriel,175,CA,241,0.071,500,0.037
M,2000,Ulises,169,CA,247,0.068,516,0.036
M,2000,Ulysses,72,CA,412,0.029,921,0.015
M,2000,Ulices,28,CA,709,0.011,1725,0.006
M,2000,Ulisses,24,CA,776,0.01,1895,0.005
M,2000,Uriah,19,CA,895,0.008,1895,0.005
M,2000,Ubaldo,18,CA,924,0.007,2252,0.004
M,2000,Uziel,14,CA,1096,0.006,2615,0.003
M,2000,Ulyses,8,CA,1549,0.003,3761,0.002
M,2000,Umar,7,CA,1711,0.003,4132,0.001
M,2000,Usiel,6,CA,1917,0.002,4574,0.001
M,2000,Usman,5,CA,2166,0.002,5166,0.001
M,2001,Uriel,160,CA,255,0.065,530,0.034
M,2001,Ulises,151,CA,267,0.062,559,0.032
M,2001,Ulysses,89,CA,372,0.036,828,0.019
M,2001,Ulisses,22,CA,831,0.009,2026,0.005
M,2001,Ulices,19,CA,913,0.008,2225,0.004
M,2001,Ulyses,14,CA,1109,0.006,2698,0.003
M,2001,Uziel,14,CA,1109,0.006,2698,0.003
M,2001,Uvaldo,7,CA,1728,0.003,4177,0.001
M,2001,Uriah,6,CA,1916,0.002,4598,0.001
M,2001,Ubaldo,5,CA,2178,0.002,5173,0.001
M,2001,Urian,5,CA,2178,0.002,5173,0.001
M,2001,Uzziel,5,CA,2178,0.002,5173,0.001
M,2002,Ulises,145,CA,272,0.059,578,0.031
M,2002,Uriel,134,CA,289,0.055,617,0.029
M,2002,Ulysses,70,CA,410,0.029,950,0.015
M,2002,Ulisses,24,CA,800,0.01,1946,0.005
M,2002,Ubaldo,19,CA,922,0.008,2256,0.004
M,2002,Ulices,18,CA,965,0.007,2339,0.004
M,2002,Uziel,13,CA,1197,0.005,2865,0.003
M,2002,Uriah,11,CA,1323,0.004,2256,0.004
M,2002,Ulyses,10,CA,1413,0.004,3381,0.002
M,2002,Umar,5,CA,2187,0.002,5220,0.001
M,2002,Usman,5,CA,2187,0.002,5220,0.001
M,2003,Uriel,171,CA,246,0.068,511,0.036
M,2003,Ulises,100,CA,358,0.04,776,0.021
M,2003,Ulysses,42,CA,581,0.017,1390,0.009
M,2003,Ulices,22,CA,860,0.009,2108,0.005
M,2003,Ubaldo,19,CA,950,0.008,2307,0.004
M,2003,Ulisses,19,CA,950,0.008,2307,0.004
M,2003,Uziel,13,CA,1220,0.005,2926,0.003
M,2003,Uriah,10,CA,1439,0.004,2655,0.003
M,2003,Unknown,7,CA,1808,0.003,2926,0.003
M,2003,Usman,7,CA,1808,0.003,4323,0.001
M,2003,Uzziel,7,CA,1808,0.003,4323,0.001
M,2004,Uriel,165,CA,261,0.065,548,0.034
M,2004,Ulises,138,CA,294,0.055,627,0.029
M,2004,Ulysses,66,CA,443,0.026,1043,0.014
M,2004,Uriah,16,CA,1089,0.006,2618,0.003
M,2004,Ulisses,15,CA,1134,0.006,2718,0.003
M,2004,Ulyses,12,CA,1305,0.005,3120,0.002
M,2004,Uziel,12,CA,1305,0.005,3120,0.002
M,2004,Ubaldo,11,CA,1378,0.004,3300,0.002
M,2004,Ulices,11,CA,1378,0.004,3300,0.002
M,2004,Umar,8,CA,1707,0.003,4062,0.002
M,2004,Uzziel,6,CA,2049,0.002,4900,0.001
M,2005,Uriel,222,CA,223,0.087,436,0.046
M,2005,Ulises,171,CA,259,0.067,535,0.035
M,2005,Ulysses,56,CA,497,0.022,1173,0.012
M,2005,Ulices,23,CA,885,0.009,2115,0.005
M,2005,Uziel,19,CA,999,0.007,2396,0.004
M,2005,Ulisses,14,CA,1219,0.006,2905,0.003
M,2005,Ulyses,9,CA,1632,0.004,3864,0.002
M,2005,Uriah,9,CA,1632,0.004,3864,0.002
M,2005,Umar,8,CA,1794,0.003,4204,0.002
M,2005,Ubaldo,7,CA,1968,0.003,4600,0.001
M,2005,Unknown,6,CA,2156,0.002,5079,0.001
M,2005,Uday,5,CA,2419,0.002,5696,0.001
M,2006,Uriel,218,CA,231,0.084,450,0.044
M,2006,Ulises,186,CA,248,0.071,507,0.038
M,2006,Ulysses,60,CA,501,0.023,1165,0.012
M,2006,Ulisses,22,CA,937,0.008,2250,0.004
M,2006,Uriah,22,CA,937,0.008,1966,0.005
M,2006,Uziel,22,CA,937,0.008,2250,0.004
M,2006,Ulices,20,CA,997,0.008,2387,0.004
M,2006,Ubaldo,11,CA,1497,0.004,3532,0.002
M,2006,Ulyses,9,CA,1654,0.003,3968,0.002
M,2006,Usman,7,CA,1955,0.003,4673,0.001
M,2006,Unknown,6,CA,2169,0.002,5174,0.001
M,2007,Uriel,199,CA,241,0.076,483,0.04
M,2007,Ulises,160,CA,268,0.061,571,0.032
M,2007,Ulysses,67,CA,473,0.026,1089,0.013
M,2007,Uriah,26,CA,870,0.01,1799,0.006
M,2007,Ulices,22,CA,955,0.008,2293,0.004
M,2007,Ulisses,22,CA,955,0.008,2293,0.004
M,2007,Uziel,16,CA,1197,0.006,2826,0.003
M,2007,Ulyses,11,CA,1508,0.004,3575,0.002
M,2007,Unknown,11,CA,1508,0.004,2826,0.003
M,2007,Ubaldo,9,CA,1716,0.003,4061,0.002
M,2007,Umar,9,CA,1716,0.003,4061,0.002
M,2007,Urijah,9,CA,1716,0.003,4061,0.002
M,2007,Uzziel,8,CA,1843,0.003,4389,0.002
M,2007,Uri,6,CA,2247,0.002,5296,0.001
M,2007,Umair,5,CA,2565,0.002,5972,0.001
M,2007,Uzziah,5,CA,2565,0.002,5972,0.001
M,2008,Uriel,214,CA,233,0.084,459,0.044
M,2008,Ulises,158,CA,278,0.062,577,0.033
M,2008,Ulysses,63,CA,505,0.025,1137,0.013
M,2008,Uriah,46,CA,606,0.018,1293,0.011
M,2008,Urijah,36,CA,698,0.014,1680,0.007
M,2008,Uziel,22,CA,955,0.009,2296,0.005
M,2008,Ulices,19,CA,1057,0.007,2510,0.004
M,2008,Ulisses,12,CA,1463,0.005,3433,0.002
M,2008,Uzziel,12,CA,1463,0.005,3433,0.002
M,2008,Ubaldo,11,CA,1551,0.004,3633,0.002
M,2008,Usman,8,CA,1864,0.003,4382,0.002
M,2008,Umar,7,CA,2024,0.003,4754,0.001
M,2008,Unknown,7,CA,2024,0.003,4754,0.001
M,2008,Uday,5,CA,2532,0.002,5922,0.001
M,2009,Uriel,211,CA,229,0.087,447,0.046
M,2009,Ulises,144,CA,285,0.059,594,0.031
M,2009,Uriah,75,CA,439,0.031,916,0.018
M,2009,Urijah,56,CA,537,0.023,1222,0.012
M,2009,Ulysses,51,CA,570,0.021,1309,0.011
M,2009,Uziel,27,CA,851,0.011,2002,0.006
M,2009,Ulisses,23,CA,944,0.009,2208,0.005
M,2009,Ulices,18,CA,1108,0.007,2590,0.004
M,2009,Ulyses,9,CA,1715,0.004,4020,0.002
M,2009,Ubaldo,8,CA,1848,0.003,4334,0.002
M,2009,Uzziel,7,CA,2033,0.003,4723,0.002
M,2009,Umar,6,CA,2231,0.002,5241,0.001
M,2009,Unknown,6,CA,2231,0.002,5241,0.001
M,2009,Uri,6,CA,2231,0.002,5241,0.001
M,2010,Ulises,146,CA,279,0.062,575,0.033
M,2010,Uriel,144,CA,282,0.062,582,0.032
M,2010,Urijah,56,CA,526,0.024,1190,0.013
M,2010,Ulysses,52,CA,556,0.022,1262,0.012
M,2010,Uriah,47,CA,596,0.02,1355,0.011
M,2010,Ulisses,19,CA,1068,0.008,2470,0.004
M,2010,Uziel,16,CA,1177,0.007,2745,0.004
M,2010,Ubaldo,10,CA,1612,0.004,3754,0.002
M,2010,Uzziah,10,CA,1612,0.004,3754,0.002
M,2010,Uriyah,8,CA,1840,0.003,4302,0.002
M,2010,Uri,7,CA,2016,0.003,4695,0.002
M,2010,Uzziel,7,CA,2016,0.003,4695,0.002
M,2010,Ulyses,6,CA,2243,0.003,5194,0.001
M,2010,Usman,6,CA,2243,0.003,5194,0.001
M,2010,Ulices,5,CA,2541,0.002,5835,0.001
M,2011,Uriel,181,CA,254,0.079,494,0.041
M,2011,Ulises,104,CA,351,0.045,747,0.024
M,2011,Uriah,72,CA,440,0.031,967,0.016
M,2011,Urijah,55,CA,531,0.024,1194,0.013
M,2011,Ulysses,53,CA,549,0.023,1232,0.012
M,2011,Uziel,16,CA,1172,0.007,2742,0.004
M,2011,Ulisses,10,CA,1609,0.004,3711,0.002
M,2011,Ulices,9,CA,1712,0.004,3951,0.002
M,2011,Umar,8,CA,1859,0.003,4255,0.002
M,2011,Uriyah,7,CA,2026,0.003,4636,0.002
M,2011,Ubaldo,6,CA,2255,0.003,5122,0.001
M,2011,Uzziel,6,CA,2255,0.003,5122,0.001
M,2011,Uziah,5,CA,2524,0.002,5734,0.001
M,2011,Uzziah,5,CA,2524,0.002,5734,0.001
M,2012,Uriel,141,CA,295,0.061,602,0.032
M,2012,Ulises,116,CA,333,0.05,702,0.026
M,2012,Uriah,65,CA,477,0.028,1012,0.016
M,2012,Ulysses,39,CA,675,0.017,1533,0.009
M,2012,Urijah,38,CA,699,0.016,1573,0.009
M,2012,Uziel,20,CA,1032,0.009,2391,0.005
M,2012,Ulices,10,CA,1625,0.004,3694,0.002
M,2012,Ulisses,10,CA,1625,0.004,3694,0.002
M,2012,Uzziah,8,CA,1860,0.003,4258,0.002
M,2012,Uzair,6,CA,2239,0.003,5151,0.001
M,2012,Uzziel,6,CA,2239,0.003,5151,0.001
M,2012,Ubaldo,5,CA,2514,0.002,5819,0.001
M,2012,Unknown,5,CA,2514,0.002,5819,0.001
M,2013,Uriel,137,CA,310,0.06,617,0.032
M,2013,Uriah,81,CA,426,0.036,912,0.019
M,2013,Ulises,77,CA,440,0.034,947,0.018
M,2013,Ulysses,48,CA,601,0.021,1317,0.011
M,2013,Urijah,44,CA,638,0.019,1407,0.01
M,2013,Uziel,16,CA,1171,0.007,2712,0.004
M,2013,Ubaldo,10,CA,1573,0.004,3634,0.002
M,2013,Ulisses,10,CA,1573,0.004,3634,0.002
M,2013,Umar,10,CA,1573,0.004,3634,0.002
M,2013,Unknown,7,CA,2006,0.003,4580,0.002
M,2013,Usman,6,CA,2225,0.003,5051,0.001
M,2013,Uzziah,6,CA,2225,0.003,5051,0.001
M,2013,Ulices,5,CA,2518,0.002,5671,0.001
M,2013,Ulyses,5,CA,2518,0.002,5671,0.001
M,2013,Umair,5,CA,2518,0.002,5671,0.001
M,2013,Uri,5,CA,2518,0.002,5671,0.001
M,2013,Urias,5,CA,2518,0.002,5671,0.001
M,2014,Uriel,144,CA,304,0.062,606,0.033
M,2014,Ulises,85,CA,422,0.037,891,0.019
M,2014,Uriah,81,CA,436,0.035,927,0.018
M,2014,Ulysses,50,CA,617,0.022,1338,0.011
M,2014,Urijah,40,CA,693,0.017,1541,0.009
M,2014,Uziel,17,CA,1155,0.007,2652,0.004
M,2014,Unknown,9,CA,1737,0.004,2488,0.004
M,2014,Umar,7,CA,2099,0.003,4664,0.002
M,2014,Ulices,6,CA,2311,0.003,5141,0.001
M,2014,Uriyah,6,CA,2311,0.003,5141,0.001
M,2014,Uzziel,6,CA,2311,0.003,5141,0.001
M,2014,Ubaldo,5,CA,2572,0.002,5750,0.001
M,2014,Uzziah,5,CA,2572,0.002,5750,0.001
M,2015,Uriel,132,CA,319,0.058,634,0.031
M,2015,Ulises,79,CA,436,0.035,920,0.018
M,2015,Uriah,70,CA,476,0.031,1014,0.016
M,2015,Ulysses,53,CA,589,0.023,1271,0.012
M,2015,Urijah,30,CA,824,0.013,1823,0.007
M,2015,Uziel,11,CA,1538,0.005,3473,0.003
M,2015,Ulisses,8,CA,1871,0.004,4205,0.002
M,2015,Uzziah,7,CA,2045,0.003,4581,0.002
M,2015,Ulices,6,CA,2274,0.003,5063,0.001
M,2015,Umar,5,CA,2557,0.002,5681,0.001
M,2015,Urban,5,CA,2557,0.002,5681,0.001
M,2015,Uriyah,5,CA,2557,0.002,5681,0.001
M,2016,Uriel,134,CA,309,0.06,619,0.031
M,2016,Uriah,80,CA,456,0.036,946,0.019
M,2016,Ulises,53,CA,585,0.024,1248,0.012
M,2016,Ulysses,36,CA,742,0.016,1654,0.008
M,2016,Urijah,36,CA,742,0.016,1654,0.008
M,2016,Ulices,12,CA,1484,0.005,3305,0.003
M,2016,Uziel,10,CA,1648,0.004,3681,0.002
M,2016,Umar,9,CA,1785,0.004,3965,0.002
M,2016,Ubaldo,7,CA,2062,0.003,4556,0.002
M,2016,Uzziel,7,CA,2062,0.003,4556,0.002
M,2016,Usman,6,CA,2284,0.003,5026,0.001
M,2016,Ulisses,5,CA,2550,0.002,5600,0.001
M,2017,Uriel,127,CA,324,0.059,637,0.031
M,2017,Ulises,74,CA,467,0.034,972,0.018
M,2017,Uriah,73,CA,470,0.034,982,0.018
M,2017,Ulysses,44,CA,653,0.02,1398,0.011
M,2017,Urijah,24,CA,934,0.011,2093,0.006
M,2017,Ulices,18,CA,1126,0.008,2531,0.004
M,2017,Uziel,13,CA,1369,0.006,3097,0.003
M,2017,Uzziah,12,CA,1434,0.006,3222,0.003
M,2017,Umar,9,CA,1725,0.004,3829,0.002
M,2017,Ulisses,6,CA,2263,0.003,4932,0.001
M,2017,Uriyah,5,CA,2556,0.002,5545,0.001
M,2017,Usman,5,CA,2556,0.002,5545,0.001
M,2017,Uziah,5,CA,2556,0.002,5545,0.001
M,2017,Uzziel,5,CA,2556,0.002,5545,0.001
M,2018,Uriel,137,CA,299,0.066,585,0.035
M,2018,Ulises,67,CA,485,0.032,1026,0.017
M,2018,Uriah,59,CA,525,0.029,1130,0.015
M,2018,Ulysses,42,CA,643,0.02,1422,0.011
M,2018,Urijah,25,CA,902,0.012,1994,0.006
M,2018,Ulices,15,CA,1242,0.007,2773,0.004
M,2018,Umar,15,CA,1242,0.007,2773,0.004
M,2018,Usman,9,CA,1763,0.004,3846,0.002
M,2018,Uzair,8,CA,1869,0.004,4095,0.002
M,2018,Uziel,7,CA,2032,0.003,4437,0.002
M,2018,Ubaldo,6,CA,2248,0.003,4897,0.002
M,2018,Uzziah,6,CA,2248,0.003,4897,0.002
M,2018,Uzziel,5,CA,2513,0.002,5463,0.001
M,2019,Uriel,157,CA,274,0.077,516,0.041
M,2019,Ulises,82,CA,428,0.04,874,0.021
M,2019,Ulysses,61,CA,519,0.03,1096,0.016
M,2019,Uriah,61,CA,519,0.03,1096,0.016
M,2019,Ulices,20,CA,1042,0.01,2300,0.005
M,2019,Urijah,15,CA,1271,0.007,2798,0.004
M,2019,Umar,13,CA,1371,0.006,3034,0.003
M,2019,Uziel,12,CA,1442,0.006,3185,0.003
M,2019,Usman,8,CA,1872,0.004,4075,0.002
M,2019,Uzziah,8,CA,1872,0.004,4075,0.002
M,2019,Unknown,6,CA,2212,0.003,4816,0.002
M,2019,Uzziel,5,CA,2505,0.002,5403,0.001
M,2020,Uriel,141,CA,286,0.074,529,0.039
M,2020,Ulises,69,CA,473,0.036,985,0.019
M,2020,Ulysses,58,CA,527,0.031,1117,0.016
M,2020,Uriah,48,CA,605,0.025,1282,0.013
M,2020,Ulices,18,CA,1075,0.009,2396,0.005
M,2020,Uziel,14,CA,1306,0.007,2847,0.004
M,2020,Urijah,13,CA,1373,0.007,2988,0.004
M,2020,Usman,11,CA,1511,0.006,3318,0.003
M,2020,Umar,10,CA,1600,0.005,3505,0.003
M,2020,Uzziah,10,CA,1600,0.005,3505,0.003
M,2020,Ubaldo,6,CA,2162,0.003,4723,0.002
M,2020,Uzziel,6,CA,2162,0.003,4723,0.002
M,2020,Ulyses,5,CA,2446,0.003,5330,0.001
M,2020,Uriyah,5,CA,2446,0.003,5330,0.001
M,2020,Uthman,5,CA,2446,0.003,5330,0.001
M,2021,Uriel,135,CA,294,0.071,556,0.037
M,2021,Ulises,71,CA,466,0.038,970,0.02
M,2021,Uriah,51,CA,581,0.027,1237,0.014
M,2021,Ulysses,48,CA,609,0.025,1295,0.013
M,2021,Uziel,32,CA,777,0.017,1701,0.009
M,2021,Usman,16,CA,1207,0.008,2659,0.004
M,2021,Ulices,13,CA,1364,0.007,2984,0.004
M,2021,Urijah,13,CA,1364,0.007,2984,0.004
M,2021,Umar,9,CA,1704,0.005,3725,0.002
M,2021,Uzziah,9,CA,1704,0.005,3725,0.002
M,2021,Uri,6,CA,2213,0.003,4798,0.002
M,2021,Unknown,5,CA,2495,0.003,5368,0.001
M,2021,Urias,5,CA,2495,0.003,5368,0.001
M,2021,Uzair,5,CA,2495,0.003,5368,0.001
M,2021,Uziah,5,CA,2495,0.003,5368,0.001
M,2022,Uriel,169,CA,242,0.089,455,0.047
M,2022,Ulises,54,CA,565,0.029,1206,0.015
M,2022,Ulysses,49,CA,598,0.026,1289,0.014
M,2022,Uriah,49,CA,598,0.026,1289,0.014
M,2022,Uziel,38,CA,716,0.02,1536,0.01
M,2022,Ulices,12,CA,1472,0.006,3219,0.003
M,2022,Urijah,12,CA,1472,0.006,3219,0.003
M,2022,Uzziah,12,CA,1472,0.006,3219,0.003
M,2022,Umar,10,CA,1638,0.005,3575,0.003
M,2022,Uzziel,9,CA,1751,0.005,3801,0.002
M,2022,Usman,7,CA,2021,0.004,4387,0.002
M,2022,Ulisses,6,CA,2230,0.003,4836,0.002
M,2022,Uthman,6,CA,2230,0.003,4836,0.002
M,2022,Unknown,5,CA,2538,0.003,5441,0.001
M,2022,Uzair,5,CA,2538,0.003,5441,0.001
M,2023,Uriel,149,CA,254,0.083,493,0.043
M,2023,Ulises,59,CA,521,0.033,1087,0.017
M,2023,Uriah,48,CA,601,0.027,1267,0.014
M,2023,Ulysses,41,CA,668,0.023,1410,0.012
M,2023,Uziel,28,CA,857,0.016,1825,0.008
M,2023,Umar,15,CA,1239,0.008,2721,0.004
M,2023,Usman,14,CA,1293,0.008,2835,0.004
M,2023,Ulices,12,CA,1431,0.007,3119,0.003
M,2023,Uzair,8,CA,1851,0.004,4023,0.002
M,2023,Uzziel,8,CA,1851,0.004,4023,0.002
M,2023,Uzziah,7,CA,2012,0.004,4356,0.002
M,2023,Uri,6,CA,2199,0.003,4749,0.002
M,2024,Uriel,152,CA,251,0.085,485,0.044
M,2024,Ulises,72,CA,465,0.04,944,0.021
M,2024,Uriah,47,CA,613,0.026,1270,0.014
M,2024,Ulysses,37,CA,715,0.021,1512,0.011
M,2024,Uziel,27,CA,871,0.015,1852,0.008
M,2024,Usman,15,CA,1238,0.008,2701,0.004
M,2024,Umar,13,CA,1374,0.007,2967,0.004
M,2024,Ulices,8,CA,1851,0.004,4029,0.002
M,2024,Urijah,7,CA,1994,0.004,4352,0.002
M,2024,Uzair,5,CA,2459,0.003,5341,0.001
M,2024,Uzziah,5,CA,2459,0.003,5341,0.001
M,2024,Uzziel,5,CA,2459,0.003,5341,0.001
F,1920,Una,5,NE,308,0.039,557,0.02
F,1921,Una,5,NE,320,0.038,575,0.02
F,1924,Una,5,NE,304,0.04,550,0.02
M,2002,Uriel,5,NE,349,0.049,699,0.027
M,2009,Urijah,8,NE,304,0.077,587,0.043
M,2010,Ulises,5,NE,398,0.051,785,0.028
M,2011,Uriel,8,NE,286,0.082,551,0.046
M,2012,Uriel,7,NE,328,0.071,627,0.04
M,2014,Uriah,6,NE,381,0.058,734,0.033
M,2017,Uriah,5,NE,440,0.051,855,0.028
M,2018,Uriel,8,NE,302,0.085,575,0.047
M,2019,Uriel,9,NE,286,0.1,525,0.055
M,2019,Ulysses,5,NE,429,0.055,826,0.03
M,2020,Uriel,6,NE,367,0.068,690,0.038
M,2021,Uriel,5,NE,428,0.056,820,0.031
M,2023,Uriel,6,NE,381,0.071,713,0.039
M,2024,Uriel,6,NE,366,0.07,722,0.037
F,1912,Ursula,5,MA,288,0.028,518,0.015
F,1913,Ursula,9,MA,225,0.044,409,0.024
F,1914,Ursula,7,MA,298,0.025,543,0.014
F,1914,Una,5,MA,359,0.018,662,0.01
F,1916,Ursula,8,MA,300,0.024,554,0.013
F,1917,Ursula,16,MA,221,0.045,398,0.024
F,1918,Ursula,9,MA,304,0.024,551,0.013
F,1919,Ursula,9,MA,290,0.026,531,0.014
F,1920,Ursula,10,MA,276,0.028,513,0.014
F,1920,Una,6,MA,363,0.017,658,0.009
F,1921,Ursula,8,MA,303,0.022,573,0.011
F,1922,Ursula,14,MA,225,0.04,416,0.02
F,1923,Ursula,12,MA,246,0.033,457,0.017
F,1923,Una,5,MA,391,0.014,724,0.007
F,1924,Ursula,8,MA,309,0.021,576,0.011
F,1925,Ursula,8,MA,298,0.023,548,0.012
F,1925,Una,7,MA,322,0.02,593,0.01
F,1926,Ursula,12,MA,240,0.035,443,0.017
F,1927,Ursula,11,MA,244,0.032,442,0.016
F,1928,Ursula,7,MA,303,0.021,558,0.011
F,1929,Ursula,6,MA,323,0.019,578,0.01
F,1930,Ursula,9,MA,258,0.028,459,0.014
F,1933,Ursula,8,MA,263,0.029,467,0.014
F,1934,Ursula,6,MA,299,0.022,528,0.011
F,1935,Ursula,9,MA,250,0.032,434,0.016
F,1936,Ursula,5,MA,330,0.018,573,0.009
F,1937,Ursula,5,MA,335,0.018,573,0.009
F,1938,Ursula,7,MA,285,0.025,479,0.012
F,1939,Ursula,6,MA,311,0.021,531,0.01
F,1941,Ursula,5,MA,360,0.016,617,0.008
F,1942,Ursula,8,MA,318,0.021,538,0.01
F,1944,Ursula,6,MA,347,0.017,586,0.008
F,1947,Ursula,7,MA,387,0.014,646,0.007
F,1951,Ursula,5,MA,418,0.011,697,0.005
F,1954,Ursula,5,MA,463,0.01,764,0.005
F,1955,Ursula,6,MA,442,0.012,707,0.006
F,1957,Ursula,6,MA,465,0.011,749,0.005
F,1960,Ursula,5,MA,538,0.009,861,0.005
F,1961,Ursula,7,MA,483,0.013,774,0.006
F,1965,Ursula,8,MA,439,0.017,706,0.008
F,1967,Ursula,7,MA,474,0.016,751,0.008
F,1968,Ursula,7,MA,472,0.017,753,0.008
F,1970,Ursula,5,MA,606,0.012,977,0.006
F,1971,Ursula,7,MA,490,0.018,807,0.009
F,1972,Ursula,13,MA,334,0.038,558,0.018
F,1974,Ursula,9,MA,399,0.029,655,0.014
F,1975,Ursula,6,MA,496,0.02,814,0.01
F,1990,Unique,8,MA,566,0.021,936,0.01
F,1993,Unique,5,MA,701,0.015,1177,0.007
F,1994,Unique,5,MA,723,0.015,1204,0.007
F,2001,Unique,5,MA,801,0.016,1354,0.007
F,2004,Unique,6,MA,714,0.02,1214,0.009
F,2006,Uma,7,MA,647,0.025,1164,0.011
F,2010,Unique,5,MA,830,0.02,1471,0.009
F,2011,Uma,7,MA,640,0.027,1169,0.013
F,2013,Uma,5,MA,834,0.02,1504,0.009
F,2014,Uma,6,MA,727,0.024,1328,0.011
F,2016,Una,6,MA,750,0.024,1355,0.011
F,2022,Uma,5,MA,874,0.02,1591,0.01
M,1915,Ugo,5,MA,343,0.018,730,0.008
M,1915,Umberto,5,MA,343,0.018,730,0.008
M,1917,Ugo,7,MA,285,0.023,618,0.011
M,1918,Urban,5,MA,347,0.015,739,0.007
M,1921,Ugo,7,MA,303,0.02,630,0.01
M,1928,Urban,5,MA,307,0.015,650,0.008
M,2010,Uriah,5,MA,674,0.017,1471,0.009
M,2012,Uriel,5,MA,698,0.017,1515,0.009
M,2016,Uriel,5,MA,723,0.017,1530,0.009
M,2018,Uriel,10,MA,439,0.035,929,0.019
M,2020,Uriel,5,MA,714,0.019,1508,0.01
M,2021,Uriel,13,MA,381,0.046,792,0.024
M,2022,Uriel,5,MA,765,0.018,1591,0.01
M,2023,Uriah,7,MA,603,0.026,1241,0.014
M,2024,Uriel,6,MA,664,0.022,1390,0.012
F,1913,Una,7,OK,266,0.061,478,0.034
F,1914,Una,6,OK,332,0.045,571,0.025
F,1916,Una,6,OK,401,0.033,715,0.018
F,1917,Una,6,OK,410,0.03,715,0.016
F,1918,Una,11,OK,322,0.047,560,0.026
F,1919,Una,9,OK,344,0.041,609,0.022
F,1920,Una,10,OK,350,0.039,613,0.021
F,1921,Una,14,OK,295,0.053,527,0.028
F,1922,Una,6,OK,460,0.024,810,0.013
F,1923,Una,5,OK,518,0.02,890,0.01
F,1924,Una,8,OK,389,0.031,697,0.017
F,1925,Una,6,OK,458,0.023,795,0.012
F,1926,Una,9,OK,369,0.036,643,0.019
F,1929,Una,6,OK,420,0.026,729,0.013
F,1930,Una,10,OK,341,0.042,581,0.021
F,1931,Una,6,OK,421,0.027,723,0.014
F,1940,Una,5,OK,444,0.025,779,0.012
F,1944,Unknown,9,OK,305,0.044,544,0.022
F,1948,Unknown,6,OK,385,0.028,693,0.013
F,1949,Unknown,6,OK,386,0.028,428,0.031
F,1950,Unknown,21,OK,164,0.097,226,0.081
F,1951,Unknown,8,OK,318,0.037,350,0.042
F,1952,Unknown,10,OK,279,0.047,392,0.037
F,1953,Unknown,7,OK,352,0.032,455,0.028
F,1954,Unknown,13,OK,243,0.058,373,0.042
F,1955,Unknown,9,OK,310,0.041,399,0.037
F,1956,Unknown,9,OK,328,0.04,591,0.019
F,1974,Ursula,5,OK,464,0.032,807,0.015
F,1984,Ursula,6,OK,466,0.029,826,0.013
F,1997,Unique,7,OK,448,0.042,813,0.019
F,1999,Unique,5,OK,605,0.03,1061,0.014
F,2002,Unique,5,OK,657,0.03,1156,0.013
F,2011,Unique,5,OK,725,0.031,1337,0.014
M,1913,Ulysses,5,OK,265,0.057,580,0.025
M,1915,Ulysses,9,OK,250,0.059,528,0.028
M,1916,Ulysses,6,OK,332,0.039,715,0.018
M,1917,Ulysses,6,OK,323,0.036,715,0.016
M,1918,Ulysses,6,OK,368,0.031,789,0.014
M,1919,Ulysses,6,OK,357,0.032,754,0.015
M,1920,Ulysses,10,OK,277,0.046,613,0.021
M,1921,Ulysses,11,OK,278,0.048,604,0.022
M,1921,Utah,9,OK,303,0.039,665,0.018
M,1922,Udell,5,OK,422,0.023,886,0.011
M,1922,Ulysses,5,OK,422,0.023,886,0.011
M,1922,Utah,5,OK,422,0.023,886,0.011
M,1923,Ulysses,12,OK,255,0.053,555,0.025
M,1923,Utah,7,OK,334,0.031,731,0.015
M,1924,Utah,5,OK,427,0.022,878,0.01
M,1927,Ulysses,10,OK,278,0.044,600,0.021
M,1928,Ulysses,8,OK,299,0.035,647,0.017
M,1930,Ulysses,5,OK,379,0.021,813,0.011
M,1945,Unknown,5,OK,349,0.025,727,0.013
M,1949,Unknown,8,OK,284,0.034,428,0.031
M,1950,Unknown,16,OK,197,0.067,226,0.081
M,1951,Unknown,11,OK,244,0.046,350,0.042
M,1952,Unknown,7,OK,315,0.029,392,0.037
M,1953,Unknown,6,OK,325,0.024,455,0.028
M,1954,Unknown,7,OK,326,0.028,373,0.042
M,1955,Unknown,8,OK,295,0.033,399,0.037
M,1957,Unknown,6,OK,345,0.025,741,0.013
M,1958,Unknown,8,OK,302,0.034,641,0.018
M,1959,Unknown,8,OK,299,0.033,641,0.018
M,1989,Uriah,6,OK,391,0.029,816,0.016
M,1996,Uriah,6,OK,413,0.031,854,0.017
M,2002,Uriel,5,OK,549,0.024,1156,0.013
M,2003,Uriel,8,OK,419,0.038,839,0.021
M,2004,Uriel,6,OK,512,0.029,1064,0.016
M,2005,Uriel,7,OK,469,0.034,974,0.019
M,2006,Uriel,8,OK,456,0.037,910,0.02
M,2006,Ulises,6,OK,552,0.028,1138,0.015
M,2007,Uriel,6,OK,560,0.028,1160,0.015
M,2007,Ulises,5,OK,628,0.023,1326,0.013
M,2007,Uriah,5,OK,628,0.023,1326,0.013
M,2008,Ulises,10,OK,419,0.047,812,0.026
M,2008,Uriel,10,OK,419,0.047,812,0.026
M,2009,Uriah,8,OK,491,0.037,987,0.021
M,2009,Ulises,6,OK,584,0.028,1179,0.016
M,2009,Uriel,6,OK,584,0.028,1179,0.016
M,2010,Uriel,8,OK,481,0.039,953,0.021
M,2010,Ulises,7,OK,523,0.034,1046,0.019
M,2010,Uriah,6,OK,577,0.029,1176,0.016
M,2010,Urijah,6,OK,577,0.029,1176,0.016
M,2011,Uriah,8,OK,479,0.039,963,0.022
M,2011,Urijah,6,OK,579,0.029,1155,0.016
M,2011,Ulises,5,OK,668,0.025,1337,0.014
M,2011,Uriel,5,OK,668,0.025,1337,0.014
M,2012,Uriel,10,OK,429,0.049,817,0.027
M,2012,Uriah,9,OK,463,0.044,891,0.025
M,2013,Uriah,16,OK,308,0.076,577,0.042
M,2013,Urijah,9,OK,463,0.043,895,0.024
M,2013,Ulises,6,OK,606,0.028,1201,0.016
M,2014,Uriah,13,OK,360,0.063,685,0.035
M,2014,Urijah,7,OK,567,0.034,1095,0.019
M,2014,Uriel,5,OK,698,0.024,1388,0.013
M,2015,Uriah,8,OK,515,0.039,1001,0.021
M,2015,Uriel,6,OK,634,0.029,1242,0.016
M,2016,Uriah,7,OK,571,0.035,1097,0.019
M,2016,Uriel,7,OK,571,0.035,1097,0.019
M,2017,Uriah,12,OK,376,0.062,696,0.034
M,2017,Uriel,6,OK,602,0.031,1183,0.017
M,2017,Urijah,5,OK,679,0.026,1339,0.014
M,2018,Uriah,7,OK,540,0.037,1059,0.02
M,2018,Uriel,5,OK,674,0.027,1340,0.015
M,2019,Uriah,9,OK,446,0.049,881,0.027
M,2019,Uriel,5,OK,676,0.027,1345,0.015
M,2020,Uriel,7,OK,547,0.04,1051,0.022
M,2020,Uriah,6,OK,608,0.034,1176,0.018
M,2021,Uriel,9,OK,461,0.05,862,0.027
M,2021,Uriah,7,OK,546,0.039,1053,0.021
M,2022,Uriel,7,OK,542,0.04,1046,0.022
M,2023,Uriel,8,OK,507,0.046,956,0.025
M,2023,Uriah,6,OK,630,0.034,1208,0.019
M,2024,Uriel,12,OK,364,0.069,679,0.038
M,2024,Uriah,7,OK,564,0.04,1055,0.022
F,1919,Una,7,KS,298,0.045,533,0.024
F,1922,Una,7,KS,298,0.043,545,0.022
F,1922,Ula,5,KS,350,0.031,640,0.016
F,1924,Una,5,KS,374,0.03,678,0.015
F,1928,Una,6,KS,292,0.042,542,0.021
F,1930,Una,6,KS,290,0.042,535,0.021
F,1932,Una,5,KS,307,0.038,560,0.018
F,1950,Unknown,5,KS,357,0.028,639,0.013
F,1951,Unknown,7,KS,309,0.036,379,0.037
F,1952,Unknown,5,KS,392,0.024,681,0.012
F,1965,Ursula,6,KS,352,0.039,635,0.018
M,1921,Urban,5,KS,309,0.031,670,0.015
M,1924,Urban,5,KS,315,0.031,678,0.015
M,1947,Unknown,5,KS,298,0.025,640,0.013
M,1948,Unknown,5,KS,301,0.026,628,0.014
M,1951,Unknown,8,KS,246,0.037,379,0.037
M,1953,Unknown,7,KS,272,0.03,598,0.016
M,1954,Unknown,5,KS,325,0.021,726,0.011
M,1955,Unknown,5,KS,322,0.021,734,0.011
M,1996,Uriel,7,KS,323,0.047,648,0.025
M,1999,Uriel,6,KS,388,0.037,798,0.02
M,2002,Ulises,6,KS,425,0.037,866,0.02
M,2003,Uriel,7,KS,395,0.042,794,0.023
M,2004,Uriel,7,KS,389,0.042,774,0.023
M,2005,Uriel,7,KS,415,0.043,832,0.023
M,2006,Uriel,8,KS,370,0.048,746,0.026
M,2007,Uriel,5,KS,529,0.029,1106,0.016
M,2008,Uriel,7,KS,436,0.041,875,0.023
M,2008,Ulises,5,KS,540,0.03,1097,0.016
M,2008,Uriah,5,KS,540,0.03,1097,0.016
M,2009,Uriel,8,KS,411,0.048,797,0.026
M,2010,Uriel,10,KS,353,0.061,674,0.034
M,2010,Uriah,8,KS,402,0.049,800,0.027
M,2011,Uriel,9,KS,387,0.056,741,0.031
M,2011,Uriah,6,KS,495,0.038,965,0.021
M,2012,Uriel,8,KS,419,0.05,810,0.027
M,2012,Ulises,5,KS,544,0.031,1109,0.017
M,2013,Uriah,7,KS,443,0.045,887,0.025
M,2013,Uriel,7,KS,443,0.045,887,0.025
M,2014,Uriah,5,KS,565,0.032,1140,0.017
M,2015,Uriah,6,KS,513,0.038,1003,0.021
M,2015,Uriel,5,KS,581,0.032,1156,0.017
M,2017,Uriah,5,KS,551,0.033,1094,0.018
M,2018,Uriah,6,KS,517,0.041,996,0.023
M,2018,Uriel,6,KS,517,0.041,996,0.023
M,2019,Uriah,7,KS,437,0.05,857,0.027
M,2019,Uriel,6,KS,495,0.042,969,0.023
M,2020,Uriel,8,KS,409,0.058,790,0.032
M,2020,Uriah,5,KS,585,0.036,1117,0.02
M,2021,Uriah,7,KS,450,0.051,857,0.028
M,2021,Uriel,5,KS,573,0.036,1105,0.02
M,2022,Uriah,8,KS,414,0.059,784,0.032
M,2023,Uriel,6,KS,514,0.044,976,0.024
M,2024,Uriel,9,KS,381,0.067,711,0.036
F,1972,Ursula,7,AZ,394,0.048,709,0.022
F,1973,Unknown,12,AZ,265,0.081,324,0.066
F,1975,Ursula,5,AZ,518,0.033,902,0.015
F,1977,Ursula,8,AZ,374,0.05,678,0.023
F,1981,Ursula,9,AZ,393,0.045,701,0.021
F,1983,Ursula,5,AZ,571,0.025,995,0.011
F,1984,Ursula,5,AZ,589,0.024,1040,0.011
F,1986,Ursula,5,AZ,682,0.021,1146,0.01
F,1988,Ursula,6,AZ,626,0.024,1074,0.011
F,1999,Unique,7,AZ,754,0.023,1287,0.011
F,2000,Unique,7,AZ,787,0.022,1333,0.01
F,2001,Unique,7,AZ,821,0.022,1395,0.01
F,2002,Unique,6,AZ,920,0.018,1535,0.008
F,2003,Unique,5,AZ,1073,0.015,1777,0.007
F,2004,Unique,11,AZ,624,0.032,1083,0.015
F,2005,Unique,11,AZ,646,0.031,1128,0.014
F,2006,Unique,5,AZ,1219,0.013,2011,0.006
F,2007,Unique,6,AZ,1077,0.016,1812,0.007
F,2008,Unique,9,AZ,804,0.025,1392,0.011
F,2009,Unique,9,AZ,753,0.027,1333,0.012
F,2010,Unique,9,AZ,720,0.029,1286,0.013
F,2011,Unique,12,AZ,559,0.039,1035,0.018
F,2012,Unique,11,AZ,610,0.036,1112,0.016
F,2013,Unique,8,AZ,772,0.026,1389,0.012
F,2014,Unique,7,AZ,871,0.022,1551,0.01
F,2019,Unique,5,AZ,1045,0.017,1866,0.008
F,2021,Unique,8,AZ,746,0.029,1390,0.013
F,2021,Ulani,6,AZ,927,0.022,1675,0.01
M,1925,Unknown,5,AZ,169,0.133,365,0.065
M,1951,Unknown,5,AZ,270,0.047,584,0.025
M,1952,Unknown,7,AZ,246,0.059,516,0.031
M,1973,Unknown,9,AZ,287,0.052,324,0.066
M,1988,Uriel,9,AZ,381,0.031,827,0.016
M,1988,Uriah,5,AZ,518,0.017,1179,0.009
M,1989,Ulysses,5,AZ,550,0.017,1225,0.009
M,1989,Uriah,5,AZ,550,0.017,1225,0.009
M,1990,Uriel,8,AZ,435,0.026,963,0.014
M,1990,Uriah,6,AZ,504,0.02,1132,0.011
M,1990,Ulysses,5,AZ,560,0.016,1280,0.009
M,1991,Uriel,7,AZ,463,0.023,1027,0.012
M,1991,Uriah,6,AZ,520,0.02,1149,0.011
M,1991,Ulysses,5,AZ,568,0.016,1277,0.009
M,1992,Uriel,9,AZ,429,0.029,927,0.016
M,1992,Ulises,5,AZ,573,0.016,1335,0.009
M,1993,Uriel,13,AZ,338,0.042,712,0.023
M,1993,Ulises,5,AZ,573,0.016,1327,0.009
M,1994,Uriel,15,AZ,331,0.047,671,0.025
M,1994,Ulises,11,AZ,391,0.034,839,0.019
M,1994,Ubaldo,5,AZ,600,0.016,1382,0.008
M,1995,Uriel,18,AZ,287,0.055,593,0.03
M,1995,Ulises,9,AZ,447,0.028,967,0.015
M,1995,Ulysses,5,AZ,607,0.015,1387,0.008
M,1996,Uriel,24,AZ,254,0.072,505,0.039
M,1996,Ulises,15,AZ,339,0.045,707,0.024
M,1996,Ulysses,6,AZ,570,0.018,1282,0.01
M,1997,Uriel,23,AZ,261,0.067,532,0.037
M,1997,Ulises,8,AZ,494,0.023,1080,0.013
M,1998,Uriel,24,AZ,260,0.069,542,0.037
M,1998,Ulises,18,AZ,317,0.052,656,0.028
M,1998,Ulisses,5,AZ,654,0.014,1521,0.008
M,1998,Ulysses,5,AZ,654,0.014,1521,0.008
M,1999,Ulises,25,AZ,268,0.069,539,0.038
M,1999,Uriel,21,AZ,293,0.058,615,0.032
M,1999,Ulysses,9,AZ,488,0.025,1084,0.014
M,1999,Uriah,5,AZ,680,0.014,1579,0.008
M,2000,Ulises,19,AZ,323,0.05,679,0.027
M,2000,Uriel,11,AZ,445,0.029,1003,0.016
M,2000,Ulysses,9,AZ,501,0.024,1145,0.013
M,2000,Ulisses,8,AZ,546,0.021,1243,0.011
M,2000,Uriah,8,AZ,546,0.021,1243,0.011
M,2001,Uriel,27,AZ,269,0.071,544,0.039
M,2001,Ulises,18,AZ,337,0.048,715,0.026
M,2001,Ulysses,7,AZ,603,0.019,1395,0.01
M,2001,Uriah,7,AZ,603,0.019,1395,0.01
M,2001,Ubaldo,5,AZ,714,0.013,1690,0.007
M,2002,Uriel,27,AZ,272,0.069,543,0.038
M,2002,Ulises,26,AZ,278,0.067,558,0.036
M,2002,Ulysses,9,AZ,511,0.023,1165,0.013
M,2002,Ubaldo,6,AZ,652,0.015,1535,0.008
M,2002,Uriah,6,AZ,652,0.015,1535,0.008
M,2002,Uziel,5,AZ,735,0.013,1729,0.007
M,2003,Uriel,33,AZ,248,0.082,489,0.045
M,2003,Ulises,21,AZ,318,0.052,673,0.028
M,2003,Uriah,9,AZ,535,0.022,1220,0.012
M,2004,Uriel,26,AZ,291,0.063,593,0.034
M,2004,Ulises,14,AZ,422,0.034,919,0.018
M,2004,Uriah,7,AZ,635,0.017,1464,0.009
M,2005,Uriel,42,AZ,225,0.099,425,0.054
M,2005,Ulises,22,AZ,333,0.052,682,0.028
M,2005,Ulysses,6,AZ,736,0.014,1705,0.008
M,2005,Ubaldo,5,AZ,824,0.012,1920,0.006
M,2005,Ulices,5,AZ,824,0.012,1920,0.006
M,2006,Uriel,43,AZ,231,0.095,437,0.051
M,2006,Ulises,23,AZ,335,0.051,702,0.028
M,2006,Uriah,9,AZ,592,0.02,1372,0.011
M,2006,Ulysses,7,AZ,689,0.015,1622,0.008
M,2006,Uziel,5,AZ,850,0.011,2011,0.006
M,2007,Uriel,33,AZ,276,0.073,536,0.04
M,2007,Ulises,26,AZ,307,0.057,641,0.031
M,2007,Uriah,9,AZ,607,0.02,1398,0.011
M,2007,Ulysses,8,AZ,656,0.018,1518,0.01
M,2007,Ubaldo,6,AZ,777,0.013,1812,0.007
M,2008,Uriel,37,AZ,251,0.085,475,0.046
M,2008,Ulises,23,AZ,334,0.053,698,0.029
M,2008,Ulysses,15,AZ,453,0.035,964,0.019
M,2008,Uriah,9,AZ,621,0.021,1392,0.011
M,2008,Ubaldo,6,AZ,808,0.014,1833,0.008
M,2008,Ulisses,5,AZ,905,0.012,2058,0.006
M,2008,Urijah,5,AZ,905,0.012,2058,0.006
M,2009,Uriel,28,AZ,285,0.07,553,0.038
M,2009,Ulises,16,AZ,408,0.04,886,0.022
M,2009,Uriah,10,AZ,562,0.025,1235,0.014
M,2009,Uziel,8,AZ,648,0.02,1449,0.011
M,2009,Ulysses,6,AZ,779,0.015,1754,0.008
M,2010,Uriel,16,AZ,414,0.043,854,0.023
M,2010,Uriah,15,AZ,438,0.04,903,0.022
M,2010,Urijah,14,AZ,453,0.038,953,0.02
M,2010,Ulises,10,AZ,558,0.027,1196,0.015
M,2010,Ulysses,9,AZ,591,0.024,1286,0.013
M,2010,Uziel,5,AZ,863,0.013,1917,0.007
M,2011,Ulises,21,AZ,333,0.057,652,0.031
M,2011,Uriel,18,AZ,367,0.049,750,0.027
M,2011,Ulysses,16,AZ,400,0.044,823,0.024
M,2011,Uriah,14,AZ,432,0.038,894,0.021
M,2011,Urijah,9,AZ,590,0.025,1268,0.013
M,2012,Uriel,19,AZ,358,0.051,723,0.028
M,2012,Uriah,13,AZ,466,0.035,991,0.019
M,2012,Urijah,13,AZ,466,0.035,991,0.019
M,2012,Ulises,7,AZ,701,0.019,1544,0.01
M,2012,Ulysses,7,AZ,701,0.019,1544,0.01
M,2013,Uriel,19,AZ,368,0.052,749,0.028
M,2013,Uriah,17,AZ,386,0.046,802,0.025
M,2013,Ulises,15,AZ,428,0.041,886,0.022
M,2013,Urijah,7,AZ,703,0.019,1516,0.01
M,2014,Uriah,18,AZ,392,0.048,787,0.026
M,2014,Uriel,15,AZ,439,0.04,895,0.022
M,2014,Ulises,12,AZ,512,0.032,1062,0.017
M,2014,Urijah,8,AZ,665,0.021,1405,0.012
M,2014,Uziel,8,AZ,665,0.021,1405,0.012
M,2015,Uriel,20,AZ,362,0.054,706,0.029
M,2015,Uriah,12,AZ,523,0.032,1074,0.018
M,2015,Urijah,12,AZ,523,0.032,1074,0.018
M,2015,Ulises,9,AZ,624,0.024,1298,0.013
M,2015,Ulysses,5,AZ,882,0.014,1908,0.007
M,2016,Uriah,15,AZ,451,0.042,902,0.022
M,2016,Uriel,13,AZ,495,0.036,996,0.019
M,2016,Urijah,10,AZ,569,0.028,1185,0.015
M,2016,Ulises,7,AZ,720,0.019,1537,0.01
M,2016,Ulysses,6,AZ,804,0.017,1707,0.009
M,2017,Uriel,20,AZ,368,0.058,715,0.031
M,2017,Uriah,14,AZ,470,0.04,936,0.022
M,2017,Ulises,13,AZ,491,0.038,988,0.02
M,2017,Ulysses,7,AZ,713,0.02,1529,0.011
M,2017,Ulices,5,AZ,868,0.014,1890,0.008
M,2018,Uriel,23,AZ,338,0.067,647,0.036
M,2018,Uriah,18,AZ,398,0.053,775,0.028
M,2018,Ulises,6,AZ,782,0.018,1664,0.009
M,2018,Ulysses,6,AZ,782,0.018,1664,0.009
M,2018,Uziel,5,AZ,864,0.015,1868,0.008
M,2018,Uzziah,5,AZ,864,0.015,1868,0.008
M,2019,Uriel,23,AZ,321,0.069,627,0.037
M,2019,Uriah,14,AZ,457,0.042,918,0.023
M,2019,Ulises,13,AZ,480,0.039,969,0.021
M,2019,Ulysses,10,AZ,566,0.03,1170,0.016
M,2020,Uriel,33,AZ,250,0.103,444,0.055
M,2020,Ulises,15,AZ,460,0.047,887,0.025
M,2020,Uriah,14,AZ,484,0.044,936,0.023
M,2020,Ulysses,12,AZ,531,0.038,1039,0.02
M,2020,Uziel,7,AZ,716,0.022,1501,0.012
M,2020,Urijah,5,AZ,877,0.016,1859,0.008
M,2021,Uriel,21,AZ,352,0.064,665,0.035
M,2021,Uriah,13,AZ,508,0.04,1002,0.022
M,2021,Ulysses,6,AZ,806,0.018,1675,0.01
M,2021,Ulises,5,AZ,908,0.015,1894,0.008
M,2021,Urijah,5,AZ,908,0.015,1894,0.008
M,2022,Uriel,29,AZ,281,0.089,519,0.048
M,2022,Uriah,15,AZ,460,0.046,897,0.025
M,2022,Ulises,12,AZ,530,0.037,1069,0.02
M,2022,Uziel,7,AZ,733,0.021,1528,0.012
M,2022,Ulysses,5,AZ,914,0.015,1894,0.008
M,2023,Uriel,26,AZ,297,0.08,571,0.043
M,2023,Ulises,14,AZ,487,0.043,949,0.023
M,2023,Ulysses,12,AZ,538,0.037,1066,0.02
M,2023,Uriah,11,AZ,572,0.034,1144,0.018
M,2023,Uziel,5,AZ,920,0.015,1934,0.008
M,2024,Uriel,15,AZ,469,0.046,908,0.025
M,2024,Ulises,14,AZ,492,0.043,960,0.023
M,2024,Uriah,11,AZ,582,0.033,1159,0.018
M,2024,Ulysses,7,AZ,761,0.021,1566,0.012
F,1915,Una,5,IN,382,0.022,694,0.012
F,1916,Una,6,IN,350,0.025,627,0.014
F,1920,Una,6,IN,376,0.023,678,0.012
F,1924,Una,5,IN,414,0.018,748,0.009
F,1926,Una,6,IN,370,0.023,660,0.012
F,1930,Ula,5,IN,383,0.02,689,0.01
F,1933,Una,6,IN,319,0.028,588,0.014
F,1938,Ursula,5,IN,392,0.019,706,0.009
F,1947,Unknown,5,IN,529,0.012,894,0.006
F,1950,Unknown,5,IN,531,0.012,900,0.006
F,1956,Unknown,6,IN,568,0.012,956,0.006
F,1966,Uma,5,IN,622,0.012,1041,0.006
F,1968,Ursula,6,IN,580,0.015,975,0.007
F,1969,Ursula,8,IN,498,0.02,854,0.009
F,1975,Ursula,5,IN,663,0.015,1110,0.007
F,1994,Unique,7,IN,607,0.021,1059,0.01
F,1998,Unique,6,IN,740,0.018,1283,0.008
F,1999,Unique,9,IN,564,0.027,1014,0.013
F,2001,Unique,6,IN,795,0.018,1404,0.008
F,2003,Unique,8,IN,650,0.025,1169,0.011
F,2005,Unique,5,IN,946,0.015,1655,0.007
F,2010,Unique,9,IN,654,0.03,1211,0.014
F,2012,Unique,5,IN,1013,0.017,1826,0.008
F,2016,Unique,5,IN,1056,0.017,1875,0.008
F,2018,Unique,5,IN,1047,0.017,1887,0.008
M,1913,Urban,5,IN,232,0.047,517,0.021
M,1914,Urban,7,IN,233,0.048,494,0.023
M,1915,Urban,8,IN,240,0.04,538,0.019
M,1916,Urban,7,IN,261,0.034,577,0.016
M,1917,Urban,8,IN,256,0.038,558,0.018
M,1919,Urban,8,IN,247,0.038,541,0.018
M,1921,Urban,8,IN,270,0.031,574,0.015
M,1923,Urban,7,IN,282,0.027,605,0.013
M,1924,Urban,5,IN,351,0.019,748,0.009
M,1926,Urban,5,IN,333,0.019,720,0.01
M,1928,Urban,8,IN,257,0.031,558,0.016
M,1935,Urban,5,IN,319,0.021,656,0.011
M,1974,Uriah,10,IN,339,0.025,754,0.013
M,1978,Uriah,7,IN,402,0.018,914,0.009
M,1980,Uriah,8,IN,386,0.019,877,0.01
M,1981,Uriah,5,IN,482,0.012,1116,0.007
M,1984,Uriah,6,IN,419,0.016,943,0.008
M,1985,Uriah,5,IN,471,0.013,1084,0.007
M,1986,Uriah,8,IN,355,0.022,809,0.011
M,1987,Uriah,8,IN,369,0.022,828,0.012
M,1988,Uriah,5,IN,524,0.013,1190,0.007
M,1989,Uriah,8,IN,404,0.02,914,0.011
M,1990,Uriah,6,IN,501,0.015,1127,0.008
M,1991,Uriah,5,IN,558,0.013,1269,0.007
M,1997,Uriah,7,IN,524,0.019,1129,0.01
M,1999,Uriah,8,IN,517,0.021,1096,0.011
M,2001,Uriah,10,IN,462,0.026,978,0.014
M,2001,Uriel,6,IN,658,0.016,1404,0.008
M,2002,Uriel,13,IN,392,0.035,820,0.019
M,2002,Ulises,7,IN,594,0.019,1252,0.01
M,2002,Uriah,6,IN,658,0.016,1393,0.009
M,2003,Uriah,6,IN,663,0.016,1440,0.008
M,2004,Uriel,8,IN,564,0.021,1186,0.011
M,2004,Ulises,5,IN,764,0.013,1642,0.007
M,2005,Uriah,10,IN,532,0.026,1083,0.014
M,2005,Uriel,7,IN,653,0.018,1349,0.01
M,2005,Ulises,5,IN,768,0.013,1655,0.007
M,2006,Uriah,8,IN,600,0.021,1287,0.011
M,2006,Uriel,7,IN,661,0.018,1405,0.01
M,2007,Uriah,12,IN,469,0.031,994,0.017
M,2007,Uriel,6,IN,762,0.015,1625,0.008
M,2008,Uriah,16,IN,403,0.042,816,0.023
M,2008,Uriel,15,IN,415,0.039,850,0.021
M,2008,Urijah,8,IN,626,0.021,1332,0.011
M,2008,Ulises,7,IN,678,0.018,1444,0.01
M,2009,Uriah,18,IN,361,0.048,736,0.026
M,2009,Urijah,12,IN,486,0.032,1004,0.017
M,2009,Uriel,11,IN,518,0.029,1078,0.016
M,2009,Ulysses,7,IN,695,0.019,1492,0.01
M,2010,Urijah,16,IN,385,0.044,777,0.024
M,2010,Uriah,15,IN,402,0.042,822,0.023
M,2010,Uriel,10,IN,548,0.028,1113,0.015
M,2010,Ulises,7,IN,711,0.019,1468,0.011
M,2010,Ulysses,5,IN,856,0.014,1833,0.008
M,2011,Uriah,15,IN,410,0.042,821,0.023
M,2011,Urijah,10,IN,543,0.028,1115,0.015
M,2011,Uriel,6,IN,764,0.017,1596,0.009
M,2012,Uriah,16,IN,390,0.045,793,0.024
M,2012,Uriel,12,IN,487,0.034,996,0.018
M,2012,Urijah,7,IN,704,0.02,1451,0.011
M,2013,Urijah,13,IN,460,0.036,935,0.02
M,2013,Uriah,12,IN,489,0.034,987,0.018
M,2013,Uriel,8,IN,645,0.022,1322,0.012
M,2014,Uriah,18,IN,387,0.05,764,0.027
M,2014,Uriel,13,IN,493,0.036,973,0.02
M,2014,Urijah,7,IN,723,0.019,1477,0.011
M,2015,Uriah,22,IN,335,0.061,649,0.033
M,2015,Urijah,8,IN,667,0.022,1389,0.012
M,2015,Uriel,6,IN,790,0.017,1671,0.009
M,2016,Uriah,25,IN,302,0.07,595,0.038
M,2016,Uriel,6,IN,799,0.017,1658,0.009
M,2016,Urijah,6,IN,799,0.017,1658,0.009
M,2017,Uriah,9,IN,618,0.026,1267,0.014
M,2017,Uriel,6,IN,818,0.017,1688,0.009
M,2017,Urijah,6,IN,818,0.017,1688,0.009
M,2018,Uriah,14,IN,463,0.041,935,0.022
M,2018,Uriel,8,IN,664,0.024,1375,0.013
M,2018,Ulises,5,IN,920,0.015,1887,0.008
M,2019,Uriah,17,IN,405,0.05,807,0.027
M,2019,Uriel,10,IN,600,0.03,1193,0.016
M,2020,Uriah,16,IN,425,0.049,833,0.026
M,2020,Uriel,9,IN,633,0.028,1275,0.015
M,2021,Uriah,13,IN,515,0.04,1008,0.021
M,2021,Ulises,6,IN,842,0.018,1700,0.01
M,2021,Uriel,5,IN,938,0.015,1891,0.008
M,2022,Uriah,16,IN,433,0.05,853,0.027
M,2022,Uriel,8,IN,702,0.025,1395,0.013
M,2023,Uriah,14,IN,483,0.044,948,0.024
M,2023,Uziel,8,IN,707,0.025,1411,0.013
M,2023,Uriel,7,IN,782,0.022,1541,0.012
M,2024,Uriah,14,IN,478,0.044,946,0.023
M,2024,Uriel,7,IN,764,0.022,1532,0.012
F,1914,Una,5,GA,448,0.02,829,0.011
F,1916,Una,5,GA,511,0.016,924,0.009
F,1918,Una,11,GA,338,0.032,615,0.017
F,1919,Una,6,GA,505,0.016,921,0.009
F,1919,Ula,5,GA,550,0.013,1029,0.007
F,1920,Una,5,GA,552,0.013,1023,0.007
F,1921,Una,11,GA,347,0.03,646,0.016
F,1923,Una,6,GA,474,0.017,845,0.01
F,1924,Ula,6,GA,473,0.017,842,0.01
F,1925,Uldine,6,GA,468,0.017,835,0.009
F,1926,Uldine,5,GA,495,0.016,894,0.009
F,1927,Uldine,9,GA,376,0.028,675,0.015
F,1938,Una,5,GA,494,0.016,885,0.008
F,1944,Unknown,5,GA,506,0.014,922,0.007
F,1946,Unknown,9,GA,413,0.023,740,0.011
F,1947,Unknown,11,GA,386,0.025,493,0.025
F,1948,Unknown,36,GA,211,0.085,289,0.066
F,1949,Unknown,65,GA,148,0.153,189,0.119
F,1950,Unknown,97,GA,98,0.232,124,0.179
F,1951,Unknown,97,GA,101,0.226,114,0.197
F,1952,Unknown,120,GA,83,0.272,97,0.231
F,1953,Unknown,121,GA,85,0.271,90,0.249
F,1954,Unknown,111,GA,93,0.242,102,0.23
F,1955,Unknown,124,GA,84,0.269,97,0.236
F,1956,Unknown,102,GA,103,0.218,120,0.194
F,1957,Unknown,66,GA,147,0.143,166,0.133
F,1958,Unknown,26,GA,266,0.058,260,0.079
F,1959,Unknown,18,GA,340,0.04,377,0.045
F,1960,Unknown,23,GA,294,0.052,344,0.056
F,1961,Unknown,14,GA,400,0.031,404,0.043
F,1962,Unknown,10,GA,463,0.023,504,0.03
F,1963,Unknown,10,GA,477,0.023,641,0.019
F,1964,Unknown,7,GA,594,0.016,601,0.022
F,1964,Ursula,7,GA,594,0.016,1034,0.008
F,1965,Ursula,14,GA,374,0.034,699,0.016
F,1965,Unknown,6,GA,618,0.015,1073,0.007
F,1966,Ursula,17,GA,333,0.044,609,0.021
F,1967,Ursula,15,GA,348,0.041,633,0.019
F,1967,Unknown,5,GA,662,0.014,775,0.013
F,1968,Ursula,9,GA,490,0.024,870,0.011
F,1968,Unknown,5,GA,683,0.013,812,0.013
F,1969,Ursula,16,GA,349,0.042,639,0.02
F,1970,Ursula,24,GA,282,0.059,537,0.028
F,1971,Ursula,18,GA,328,0.046,617,0.022
F,1972,Ursula,16,GA,345,0.044,643,0.021
F,1973,Ursula,9,GA,488,0.026,880,0.012
F,1974,Ursula,11,GA,425,0.033,774,0.015
F,1975,Ursula,12,GA,407,0.039,742,0.018
F,1976,Ursula,10,GA,447,0.032,810,0.015
F,1977,Ursula,6,GA,660,0.018,1155,0.008
F,1978,Ursula,11,GA,444,0.034,801,0.016
F,1979,Ursula,8,GA,568,0.024,1005,0.011
F,1980,Ursula,7,GA,639,0.02,1113,0.009
F,1982,Ursula,5,GA,773,0.014,1327,0.007
F,1984,Ursula,6,GA,683,0.017,1195,0.008
F,1985,Ursula,8,GA,569,0.022,1019,0.01
F,1986,Ursula,9,GA,537,0.024,965,0.011
F,1987,Ursula,6,GA,739,0.015,1281,0.007
F,1991,Uniqua,6,GA,838,0.014,1506,0.007
F,1992,Uniqua,12,GA,481,0.029,934,0.013
F,1992,Unique,7,GA,750,0.017,1369,0.008
F,1995,Unique,5,GA,966,0.012,1759,0.006
F,1996,Unique,10,GA,581,0.024,1129,0.011
F,1998,Unique,8,GA,771,0.018,1444,0.008
F,1999,Unique,7,GA,921,0.015,1668,0.007
F,2000,Unique,6,GA,1118,0.012,1983,0.006
F,2001,Unique,11,GA,716,0.023,1301,0.011
F,2002,Unique,9,GA,839,0.019,1535,0.009
F,2003,Unique,8,GA,971,0.016,1707,0.007
F,2004,Unique,6,GA,1229,0.012,2111,0.006
F,2005,Unique,10,GA,891,0.019,1576,0.009
F,2007,Unknown,16,GA,654,0.03,595,0.032
F,2007,Unique,10,GA,968,0.018,1712,0.009
F,2008,Unknown,42,GA,270,0.08,288,0.075
F,2008,Unique,9,GA,1009,0.017,1822,0.008
F,2009,Unknown,39,GA,280,0.077,268,0.08
F,2009,Unique,16,GA,652,0.032,1195,0.015
F,2010,Unknown,20,GA,526,0.042,419,0.051
F,2010,Unique,13,GA,726,0.027,1335,0.013
F,2011,Unknown,13,GA,731,0.027,520,0.04
F,2011,Unique,12,GA,775,0.025,1403,0.012
F,2012,Unknown,22,GA,465,0.047,423,0.051
F,2012,Unique,7,GA,1153,0.015,2032,0.007
F,2013,Unknown,21,GA,460,0.045,473,0.046
F,2013,Unique,6,GA,1282,0.013,2231,0.006
F,2014,Unknown,6,GA,1273,0.012,1001,0.018
F,2015,Unique,5,GA,1495,0.01,2574,0.005
F,2016,Unique,6,GA,1318,0.012,2291,0.006
F,2017,Unique,6,GA,1285,0.013,2266,0.006
F,2019,Unique,7,GA,1178,0.015,2110,0.007
F,2021,Unique,9,GA,992,0.02,1817,0.009
F,2021,Ulani,5,GA,1484,0.011,2630,0.005
F,2023,Unique,16,GA,651,0.035,1235,0.017
F,2023,Ulani,5,GA,1538,0.011,2744,0.005
F,2024,Ulani,5,GA,1536,0.011,2791,0.005
M,1910,Ulysses,12,GA,126,0.133,323,0.049
M,1911,Ulysses,8,GA,170,0.089,424,0.033
M,1912,Ulysses,19,GA,134,0.13,314,0.055
M,1913,Ulysses,20,GA,136,0.122,317,0.054
M,1914,Ulysses,18,GA,178,0.086,387,0.039
M,1914,Ulyses,5,GA,417,0.024,829,0.011
M,1915,Ulysses,20,GA,176,0.081,392,0.037
M,1915,Ulysee,6,GA,414,0.024,833,0.011
M,1916,Ulysses,19,GA,190,0.073,415,0.033
M,1916,Ulyses,11,GA,286,0.042,599,0.019
M,1917,Ulysses,25,GA,157,0.095,346,0.044
M,1917,Ulysee,11,GA,281,0.042,590,0.019
M,1917,Ulyses,7,GA,376,0.027,753,0.012
M,1918,Ulysses,23,GA,180,0.079,402,0.036
M,1918,Ulysee,8,GA,373,0.027,756,0.013
M,1919,Ulysses,35,GA,146,0.113,329,0.051
M,1920,Ulysses,31,GA,153,0.097,343,0.045
M,1920,Ulysee,9,GA,355,0.028,728,0.013
M,1921,Ulysses,37,GA,141,0.119,313,0.055
M,1921,Ulyses,8,GA,386,0.026,776,0.012
M,1921,Ulysees,5,GA,496,0.016,980,0.007
M,1922,Ulysses,35,GA,148,0.114,326,0.051
M,1922,Ulysee,9,GA,344,0.029,713,0.013
M,1922,Ulysees,6,GA,453,0.02,908,0.009
M,1923,Ulysses,28,GA,158,0.099,356,0.045
M,1923,Ulysee,10,GA,298,0.035,644,0.016
M,1924,Ulysses,29,GA,151,0.104,341,0.047
M,1924,Ulysee,7,GA,376,0.025,776,0.011
M,1924,Ulyses,7,GA,376,0.025,776,0.011
M,1925,Ulysses,29,GA,152,0.102,343,0.046
M,1925,Ulysee,8,GA,340,0.028,707,0.013
M,1925,Ulyses,5,GA,458,0.018,920,0.008
M,1926,Ulysses,28,GA,150,0.104,340,0.048
M,1926,Ulysess,6,GA,408,0.022,813,0.01
M,1926,Ulyses,5,GA,453,0.018,894,0.009
M,1927,Ulysses,21,GA,177,0.074,393,0.034
M,1927,Ulysee,9,GA,321,0.032,675,0.015
M,1928,Ulysses,27,GA,156,0.096,341,0.045
M,1928,Ulyses,5,GA,441,0.018,872,0.008
M,1929,Ulysses,20,GA,183,0.074,406,0.035
M,1929,Ulysees,6,GA,380,0.022,778,0.011
M,1930,Ulysses,22,GA,177,0.078,388,0.038
M,1930,Ulysee,7,GA,368,0.025,734,0.012
M,1930,Ulyses,6,GA,405,0.021,800,0.01
M,1930,Ulysees,5,GA,454,0.018,886,0.009
M,1931,Ulysses,16,GA,205,0.059,461,0.028
M,1931,Ulysee,11,GA,271,0.04,570,0.019
M,1931,Ulyses,7,GA,348,0.026,709,0.012
M,1931,Ulysees,6,GA,385,0.022,773,0.011
M,1932,Ulysses,29,GA,155,0.099,346,0.048
M,1932,Ulysee,7,GA,366,0.024,725,0.012
M,1932,Ulyses,7,GA,366,0.024,725,0.012
M,1933,Ulysses,20,GA,184,0.074,408,0.036
M,1933,Ulysee,5,GA,432,0.019,860,0.009
M,1933,Ulyses,5,GA,432,0.019,860,0.009
M,1934,Ulysses,17,GA,207,0.059,458,0.029
M,1934,Ulysee,9,GA,307,0.031,629,0.015
M,1935,Ulysses,26,GA,168,0.091,373,0.044
M,1935,Ulysee,7,GA,355,0.024,720,0.012
M,1936,Ulysses,22,GA,178,0.077,402,0.038
M,1936,Ulysee,5,GA,433,0.018,863,0.009
M,1937,Ulysses,25,GA,170,0.086,383,0.042
M,1937,Ulysee,5,GA,439,0.017,879,0.008
M,1938,Ulysses,27,GA,162,0.091,361,0.045
M,1938,Ulysees,7,GA,358,0.024,729,0.012
M,1939,Ulysses,31,GA,156,0.101,353,0.05
M,1939,Ulysee,7,GA,374,0.023,754,0.011
M,1939,Ulysees,5,GA,441,0.016,908,0.008
M,1940,Ulysses,25,GA,175,0.08,391,0.04
M,1940,Ulyses,7,GA,377,0.022,769,0.011
M,1940,Ulysees,5,GA,450,0.016,908,0.008
M,1941,Ulysses,20,GA,207,0.062,451,0.031
M,1941,Ulysee,8,GA,344,0.025,694,0.012
M,1941,Ulysees,6,GA,406,0.019,816,0.009
M,1942,Ulysses,30,GA,174,0.085,385,0.043
M,1942,Ulysee,11,GA,291,0.031,619,0.016
M,1943,Ulysses,32,GA,172,0.087,377,0.044
M,1943,Ulysees,7,GA,394,0.019,807,0.01
M,1944,Ulysses,22,GA,202,0.06,446,0.031
M,1944,Ulysee,11,GA,308,0.03,640,0.015
M,1945,Ulysses,21,GA,214,0.06,454,0.03
M,1946,Ulysses,35,GA,173,0.087,383,0.044
M,1946,Ulysee,5,GA,477,0.012,977,0.006
M,1947,Ulysses,23,GA,227,0.051,482,0.026
M,1947,Unknown,11,GA,336,0.024,493,0.025
M,1947,Ulysee,6,GA,457,0.013,924,0.007
M,1948,Ulysses,36,GA,176,0.083,385,0.042
M,1948,Unknown,21,GA,233,0.048,289,0.066
M,1948,Ulysees,6,GA,430,0.014,901,0.007
M,1949,Unknown,38,GA,167,0.087,189,0.119
M,1949,Ulysses,25,GA,215,0.057,453,0.029
M,1949,Ulyssee,7,GA,404,0.016,856,0.008
M,1949,Ulysees,6,GA,447,0.014,937,0.007
M,1949,Ulysee,5,GA,498,0.011,1024,0.006
M,1950,Unknown,56,GA,140,0.129,124,0.179
M,1950,Ulysses,28,GA,199,0.064,429,0.033
M,1951,Unknown,76,GA,112,0.169,114,0.197
M,1951,Ulysses,29,GA,201,0.065,428,0.033
M,1951,Ulysee,7,GA,420,0.016,864,0.008
M,1952,Unknown,90,GA,105,0.193,97,0.231
M,1952,Ulysses,31,GA,200,0.066,422,0.034
M,1953,Unknown,107,GA,90,0.228,90,0.249
M,1953,Ulysses,29,GA,209,0.062,443,0.032
M,1954,Unknown,106,GA,94,0.218,102,0.23
M,1954,Ulysses,31,GA,204,0.064,437,0.033
M,1955,Unknown,100,GA,104,0.204,97,0.236
M,1955,Ulysses,22,GA,251,0.045,535,0.023
M,1955,Ulysee,5,GA,530,0.01,1130,0.005
M,1955,Ulysees,5,GA,530,0.01,1130,0.005
M,1956,Unknown,86,GA,116,0.171,120,0.194
M,1956,Ulysses,20,GA,286,0.04,574,0.021
M,1957,Unknown,62,GA,143,0.124,166,0.133
M,1957,Ulysses,19,GA,286,0.038,591,0.02
M,1958,Unknown,48,GA,178,0.099,260,0.079
M,1958,Ulysses,14,GA,337,0.029,702,0.015
M,1959,Unknown,24,GA,258,0.05,377,0.045
M,1959,Ulysses,16,GA,325,0.033,668,0.017
M,1960,Unknown,29,GA,240,0.06,344,0.056
M,1960,Ulysses,21,GA,283,0.044,581,0.023
M,1961,Unknown,26,GA,258,0.054,404,0.043
M,1961,Ulysses,18,GA,295,0.038,635,0.019
M,1962,Unknown,17,GA,313,0.036,504,0.03
M,1962,Ulysses,15,GA,328,0.032,680,0.017
M,1963,Ulysses,14,GA,339,0.03,717,0.015
M,1963,Unknown,7,GA,467,0.015,641,0.019
M,1964,Ulysses,18,GA,311,0.038,638,0.02
M,1964,Unknown,13,GA,347,0.027,601,0.022
M,1965,Ulysses,12,GA,371,0.027,761,0.014
M,1966,Ulysses,12,GA,354,0.028,743,0.015
M,1966,Undra,7,GA,450,0.017,961,0.009
M,1966,Unknown,7,GA,450,0.017,961,0.009
M,1967,Ulysses,8,GA,420,0.02,891,0.01
M,1967,Unknown,5,GA,514,0.012,775,0.013
M,1968,Ulysses,11,GA,371,0.027,768,0.014
M,1968,Unknown,5,GA,528,0.012,812,0.013
M,1969,Ulysses,8,GA,429,0.019,936,0.01
M,1969,Unknown,5,GA,541,0.012,1200,0.006
M,1970,Ulysses,7,GA,481,0.016,1043,0.008
M,1971,Ulysses,7,GA,466,0.016,1029,0.008
M,1972,Ulysses,6,GA,512,0.015,1103,0.008
M,1973,Ulysses,8,GA,439,0.02,937,0.011
M,1974,Ulysses,6,GA,512,0.016,1108,0.008
M,1975,Ulysses,7,GA,476,0.019,1020,0.01
M,1975,Undra,6,GA,520,0.016,1123,0.009
M,1976,Ulysses,6,GA,511,0.017,1107,0.009
M,1977,Ulysses,6,GA,532,0.016,1155,0.008
M,1979,Ulysses,12,GA,354,0.031,767,0.016
M,1979,Uriah,6,GA,545,0.015,1199,0.008
M,1980,Ulysses,10,GA,420,0.024,893,0.013
M,1981,Ulysses,8,GA,454,0.02,973,0.011
M,1982,Ulysses,8,GA,460,0.02,995,0.011
M,1985,Ulysses,5,GA,623,0.012,1366,0.006
M,1986,Ulysses,6,GA,565,0.014,1232,0.007
M,1989,Ulysses,7,GA,607,0.014,1282,0.008
M,1990,Ulysses,7,GA,651,0.014,1341,0.008
M,1991,Ulysses,9,GA,560,0.018,1141,0.01
M,1991,Uriel,5,GA,804,0.01,1698,0.006
M,1992,Ulysses,8,GA,627,0.016,1262,0.009
M,1994,Ulysses,7,GA,696,0.015,1403,0.008
M,1995,Uriel,6,GA,791,0.012,1582,0.007
M,1996,Ulysses,6,GA,802,0.012,1614,0.007
M,1996,Uriel,5,GA,884,0.01,1819,0.006
M,1997,Uriel,9,GA,631,0.018,1262,0.01
M,1998,Uriel,10,GA,636,0.019,1249,0.01
M,1998,Uriah,8,GA,720,0.016,1444,0.008
M,1998,Ulysses,7,GA,791,0.014,1607,0.007
M,1998,Ulises,6,GA,865,0.012,1786,0.006
M,1999,Ulises,16,GA,464,0.03,929,0.016
M,1999,Ulysses,12,GA,565,0.022,1125,0.012
M,1999,Uchenna,6,GA,889,0.011,1876,0.006
M,1999,Uriel,6,GA,889,0.011,1876,0.006
M,2000,Uriel,11,GA,625,0.02,1285,0.011
M,2000,Ulysses,8,GA,782,0.014,1609,0.008
M,2000,Ulises,6,GA,950,0.011,1983,0.006
M,2001,Uriel,11,GA,618,0.02,1301,0.011
M,2001,Ulises,7,GA,835,0.013,1779,0.007
M,2001,Ulysses,7,GA,835,0.013,1779,0.007
M,2002,Uriel,18,GA,472,0.032,952,0.017
M,2002,Ulises,15,GA,521,0.027,1047,0.014
M,2002,Ulysses,6,GA,954,0.011,2021,0.006
M,2003,Uriel,25,GA,383,0.044,760,0.023
M,2003,Ulysses,8,GA,794,0.014,1707,0.007
M,2003,Ulises,7,GA,861,0.012,1868,0.007
M,2004,Uriel,27,GA,365,0.046,734,0.025
M,2004,Ulises,6,GA,972,0.01,2111,0.006
M,2004,Uriah,5,GA,1117,0.009,2437,0.005
M,2005,Uriel,29,GA,364,0.049,716,0.026
M,2005,Ulises,10,GA,733,0.017,1576,0.009
M,2005,Uriah,6,GA,1045,0.01,2260,0.005
M,2006,Uriel,26,GA,401,0.042,815,0.022
M,2006,Ulises,11,GA,733,0.018,1543,0.009
M,2006,Uziel,5,GA,1238,0.008,2678,0.004
M,2007,Unknown,22,GA,464,0.035,595,0.032
M,2007,Uriel,21,GA,478,0.033,995,0.018
M,2007,Ulises,17,GA,559,0.027,1162,0.014
M,2007,Uziel,9,GA,846,0.014,1816,0.008
M,2007,Uriah,5,GA,1254,0.008,2722,0.004
M,2008,Unknown,44,GA,265,0.072,288,0.075
M,2008,Uriel,26,GA,413,0.042,828,0.023
M,2008,Ulises,11,GA,758,0.018,1581,0.01
M,2008,Uriah,10,GA,805,0.016,1698,0.009
M,2008,Urijah,7,GA,1006,0.011,2161,0.006
M,2008,Ulysses,5,GA,1274,0.008,2726,0.004
M,2009,Unknown,49,GA,231,0.083,268,0.08
M,2009,Uriel,17,GA,552,0.029,1141,0.015
M,2009,Ulises,14,GA,632,0.024,1313,0.013
M,2009,Uriah,13,GA,658,0.022,1380,0.012
M,2009,Urijah,6,GA,1124,0.01,2380,0.005
M,2009,Ulysses,5,GA,1252,0.008,2661,0.005
M,2010,Unknown,33,GA,314,0.059,419,0.051
M,2010,Ulises,15,GA,583,0.027,1214,0.014
M,2010,Uriel,15,GA,583,0.027,1214,0.014
M,2010,Uriah,13,GA,641,0.023,1335,0.013
M,2010,Urijah,12,GA,684,0.021,1423,0.012
M,2010,Uziel,8,GA,904,0.014,1886,0.008
M,2011,Unknown,28,GA,344,0.051,520,0.04
M,2011,Uriel,15,GA,577,0.027,1214,0.015
M,2011,Uriah,14,GA,609,0.025,1266,0.014
M,2011,Ulises,9,GA,824,0.016,1724,0.009
M,2011,Urijah,9,GA,824,0.016,1724,0.009
M,2012,Unknown,30,GA,342,0.056,423,0.051
M,2012,Uriel,18,GA,488,0.033,1033,0.018
M,2012,Uriah,11,GA,686,0.02,1472,0.011
M,2012,Ulises,10,GA,736,0.019,1574,0.01
M,2012,Urijah,9,GA,792,0.017,1701,0.009
M,2013,Unknown,25,GA,393,0.047,473,0.046
M,2013,Uriah,19,GA,482,0.035,978,0.019
M,2013,Uriel,16,GA,541,0.03,1106,0.016
M,2013,Ulises,8,GA,875,0.015,1822,0.008
M,2013,Urijah,6,GA,1059,0.011,2231,0.006
M,2014,Unknown,13,GA,639,0.024,1001,0.018
M,2014,Uriel,11,GA,718,0.02,1496,0.011
M,2014,Uriah,8,GA,882,0.015,1853,0.008
M,2014,Ulises,7,GA,959,0.013,2023,0.007
M,2015,Uriel,15,GA,591,0.027,1220,0.014
M,2015,Uriah,11,GA,737,0.02,1505,0.011
M,2015,Umar,7,GA,1000,0.013,2064,0.007
M,2015,Ulises,5,GA,1213,0.009,2574,0.005
M,2015,Urijah,5,GA,1213,0.009,2574,0.005
M,2016,Uriel,13,GA,660,0.024,1362,0.013
M,2016,Uriah,11,GA,729,0.02,1521,0.011
M,2017,Uriah,16,GA,552,0.03,1143,0.016
M,2017,Uriel,11,GA,738,0.02,1510,0.011
M,2017,Ulises,6,GA,1093,0.011,2266,0.006
M,2017,Umar,6,GA,1093,0.011,2266,0.006
M,2018,Uriel,23,GA,426,0.044,885,0.023
M,2018,Uriah,11,GA,733,0.021,1508,0.011
M,2018,Ulises,8,GA,931,0.015,1903,0.008
M,2018,Umar,6,GA,1113,0.012,2295,0.006
M,2018,Urijah,6,GA,1113,0.012,2295,0.006
M,2019,Uriel,22,GA,448,0.042,915,0.022
M,2019,Uriah,13,GA,653,0.025,1353,0.013
M,2019,Ulises,6,GA,1128,0.012,2325,0.006
M,2019,Uzziah,5,GA,1296,0.01,2646,0.005
M,2020,Uriel,21,GA,468,0.042,949,0.022
M,2020,Uriah,10,GA,814,0.02,1634,0.011
M,2020,Ulises,8,GA,935,0.016,1888,0.008
M,2021,Uriah,15,GA,612,0.03,1257,0.016
M,2021,Uriel,15,GA,612,0.03,1257,0.016
M,2021,Ulises,6,GA,1157,0.012,2334,0.006
M,2022,Uriel,14,GA,687,0.027,1348,0.014
M,2022,Uriah,13,GA,723,0.025,1415,0.013
M,2022,Umar,7,GA,1105,0.014,2166,0.007
M,2022,Ulices,5,GA,1335,0.01,2701,0.005
M,2023,Uriel,15,GA,650,0.03,1297,0.016
M,2023,Uriah,9,GA,905,0.018,1849,0.009
M,2023,Ulises,7,GA,1079,0.014,2166,0.007
M,2024,Uriah,19,GA,544,0.037,1067,0.02
M,2024,Uriel,15,GA,648,0.029,1281,0.016
M,2024,Ulises,8,GA,1016,0.016,2023,0.008
F,1915,Una,5,SC,351,0.029,659,0.015
F,1919,Una,5,SC,423,0.021,783,0.011
F,1925,Uldine,8,SC,318,0.033,572,0.018
F,1926,Uldine,8,SC,316,0.036,563,0.02
F,1948,Unknown,10,SC,338,0.036,596,0.018
F,1949,Unknown,14,SC,288,0.05,398,0.041
F,1950,Unknown,47,SC,141,0.17,188,0.125
F,1951,Unknown,49,SC,141,0.172,190,0.128
F,1952,Unknown,70,SC,100,0.239,142,0.169
F,1953,Unknown,62,SC,110,0.215,157,0.16
F,1954,Unknown,62,SC,110,0.211,154,0.158
F,1955,Unknown,52,SC,120,0.182,169,0.144
F,1956,Unknown,34,SC,170,0.118,224,0.095
F,1957,Unknown,13,SC,324,0.046,383,0.046
F,1958,Unknown,15,SC,282,0.056,360,0.05
F,1959,Unknown,11,SC,340,0.041,486,0.031
F,1960,Unknown,7,SC,423,0.027,527,0.028
F,1963,Unknown,6,SC,464,0.024,832,0.012
F,1964,Ursula,5,SC,525,0.021,925,0.01
F,1965,Ursula,5,SC,495,0.022,859,0.011
F,1967,Ursula,12,SC,276,0.059,518,0.028
F,1968,Ursula,8,SC,365,0.039,654,0.019
F,1969,Ursula,6,SC,451,0.03,789,0.014
F,1970,Ursula,8,SC,381,0.039,676,0.018
F,1971,Ursula,9,SC,353,0.043,654,0.02
F,1972,Ursula,5,SC,487,0.026,858,0.012
F,1973,Ursula,10,SC,314,0.054,590,0.025
F,1975,Ursula,5,SC,456,0.03,832,0.014
F,1976,Ursula,6,SC,429,0.035,786,0.016
F,1977,Ursula,6,SC,445,0.034,818,0.016
F,1989,Unknown,24,SC,158,0.121,186,0.104
F,1989,Ursula,7,SC,399,0.035,764,0.016
F,1990,Unknown,30,SC,126,0.15,141,0.138
F,1991,Unknown,27,SC,141,0.14,137,0.15
F,1992,Unknown,34,SC,115,0.18,119,0.188
F,1992,Uniqua,6,SC,486,0.032,914,0.014
F,1993,Unknown,11,SC,284,0.063,289,0.069
F,1995,Unknown,136,SC,24,0.831,18,0.785
F,1996,Unique,7,SC,400,0.043,761,0.019
F,1997,Unique,5,SC,523,0.031,1005,0.014
F,2000,Unique,5,SC,577,0.03,1106,0.013
F,2006,Unique,6,SC,646,0.032,1190,0.014
F,2007,Unique,5,SC,775,0.026,1390,0.012
F,2008,Unique,6,SC,677,0.031,1224,0.014
F,2010,Unique,8,SC,496,0.045,919,0.021
F,2011,Unique,10,SC,404,0.057,762,0.026
F,2014,Unique,6,SC,642,0.033,1165,0.015
F,2022,Unique,8,SC,554,0.045,1041,0.021
F,2023,Ulani,5,SC,809,0.028,1474,0.013
M,1910,Ulysses,6,SC,151,0.107,372,0.04
M,1911,Ulysses,10,SC,110,0.173,287,0.067
M,1912,Ulysses,6,SC,212,0.07,463,0.029
M,1913,Ulysses,8,SC,192,0.082,421,0.036
M,1914,Ulysses,12,SC,168,0.092,370,0.043
M,1915,Ulysses,17,SC,146,0.113,319,0.052
M,1916,Ulysses,16,SC,160,0.095,350,0.044
M,1917,Ulysses,19,SC,145,0.112,324,0.052
M,1918,Ulysses,18,SC,170,0.093,361,0.044
M,1918,Ulyses,5,SC,375,0.026,743,0.012
M,1919,Ulysses,17,SC,179,0.084,380,0.039
M,1920,Ulysses,20,SC,158,0.094,348,0.044
M,1921,Ulysses,24,SC,138,0.118,302,0.054
M,1921,Ulyses,6,SC,330,0.03,701,0.013
M,1922,Ulysses,22,SC,149,0.105,330,0.048
M,1923,Ulysses,18,SC,166,0.092,357,0.042
M,1923,Ulyses,5,SC,372,0.025,769,0.012
M,1924,Ulysses,16,SC,181,0.08,400,0.036
M,1924,Ulyses,6,SC,340,0.03,711,0.013
M,1925,Ulysses,15,SC,186,0.078,406,0.035
M,1926,Ulysses,21,SC,143,0.115,319,0.052
M,1927,Ulysses,17,SC,161,0.092,363,0.042
M,1928,Ulysses,18,SC,160,0.098,352,0.046
M,1928,Ulysees,5,SC,358,0.027,713,0.013
M,1929,Ulysses,12,SC,193,0.071,417,0.033
M,1929,Ulyses,5,SC,328,0.029,679,0.014
M,1930,Ulysses,12,SC,206,0.068,444,0.032
M,1931,Ulysses,13,SC,179,0.079,397,0.037
M,1932,Ulysses,19,SC,149,0.1,335,0.048
M,1933,Ulysses,14,SC,183,0.078,403,0.037
M,1934,Ulysses,17,SC,178,0.088,381,0.042
M,1935,Ulysses,17,SC,165,0.09,363,0.043
M,1936,Ulysses,8,SC,253,0.043,546,0.021
M,1937,Ulysses,18,SC,166,0.094,360,0.045
M,1938,Ulysses,23,SC,138,0.119,314,0.058
M,1939,Ulysses,14,SC,196,0.069,430,0.034
M,1939,Ulysees,7,SC,290,0.034,616,0.017
M,1939,Ulysee,5,SC,366,0.025,739,0.012
M,1940,Ulysses,13,SC,214,0.061,456,0.03
M,1941,Ulysses,22,SC,154,0.101,350,0.05
M,1942,Ulysses,16,SC,204,0.067,433,0.034
M,1943,Ulysses,16,SC,203,0.065,432,0.032
M,1944,Ulysses,20,SC,182,0.084,388,0.042
M,1945,Ulysses,9,SC,262,0.039,576,0.019
M,1946,Ulysses,14,SC,227,0.054,486,0.027
M,1947,Ulysses,17,SC,212,0.059,465,0.03
M,1948,Ulysses,9,SC,278,0.032,619,0.016
M,1949,Ulysses,14,SC,242,0.049,523,0.025
M,1949,Unknown,9,SC,296,0.031,398,0.041
M,1950,Unknown,23,SC,185,0.081,188,0.125
M,1950,Ulysses,14,SC,232,0.049,502,0.025
M,1951,Unknown,25,SC,184,0.085,190,0.128
M,1951,Ulysses,16,SC,218,0.055,479,0.028
M,1952,Unknown,30,SC,163,0.1,142,0.169
M,1952,Ulysses,18,SC,221,0.06,468,0.03
M,1953,Unknown,33,SC,160,0.108,157,0.16
M,1953,Ulysses,17,SC,234,0.056,488,0.029
M,1954,Unknown,34,SC,156,0.108,154,0.158
M,1954,Ulysses,19,SC,225,0.061,469,0.031
M,1955,Unknown,33,SC,162,0.108,169,0.144
M,1955,Ulysses,20,SC,219,0.066,452,0.034
M,1956,Unknown,23,SC,198,0.075,224,0.095
M,1956,Ulysses,12,SC,271,0.039,593,0.02
M,1957,Unknown,14,SC,255,0.046,383,0.046
M,1957,Ulysses,11,SC,288,0.036,632,0.019
M,1958,Unknown,13,SC,263,0.045,360,0.05
M,1958,Ulysses,5,SC,421,0.017,900,0.009
M,1959,Ulysses,12,SC,281,0.042,594,0.022
M,1959,Unknown,6,SC,376,0.021,486,0.031
M,1960,Ulysses,10,SC,308,0.035,653,0.018
M,1960,Unknown,8,SC,343,0.028,527,0.028
M,1961,Ulysses,20,SC,223,0.07,453,0.037
M,1961,Unknown,5,SC,418,0.018,904,0.009
M,1962,Ulysses,10,SC,300,0.037,639,0.019
M,1963,Ulysses,10,SC,301,0.037,638,0.019
M,1964,Ulysses,9,SC,314,0.034,672,0.018
M,1966,Unknown,6,SC,354,0.026,773,0.014
M,1968,Ulysses,6,SC,362,0.027,779,0.014
M,1970,Ulysses,5,SC,399,0.021,873,0.011
M,1971,Unknown,5,SC,421,0.021,899,0.011
M,1972,Ulysses,5,SC,407,0.023,858,0.012
M,1980,Ulysses,8,SC,338,0.037,685,0.02
M,1983,Ulysses,5,SC,425,0.024,882,0.013
M,1987,Ulysses,7,SC,356,0.033,742,0.018
M,1989,Unknown,21,SC,201,0.089,186,0.104
M,1990,Unknown,31,SC,147,0.128,141,0.138
M,1991,Unknown,37,SC,121,0.159,137,0.15
M,1992,Unknown,44,SC,93,0.195,119,0.188
M,1993,Unknown,16,SC,237,0.074,289,0.069
M,1994,Unknown,6,SC,442,0.029,842,0.016
M,1995,Unknown,149,SC,32,0.747,18,0.785
M,2006,Uriel,7,SC,535,0.031,1074,0.017
M,2006,Ulises,5,SC,649,0.022,1332,0.012
M,2007,Uriel,7,SC,533,0.03,1094,0.017
M,2008,Uriel,10,SC,419,0.043,835,0.024
M,2009,Ulises,5,SC,659,0.023,1365,0.012
M,2010,Uriel,7,SC,512,0.033,1037,0.018
M,2010,Ulises,5,SC,654,0.024,1325,0.013
M,2011,Uriah,7,SC,497,0.033,1033,0.018
M,2011,Urijah,7,SC,497,0.033,1033,0.018
M,2012,Uriel,5,SC,661,0.024,1328,0.013
M,2013,Uriah,5,SC,651,0.024,1324,0.013
M,2014,Uriah,10,SC,406,0.047,799,0.025
M,2014,Urijah,6,SC,573,0.028,1165,0.015
M,2017,Uriah,11,SC,385,0.052,749,0.028
M,2018,Uriah,9,SC,450,0.043,915,0.023
M,2018,Uriel,9,SC,450,0.043,915,0.023
M,2019,Uriah,9,SC,455,0.044,920,0.024
M,2019,Uriel,5,SC,684,0.024,1380,0.013
M,2020,Uriah,7,SC,549,0.035,1097,0.019
M,2020,Uriel,5,SC,693,0.025,1391,0.013
M,2022,Uriah,9,SC,482,0.044,959,0.024
M,2023,Uriah,7,SC,583,0.034,1170,0.018
M,2024,Uriah,7,SC,592,0.034,1179,0.018
F,1916,Utahna,5,UT,190,0.112,372,0.059
F,1919,Una,5,UT,203,0.106,376,0.056
F,1922,Una,5,UT,215,0.101,395,0.052
F,1927,Utahna,5,UT,193,0.107,373,0.052
F,2005,Unique,5,UT,686,0.027,1259,0.012
M,1933,Udell,5,UT,189,0.109,382,0.056
M,1956,Unknown,6,UT,256,0.05,543,0.027
M,1997,Uriel,5,UT,496,0.026,1019,0.014
M,1998,Ulises,6,UT,444,0.03,925,0.017
M,2000,Ulises,5,UT,531,0.024,1108,0.013
M,2001,Uriel,6,UT,500,0.028,1015,0.016
M,2002,Ulises,5,UT,560,0.023,1153,0.013
M,2002,Uriel,5,UT,560,0.023,1153,0.013
M,2003,Uriel,6,UT,514,0.028,1070,0.015
M,2005,Uriel,6,UT,536,0.027,1109,0.015
M,2006,Uriel,5,UT,633,0.021,1317,0.012
M,2007,Ulises,8,UT,493,0.034,989,0.018
M,2008,Uriel,7,UT,558,0.03,1112,0.016
M,2008,Ulises,6,UT,620,0.025,1246,0.014
M,2009,Uriel,8,UT,511,0.035,1014,0.019
M,2010,Uriel,10,UT,413,0.045,817,0.025
M,2010,Ulises,6,UT,591,0.027,1193,0.015
M,2010,Urijah,6,UT,591,0.027,1193,0.015
M,2011,Uriel,8,UT,480,0.037,961,0.02
M,2011,Ulises,5,UT,648,0.023,1334,0.013
M,2012,Urijah,8,UT,514,0.037,995,0.02
M,2012,Uriel,5,UT,673,0.023,1365,0.013
M,2013,Uriel,7,UT,540,0.032,1058,0.018
M,2013,Uriah,6,UT,603,0.028,1189,0.015
M,2014,Ulises,7,UT,563,0.033,1099,0.018
M,2014,Uriel,5,UT,681,0.023,1381,0.013
M,2014,Urijah,5,UT,681,0.023,1381,0.013
M,2015,Uriel,8,UT,508,0.038,979,0.02
M,2016,Uriel,12,UT,390,0.057,731,0.031
M,2016,Uriah,5,UT,680,0.024,1360,0.013
M,2017,Uriel,7,UT,551,0.034,1070,0.019
M,2018,Uriel,6,UT,593,0.031,1161,0.017
M,2020,Uriel,9,UT,475,0.047,884,0.025
M,2021,Uriel,6,UT,609,0.031,1192,0.017
M,2024,Uriel,7,UT,571,0.037,1081,0.019
M,2024,Uziel,6,UT,623,0.031,1200,0.017
F,1912,Una,6,KY,314,0.044,514,0.027
F,1914,Una,6,KY,335,0.035,611,0.02
F,1916,Una,8,KY,350,0.033,627,0.018
F,1917,Una,6,KY,415,0.024,747,0.013
F,1918,Una,9,KY,354,0.033,648,0.018
F,1919,Una,9,KY,353,0.033,644,0.018
F,1921,Una,13,KY,302,0.041,551,0.022
F,1922,Una,13,KY,292,0.043,539,0.023
F,1923,Una,9,KY,372,0.03,679,0.016
F,1926,Una,5,KY,472,0.018,873,0.009
F,1927,Una,7,KY,411,0.024,756,0.013
F,1928,Una,7,KY,401,0.025,731,0.013
F,1930,Una,9,KY,350,0.033,633,0.017
F,1932,Una,7,KY,388,0.026,728,0.013
F,1934,Una,6,KY,416,0.022,779,0.011
F,1934,Ula,5,KY,463,0.018,864,0.009
F,1935,Una,5,KY,458,0.019,849,0.009
F,1936,Ula,5,KY,440,0.019,835,0.01
F,1945,Una,5,KY,451,0.019,817,0.009
F,1947,Unknown,5,KY,499,0.014,562,0.018
F,1948,Unknown,15,KY,277,0.043,410,0.031
F,1949,Unknown,11,KY,326,0.032,427,0.03
F,1950,Unknown,8,KY,385,0.024,442,0.027
F,1951,Unknown,13,KY,291,0.038,346,0.042
F,1952,Unknown,14,KY,275,0.042,397,0.032
F,1953,Unknown,7,KY,405,0.021,441,0.026
F,1954,Unknown,12,KY,307,0.035,396,0.032
F,1955,Unknown,8,KY,391,0.024,543,0.02
F,1956,Unknown,7,KY,428,0.021,534,0.02
F,1956,Ursula,6,KY,457,0.018,804,0.009
F,1958,Unknown,9,KY,379,0.027,677,0.013
F,1964,Ursula,5,KY,539,0.017,896,0.008
F,1966,Ursula,5,KY,485,0.02,830,0.009
F,1968,Ursula,6,KY,436,0.025,755,0.012
F,1969,Ursula,8,KY,394,0.032,678,0.015
F,1971,Ursula,5,KY,518,0.019,886,0.009
M,1915,Ulysses,6,KY,350,0.032,750,0.014
M,1916,Ulysses,9,KY,272,0.046,590,0.021
M,1918,Ulysses,5,KY,450,0.022,898,0.01
M,1919,Urban,5,KY,445,0.022,898,0.01
M,1920,Ulysses,6,KY,418,0.024,840,0.011
M,1921,Ulysses,10,KY,301,0.038,641,0.017
M,1922,Ulysses,5,KY,489,0.019,957,0.009
M,1923,Ulysses,7,KY,377,0.027,779,0.013
M,1924,Ulysses,6,KY,419,0.022,868,0.01
M,1925,Ulysses,5,KY,475,0.019,934,0.009
M,1927,Ulysses,5,KY,483,0.019,947,0.009
M,1928,Ulysses,6,KY,398,0.023,798,0.011
M,1930,Ulysses,5,KY,437,0.019,871,0.009
M,1931,Ulysses,6,KY,377,0.024,758,0.012
M,1937,Ulysses,5,KY,409,0.019,827,0.01
M,1943,Ulysses,5,KY,421,0.017,856,0.009
M,1946,Unknown,5,KY,429,0.015,862,0.008
M,1947,Unknown,8,KY,356,0.021,562,0.018
M,1948,Unknown,7,KY,360,0.019,410,0.031
M,1949,Unknown,10,KY,299,0.028,427,0.03
M,1949,Ulysses,7,KY,361,0.019,746,0.01
M,1950,Unknown,11,KY,276,0.031,442,0.027
M,1951,Unknown,17,KY,232,0.046,346,0.042
M,1952,Unknown,8,KY,332,0.022,397,0.032
M,1953,Unknown,11,KY,289,0.031,441,0.026
M,1954,Unknown,11,KY,281,0.03,396,0.032
M,1955,Unknown,6,KY,371,0.016,543,0.02
M,1956,Unknown,7,KY,345,0.019,534,0.02
M,1957,Unknown,5,KY,417,0.014,907,0.007
M,1960,Unknown,9,KY,319,0.025,683,0.013
M,1961,Unknown,7,KY,356,0.02,785,0.011
M,2006,Uriel,5,KY,546,0.021,1173,0.011
M,2008,Uriah,7,KY,457,0.03,977,0.016
M,2009,Urijah,5,KY,602,0.021,1238,0.012
M,2010,Uriah,7,KY,473,0.031,969,0.017
M,2010,Urijah,7,KY,473,0.031,969,0.017
M,2011,Uriah,8,KY,421,0.036,880,0.02
M,2011,Urijah,5,KY,557,0.023,1206,0.012
M,2012,Uriah,5,KY,593,0.023,1239,0.012
M,2013,Urijah,5,KY,588,0.023,1257,0.012
M,2015,Uriah,8,KY,458,0.036,934,0.02
M,2016,Uriah,7,KY,531,0.032,1058,0.017
M,2017,Uriah,6,KY,564,0.028,1142,0.015
M,2018,Uriah,6,KY,565,0.029,1171,0.016
M,2020,Uriah,7,KY,517,0.036,1048,0.019
M,2021,Uriah,6,KY,572,0.03,1162,0.016
M,2022,Uriel,9,KY,448,0.046,896,0.025
M,2022,Uriah,5,KY,669,0.025,1343,0.014
M,2023,Uriah,9,KY,463,0.045,911,0.025
F,1910,Ursula,5,IL,347,0.027,529,0.019
F,1912,Ursula,10,IL,295,0.035,523,0.02
F,1913,Ursula,8,IL,355,0.024,647,0.013
F,1914,Ursula,11,IL,323,0.028,588,0.015
F,1915,Una,5,IL,600,0.009,1058,0.005
F,1915,Ursula,5,IL,600,0.009,1058,0.005
F,1916,Ursula,9,IL,451,0.016,803,0.008
F,1916,Una,5,IL,613,0.009,1075,0.005
F,1917,Ursula,5,IL,601,0.009,1071,0.005
F,1918,Ursula,11,IL,428,0.018,758,0.009
F,1918,Una,5,IL,639,0.008,1110,0.004
F,1919,Una,8,IL,490,0.014,865,0.008
F,1919,Ursula,7,IL,531,0.012,927,0.007
F,1920,Una,8,IL,473,0.014,851,0.007
F,1920,Ursula,5,IL,620,0.008,1086,0.004
F,1921,Ursula,7,IL,530,0.011,925,0.006
F,1921,Una,6,IL,579,0.01,1008,0.005
F,1922,Ursula,7,IL,529,0.012,914,0.006
F,1922,Una,5,IL,627,0.009,1083,0.004
F,1923,Ursula,8,IL,494,0.013,881,0.007
F,1924,Ursula,7,IL,548,0.011,949,0.006
F,1924,Ula,5,IL,641,0.008,1118,0.004
F,1925,Ursula,8,IL,492,0.013,871,0.007
F,1926,Ursula,8,IL,502,0.013,877,0.007
F,1927,Ursula,7,IL,531,0.012,931,0.006
F,1927,Una,5,IL,650,0.008,1107,0.004
F,1928,Ursula,8,IL,501,0.014,870,0.007
F,1929,Ursula,6,IL,558,0.011,960,0.005
F,1930,Ursula,7,IL,512,0.012,896,0.006
F,1931,Ursula,6,IL,529,0.011,926,0.006
F,1932,Ursula,8,IL,441,0.016,787,0.008
F,1933,Ursula,9,IL,404,0.019,721,0.009
F,1934,Ursula,6,IL,516,0.012,889,0.006
F,1936,Ursula,18,IL,291,0.036,526,0.017
F,1937,Ursula,9,IL,434,0.017,758,0.008
F,1938,Una,7,IL,513,0.013,877,0.006
F,1939,Una,9,IL,444,0.017,766,0.008
F,1940,Una,5,IL,630,0.009,1060,0.004
F,1941,Ursula,5,IL,626,0.008,1057,0.004
F,1942,Ursula,7,IL,591,0.01,987,0.005
F,1942,Una,5,IL,703,0.007,1165,0.003
F,1944,Ursula,5,IL,656,0.008,1090,0.004
F,1950,Unknown,12,IL,503,0.014,866,0.007
F,1951,Unknown,8,IL,628,0.009,1057,0.004
F,1951,Ursula,7,IL,673,0.008,1124,0.004
F,1952,Unknown,9,IL,596,0.01,815,0.007
F,1952,Ursula,9,IL,596,0.01,1017,0.005
F,1953,Ursula,8,IL,655,0.008,1110,0.004
F,1953,Unknown,5,IL,854,0.005,954,0.006
F,1954,Ursula,9,IL,655,0.009,1110,0.004
F,1955,Ursula,14,IL,525,0.014,904,0.007
F,1955,Unknown,5,IL,926,0.005,1071,0.005
F,1956,Ursula,8,IL,737,0.008,1250,0.004
F,1957,Ursula,8,IL,787,0.007,1316,0.004
F,1958,Ursula,11,IL,663,0.01,1136,0.005
F,1959,Ursula,8,IL,808,0.007,1344,0.004
F,1960,Ursula,10,IL,708,0.009,1215,0.004
F,1961,Ursula,10,IL,730,0.009,1227,0.005
F,1962,Ursula,16,IL,554,0.016,954,0.008
F,1963,Ursula,13,IL,610,0.013,1051,0.006
F,1964,Ursula,16,IL,554,0.016,961,0.008
F,1965,Ursula,21,IL,468,0.023,819,0.011
F,1966,Ursula,26,IL,408,0.03,717,0.014
F,1967,Ursula,25,IL,423,0.029,748,0.014
F,1968,Ursula,23,IL,445,0.027,785,0.013
F,1969,Ursula,14,IL,600,0.017,1032,0.008
F,1969,Una,5,IL,1095,0.006,1780,0.003
F,1970,Ursula,13,IL,650,0.015,1129,0.007
F,1971,Ursula,22,IL,470,0.027,850,0.013
F,1972,Ursula,17,IL,525,0.023,947,0.011
F,1973,Ursula,27,IL,388,0.038,705,0.018
F,1974,Ursula,15,IL,570,0.022,1008,0.01
F,1975,Ursula,10,IL,743,0.014,1294,0.007
F,1976,Ursula,17,IL,541,0.024,954,0.011
F,1977,Ursula,8,IL,901,0.011,1509,0.005
F,1978,Ursula,8,IL,894,0.011,1504,0.005
F,1979,Ursula,11,IL,769,0.015,1301,0.007
F,1979,Unique,5,IL,1280,0.007,2086,0.003
F,1980,Ursula,10,IL,811,0.013,1377,0.006
F,1981,Ursula,6,IL,1102,0.008,1823,0.004
F,1981,Uzma,5,IL,1255,0.007,2047,0.003
F,1982,Ursula,9,IL,849,0.012,1419,0.006
F,1983,Ursula,6,IL,1091,0.008,1784,0.004
F,1984,Ursula,5,IL,1211,0.007,1979,0.003
F,1986,Ursula,8,IL,902,0.011,1529,0.005
F,1986,Unique,5,IL,1237,0.007,2018,0.003
F,1987,Unique,5,IL,1286,0.007,2074,0.003
F,1988,Unique,6,IL,1173,0.008,1916,0.004
F,1989,Unique,13,IL,691,0.017,1232,0.008
F,1990,Unique,6,IL,1245,0.008,2099,0.004
F,1991,Unique,7,IL,1124,0.009,1892,0.004
F,1992,Unique,7,IL,1133,0.009,1935,0.004
F,1992,Uniqua,5,IL,1426,0.007,2395,0.003
F,1993,Unique,10,IL,886,0.013,1574,0.006
F,1993,Uniqua,7,IL,1139,0.009,1946,0.004
F,1994,Unique,8,IL,1064,0.011,1825,0.005
F,1995,Unique,15,IL,655,0.021,1220,0.01
F,1996,Unique,12,IL,794,0.017,1432,0.008
F,1997,Unique,7,IL,1127,0.01,1960,0.005
F,1998,Unique,13,IL,753,0.018,1356,0.009
F,1999,Unique,18,IL,608,0.026,1118,0.012
F,2000,Unique,12,IL,836,0.017,1488,0.008
F,2001,Unique,15,IL,737,0.021,1314,0.01
F,2002,Unique,16,IL,677,0.023,1235,0.011
F,2003,Unique,12,IL,871,0.017,1559,0.008
F,2004,Unique,6,IL,1410,0.009,2452,0.004
F,2005,Unique,12,IL,894,0.018,1601,0.008
F,2005,Unknown,6,IL,1441,0.009,1692,0.008
F,2006,Unique,9,IL,1123,0.013,1997,0.006
F,2007,Unique,10,IL,1059,0.015,1889,0.007
F,2007,Uma,5,IL,1712,0.007,2991,0.003
F,2008,Unique,8,IL,1242,0.012,2178,0.006
F,2009,Unique,15,IL,756,0.024,1401,0.011
F,2010,Unique,6,IL,1470,0.01,2613,0.005
F,2011,Unique,11,IL,928,0.019,1682,0.009
F,2011,Uma,5,IL,1634,0.008,2881,0.004
F,2012,Unique,5,IL,1631,0.009,2892,0.004
F,2013,Uma,5,IL,1604,0.009,2822,0.004
F,2014,Unique,9,IL,1087,0.015,1939,0.007
F,2014,Uma,7,IL,1263,0.012,2261,0.006
F,2014,Unknown,5,IL,1605,0.008,1698,0.009
F,2016,Unique,9,IL,1088,0.016,1941,0.007
F,2016,Una,5,IL,1607,0.009,2812,0.004
F,2017,Una,5,IL,1605,0.009,2821,0.004
F,2017,Unique,5,IL,1605,0.009,2821,0.004
F,2018,Unique,5,IL,1543,0.009,2769,0.004
F,2019,Uma,5,IL,1517,0.01,2731,0.005
F,2020,Unique,5,IL,1499,0.01,2706,0.005
F,2021,Unique,6,IL,1309,0.012,2362,0.006
M,1912,Urban,5,IL,327,0.022,737,0.01
M,1913,Urban,5,IL,372,0.018,820,0.008
M,1915,Urban,9,IL,353,0.019,786,0.009
M,1916,Urban,6,IL,441,0.012,979,0.006
M,1917,Urban,9,IL,360,0.018,803,0.008
M,1918,Urban,8,IL,395,0.015,889,0.007
M,1918,Ulysses,5,IL,507,0.009,1110,0.004
M,1920,Urban,9,IL,372,0.017,798,0.008
M,1921,Ulysses,5,IL,507,0.009,1102,0.004
M,1921,Urban,5,IL,507,0.009,1102,0.004
M,1923,Urban,7,IL,427,0.012,931,0.006
M,1924,Urban,9,IL,373,0.015,835,0.007
M,1925,Ulysses,8,IL,404,0.014,871,0.007
M,1929,Ulysses,5,IL,496,0.009,1068,0.004
M,1934,Ulysses,5,IL,448,0.01,964,0.005
M,1936,Ulysses,5,IL,452,0.01,971,0.005
M,1942,Ulysses,6,IL,469,0.008,1069,0.004
M,1944,Ulysses,6,IL,438,0.009,998,0.005
M,1947,Ulysses,7,IL,480,0.008,1098,0.004
M,1948,Unknown,6,IL,494,0.007,1167,0.003
M,1948,Ulysses,5,IL,541,0.006,1279,0.003
M,1949,Ulysses,6,IL,526,0.007,1199,0.003
M,1950,Ulysses,8,IL,462,0.009,1049,0.004
M,1951,Ulysses,11,IL,392,0.011,906,0.006
M,1952,Ulysses,6,IL,549,0.006,1266,0.003
M,1952,Unknown,5,IL,611,0.005,815,0.007
M,1953,Ulysses,8,IL,488,0.008,1110,0.004
M,1953,Unknown,6,IL,563,0.006,954,0.006
M,1954,Ulysses,8,IL,508,0.008,1173,0.004
M,1955,Ulysses,7,IL,550,0.006,1265,0.003
M,1955,Unknown,5,IL,647,0.005,1071,0.005
M,1956,Ulysses,9,IL,527,0.008,1182,0.004
M,1956,Unknown,5,IL,678,0.004,1553,0.002
M,1957,Ulysses,13,IL,447,0.011,1009,0.006
M,1958,Ulysses,5,IL,706,0.004,1650,0.002
M,1959,Ulysses,8,IL,584,0.007,1344,0.004
M,1959,Unknown,5,IL,727,0.004,1689,0.002
M,1960,Ulysses,5,IL,728,0.004,1713,0.002
M,1960,Unknown,5,IL,728,0.004,1713,0.002
M,1961,Unknown,6,IL,688,0.005,1583,0.003
M,1961,Ulysses,5,IL,748,0.004,1727,0.002
M,1962,Ulysses,8,IL,580,0.007,1355,0.004
M,1963,Ulysses,8,IL,581,0.007,1335,0.004
M,1964,Ulysses,8,IL,594,0.008,1366,0.004
M,1965,Ulysses,6,IL,655,0.006,1539,0.003
M,1967,Ulysses,6,IL,663,0.006,1537,0.003
M,1968,Ulysses,9,IL,544,0.01,1248,0.005
M,1969,Ulysses,14,IL,452,0.015,1032,0.008
M,1970,Ulysses,9,IL,605,0.009,1372,0.005
M,1971,Ulysses,13,IL,508,0.014,1146,0.007
M,1971,Undra,5,IL,835,0.005,1935,0.003
M,1972,Ulysses,6,IL,744,0.007,1688,0.004
M,1973,Ulysses,10,IL,567,0.013,1272,0.007
M,1974,Ulysses,6,IL,747,0.008,1692,0.004
M,1975,Ulysses,15,IL,468,0.019,1025,0.01
M,1976,Ulysses,8,IL,653,0.01,1466,0.005
M,1976,Uriel,6,IL,772,0.008,1776,0.004
M,1977,Ulysses,7,IL,714,0.009,1654,0.005
M,1978,Ulysses,8,IL,651,0.01,1504,0.005
M,1978,Ulises,5,IL,862,0.006,2009,0.003
M,1978,Uriah,5,IL,862,0.006,2009,0.003
M,1979,Uriel,8,IL,682,0.01,1595,0.005
M,1979,Ulysses,6,IL,800,0.007,1877,0.004
M,1980,Uriel,12,IL,554,0.014,1257,0.007
M,1980,Ulysses,7,IL,735,0.008,1712,0.004
M,1980,Ulises,6,IL,801,0.007,1878,0.004
M,1981,Ulysses,16,IL,452,0.019,1013,0.01
M,1981,Uriel,7,IL,724,0.008,1663,0.004
M,1982,Ulysses,7,IL,725,0.008,1651,0.004
M,1982,Uriel,6,IL,782,0.007,1805,0.004
M,1983,Ulysses,7,IL,714,0.009,1638,0.005
M,1984,Ulysses,13,IL,491,0.016,1105,0.008
M,1984,Uriah,7,IL,697,0.009,1592,0.005
M,1984,Uriel,7,IL,697,0.009,1592,0.005
M,1985,Ulysses,10,IL,587,0.012,1314,0.006
M,1985,Ulises,8,IL,667,0.01,1505,0.005
M,1985,Uriah,6,IL,767,0.007,1783,0.004
M,1985,Uriel,5,IL,875,0.006,2014,0.003
M,1986,Ulysses,10,IL,598,0.013,1347,0.007
M,1986,Uriel,6,IL,778,0.008,1800,0.004
M,1986,Uriah,5,IL,867,0.006,2018,0.003
M,1987,Ulysses,16,IL,488,0.02,1038,0.01
M,1987,Uriah,8,IL,684,0.01,1554,0.005
M,1987,Uriel,7,IL,727,0.009,1676,0.005
M,1988,Ulysses,14,IL,523,0.017,1148,0.009
M,1988,Uriel,11,IL,586,0.013,1319,0.007
M,1988,Ulises,5,IL,913,0.006,2154,0.003
M,1989,Ulysses,13,IL,568,0.015,1232,0.008
M,1989,Uriel,13,IL,568,0.015,1232,0.008
M,1989,Ulises,8,IL,735,0.009,1683,0.005
M,1990,Ulises,10,IL,690,0.011,1527,0.006
M,1990,Uriel,9,IL,733,0.01,1631,0.005
M,1990,Ulysses,8,IL,787,0.009,1762,0.005
M,1991,Uriel,19,IL,483,0.022,1027,0.012
M,1991,Ulises,13,IL,603,0.015,1304,0.008
M,1991,Ulysses,12,IL,632,0.014,1376,0.007
M,1992,Uriel,30,IL,371,0.035,759,0.019
M,1992,Ulises,14,IL,579,0.016,1251,0.009
M,1992,Ulysses,7,IL,864,0.008,1935,0.004
M,1993,Uriel,21,IL,476,0.025,995,0.013
M,1993,Ulises,15,IL,571,0.018,1213,0.009
M,1993,Ulysses,10,IL,728,0.012,1574,0.006
M,1994,Uriel,32,IL,348,0.038,719,0.02
M,1994,Ulises,15,IL,571,0.018,1221,0.009
M,1994,Ulysses,10,IL,714,0.012,1563,0.006
M,1994,Ubaldo,6,IL,980,0.007,2202,0.004
M,1995,Uriel,33,IL,355,0.04,715,0.021
M,1995,Ulises,18,IL,516,0.022,1085,0.012
M,1995,Ulysses,11,IL,699,0.013,1495,0.007
M,1996,Uriel,33,IL,349,0.041,718,0.022
M,1996,Ulises,22,IL,459,0.027,968,0.014
M,1996,Ulysses,16,IL,562,0.02,1181,0.011
M,1997,Uriel,33,IL,354,0.041,712,0.022
M,1997,Ulises,17,IL,528,0.021,1125,0.011
M,1997,Ulysses,10,IL,725,0.013,1568,0.007
M,1997,Ubaldo,8,IL,822,0.01,1803,0.005
M,1997,Ulisses,6,IL,1007,0.008,2194,0.004
M,1998,Uriel,29,IL,386,0.036,798,0.019
M,1998,Ulises,25,IL,427,0.031,886,0.017
M,1998,Ulysses,19,IL,509,0.024,1061,0.013
M,1998,Ulisses,6,IL,1035,0.007,2252,0.004
M,1999,Uriel,37,IL,338,0.046,696,0.025
M,1999,Ulises,33,IL,358,0.041,740,0.022
M,1999,Ulysses,13,IL,630,0.016,1373,0.009
M,1999,Ulisses,8,IL,857,0.01,1894,0.005
M,2000,Uriel,36,IL,337,0.045,701,0.024
M,2000,Ulises,25,IL,430,0.031,902,0.016
M,2000,Ulysses,16,IL,580,0.02,1248,0.011
M,2000,Umar,8,IL,884,0.01,1938,0.005
M,2000,Ulisses,5,IL,1196,0.006,2671,0.003
M,2001,Ulises,36,IL,340,0.045,699,0.024
M,2001,Uriel,36,IL,340,0.045,699,0.024
M,2001,Ulysses,16,IL,571,0.02,1245,0.011
M,2001,Ulices,11,IL,728,0.014,1620,0.007
M,2001,Ubaldo,6,IL,1075,0.007,2390,0.004
M,2001,Ulisses,6,IL,1075,0.007,2390,0.004
M,2001,Umar,6,IL,1075,0.007,2390,0.004
M,2002,Uriel,49,IL,287,0.062,559,0.033
M,2002,Ulises,28,IL,402,0.036,829,0.019
M,2002,Ulysses,22,IL,470,0.028,999,0.015
M,2002,Usman,9,IL,829,0.011,1827,0.006
M,2002,Umar,8,IL,894,0.01,1959,0.005
M,2002,Ulisses,5,IL,1200,0.006,2678,0.003
M,2002,Ulyses,5,IL,1200,0.006,2678,0.003
M,2003,Uriel,44,IL,300,0.056,602,0.03
M,2003,Ulises,26,IL,430,0.033,901,0.018
M,2003,Ulysses,10,IL,801,0.013,1762,0.007
M,2003,Umar,5,IL,1226,0.006,2732,0.003
M,2003,Uziel,5,IL,1226,0.006,2732,0.003
M,2004,Uriel,56,IL,254,0.071,507,0.038
M,2004,Ulises,34,IL,356,0.043,748,0.023
M,2004,Unknown,6,IL,1117,0.008,2452,0.004
M,2004,Ulices,5,IL,1273,0.006,2797,0.003
M,2004,Ulysses,5,IL,1273,0.006,2797,0.003
M,2005,Uriel,40,IL,330,0.052,670,0.028
M,2005,Ulises,29,IL,408,0.038,836,0.02
M,2005,Ulysses,11,IL,770,0.014,1692,0.008
M,2005,Ulices,5,IL,1272,0.006,2818,0.003
M,2005,Umair,5,IL,1272,0.006,2818,0.003
M,2005,Unknown,5,IL,1272,0.006,1692,0.008
M,2005,Uziel,5,IL,1272,0.006,2818,0.003
M,2006,Uriel,51,IL,274,0.066,555,0.035
M,2006,Ulises,31,IL,378,0.04,802,0.021
M,2006,Ulysses,7,IL,1056,0.009,2334,0.005
M,2006,Usman,5,IL,1299,0.006,2902,0.003
M,2007,Uriel,52,IL,275,0.067,543,0.036
M,2007,Ulises,31,IL,398,0.04,816,0.021
M,2007,Ulysses,12,IL,764,0.016,1646,0.008
M,2007,Ubaldo,5,IL,1380,0.006,2991,0.003
M,2008,Uriel,51,IL,273,0.068,546,0.036
M,2008,Ulises,24,IL,476,0.032,1000,0.017
M,2008,Ulysses,15,IL,666,0.02,1449,0.011
M,2008,Uriah,8,IL,999,0.011,2178,0.006
M,2008,Umar,6,IL,1208,0.008,2653,0.004
M,2008,Urijah,5,IL,1371,0.007,3018,0.004
M,2008,Uziel,5,IL,1371,0.007,3018,0.004
M,2009,Uriel,39,IL,322,0.054,658,0.029
M,2009,Ulises,24,IL,468,0.033,977,0.018
M,2009,Ulysses,12,IL,772,0.017,1638,0.009
M,2009,Urijah,12,IL,772,0.017,1638,0.009
M,2009,Unknown,11,IL,818,0.015,1750,0.008
M,2009,Uziel,7,IL,1089,0.01,2345,0.005
M,2009,Ulisses,6,IL,1209,0.008,2607,0.004
M,2010,Uriel,40,IL,308,0.057,623,0.031
M,2010,Ulises,28,IL,418,0.04,850,0.021
M,2010,Ulysses,15,IL,664,0.021,1404,0.011
M,2010,Uriah,12,IL,767,0.017,1630,0.009
M,2010,Umar,10,IL,864,0.014,1837,0.008
M,2010,Urijah,6,IL,1214,0.009,2613,0.005
M,2010,Usman,6,IL,1214,0.009,2613,0.005
M,2011,Uriel,34,IL,359,0.05,723,0.027
M,2011,Ulises,19,IL,537,0.028,1134,0.015
M,2011,Ulysses,10,IL,842,0.015,1793,0.008
M,2011,Uriah,8,IL,965,0.012,2075,0.006
M,2011,Umar,5,IL,1343,0.007,2881,0.004
M,2011,Urban,5,IL,1343,0.007,2881,0.004
M,2011,Urijah,5,IL,1343,0.007,2881,0.004
M,2011,Usman,5,IL,1343,0.007,2881,0.004
M,2012,Uriel,39,IL,320,0.059,643,0.031
M,2012,Ulises,13,IL,685,0.02,1473,0.01
M,2012,Urijah,11,IL,771,0.017,1653,0.009
M,2012,Uriah,10,IL,824,0.015,1764,0.008
M,2012,Ulysses,7,IL,1073,0.011,2311,0.006
M,2012,Umar,7,IL,1073,0.011,2311,0.006
M,2012,Uziel,5,IL,1352,0.008,2892,0.004
M,2013,Uriel,27,IL,425,0.041,860,0.022
M,2013,Ulises,11,IL,769,0.017,1649,0.009
M,2013,Ulysses,11,IL,769,0.017,1649,0.009
M,2013,Uriah,8,IL,954,0.012,2046,0.006
M,2013,Urijah,8,IL,954,0.012,2046,0.006
M,2013,Umar,7,IL,1043,0.011,2252,0.006
M,2013,Unknown,7,IL,1043,0.011,2252,0.006
M,2013,Usman,5,IL,1310,0.008,2822,0.004
M,2014,Uriel,29,IL,403,0.044,809,0.023
M,2014,Ulysses,15,IL,659,0.023,1371,0.012
M,2014,Umar,12,IL,748,0.018,1597,0.01
M,2014,Ulises,11,IL,795,0.017,1698,0.009
M,2014,Uriah,11,IL,795,0.017,1698,0.009
M,2014,Unknown,6,IL,1172,0.009,1698,0.009
M,2015,Uriel,29,IL,413,0.044,829,0.023
M,2015,Umar,22,IL,507,0.033,1034,0.018
M,2015,Ulysses,11,IL,779,0.017,1658,0.009
M,2015,Uriah,11,IL,779,0.017,1658,0.009
M,2015,Ulises,7,IL,1074,0.011,2291,0.006
M,2016,Uriel,20,IL,530,0.031,1105,0.016
M,2016,Ulises,12,IL,753,0.019,1588,0.01
M,2016,Umar,11,IL,802,0.017,1680,0.009
M,2016,Uriah,8,IL,972,0.012,2090,0.007
M,2016,Usman,7,IL,1050,0.011,2284,0.006
M,2016,Ulysses,6,IL,1168,0.009,2509,0.005
M,2016,Umair,5,IL,1310,0.008,2812,0.004
M,2016,Urijah,5,IL,1310,0.008,2812,0.004
M,2017,Uriel,26,IL,428,0.042,866,0.022
M,2017,Ulises,15,IL,650,0.024,1330,0.013
M,2017,Uriah,14,IL,673,0.023,1384,0.012
M,2017,Umar,12,IL,752,0.019,1565,0.01
M,2017,Urijah,5,IL,1322,0.008,2821,0.004
M,2018,Uriel,23,IL,462,0.039,963,0.02
M,2018,Umar,15,IL,639,0.025,1309,0.013
M,2018,Ulysses,9,IL,890,0.015,1862,0.008
M,2018,Uriah,9,IL,890,0.015,1862,0.008
M,2018,Ulises,7,IL,1067,0.012,2201,0.006
M,2018,Usman,5,IL,1324,0.008,2769,0.004
M,2019,Uriel,28,IL,400,0.049,807,0.026
M,2019,Ulises,13,IL,677,0.023,1429,0.012
M,2019,Ulysses,10,IL,817,0.017,1715,0.009
M,2019,Umar,8,IL,945,0.014,1993,0.007
M,2019,Uriah,7,IL,1031,0.012,2175,0.006
M,2020,Uriel,26,IL,410,0.048,824,0.025
M,2020,Ulises,11,IL,756,0.02,1583,0.011
M,2020,Ulysses,10,IL,809,0.018,1687,0.01
M,2020,Umar,9,IL,874,0.016,1816,0.009
M,2020,Usman,5,IL,1309,0.009,2706,0.005
M,2020,Uziel,5,IL,1309,0.009,2706,0.005
M,2021,Umar,19,IL,515,0.035,1059,0.019
M,2021,Uriel,18,IL,534,0.033,1106,0.018
M,2021,Ulises,11,IL,762,0.02,1581,0.011
M,2021,Uriah,10,IL,821,0.019,1696,0.01
M,2021,Uziel,7,IL,1028,0.013,2136,0.007
M,2021,Ulysses,5,IL,1296,0.009,2695,0.005
M,2021,Usman,5,IL,1296,0.009,2695,0.005
M,2022,Uriel,17,IL,572,0.033,1164,0.017
M,2022,Umar,12,IL,723,0.023,1487,0.012
M,2022,Usman,9,IL,872,0.017,1795,0.009
M,2022,Ulysses,7,IL,1048,0.014,2117,0.007
M,2022,Ulises,6,IL,1150,0.012,2342,0.006
M,2023,Uriel,18,IL,538,0.036,1085,0.019
M,2023,Umar,16,IL,593,0.032,1187,0.017
M,2023,Usman,11,IL,739,0.022,1534,0.012
M,2023,Ulysses,10,IL,801,0.02,1638,0.011
M,2023,Uriah,10,IL,801,0.02,1638,0.011
M,2023,Ulises,8,IL,938,0.016,1911,0.008
M,2024,Uriel,26,IL,410,0.052,807,0.027
M,2024,Umar,20,IL,493,0.04,1011,0.021
M,2024,Uziel,13,IL,669,0.026,1351,0.014
M,2024,Usman,12,IL,712,0.024,1434,0.013
M,2024,Ulises,9,IL,863,0.018,1759,0.009
M,2024,Uriah,8,IL,928,0.016,1900,0.008
M,2024,Ulysses,7,IL,1037,0.014,2095,0.007
F,1915,Ursula,8,WI,268,0.038,514,0.02
F,1918,Ursula,6,WI,356,0.024,655,0.013
F,1919,Ursula,5,WI,365,0.022,682,0.012
F,1921,Ursula,8,WI,302,0.031,561,0.016
F,1922,Ursula,5,WI,371,0.02,679,0.01
F,1924,Ursula,5,WI,377,0.02,695,0.01
F,1926,Ursula,6,WI,324,0.025,607,0.013
F,1927,Ursula,10,WI,253,0.041,472,0.02
F,1930,Ursula,7,WI,304,0.029,555,0.014
F,1967,Ursula,5,WI,491,0.015,833,0.007
F,1973,Ursula,5,WI,484,0.019,829,0.009
F,1989,Unnamed,79,WI,77,0.27,96,0.253
F,1992,Uniqua,7,WI,510,0.025,927,0.012
F,1995,Unique,6,WI,573,0.023,1013,0.011
F,2000,Unique,6,WI,630,0.024,1113,0.011
F,2004,Unique,5,WI,734,0.02,1358,0.009
F,2005,Unique,7,WI,624,0.028,1131,0.013
F,2007,Unique,5,WI,822,0.02,1489,0.009
F,2008,Unique,5,WI,859,0.02,1539,0.009
F,2009,Unique,5,WI,865,0.02,1547,0.009
F,2011,Unique,5,WI,845,0.021,1527,0.01
F,2015,Unique,5,WI,847,0.021,1560,0.01
F,2021,Unique,5,WI,831,0.023,1552,0.011
M,1914,Urban,6,WI,240,0.045,503,0.022
M,1915,Urban,9,WI,229,0.047,483,0.022
M,1916,Urban,6,WI,299,0.03,642,0.014
M,1918,Urban,8,WI,268,0.036,571,0.017
M,1919,Urban,7,WI,271,0.034,572,0.016
M,1920,Urban,5,WI,327,0.022,691,0.011
M,1921,Urban,6,WI,294,0.025,630,0.012
M,1922,Urban,5,WI,322,0.021,679,0.01
M,1923,Urban,8,WI,264,0.034,551,0.016
M,1924,Urban,5,WI,334,0.02,695,0.01
M,1925,Urban,7,WI,261,0.029,565,0.015
M,1928,Ulysses,5,WI,314,0.02,662,0.01
M,1974,Uriah,6,WI,346,0.02,776,0.01
M,1982,Uriah,5,WI,404,0.014,945,0.008
M,1987,Uriah,5,WI,422,0.015,970,0.008
M,1989,Unnamed,79,WI,84,0.239,96,0.253
M,1991,Uriah,5,WI,491,0.015,1090,0.008
M,2000,Uriah,5,WI,566,0.017,1241,0.009
M,2000,Uriel,5,WI,566,0.017,1241,0.009
M,2002,Uriel,6,WI,544,0.021,1127,0.011
M,2003,Uriel,7,WI,494,0.024,1030,0.013
M,2004,Uriel,9,WI,439,0.031,916,0.017
M,2005,Uriel,8,WI,492,0.027,1029,0.015
M,2006,Uriel,10,WI,430,0.033,899,0.018
M,2007,Uriel,6,WI,632,0.02,1330,0.011
M,2008,Uriel,10,WI,448,0.034,939,0.018
M,2008,Ulises,8,WI,535,0.027,1110,0.015
M,2008,Uriah,7,WI,585,0.024,1206,0.013
M,2008,Urijah,5,WI,726,0.017,1539,0.009
M,2009,Urijah,10,WI,441,0.035,916,0.019
M,2009,Uriel,8,WI,516,0.028,1090,0.015
M,2009,Uriah,7,WI,563,0.024,1196,0.013
M,2009,Ulysses,6,WI,642,0.021,1360,0.011
M,2010,Uriah,11,WI,415,0.04,857,0.021
M,2010,Uriel,9,WI,478,0.032,999,0.018
M,2010,Urijah,8,WI,523,0.029,1102,0.016
M,2011,Uriah,13,WI,368,0.048,776,0.026
M,2011,Ulises,5,WI,726,0.018,1527,0.01
M,2012,Uriah,9,WI,479,0.033,997,0.018
M,2012,Ulises,6,WI,620,0.022,1319,0.012
M,2012,Ulysses,6,WI,620,0.022,1319,0.012
M,2012,Urijah,5,WI,700,0.018,1497,0.01
M,2013,Ulises,6,WI,652,0.022,1331,0.012
M,2013,Uriah,5,WI,735,0.018,1519,0.01
M,2013,Urijah,5,WI,735,0.018,1519,0.01
M,2014,Urijah,10,WI,478,0.037,960,0.02
M,2014,Ulysses,5,WI,727,0.018,1510,0.01
M,2014,Uriel,5,WI,727,0.018,1510,0.01
M,2015,Uriah,8,WI,550,0.029,1142,0.016
M,2015,Uriel,7,WI,600,0.026,1245,0.014
M,2015,Ulises,5,WI,763,0.018,1560,0.01
M,2016,Ulises,8,WI,572,0.03,1150,0.016
M,2016,Uriah,7,WI,625,0.026,1255,0.014
M,2016,Uriel,7,WI,625,0.026,1255,0.014
M,2017,Uriah,12,WI,423,0.046,835,0.025
M,2017,Uriel,5,WI,758,0.019,1531,0.01
M,2018,Uriah,8,WI,552,0.031,1121,0.017
M,2018,Uriel,7,WI,601,0.027,1227,0.015
M,2019,Uriah,11,WI,463,0.044,921,0.023
M,2019,Uriel,5,WI,763,0.02,1558,0.011
M,2020,Uriah,12,WI,417,0.05,828,0.027
M,2020,Uriel,7,WI,616,0.029,1211,0.016
M,2021,Uriah,7,WI,602,0.029,1222,0.015
M,2021,Uriel,7,WI,602,0.029,1222,0.015
M,2022,Uriel,10,WI,461,0.042,957,0.023
M,2023,Uriah,6,WI,705,0.026,1397,0.014
M,2024,Uriah,11,WI,453,0.047,898,0.025
M,2024,Uriel,9,WI,519,0.038,1037,0.021
M,2024,Umar,5,WI,754,0.021,1529,0.011
F,1910,Una,7,TX,412,0.036,647,0.025
F,1911,Una,11,TX,329,0.056,495,0.038
F,1912,Una,8,TX,461,0.03,777,0.018
F,1913,Una,12,TX,404,0.04,693,0.022
F,1913,Ursula,7,TX,539,0.023,950,0.013
F,1913,Ura,5,TX,666,0.017,1163,0.009
F,1914,Una,15,TX,385,0.042,682,0.023
F,1914,Ura,5,TX,706,0.014,1255,0.008
F,1915,Una,17,TX,409,0.039,717,0.021
F,1915,Ursula,7,TX,679,0.016,1183,0.009
F,1916,Una,19,TX,379,0.042,670,0.023
F,1916,Ura,5,TX,839,0.011,1484,0.006
F,1917,Una,18,TX,406,0.038,712,0.021
F,1917,Ursula,5,TX,855,0.011,1487,0.006
F,1918,Una,18,TX,416,0.036,735,0.02
F,1919,Ursula,11,TX,572,0.021,1019,0.011
F,1919,Una,10,TX,600,0.019,1068,0.01
F,1920,Una,18,TX,463,0.032,814,0.017
F,1920,Ursula,6,TX,844,0.011,1523,0.006
F,1921,Una,22,TX,421,0.037,746,0.02
F,1921,Ursula,11,TX,606,0.019,1094,0.01
F,1922,Una,16,TX,502,0.027,894,0.014
F,1922,Ursula,7,TX,765,0.012,1395,0.006
F,1923,Una,15,TX,520,0.026,923,0.014
F,1923,Ursula,5,TX,948,0.009,1704,0.005
F,1924,Una,19,TX,466,0.03,831,0.016
F,1924,Ursula,5,TX,980,0.008,1770,0.004
F,1925,Una,21,TX,440,0.034,773,0.018
F,1926,Una,14,TX,538,0.023,959,0.012
F,1927,Una,16,TX,491,0.026,893,0.014
F,1928,Una,10,TX,631,0.017,1148,0.008
F,1928,Ursula,6,TX,829,0.01,1533,0.005
F,1929,Una,9,TX,689,0.015,1243,0.008
F,1930,Ursula,7,TX,763,0.012,1397,0.006
F,1930,Una,6,TX,824,0.01,1513,0.005
F,1931,Ursula,5,TX,886,0.009,1619,0.004
F,1932,Una,11,TX,572,0.02,1062,0.01
F,1933,Una,8,TX,685,0.015,1233,0.007
F,1934,Una,9,TX,663,0.016,1222,0.008
F,1935,Una,13,TX,535,0.023,974,0.011
F,1936,Ursula,7,TX,731,0.013,1338,0.006
F,1936,Una,6,TX,790,0.011,1453,0.005
F,1937,Una,8,TX,687,0.014,1249,0.007
F,1938,Una,11,TX,568,0.019,1046,0.009
F,1939,Una,7,TX,733,0.012,1345,0.006
F,1940,Una,7,TX,751,0.012,1373,0.006
F,1945,Unknown,7,TX,804,0.01,1463,0.005
F,1945,Una,5,TX,963,0.007,1739,0.003
F,1946,Una,6,TX,909,0.007,1649,0.003
F,1946,Unknown,6,TX,909,0.007,1649,0.003
F,1947,Ursula,9,TX,763,0.01,1408,0.005
F,1947,Unknown,8,TX,813,0.009,1180,0.007
F,1948,Unknown,8,TX,819,0.009,1506,0.004
F,1948,Ursula,5,TX,1037,0.005,1897,0.003
F,1949,Unknown,13,TX,632,0.014,1001,0.009
F,1949,Una,5,TX,1062,0.005,1905,0.003
F,1950,Unknown,16,TX,577,0.017,878,0.012
F,1951,Unknown,17,TX,582,0.017,748,0.016
F,1952,Unknown,12,TX,703,0.011,898,0.011
F,1952,Ursula,5,TX,1122,0.005,1997,0.002
F,1953,Unknown,21,TX,535,0.019,799,0.014
F,1954,Unknown,16,TX,627,0.014,925,0.01
F,1955,Unknown,15,TX,669,0.013,922,0.011
F,1955,Ursula,6,TX,1098,0.005,1906,0.003
F,1956,Unknown,16,TX,660,0.014,860,0.012
F,1957,Unknown,9,TX,925,0.008,1050,0.009
F,1957,Una,5,TX,1237,0.004,2140,0.002
F,1958,Unknown,12,TX,770,0.011,1381,0.005
F,1959,Unknown,10,TX,890,0.009,1101,0.008
F,1959,Ursula,5,TX,1272,0.004,2168,0.002
F,1960,Unknown,8,TX,1005,0.007,979,0.01
F,1961,Ursula,6,TX,1210,0.005,2023,0.003
F,1961,Unknown,5,TX,1325,0.004,1100,0.009
F,1962,Ursula,11,TX,858,0.01,1495,0.005
F,1963,Ursula,10,TX,897,0.009,1549,0.004
F,1964,Ursula,20,TX,605,0.019,1091,0.009
F,1965,Ursula,36,TX,419,0.038,782,0.018
F,1966,Ursula,21,TX,555,0.023,1005,0.011
F,1967,Ursula,27,TX,489,0.029,885,0.014
F,1968,Ursula,23,TX,549,0.024,996,0.012
F,1969,Ursula,28,TX,504,0.028,925,0.013
F,1970,Ursula,33,TX,477,0.032,870,0.015
F,1971,Ursula,44,TX,403,0.042,747,0.02
F,1972,Ursula,47,TX,356,0.049,662,0.023
F,1973,Ursula,22,TX,591,0.023,1065,0.011
F,1974,Ursula,25,TX,537,0.026,995,0.012
F,1975,Ursula,22,TX,604,0.023,1085,0.011
F,1976,Ursula,21,TX,621,0.022,1115,0.01
F,1977,Ursula,24,TX,586,0.024,1054,0.011
F,1978,Ursula,17,TX,751,0.016,1305,0.008
F,1979,Ursula,17,TX,787,0.015,1353,0.007
F,1980,Ursula,18,TX,774,0.015,1343,0.007
F,1981,Ursula,14,TX,906,0.011,1571,0.005
F,1982,Ursula,23,TX,699,0.018,1231,0.008
F,1983,Ursula,26,TX,623,0.02,1113,0.01
F,1984,Ursula,13,TX,970,0.01,1656,0.005
F,1985,Ursula,17,TX,855,0.013,1465,0.006
F,1985,Unique,7,TX,1523,0.005,2452,0.002
F,1986,Ursula,13,TX,1019,0.01,1717,0.005
F,1987,Ursula,18,TX,836,0.014,1454,0.007
F,1987,Unique,6,TX,1676,0.005,2686,0.002
F,1988,Ursula,15,TX,932,0.012,1605,0.006
F,1988,Unique,5,TX,1874,0.004,3036,0.002
F,1989,Ursula,17,TX,890,0.013,1551,0.006
F,1990,Ursula,12,TX,1174,0.009,1965,0.004
F,1990,Unique,7,TX,1655,0.005,2692,0.002
F,1991,Unknown,131,TX,192,0.096,226,0.096
F,1991,Unnamed,73,TX,317,0.054,371,0.051
F,1991,Ursula,13,TX,1133,0.01,1897,0.004
F,1991,Unique,7,TX,1672,0.005,2715,0.002
F,1992,Uniqua,9,TX,1464,0.007,2403,0.003
F,1992,Unique,9,TX,1464,0.007,2403,0.003
F,1992,Unnamed,7,TX,1723,0.005,1801,0.005
F,1992,Ursula,7,TX,1723,0.005,2793,0.002
F,1993,Unique,12,TX,1219,0.009,2047,0.004
F,1993,Ursula,6,TX,1908,0.004,3093,0.002
F,1994,Ursula,9,TX,1486,0.007,2462,0.003
F,1994,Unique,6,TX,1935,0.004,3145,0.002
F,1995,Ursula,8,TX,1594,0.006,2661,0.003
F,1995,Unique,7,TX,1742,0.005,2877,0.002
F,1996,Unique,14,TX,1155,0.01,1977,0.005
F,1997,Ulyssa,10,TX,1460,0.007,2453,0.003
F,1997,Unique,10,TX,1460,0.007,2453,0.003
F,1998,Unique,15,TX,1143,0.01,1969,0.005
F,1998,Ursula,12,TX,1345,0.008,2273,0.004
F,1998,Ulyssa,5,TX,2427,0.003,3893,0.002
F,1999,Unique,16,TX,1139,0.011,1935,0.005
F,1999,Ursula,5,TX,2500,0.003,4041,0.002
F,2000,Unique,18,TX,1128,0.012,1878,0.006
F,2000,Ursula,7,TX,2113,0.005,3437,0.002
F,2000,Ulyssa,5,TX,2616,0.003,4221,0.002
F,2001,Unique,21,TX,1017,0.014,1739,0.006
F,2001,Ursula,10,TX,1660,0.007,2793,0.003
F,2002,Unique,17,TX,1222,0.011,2039,0.005
F,2002,Uriah,6,TX,2443,0.004,2730,0.003
F,2003,Unique,20,TX,1119,0.013,1893,0.006
F,2004,Unique,14,TX,1433,0.009,2409,0.004
F,2004,Uriah,5,TX,2858,0.003,2988,0.003
F,2005,Unique,20,TX,1145,0.012,1948,0.006
F,2006,Unique,16,TX,1399,0.01,2370,0.005
F,2006,Uriah,8,TX,2223,0.005,2061,0.006
F,2007,Unique,25,TX,1063,0.015,1846,0.007
F,2007,Ursula,6,TX,2768,0.004,4546,0.002
F,2008,Unique,23,TX,1129,0.014,1948,0.006
F,2008,Uriah,5,TX,3179,0.003,1473,0.01
F,2009,Unique,26,TX,1042,0.016,1828,0.007
F,2009,Uma,5,TX,3201,0.003,5244,0.001
F,2010,Unique,21,TX,1186,0.013,2058,0.006
F,2011,Unique,15,TX,1459,0.01,2519,0.005
F,2011,Uma,5,TX,3110,0.003,5113,0.002
F,2012,Unique,19,TX,1239,0.012,2183,0.006
F,2013,Unique,11,TX,1868,0.007,3153,0.003
F,2014,Unique,12,TX,1789,0.007,3054,0.003
F,2015,Unique,17,TX,1406,0.01,2447,0.005
F,2016,Unique,11,TX,1928,0.007,3285,0.003
F,2017,Unique,16,TX,1446,0.01,2498,0.005
F,2017,Uriel,5,TX,3150,0.003,575,0.036
F,2018,Unique,10,TX,1971,0.006,3403,0.003
F,2018,Uriah,6,TX,2786,0.004,1196,0.015
F,2019,Unique,13,TX,1652,0.008,2896,0.004
F,2019,Ulani,8,TX,2308,0.005,3952,0.002
F,2019,Uma,5,TX,3155,0.003,5246,0.002
F,2019,Urvi,5,TX,3155,0.003,5246,0.002
F,2020,Unique,14,TX,1541,0.009,2752,0.004
F,2020,Ulani,8,TX,2255,0.005,3889,0.002
F,2020,Ulanni,8,TX,2255,0.005,3889,0.002
F,2021,Ulani,12,TX,1787,0.008,3105,0.004
F,2021,Unique,9,TX,2154,0.006,3695,0.003
F,2021,Uma,8,TX,2321,0.005,3963,0.002
F,2021,Ulanni,7,TX,2555,0.005,4339,0.002
F,2022,Unity,10,TX,2067,0.006,3589,0.003
F,2022,Ulani,6,TX,2951,0.004,4966,0.002
F,2022,Uma,5,TX,3314,0.003,5557,0.001
F,2022,Unique,5,TX,3314,0.003,5557,0.001
F,2023,Ulani,17,TX,1461,0.01,2608,0.005
F,2023,Unique,11,TX,1977,0.007,3435,0.003
F,2023,Uma,7,TX,2659,0.004,4539,0.002
F,2023,Unity,6,TX,2939,0.004,4992,0.002
F,2024,Ulani,11,TX,1960,0.007,3432,0.003
F,2024,Unique,9,TX,2267,0.006,2947,0.004
F,2024,Uma,5,TX,3325,0.003,5607,0.001
F,2024,Urvi,5,TX,3325,0.003,5607,0.001
M,1910,Urbano,5,TX,314,0.055,788,0.018
M,1916,Ulysses,9,TX,504,0.024,1050,0.011
M,1916,Urban,5,TX,736,0.013,1484,0.006
M,1916,Urbano,5,TX,736,0.013,1484,0.006
M,1917,Ulysses,8,TX,552,0.02,1153,0.009
M,1918,Ulysses,12,TX,432,0.028,930,0.013
M,1919,Ulysses,13,TX,423,0.029,923,0.013
M,1920,Ulysses,9,TX,591,0.018,1203,0.008
M,1921,Ulysses,6,TX,767,0.011,1510,0.005
M,1921,Urbano,5,TX,861,0.01,1689,0.004
M,1921,Uvaldo,5,TX,861,0.01,1689,0.004
M,1922,Ulysses,8,TX,641,0.015,1291,0.007
M,1922,Urbano,5,TX,872,0.01,1689,0.004
M,1923,Ulysses,10,TX,559,0.019,1151,0.009
M,1923,Utah,5,TX,862,0.01,1704,0.005
M,1924,Ulysses,8,TX,674,0.014,1350,0.007
M,1924,Udell,6,TX,822,0.011,1607,0.005
M,1925,Ulysses,9,TX,612,0.016,1251,0.008
M,1925,Urban,6,TX,770,0.011,1533,0.005
M,1926,Ulysses,7,TX,727,0.013,1425,0.006
M,1926,Ubaldo,6,TX,781,0.011,1542,0.005
M,1927,Ubaldo,7,TX,723,0.012,1429,0.006
M,1927,Ulysses,5,TX,900,0.009,1721,0.004
M,1927,Urbano,5,TX,900,0.009,1721,0.004
M,1927,Uvaldo,5,TX,900,0.009,1721,0.004
M,1928,Ulysses,7,TX,710,0.012,1383,0.006
M,1928,Urbano,5,TX,889,0.009,1703,0.004
M,1929,Uvaldo,8,TX,654,0.014,1318,0.007
M,1929,Ulysses,6,TX,808,0.01,1546,0.005
M,1929,Urbano,6,TX,808,0.01,1546,0.005
M,1929,Ubaldo,5,TX,888,0.009,1680,0.004
M,1930,Ulysses,7,TX,716,0.012,1397,0.006
M,1930,Urbano,6,TX,785,0.01,1513,0.005
M,1930,Uvaldo,6,TX,785,0.01,1513,0.005
M,1930,Ubaldo,5,TX,863,0.008,1635,0.004
M,1931,Ulysses,5,TX,852,0.009,1619,0.004
M,1932,Ubaldo,6,TX,752,0.011,1440,0.005
M,1932,Uvaldo,5,TX,834,0.009,1580,0.004
M,1933,Urbano,7,TX,656,0.013,1311,0.006
M,1933,Ulysses,5,TX,806,0.009,1584,0.005
M,1933,Ural,5,TX,806,0.009,1584,0.005
M,1934,Ulysses,12,TX,508,0.021,1026,0.01
M,1935,Ulysses,10,TX,559,0.018,1133,0.009
M,1936,Uvaldo,7,TX,676,0.013,1338,0.006
M,1936,Ulysses,5,TX,816,0.009,1587,0.005
M,1937,Urbano,6,TX,741,0.011,1459,0.005
M,1938,Ubaldo,7,TX,672,0.012,1328,0.006
M,1938,Ulysses,5,TX,822,0.008,1588,0.004
M,1939,Ulysses,9,TX,574,0.015,1165,0.008
M,1939,Ubaldo,5,TX,813,0.008,1585,0.004
M,1940,Ulysses,8,TX,637,0.013,1271,0.007
M,1940,Uvaldo,6,TX,754,0.01,1473,0.005
M,1941,Ulysses,7,TX,705,0.011,1391,0.005
M,1941,Urbano,5,TX,863,0.008,1661,0.004
M,1942,Ubaldo,7,TX,705,0.01,1407,0.005
M,1942,Ulysses,7,TX,705,0.01,1407,0.005
M,1944,Ubaldo,8,TX,681,0.01,1389,0.005
M,1944,Uvaldo,6,TX,793,0.008,1608,0.004
M,1944,Ulysses,5,TX,891,0.006,1767,0.003
M,1946,Ulysses,9,TX,660,0.01,1335,0.005
M,1946,Uvaldo,9,TX,660,0.01,1335,0.005
M,1946,Ubaldo,5,TX,914,0.006,1810,0.003
M,1947,Ulysses,10,TX,672,0.01,1342,0.005
M,1947,Unknown,5,TX,946,0.005,1180,0.007
M,1948,Ulysses,12,TX,594,0.012,1200,0.006
M,1948,Ubaldo,8,TX,754,0.008,1506,0.004
M,1949,Ulysses,5,TX,948,0.005,1905,0.003
M,1949,Unknown,5,TX,948,0.005,1001,0.009
M,1950,Ulysses,7,TX,801,0.007,1611,0.004
M,1950,Unknown,7,TX,801,0.007,878,0.012
M,1950,Uvaldo,5,TX,960,0.005,1918,0.003
M,1951,Ubaldo,16,TX,528,0.015,1100,0.008
M,1951,Unknown,16,TX,528,0.015,748,0.016
M,1951,Urbano,5,TX,958,0.005,1958,0.002
M,1951,Uvaldo,5,TX,958,0.005,1958,0.002
M,1952,Unknown,12,TX,613,0.01,898,0.011
M,1952,Ubaldo,8,TX,769,0.007,1568,0.004
M,1952,Ulysses,8,TX,769,0.007,1568,0.004
M,1952,Urbano,6,TX,891,0.005,1821,0.003
M,1953,Unknown,10,TX,695,0.008,799,0.014
M,1953,Urbano,7,TX,840,0.006,1724,0.003
M,1954,Ulysses,9,TX,735,0.007,1536,0.004
M,1954,Unknown,8,TX,779,0.007,925,0.01
M,1954,Ubaldo,7,TX,834,0.006,1755,0.003
M,1955,Ubaldo,10,TX,695,0.008,1481,0.004
M,1955,Unknown,10,TX,695,0.008,922,0.011
M,1955,Uvaldo,5,TX,992,0.004,2093,0.002
M,1956,Unknown,13,TX,619,0.01,860,0.012
M,1956,Uvaldo,8,TX,790,0.006,1681,0.003
M,1957,Unknown,12,TX,645,0.01,1050,0.009
M,1957,Urbano,10,TX,708,0.008,1534,0.004
M,1957,Ubaldo,8,TX,797,0.006,1718,0.003
M,1957,Ulysses,6,TX,918,0.005,1960,0.002
M,1957,Uvaldo,5,TX,1014,0.004,2140,0.002
M,1958,Uvaldo,6,TX,913,0.005,1952,0.003
M,1958,Ulysses,5,TX,1000,0.004,2133,0.002
M,1959,Unknown,9,TX,747,0.007,1101,0.008
M,1959,Uvaldo,9,TX,747,0.007,1636,0.004
M,1959,Ulysses,6,TX,920,0.005,1993,0.003
M,1959,Ubaldo,5,TX,1006,0.004,2168,0.002
M,1959,Urbano,5,TX,1006,0.004,2168,0.002
M,1960,Unknown,16,TX,572,0.013,979,0.01
M,1960,Ubaldo,6,TX,911,0.005,2005,0.003
M,1960,Uvaldo,5,TX,993,0.004,2172,0.002
M,1961,Unknown,15,TX,580,0.013,1100,0.009
M,1961,Urbano,6,TX,903,0.005,2023,0.003
M,1961,Ulysses,5,TX,1005,0.004,2221,0.002
M,1962,Unknown,13,TX,626,0.011,1364,0.006
M,1962,Ulysses,7,TX,825,0.006,1862,0.003
M,1962,Uvaldo,6,TX,894,0.005,1997,0.003
M,1963,Ulysses,8,TX,800,0.007,1749,0.004
M,1963,Unknown,5,TX,1001,0.004,2200,0.002
M,1963,Urban,5,TX,1001,0.004,2200,0.002
M,1963,Uvaldo,5,TX,1001,0.004,2200,0.002
M,1964,Uvaldo,8,TX,787,0.007,1739,0.004
M,1964,Urbano,5,TX,985,0.004,2165,0.002
M,1965,Ubaldo,7,TX,792,0.007,1759,0.004
M,1965,Ulysses,6,TX,856,0.006,1901,0.003
M,1966,Ulysses,14,TX,566,0.014,1225,0.007
M,1966,Undra,5,TX,946,0.005,2085,0.003
M,1967,Ulysses,9,TX,696,0.009,1542,0.005
M,1967,Ubaldo,8,TX,733,0.008,1638,0.004
M,1968,Ulysses,5,TX,965,0.005,2160,0.003
M,1969,Ulysses,5,TX,994,0.005,2249,0.002
M,1969,Uvaldo,5,TX,994,0.005,2249,0.002
M,1970,Ulysses,8,TX,834,0.007,1838,0.004
M,1970,Unknown,5,TX,1029,0.004,2354,0.002
M,1971,Ulysses,7,TX,890,0.006,2014,0.003
M,1971,Undra,6,TX,966,0.005,2167,0.003
M,1972,Ulysses,7,TX,882,0.007,1967,0.003
M,1972,Ubaldo,5,TX,1047,0.005,2350,0.002
M,1972,Uvaldo,5,TX,1047,0.005,2350,0.002
M,1974,Ubaldo,9,TX,764,0.009,1719,0.004
M,1974,Ulysses,8,TX,814,0.008,1834,0.004
M,1974,Ulises,5,TX,1050,0.005,2353,0.002
M,1974,Unknown,5,TX,1050,0.005,2353,0.002
M,1974,Uvaldo,5,TX,1050,0.005,2353,0.002
M,1975,Ubaldo,11,TX,724,0.01,1597,0.005
M,1975,Ulysses,7,TX,900,0.007,2018,0.003
M,1975,Ulises,6,TX,969,0.006,2186,0.003
M,1975,Uriel,5,TX,1088,0.005,2436,0.002
M,1976,Ubaldo,8,TX,861,0.007,1910,0.004
M,1976,Ulysses,8,TX,861,0.007,1910,0.004
M,1976,Uriel,6,TX,990,0.006,2241,0.003
M,1976,Urbano,5,TX,1077,0.005,2462,0.002
M,1977,Ubaldo,7,TX,923,0.006,2096,0.003
M,1977,Uriel,7,TX,923,0.006,2096,0.003
M,1977,Ulysses,6,TX,1001,0.005,2290,0.003
M,1978,Ulysses,10,TX,770,0.009,1742,0.005
M,1978,Urbano,5,TX,1105,0.004,2585,0.002
M,1979,Ulysses,10,TX,804,0.008,1829,0.004
M,1979,Ubaldo,7,TX,975,0.006,2230,0.003
M,1979,Ulises,5,TX,1196,0.004,2730,0.002
M,1980,Uriel,13,TX,732,0.01,1614,0.005
M,1980,Ulises,12,TX,763,0.009,1687,0.005
M,1980,Ubaldo,7,TX,987,0.005,2271,0.003
M,1980,Ulysses,6,TX,1079,0.004,2493,0.002
M,1981,Uriel,11,TX,789,0.008,1780,0.004
M,1981,Ubaldo,8,TX,959,0.006,2167,0.003
M,1981,Ulysses,6,TX,1132,0.004,2560,0.002
M,1982,Uriel,12,TX,776,0.008,1749,0.004
M,1982,Ubaldo,9,TX,888,0.006,2063,0.003
M,1982,Ulysses,9,TX,888,0.006,2063,0.003
M,1982,Ulises,7,TX,1035,0.005,2393,0.003
M,1982,Urbano,7,TX,1035,0.005,2393,0.003
M,1982,Uvaldo,7,TX,1035,0.005,2393,0.003
M,1982,Uriah,5,TX,1258,0.003,2907,0.002
M,1983,Ubaldo,9,TX,885,0.006,2022,0.003
M,1983,Ulysses,8,TX,952,0.006,2179,0.003
M,1983,Uriel,8,TX,952,0.006,2179,0.003
M,1983,Ulises,5,TX,1226,0.004,2829,0.002
M,1983,Uvaldo,5,TX,1226,0.004,2829,0.002
M,1984,Uriel,17,TX,640,0.012,1423,0.006
M,1984,Ulysses,13,TX,741,0.009,1656,0.005
M,1984,Ulises,6,TX,1131,0.004,2596,0.002
M,1984,Uriah,5,TX,1257,0.004,2880,0.002
M,1985,Ulises,17,TX,666,0.012,1465,0.006
M,1985,Ulysses,16,TX,684,0.011,1520,0.006
M,1985,Uriel,14,TX,724,0.01,1639,0.005
M,1985,Ubaldo,10,TX,869,0.007,1986,0.004
M,1985,Uvaldo,9,TX,918,0.006,2116,0.003
M,1985,Urbano,6,TX,1156,0.004,2658,0.002
M,1986,Uriel,16,TX,683,0.011,1522,0.006
M,1986,Ulysses,12,TX,797,0.008,1803,0.004
M,1986,Ubaldo,8,TX,991,0.005,2269,0.003
M,1986,Ulisses,6,TX,1173,0.004,2664,0.002
M,1987,Uriel,24,TX,560,0.017,1207,0.009
M,1987,Ulysses,18,TX,650,0.013,1454,0.007
M,1987,Ulises,14,TX,730,0.01,1662,0.005
M,1987,Ubaldo,11,TX,825,0.008,1875,0.004
M,1987,Uriah,6,TX,1171,0.004,2686,0.002
M,1988,Ulysses,17,TX,675,0.012,1501,0.006
M,1988,Uriel,13,TX,782,0.009,1751,0.005
M,1988,Ulises,10,TX,897,0.007,2020,0.004
M,1988,Uriah,9,TX,951,0.006,2152,0.003
M,1988,Ulisses,7,TX,1108,0.005,2507,0.003
M,1988,Ubaldo,5,TX,1348,0.003,3036,0.002
M,1988,Uvaldo,5,TX,1348,0.003,3036,0.002
M,1989,Uriel,24,TX,575,0.016,1272,0.009
M,1989,Ulises,16,TX,718,0.011,1616,0.006
M,1989,Ulysses,15,TX,748,0.01,1688,0.005
M,1989,Uriah,8,TX,1031,0.005,2406,0.003
M,1989,Ubaldo,7,TX,1122,0.005,2605,0.002
M,1990,Uriel,39,TX,446,0.025,957,0.013
M,1990,Ulises,19,TX,667,0.012,1499,0.007
M,1990,Ulysses,13,TX,812,0.008,1868,0.004
M,1990,Ubaldo,11,TX,897,0.007,2085,0.004
M,1990,Uvaldo,6,TX,1257,0.004,2948,0.002
M,1991,Unknown,148,TX,202,0.097,226,0.096
M,1991,Unnamed,75,TX,319,0.049,371,0.051
M,1991,Uriel,36,TX,485,0.023,1026,0.012
M,1991,Ulises,25,TX,603,0.016,1292,0.009
M,1991,Ulysses,17,TX,717,0.011,1621,0.006
M,1991,Ubaldo,16,TX,740,0.01,1677,0.006
M,1991,Uvaldo,8,TX,1090,0.005,2513,0.003
M,1991,Urbano,5,TX,1450,0.003,3347,0.002
M,1991,Uriah,5,TX,1450,0.003,3347,0.002
M,1992,Uriel,48,TX,396,0.031,841,0.017
M,1992,Ulises,24,TX,606,0.016,1347,0.008
M,1992,Ulysses,11,TX,907,0.007,2120,0.004
M,1992,Ulisses,9,TX,1034,0.006,2403,0.003
M,1992,Unnamed,8,TX,1118,0.005,1801,0.005
M,1992,Ubaldo,7,TX,1202,0.005,2793,0.002
M,1992,Uriah,5,TX,1497,0.003,3490,0.002
M,1993,Uriel,66,TX,346,0.043,690,0.023
M,1993,Ulises,26,TX,605,0.017,1314,0.009
M,1993,Ulysses,17,TX,767,0.011,1715,0.006
M,1993,Ubaldo,8,TX,1120,0.005,2596,0.003
M,1993,Uziel,7,TX,1215,0.005,2823,0.002
M,1993,Ulices,6,TX,1324,0.004,3093,0.002
M,1993,Uvaldo,5,TX,1492,0.003,3459,0.002
M,1994,Uriel,70,TX,341,0.046,673,0.024
M,1994,Ulises,23,TX,646,0.015,1402,0.008
M,1994,Ulysses,18,TX,737,0.012,1638,0.006
M,1994,Ubaldo,11,TX,944,0.007,2167,0.004
M,1994,Uziel,7,TX,1232,0.005,2868,0.002
M,1994,Urbano,6,TX,1352,0.004,3145,0.002
M,1995,Uriel,64,TX,359,0.042,712,0.022
M,1995,Ulises,30,TX,551,0.02,1192,0.01
M,1995,Ulysses,19,TX,709,0.012,1575,0.007
M,1995,Ubaldo,10,TX,1024,0.007,2354,0.003
M,1995,Uriah,9,TX,1087,0.006,2487,0.003
M,1995,Uziel,7,TX,1253,0.005,2877,0.002
M,1995,Uvaldo,6,TX,1383,0.004,3162,0.002
M,1995,Ulisses,5,TX,1558,0.003,3568,0.002
M,1996,Uriel,72,TX,339,0.046,668,0.024
M,1996,Ulises,42,TX,449,0.027,967,0.014
M,1996,Ulysses,26,TX,602,0.017,1314,0.009
M,1996,Ubaldo,8,TX,1189,0.005,2756,0.003
M,1996,Ulisses,8,TX,1189,0.005,2756,0.003
M,1996,Ulyses,6,TX,1414,0.004,3271,0.002
M,1996,Uvaldo,6,TX,1414,0.004,3271,0.002
M,1996,Uriah,5,TX,1563,0.003,3673,0.002
M,1996,Uziel,5,TX,1563,0.003,3673,0.002
M,1997,Uriel,76,TX,329,0.048,657,0.026
M,1997,Ulises,43,TX,456,0.027,956,0.014
M,1997,Ulysses,18,TX,748,0.011,1708,0.006
M,1997,Ubaldo,11,TX,1012,0.007,2310,0.004
M,1997,Uriah,10,TX,1065,0.006,2453,0.003
M,1997,Uziel,6,TX,1465,0.004,3358,0.002
M,1997,Umair,5,TX,1618,0.003,3748,0.002
M,1997,Uvaldo,5,TX,1618,0.003,3748,0.002
M,1998,Uriel,66,TX,372,0.041,748,0.022
M,1998,Ulises,58,TX,399,0.036,814,0.019
M,1998,Ulysses,42,TX,479,0.026,1017,0.014
M,1998,Uziel,23,TX,659,0.014,1508,0.008
M,1998,Ulisses,13,TX,942,0.008,2151,0.004
M,1998,Uriah,12,TX,984,0.007,2273,0.004
M,1998,Ubaldo,8,TX,1241,0.005,2914,0.003
M,1998,Umar,7,TX,1326,0.004,3134,0.002
M,1998,Ulices,5,TX,1650,0.003,3893,0.002
M,1998,Uvaldo,5,TX,1650,0.003,3893,0.002
M,1999,Uriel,81,TX,332,0.049,672,0.026
M,1999,Ulises,59,TX,404,0.036,828,0.019
M,1999,Ulysses,50,TX,446,0.03,919,0.016
M,1999,Uriah,12,TX,1016,0.007,2351,0.004
M,1999,Ubaldo,10,TX,1134,0.006,2621,0.003
M,1999,Ulisses,8,TX,1294,0.005,3004,0.003
M,1999,Ulices,7,TX,1400,0.004,3257,0.002
M,1999,Uziel,7,TX,1400,0.004,3257,0.002
M,1999,Uzziel,6,TX,1553,0.004,3604,0.002
M,2000,Uriel,92,TX,325,0.054,640,0.028
M,2000,Ulises,54,TX,432,0.032,900,0.017
M,2000,Ulysses,35,TX,555,0.02,1233,0.011
M,2000,Uziel,14,TX,946,0.008,2206,0.004
M,2000,Ulisses,11,TX,1110,0.006,2575,0.003
M,2000,Ubaldo,9,TX,1251,0.005,2926,0.003
M,2000,Ulyses,7,TX,1470,0.004,3437,0.002
M,2000,Uzziel,7,TX,1470,0.004,3437,0.002
M,2000,Ulices,6,TX,1603,0.004,3749,0.002
M,2000,Umar,5,TX,1801,0.003,4221,0.002
M,2000,Uriah,5,TX,1801,0.003,4221,0.002
M,2001,Uriel,84,TX,333,0.049,666,0.026
M,2001,Ulises,64,TX,394,0.037,822,0.02
M,2001,Ulysses,28,TX,623,0.016,1442,0.009
M,2001,Ubaldo,12,TX,1083,0.007,2496,0.004
M,2001,Ulisses,11,TX,1143,0.006,2626,0.003
M,2001,Ulyses,11,TX,1143,0.006,2626,0.003
M,2001,Uziel,11,TX,1143,0.006,2626,0.003
M,2001,Uriah,9,TX,1298,0.005,3004,0.003
M,2001,Umar,5,TX,1844,0.003,4347,0.002
M,2002,Uriel,98,TX,305,0.056,611,0.03
M,2002,Ulises,64,TX,400,0.037,837,0.019
M,2002,Ulysses,35,TX,574,0.02,1281,0.011
M,2002,Uziel,13,TX,1038,0.007,2455,0.004
M,2002,Ulices,12,TX,1098,0.007,2581,0.004
M,2002,Ubaldo,11,TX,1156,0.006,2730,0.003
M,2002,Ulisses,11,TX,1156,0.006,2730,0.003
M,2002,Ulyses,5,TX,1870,0.003,4439,0.002
M,2002,Uriah,5,TX,1870,0.003,2730,0.003
M,2003,Uriel,104,TX,298,0.059,599,0.031
M,2003,Ulises,56,TX,448,0.032,951,0.017
M,2003,Ulysses,19,TX,832,0.011,1971,0.006
M,2003,Ubaldo,12,TX,1099,0.007,2606,0.004
M,2003,Uziel,12,TX,1099,0.007,2606,0.004
M,2003,Ulisses,10,TX,1238,0.006,2901,0.003
M,2003,Ulyses,8,TX,1440,0.005,3363,0.002
M,2003,Uvaldo,7,TX,1554,0.004,3635,0.002
M,2003,Uzziel,7,TX,1554,0.004,3635,0.002
M,2003,Ulices,6,TX,1690,0.003,4020,0.002
M,2003,Uriah,5,TX,1904,0.003,4529,0.001
M,2004,Uriel,96,TX,322,0.054,653,0.028
M,2004,Ulises,59,TX,434,0.033,926,0.017
M,2004,Ulysses,27,TX,673,0.015,1567,0.008
M,2004,Uziel,22,TX,768,0.012,1801,0.007
M,2004,Ubaldo,8,TX,1443,0.004,3417,0.002
M,2004,Uchenna,7,TX,1572,0.004,3714,0.002
M,2004,Ulyses,7,TX,1572,0.004,3714,0.002
M,2004,Ulices,6,TX,1762,0.003,4101,0.002
M,2004,Ulisses,6,TX,1762,0.003,4101,0.002
M,2004,Ugochukwu,5,TX,1982,0.003,4631,0.001
M,2004,Uriah,5,TX,1982,0.003,2988,0.003
M,2004,Usman,5,TX,1982,0.003,4631,0.001
M,2004,Uzziel,5,TX,1982,0.003,4631,0.001
M,2005,Uriel,109,TX,308,0.06,614,0.032
M,2005,Ulises,54,TX,452,0.03,988,0.016
M,2005,Ulysses,36,TX,576,0.02,1317,0.011
M,2005,Uriah,16,TX,976,0.009,2256,0.005
M,2005,Uziel,13,TX,1112,0.007,2580,0.004
M,2005,Ulices,8,TX,1510,0.004,3525,0.002
M,2005,Ulisses,7,TX,1664,0.004,3847,0.002
M,2005,Ubaldo,6,TX,1831,0.003,4223,0.002
M,2005,Umair,6,TX,1831,0.003,4223,0.002
M,2005,Umar,5,TX,2065,0.003,4756,0.001
M,2005,Uzziel,5,TX,2065,0.003,4756,0.001
M,2006,Uriel,131,TX,265,0.07,523,0.037
M,2006,Ulises,71,TX,406,0.038,854,0.02
M,2006,Ulysses,30,TX,691,0.016,1561,0.009
M,2006,Uziel,19,TX,903,0.01,2115,0.005
M,2006,Uriah,12,TX,1227,0.006,2061,0.006
M,2006,Ubaldo,11,TX,1291,0.006,3015,0.003
M,2006,Ulices,8,TX,1579,0.004,3689,0.002
M,2006,Umar,7,TX,1710,0.004,3998,0.002
M,2006,Ulisses,6,TX,1871,0.003,4388,0.002
M,2006,Uvaldo,5,TX,2106,0.003,4952,0.001
M,2007,Uriel,129,TX,276,0.068,545,0.036
M,2007,Ulises,63,TX,435,0.033,961,0.018
M,2007,Ulysses,27,TX,763,0.014,1742,0.008
M,2007,Uziel,25,TX,809,0.013,1846,0.007
M,2007,Uriah,17,TX,1011,0.009,2336,0.005
M,2007,Ubaldo,11,TX,1327,0.006,3100,0.003
M,2007,Ulices,8,TX,1643,0.004,3803,0.002
M,2007,Ulisses,8,TX,1643,0.004,3803,0.002
M,2007,Usiel,6,TX,1972,0.003,4546,0.002
M,2007,Umar,5,TX,2217,0.003,5131,0.001
M,2007,Uvaldo,5,TX,2217,0.003,5131,0.001
M,2007,Uzziah,5,TX,2217,0.003,5131,0.001
M,2008,Uriel,135,TX,260,0.071,524,0.038
M,2008,Ulises,69,TX,421,0.036,890,0.019
M,2008,Uriah,30,TX,710,0.016,1473,0.01
M,2008,Ulysses,23,TX,841,0.012,1948,0.006
M,2008,Uziel,23,TX,841,0.012,1948,0.006
M,2008,Urijah,18,TX,992,0.01,2300,0.005
M,2008,Ubaldo,10,TX,1437,0.005,3338,0.003
M,2008,Ulisses,10,TX,1437,0.005,3338,0.003
M,2008,Usman,7,TX,1817,0.004,4163,0.002
M,2008,Uzziel,7,TX,1817,0.004,4163,0.002
M,2008,Ulyses,5,TX,2255,0.003,5201,0.001
M,2009,Uriel,143,TX,255,0.077,492,0.041
M,2009,Ulises,65,TX,434,0.035,941,0.018
M,2009,Uriah,40,TX,620,0.021,1353,0.011
M,2009,Urijah,36,TX,671,0.019,1465,0.01
M,2009,Ulysses,31,TX,725,0.017,1616,0.009
M,2009,Uziel,15,TX,1124,0.008,2586,0.004
M,2009,Ulisses,14,TX,1180,0.008,2708,0.004
M,2009,Ubaldo,11,TX,1359,0.006,3135,0.003
M,2009,Ulyses,5,TX,2255,0.003,5244,0.001
M,2010,Uriel,131,TX,266,0.073,512,0.039
M,2010,Ulises,72,TX,390,0.04,837,0.021
M,2010,Uriah,46,TX,542,0.026,1178,0.014
M,2010,Urijah,45,TX,555,0.025,1203,0.013
M,2010,Ulysses,28,TX,764,0.016,1695,0.008
M,2010,Uziel,16,TX,1084,0.009,2456,0.005
M,2010,Ulisses,11,TX,1348,0.006,3099,0.003
M,2010,Uriyah,7,TX,1802,0.004,4137,0.002
M,2010,Ubaldo,6,TX,1987,0.003,4572,0.002
M,2011,Uriel,124,TX,273,0.071,538,0.037
M,2011,Ulises,62,TX,439,0.035,945,0.019
M,2011,Uriah,32,TX,696,0.018,1510,0.01
M,2011,Urijah,31,TX,706,0.018,1534,0.009
M,2011,Ulysses,27,TX,779,0.015,1717,0.008
M,2011,Uziel,12,TX,1271,0.007,2901,0.004
M,2011,Ubaldo,8,TX,1668,0.005,3776,0.002
M,2011,Ulices,6,TX,1974,0.003,4513,0.002
M,2011,Ulisses,5,TX,2224,0.003,5113,0.002
M,2011,Usman,5,TX,2224,0.003,5113,0.002
M,2011,Uzziah,5,TX,2224,0.003,5113,0.002
M,2012,Uriel,105,TX,319,0.059,649,0.031
M,2012,Ulises,54,TX,500,0.03,1077,0.016
M,2012,Urijah,49,TX,533,0.028,1140,0.015
M,2012,Uriah,35,TX,664,0.02,1447,0.01
M,2012,Ulysses,25,TX,828,0.014,1821,0.007
M,2012,Uziel,9,TX,1562,0.005,3566,0.003
M,2012,Ubaldo,7,TX,1834,0.004,4190,0.002
M,2012,Ulices,7,TX,1834,0.004,4190,0.002
M,2012,Ulyses,7,TX,1834,0.004,4190,0.002
M,2012,Ulisses,6,TX,2012,0.003,4638,0.002
M,2012,Umar,5,TX,2251,0.003,5195,0.001
M,2013,Uriel,137,TX,271,0.076,520,0.04
M,2013,Ulises,57,TX,490,0.032,1036,0.017
M,2013,Uriah,42,TX,602,0.023,1297,0.012
M,2013,Urijah,41,TX,608,0.023,1310,0.012
M,2013,Ulysses,19,TX,986,0.011,2202,0.006
M,2013,Uziel,13,TX,1221,0.007,2792,0.004
M,2013,Ulisses,8,TX,1683,0.004,3849,0.002
M,2013,Ubaldo,7,TX,1832,0.004,4177,0.002
M,2013,Umar,6,TX,2045,0.003,4644,0.002
M,2013,Uzziah,5,TX,2288,0.003,5208,0.001
M,2014,Uriel,130,TX,298,0.07,564,0.037
M,2014,Uriah,62,TX,489,0.033,1021,0.018
M,2014,Ulises,59,TX,508,0.032,1059,0.017
M,2014,Urijah,43,TX,619,0.023,1326,0.012
M,2014,Ulysses,24,TX,893,0.013,1949,0.007
M,2014,Uzziah,11,TX,1415,0.006,3211,0.003
M,2014,Ulisses,8,TX,1701,0.004,3885,0.002
M,2014,Umar,8,TX,1701,0.004,3885,0.002
M,2014,Usman,8,TX,1701,0.004,3885,0.002
M,2014,Uziel,5,TX,2327,0.003,5279,0.001
M,2014,Uzziel,5,TX,2327,0.003,5279,0.001
M,2015,Uriel,91,TX,386,0.048,764,0.025
M,2015,Uriah,57,TX,515,0.03,1082,0.016
M,2015,Ulises,46,TX,591,0.024,1261,0.013
M,2015,Urijah,26,TX,857,0.014,1889,0.007
M,2015,Ulysses,16,TX,1150,0.009,2546,0.004
M,2015,Uziel,15,TX,1197,0.008,2659,0.004
M,2015,Uzziah,11,TX,1445,0.006,3277,0.003
M,2015,Ulisses,10,TX,1533,0.005,3479,0.003
M,2015,Umar,9,TX,1647,0.005,3722,0.003
M,2015,Ubaldo,8,TX,1760,0.004,3978,0.002
M,2015,Usman,6,TX,2122,0.003,4751,0.002
M,2015,Ulices,5,TX,2391,0.003,5357,0.001
M,2015,Umair,5,TX,2391,0.003,5357,0.001
M,2015,Urias,5,TX,2391,0.003,5357,0.001
M,2016,Uriel,120,TX,314,0.065,599,0.034
M,2016,Uriah,61,TX,503,0.033,1050,0.017
M,2016,Ulises,48,TX,583,0.026,1238,0.014
M,2016,Urijah,33,TX,731,0.018,1595,0.009
M,2016,Ulysses,20,TX,1008,0.011,2209,0.006
M,2016,Uziel,10,TX,1532,0.005,3454,0.003
M,2016,Umar,9,TX,1630,0.005,3663,0.003
M,2016,Uzziah,9,TX,1630,0.005,3663,0.003
M,2016,Ubaldo,7,TX,1941,0.004,4312,0.002
M,2016,Ulisses,5,TX,2389,0.003,5369,0.001
M,2017,Uriel,115,TX,321,0.065,575,0.036
M,2017,Ulises,48,TX,561,0.027,1190,0.014
M,2017,Uriah,47,TX,568,0.027,1210,0.014
M,2017,Ulysses,29,TX,784,0.016,1698,0.009
M,2017,Urijah,21,TX,951,0.012,2109,0.006
M,2017,Ulices,14,TX,1218,0.008,2723,0.004
M,2017,Umar,10,TX,1523,0.006,3397,0.003
M,2017,Uzziah,6,TX,2078,0.003,4662,0.002
M,2017,Ubaldo,5,TX,2331,0.003,5210,0.001
M,2017,Uziel,5,TX,2331,0.003,5210,0.001
M,2018,Uriel,102,TX,341,0.058,672,0.031
M,2018,Ulises,67,TX,466,0.038,949,0.02
M,2018,Uriah,43,TX,610,0.025,1196,0.015
M,2018,Ulysses,23,TX,919,0.013,2005,0.007
M,2018,Ulices,17,TX,1115,0.01,2416,0.005
M,2018,Urijah,14,TX,1239,0.008,2719,0.004
M,2018,Umar,9,TX,1660,0.005,3641,0.003
M,2018,Ubaldo,8,TX,1784,0.005,3912,0.002
M,2018,Uriyah,8,TX,1784,0.005,3912,0.002
M,2018,Uziel,8,TX,1784,0.005,3912,0.002
M,2018,Usman,6,TX,2149,0.003,4715,0.002
M,2018,Uzziel,6,TX,2149,0.003,4715,0.002
M,2019,Uriel,133,TX,288,0.076,542,0.04
M,2019,Ulises,53,TX,553,0.03,1154,0.016
M,2019,Uriah,39,TX,654,0.022,1404,0.012
M,2019,Ulysses,35,TX,706,0.02,1515,0.011
M,2019,Urijah,11,TX,1476,0.006,3237,0.003
M,2019,Uziel,11,TX,1476,0.006,3237,0.003
M,2019,Ubaldo,9,TX,1682,0.005,3656,0.003
M,2019,Ulices,8,TX,1810,0.005,3952,0.002
M,2019,Usman,7,TX,1970,0.004,4310,0.002
M,2019,Uzziah,6,TX,2129,0.003,4688,0.002
M,2019,Umar,5,TX,2392,0.003,5246,0.002
M,2019,Uziah,5,TX,2392,0.003,5246,0.002
M,2020,Uriel,138,TX,273,0.082,502,0.043
M,2020,Ulises,60,TX,506,0.035,1035,0.019
M,2020,Uriah,47,TX,586,0.028,1220,0.015
M,2020,Ulysses,32,TX,760,0.019,1619,0.01
M,2020,Uziel,15,TX,1236,0.009,2640,0.005
M,2020,Ulices,9,TX,1655,0.005,3612,0.003
M,2020,Urijah,9,TX,1655,0.005,3612,0.003
M,2020,Uzziah,9,TX,1655,0.005,3612,0.003
M,2020,Umar,8,TX,1796,0.005,3889,0.002
M,2020,Usman,5,TX,2416,0.003,5215,0.002
M,2021,Uriel,119,TX,312,0.07,599,0.036
M,2021,Ulises,58,TX,521,0.034,1072,0.018
M,2021,Uriah,41,TX,672,0.024,1398,0.013
M,2021,Ulysses,29,TX,836,0.017,1775,0.009
M,2021,Uziel,26,TX,890,0.015,1901,0.008
M,2021,Ulices,17,TX,1154,0.01,2485,0.005
M,2021,Uzziah,12,TX,1433,0.007,3105,0.004
M,2021,Usman,10,TX,1587,0.006,3468,0.003
M,2021,Umar,9,TX,1703,0.005,3695,0.003
M,2021,Urijah,8,TX,1828,0.005,3963,0.002
M,2021,Ulisses,7,TX,2002,0.004,4339,0.002
M,2021,Urias,5,TX,2453,0.003,5350,0.002
M,2021,Uriyah,5,TX,2453,0.003,5350,0.002
M,2021,Uzziel,5,TX,2453,0.003,5350,0.002
M,2022,Uriel,130,TX,301,0.073,581,0.038
M,2022,Ulises,64,TX,505,0.036,1030,0.019
M,2022,Ulysses,39,TX,713,0.022,1510,0.011
M,2022,Uriah,38,TX,725,0.021,1536,0.011
M,2022,Uzziah,24,TX,970,0.013,2077,0.007
M,2022,Uziel,17,TX,1201,0.01,2601,0.005
M,2022,Ulices,15,TX,1307,0.008,2808,0.004
M,2022,Usman,12,TX,1489,0.007,3206,0.004
M,2022,Umar,10,TX,1669,0.006,3589,0.003
M,2022,Urijah,9,TX,1792,0.005,3831,0.003
M,2022,Ubaldo,6,TX,2318,0.003,4966,0.002
M,2022,Uri,6,TX,2318,0.003,4966,0.002
M,2023,Uriel,130,TX,294,0.073,581,0.038
M,2023,Ulises,55,TX,567,0.031,1171,0.016
M,2023,Uriah,42,TX,696,0.024,1436,0.012
M,2023,Ulysses,31,TX,842,0.017,1780,0.009
M,2023,Uziel,19,TX,1114,0.011,2422,0.006
M,2023,Urijah,12,TX,1480,0.007,3244,0.004
M,2023,Ulices,11,TX,1575,0.006,3435,0.003
M,2023,Umar,11,TX,1575,0.006,3435,0.003
M,2023,Uzziah,8,TX,1921,0.005,4180,0.002
M,2023,Uzair,7,TX,2113,0.004,4539,0.002
M,2023,Uriyah,6,TX,2332,0.003,4992,0.002
M,2023,Usman,6,TX,2332,0.003,4992,0.002
M,2023,Uzziel,5,TX,2627,0.003,5598,0.001
M,2024,Uriel,147,TX,265,0.082,517,0.043
M,2024,Ulises,70,TX,480,0.039,969,0.021
M,2024,Uriah,41,TX,700,0.023,1445,0.012
M,2024,Uziel,25,TX,955,0.014,2030,0.007
M,2024,Ulysses,21,TX,1055,0.012,2271,0.006
M,2024,Usman,12,TX,1510,0.007,3229,0.004
M,2024,Umar,11,TX,1592,0.006,3432,0.003
M,2024,Ulices,10,TX,1695,0.006,3657,0.003
M,2024,Uzziah,8,TX,1958,0.004,4197,0.002
M,2024,Urijah,6,TX,2314,0.003,4995,0.002
M,2024,Ubaldo,5,TX,2605,0.003,5607,0.001
M,2024,Unique,5,TX,2605,0.003,2947,0.004
M,2024,Uri,5,TX,2605,0.003,5607,0.001
F,1912,Una,8,TN,251,0.06,411,0.036
F,1913,Una,5,TN,348,0.034,584,0.02
F,1914,Una,5,TN,380,0.03,662,0.017
F,1915,Una,8,TN,335,0.037,580,0.021
F,1916,Una,7,TN,366,0.03,651,0.017
F,1917,Una,10,TN,317,0.041,553,0.023
F,1918,Una,10,TN,317,0.039,551,0.021
F,1919,Una,10,TN,319,0.039,559,0.021
F,1920,Una,7,TN,408,0.025,710,0.014
F,1921,Una,13,TN,297,0.046,522,0.024
F,1922,Una,8,TN,384,0.028,683,0.015
F,1923,Una,11,TN,315,0.039,557,0.021
F,1924,Una,10,TN,338,0.033,591,0.018
F,1925,Una,12,TN,291,0.041,513,0.022
F,1926,Una,9,TN,339,0.033,589,0.018
F,1927,Una,5,TN,473,0.018,843,0.009
F,1928,Una,6,TN,419,0.022,737,0.012
F,1929,Una,7,TN,370,0.027,663,0.014
F,1930,Una,5,TN,455,0.019,811,0.01
F,1931,Una,5,TN,440,0.019,794,0.01
F,1932,Una,8,TN,350,0.029,620,0.015
F,1933,Una,11,TN,303,0.043,521,0.022
F,1934,Una,12,TN,283,0.045,500,0.023
F,1935,Una,5,TN,432,0.018,778,0.009
F,1936,Una,7,TN,370,0.027,653,0.013
F,1937,Una,9,TN,319,0.034,564,0.017
F,1938,Una,9,TN,325,0.033,583,0.017
F,1939,Una,6,TN,398,0.022,708,0.011
F,1940,Una,7,TN,382,0.025,676,0.012
F,1941,Una,5,TN,440,0.017,811,0.008
F,1942,Una,6,TN,425,0.019,763,0.009
F,1946,Unknown,12,TN,320,0.033,579,0.016
F,1947,Unknown,11,TN,350,0.027,507,0.021
F,1948,Unknown,25,TN,217,0.066,320,0.046
F,1949,Unknown,49,TN,139,0.13,167,0.112
F,1950,Unknown,51,TN,134,0.139,171,0.119
F,1951,Unknown,82,TN,93,0.216,125,0.166
F,1952,Unknown,76,TN,94,0.205,130,0.162
F,1953,Unknown,75,TN,95,0.198,129,0.166
F,1954,Unknown,76,TN,102,0.196,115,0.197
F,1955,Unknown,52,TN,134,0.135,152,0.14
F,1956,Unknown,58,TN,128,0.151,167,0.127
F,1957,Unknown,37,TN,177,0.098,201,0.094
F,1958,Unknown,16,TN,289,0.044,377,0.039
F,1959,Unknown,8,TN,452,0.022,437,0.033
F,1960,Unknown,5,TN,594,0.014,568,0.02
F,1961,Unknown,9,TN,429,0.025,521,0.024
F,1965,Ursula,5,TN,557,0.016,955,0.007
F,1967,Ursula,14,TN,296,0.047,544,0.022
F,1968,Ursula,7,TN,455,0.024,789,0.011
F,1969,Ursula,10,TN,374,0.033,661,0.016
F,1971,Ursula,8,TN,463,0.026,813,0.012
F,1972,Ursula,19,TN,256,0.067,473,0.031
F,1973,Ursula,10,TN,386,0.036,676,0.017
F,1974,Ursula,6,TN,527,0.022,907,0.01
F,1975,Unborn,19,TN,256,0.072,380,0.046
F,1976,Unborn,13,TN,321,0.05,572,0.023
F,1976,Ursula,6,TN,506,0.023,880,0.011
F,1978,Ursula,6,TN,547,0.022,945,0.01
F,1980,Ursula,5,TN,601,0.018,1027,0.008
F,1993,Unique,6,TN,604,0.021,1077,0.009
F,1996,Unique,7,TN,575,0.024,1036,0.011
F,2007,Unique,6,TN,879,0.018,1558,0.008
F,2009,Unique,5,TN,1020,0.016,1799,0.007
F,2015,Unique,5,TN,1061,0.016,1882,0.007
F,2017,Unknown,14,TN,511,0.046,514,0.046
F,2018,Unknown,15,TN,499,0.048,463,0.053
F,2020,Unique,6,TN,970,0.02,1720,0.009
M,1913,Ulysses,5,TN,257,0.047,584,0.02
M,1914,Ulysses,5,TN,305,0.037,662,0.017
M,1916,Ulysses,6,TN,346,0.032,726,0.014
M,1917,Ulysses,5,TN,402,0.025,831,0.011
M,1918,Ulysses,11,TN,239,0.05,520,0.023
M,1919,Ulysses,5,TN,400,0.023,825,0.01
M,1922,Ulysses,8,TN,320,0.033,683,0.015
M,1923,Ulysses,8,TN,318,0.033,670,0.015
M,1924,Ulysses,5,TN,432,0.02,880,0.009
M,1925,Ulysses,5,TN,402,0.021,846,0.009
M,1926,Ulysses,9,TN,270,0.038,589,0.018
M,1928,Ulysses,6,TN,351,0.025,737,0.012
M,1929,Ulysses,8,TN,296,0.033,617,0.016
M,1930,Ulysses,5,TN,402,0.02,811,0.01
M,1940,Ulysses,5,TN,394,0.018,808,0.009
M,1942,Ulysses,6,TN,374,0.019,763,0.009
M,1943,Ulysses,5,TN,427,0.015,856,0.008
M,1947,Unknown,6,TN,410,0.014,507,0.021
M,1948,Unknown,11,TN,284,0.028,320,0.046
M,1948,Ulysses,7,TN,366,0.018,767,0.009
M,1949,Unknown,37,TN,154,0.095,167,0.112
M,1949,Ulysses,5,TN,430,0.013,895,0.007
M,1950,Unknown,39,TN,147,0.099,171,0.119
M,1950,Ulysses,5,TN,425,0.013,896,0.007
M,1951,Unknown,47,TN,133,0.118,125,0.166
M,1952,Unknown,48,TN,128,0.122,130,0.162
M,1953,Unknown,54,TN,119,0.136,129,0.166
M,1953,Ulysses,5,TN,437,0.013,921,0.006
M,1954,Unknown,82,TN,96,0.197,115,0.197
M,1955,Unknown,59,TN,111,0.144,152,0.14
M,1956,Unknown,43,TN,141,0.105,167,0.127
M,1957,Unknown,37,TN,162,0.09,201,0.094
M,1957,Ulysses,5,TN,462,0.012,988,0.006
M,1958,Unknown,14,TN,282,0.035,377,0.039
M,1958,Ulysses,6,TN,419,0.015,903,0.008
M,1959,Unknown,17,TN,261,0.043,437,0.033
M,1960,Unknown,10,TN,343,0.025,568,0.02
M,1961,Unknown,9,TN,345,0.023,521,0.024
M,1961,Ulysses,6,TN,402,0.015,918,0.008
M,1962,Unknown,6,TN,422,0.015,906,0.008
M,1962,Ulysses,5,TN,452,0.013,990,0.007
M,1967,Unknown,5,TN,418,0.015,928,0.008
M,1968,Ulysses,5,TN,435,0.015,942,0.008
M,1969,Unknown,5,TN,432,0.015,962,0.008
M,1975,Unborn,7,TN,381,0.023,380,0.046
M,1975,Ulysses,5,TN,456,0.017,1009,0.009
M,2000,Ulysses,6,TN,612,0.016,1285,0.009
M,2002,Uriel,5,TN,693,0.014,1483,0.008
M,2004,Uriel,8,TN,559,0.022,1171,0.012
M,2005,Ulises,5,TN,771,0.014,1660,0.007
M,2006,Uriel,8,TN,607,0.021,1279,0.012
M,2007,Uriel,5,TN,831,0.013,1766,0.007
M,2008,Uriah,8,TN,633,0.021,1307,0.011
M,2008,Uriel,8,TN,633,0.021,1307,0.011
M,2009,Urijah,9,TN,587,0.025,1212,0.013
M,2009,Uriah,6,TN,752,0.017,1588,0.009
M,2009,Uriel,6,TN,752,0.017,1588,0.009
M,2010,Urijah,13,TN,455,0.037,920,0.02
M,2010,Ulises,8,TN,612,0.023,1255,0.012
M,2010,Uriah,8,TN,612,0.023,1255,0.012
M,2010,Uriel,7,TN,679,0.02,1396,0.011
M,2011,Urijah,7,TN,685,0.02,1401,0.011
M,2011,Uriah,6,TN,754,0.017,1569,0.009
M,2011,Uriel,5,TN,864,0.014,1782,0.008
M,2012,Urijah,9,TN,604,0.025,1227,0.014
M,2012,Uriel,8,TN,651,0.022,1334,0.012
M,2013,Uriel,15,TN,410,0.042,840,0.023
M,2013,Uriah,11,TN,515,0.031,1043,0.017
M,2013,Ulises,7,TN,688,0.02,1436,0.011
M,2013,Urijah,5,TN,856,0.014,1817,0.008
M,2014,Urijah,11,TN,540,0.03,1089,0.016
M,2014,Uriah,8,TN,684,0.022,1388,0.012
M,2015,Uriah,10,TN,590,0.027,1178,0.015
M,2015,Urijah,6,TN,825,0.016,1670,0.009
M,2015,Ulises,5,TN,915,0.014,1882,0.007
M,2016,Uriah,13,TN,497,0.036,1006,0.019
M,2016,Uriel,6,TN,823,0.017,1702,0.009
M,2016,Urijah,5,TN,926,0.014,1919,0.007
M,2017,Unknown,17,TN,411,0.047,514,0.046
M,2017,Uriel,13,TN,489,0.036,1002,0.019
M,2017,Uriah,12,TN,511,0.033,1051,0.018
M,2017,Urijah,9,TN,631,0.025,1275,0.013
M,2018,Unknown,20,TN,367,0.056,463,0.053
M,2018,Uriah,10,TN,596,0.028,1220,0.015
M,2018,Uriel,6,TN,859,0.017,1754,0.009
M,2019,Uriel,10,TN,596,0.028,1219,0.015
M,2019,Unknown,9,TN,640,0.026,1306,0.014
M,2019,Uriah,9,TN,640,0.026,1306,0.014
M,2020,Uriah,12,TN,525,0.035,1079,0.019
M,2020,Uriel,10,TN,598,0.029,1225,0.016
M,2021,Uriel,10,TN,629,0.028,1278,0.015
M,2021,Uriah,8,TN,738,0.022,1489,0.012
M,2021,Uzziah,6,TN,897,0.017,1797,0.009
M,2022,Uriah,13,TN,538,0.036,1083,0.019
M,2022,Uriel,7,TN,826,0.02,1652,0.01
M,2023,Uriah,14,TN,510,0.039,1019,0.021
M,2023,Uriel,8,TN,760,0.022,1521,0.012
M,2023,Ulises,6,TN,923,0.017,1844,0.009
M,2024,Uriah,12,TN,581,0.033,1167,0.018
M,2024,Uriel,8,TN,769,0.022,1542,0.012
F,1918,Ursula,5,NJ,358,0.016,655,0.008
F,1921,Ursula,6,NJ,325,0.019,599,0.01
F,1922,Ursula,9,NJ,265,0.029,484,0.015
F,1924,Ursula,8,NJ,293,0.025,528,0.013
F,1925,Ursula,8,NJ,298,0.026,526,0.013
F,1926,Ursula,6,NJ,340,0.02,611,0.01
F,1927,Ursula,6,NJ,349,0.019,617,0.01
F,1929,Ursula,7,NJ,319,0.024,562,0.012
F,1930,Ursula,5,NJ,373,0.017,656,0.009
F,1931,Ursula,7,NJ,296,0.025,522,0.013
F,1932,Ursula,6,NJ,312,0.023,549,0.011
F,1933,Ursula,6,NJ,297,0.025,530,0.012
F,1934,Ursula,8,NJ,264,0.034,472,0.017
F,1936,Ursula,7,NJ,283,0.03,503,0.015
F,1937,Ursula,7,NJ,299,0.029,509,0.014
F,1938,Ursula,5,NJ,361,0.02,614,0.01
F,1939,Ursula,7,NJ,301,0.028,526,0.014
F,1940,Ursula,7,NJ,304,0.027,532,0.013
F,1943,Ursula,10,NJ,307,0.028,517,0.014
F,1944,Ursula,7,NJ,341,0.021,584,0.01
F,1948,Ursula,5,NJ,484,0.012,804,0.006
F,1951,Ursula,7,NJ,426,0.015,715,0.007
F,1955,Ursula,7,NJ,491,0.013,822,0.006
F,1957,Ursula,8,NJ,515,0.014,865,0.007
F,1958,Ursula,8,NJ,510,0.014,864,0.007
F,1959,Ursula,7,NJ,555,0.012,939,0.006
F,1960,Ursula,5,NJ,688,0.009,1138,0.004
F,1961,Ursula,13,NJ,425,0.022,721,0.011
F,1962,Ursula,12,NJ,456,0.021,774,0.01
F,1963,Ursula,8,NJ,565,0.014,940,0.007
F,1964,Ursula,14,NJ,421,0.025,717,0.012
F,1965,Ursula,17,NJ,371,0.032,638,0.015
F,1966,Ursula,14,NJ,420,0.027,710,0.013
F,1967,Ursula,20,NJ,344,0.04,582,0.019
F,1968,Ursula,8,NJ,581,0.017,957,0.008
F,1969,Ursula,20,NJ,361,0.04,613,0.019
F,1970,Ursula,9,NJ,575,0.018,968,0.009
F,1971,Ursula,8,NJ,580,0.017,1010,0.008
F,1972,Ursula,8,NJ,577,0.02,978,0.009
F,1973,Ursula,8,NJ,592,0.021,993,0.01
F,1974,Ursula,8,NJ,570,0.021,990,0.01
F,1975,Ursula,17,NJ,356,0.047,620,0.022
F,1977,Ursula,7,NJ,625,0.019,1068,0.009
F,1978,Ursula,7,NJ,644,0.019,1091,0.009
F,1979,Ursula,8,NJ,587,0.022,1006,0.01
F,1980,Ursula,7,NJ,643,0.019,1082,0.009
F,1982,Ursula,5,NJ,813,0.013,1348,0.006
F,1985,Unique,9,NJ,550,0.022,946,0.01
F,1986,Ursula,5,NJ,835,0.012,1387,0.006
F,1993,Unique,5,NJ,946,0.011,1648,0.005
F,1995,Unique,8,NJ,686,0.019,1223,0.009
F,1996,Unique,9,NJ,640,0.021,1152,0.01
F,1997,Unique,5,NJ,993,0.012,1064,0.011
F,1998,Unique,5,NJ,1016,0.012,1796,0.006
F,2000,Uma,8,NJ,717,0.019,1325,0.009
F,2000,Unique,5,NJ,1054,0.012,1836,0.006
F,2001,Unique,8,NJ,765,0.019,1378,0.009
F,2002,Unique,8,NJ,760,0.019,1365,0.009
F,2003,Uma,5,NJ,1148,0.012,2010,0.006
F,2004,Uma,6,NJ,980,0.014,1751,0.007
F,2006,Uma,8,NJ,809,0.02,1496,0.009
F,2009,Unique,6,NJ,1028,0.016,1855,0.007
F,2010,Unique,11,NJ,643,0.03,1195,0.014
F,2012,Uma,5,NJ,1170,0.014,2074,0.006
F,2013,Uma,5,NJ,1150,0.014,2078,0.006
F,2013,Unique,5,NJ,1150,0.014,2078,0.006
F,2019,Uma,5,NJ,1148,0.014,2087,0.007
M,1935,Ulysses,5,NJ,275,0.02,596,0.01
M,1947,Ulysses,5,NJ,343,0.01,820,0.005
M,1957,Ulysses,6,NJ,422,0.01,981,0.005
M,1963,Ulysses,5,NJ,505,0.008,1179,0.004
M,1966,Ulysses,6,NJ,458,0.011,1074,0.006
M,1967,Ulysses,5,NJ,504,0.009,1183,0.005
M,1969,Ulysses,9,NJ,398,0.017,942,0.009
M,1970,Ulysses,6,NJ,510,0.011,1204,0.006
M,1974,Ulysses,6,NJ,518,0.014,1170,0.007
M,1976,Ulysses,6,NJ,506,0.015,1156,0.008
M,1978,Ulysses,10,NJ,376,0.024,866,0.013
M,1979,Uriel,8,NJ,441,0.019,1006,0.01
M,1983,Ulysses,5,NJ,574,0.011,1304,0.006
M,1986,Ulysses,5,NJ,602,0.011,1387,0.006
M,1989,Uriah,7,NJ,583,0.013,1302,0.007
M,1989,Ulises,5,NJ,725,0.009,1614,0.005
M,1991,Ulysses,8,NJ,546,0.015,1222,0.008
M,1992,Uriel,8,NJ,556,0.015,1214,0.008
M,1992,Ulises,7,NJ,610,0.013,1326,0.007
M,1994,Unique,5,NJ,805,0.01,1714,0.005
M,1995,Uriel,5,NJ,761,0.01,1678,0.005
M,1996,Uriel,8,NJ,576,0.016,1246,0.009
M,1997,Unique,5,NJ,814,0.01,1064,0.011
M,1997,Uri,5,NJ,814,0.01,1761,0.006
M,1998,Umar,7,NJ,646,0.014,1391,0.008
M,1998,Usman,7,NJ,646,0.014,1391,0.008
M,1998,Ulises,6,NJ,735,0.012,1579,0.007
M,1998,Uriel,6,NJ,735,0.012,1579,0.007
M,1999,Umar,6,NJ,731,0.013,1585,0.007
M,1999,Ulises,5,NJ,807,0.011,1768,0.006
M,1999,Uriel,5,NJ,807,0.011,1768,0.006
M,2000,Uriel,13,NJ,441,0.027,938,0.014
M,2000,Umar,5,NJ,827,0.01,1836,0.006
M,2001,Ulises,10,NJ,541,0.021,1161,0.011
M,2001,Uriel,9,NJ,577,0.019,1255,0.01
M,2002,Uriel,10,NJ,536,0.021,1172,0.011
M,2002,Umar,7,NJ,702,0.015,1501,0.008
M,2002,Uzair,6,NJ,786,0.013,1680,0.007
M,2002,Ulises,5,NJ,878,0.01,1884,0.006
M,2003,Uriel,10,NJ,554,0.021,1207,0.011
M,2003,Umair,5,NJ,908,0.01,2010,0.006
M,2004,Uriel,6,NJ,809,0.013,1751,0.007
M,2004,Ulises,5,NJ,937,0.011,2002,0.006
M,2004,Ulysses,5,NJ,937,0.011,2002,0.006
M,2004,Unique,5,NJ,937,0.011,2002,0.006
M,2005,Uriel,9,NJ,613,0.019,1334,0.01
M,2005,Uri,8,NJ,659,0.017,1438,0.009
M,2005,Ulises,6,NJ,835,0.013,1782,0.007
M,2005,Uziel,5,NJ,943,0.011,2015,0.006
M,2006,Uriel,21,NJ,336,0.045,711,0.024
M,2006,Umar,10,NJ,595,0.021,1250,0.011
M,2007,Uriel,15,NJ,439,0.032,949,0.017
M,2007,Ulises,6,NJ,848,0.013,1849,0.007
M,2007,Umar,6,NJ,848,0.013,1849,0.007
M,2008,Uriel,21,NJ,348,0.046,733,0.025
M,2008,Uri,6,NJ,869,0.013,1856,0.007
M,2008,Usman,5,NJ,995,0.011,2120,0.006
M,2009,Uriel,17,NJ,408,0.038,868,0.02
M,2009,Uri,8,NJ,710,0.018,1515,0.01
M,2009,Ulises,6,NJ,862,0.013,1855,0.007
M,2010,Uri,11,NJ,559,0.026,1195,0.014
M,2010,Uriel,9,NJ,642,0.021,1398,0.011
M,2010,Ulises,8,NJ,703,0.019,1511,0.01
M,2010,Umar,5,NJ,944,0.012,2062,0.006
M,2010,Urijah,5,NJ,944,0.012,2062,0.006
M,2010,Uzair,5,NJ,944,0.012,2062,0.006
M,2011,Uriel,11,NJ,564,0.026,1198,0.014
M,2011,Umar,6,NJ,844,0.014,1820,0.008
M,2011,Urijah,6,NJ,844,0.014,1820,0.008
M,2011,Uri,5,NJ,960,0.012,2069,0.006
M,2012,Uriel,18,NJ,380,0.043,817,0.023
M,2012,Uriah,7,NJ,776,0.017,1649,0.009
M,2013,Uriel,13,NJ,473,0.031,1013,0.017
M,2013,Umar,9,NJ,634,0.022,1356,0.012
M,2013,Uri,9,NJ,634,0.022,1356,0.012
M,2013,Ulysses,5,NJ,975,0.012,2078,0.006
M,2014,Uriel,14,NJ,480,0.033,1015,0.018
M,2014,Ulysses,6,NJ,856,0.014,1850,0.008
M,2014,Umar,6,NJ,856,0.014,1850,0.008
M,2014,Ulises,5,NJ,983,0.012,2096,0.006
M,2015,Uriel,17,NJ,416,0.041,869,0.022
M,2015,Uriah,7,NJ,777,0.017,1686,0.009
M,2015,Usman,5,NJ,960,0.012,2095,0.006
M,2016,Uriel,14,NJ,478,0.034,1000,0.018
M,2016,Umar,8,NJ,719,0.019,1526,0.01
M,2016,Uri,7,NJ,782,0.017,1689,0.009
M,2016,Ulises,5,NJ,986,0.012,2096,0.006
M,2017,Uriel,12,NJ,535,0.029,1116,0.016
M,2017,Umar,10,NJ,609,0.024,1280,0.013
M,2017,Uri,8,NJ,714,0.02,1505,0.01
M,2018,Uriel,26,NJ,313,0.065,640,0.034
M,2018,Uri,6,NJ,852,0.015,1830,0.008
M,2019,Uriel,10,NJ,618,0.025,1316,0.013
M,2019,Umar,9,NJ,662,0.023,1415,0.012
M,2020,Uriel,10,NJ,621,0.025,1303,0.013
M,2020,Umar,5,NJ,983,0.013,2080,0.007
M,2020,Uriah,5,NJ,983,0.013,2080,0.007
M,2021,Uriel,10,NJ,632,0.025,1345,0.013
M,2021,Umar,6,NJ,916,0.015,1908,0.008
M,2021,Uri,5,NJ,1032,0.012,2167,0.006
M,2021,Uziel,5,NJ,1032,0.012,2167,0.006
M,2022,Uriel,18,NJ,425,0.044,876,0.023
M,2022,Umar,8,NJ,741,0.02,1574,0.01
M,2022,Uriah,6,NJ,905,0.015,1906,0.008
M,2022,Usman,5,NJ,1034,0.012,2179,0.006
M,2023,Uriel,14,NJ,519,0.035,1070,0.018
M,2023,Uri,8,NJ,754,0.02,1593,0.011
M,2023,Umar,6,NJ,915,0.015,1898,0.008
M,2023,Uriah,6,NJ,915,0.015,1898,0.008
M,2024,Uriel,15,NJ,500,0.038,1023,0.02
M,2024,Umar,9,NJ,703,0.023,1473,0.012
M,2024,Uriah,6,NJ,888,0.015,1899,0.008
M,2024,Uziel,5,NJ,1015,0.013,2167,0.007
M,2006,Uriah,7,MT,180,0.161,315,0.095
M,2009,Urijah,5,MT,235,0.125,429,0.072
M,2011,Urijah,7,MT,176,0.184,321,0.106
M,2018,Uriah,5,MT,229,0.139,408,0.079
M,2019,Uriah,6,MT,189,0.18,331,0.102
M,2020,Uriah,6,MT,195,0.182,348,0.104
F,1912,Ursula,5,MN,248,0.055,442,0.031
F,1913,Ursula,6,MN,248,0.056,456,0.03
F,1916,Ursula,6,MN,378,0.028,680,0.015
F,1919,Ursula,7,MN,311,0.033,592,0.017
F,1921,Ursula,5,MN,399,0.021,731,0.011
F,1924,Ursula,5,MN,373,0.022,699,0.011
F,1925,Ursula,9,MN,266,0.041,512,0.021
F,1971,Ursula,6,MN,444,0.022,755,0.011
F,1989,Unknown,20,MN,216,0.071,249,0.07
F,1991,Ursula,5,MN,589,0.018,987,0.009
F,1996,Unique,5,MN,615,0.02,1064,0.009
M,1914,Urban,5,MN,272,0.042,569,0.02
M,1916,Urban,5,MN,346,0.027,752,0.012
M,1917,Urban,9,MN,245,0.048,526,0.022
M,1918,Urban,7,MN,296,0.034,626,0.016
M,1918,Uno,5,MN,360,0.025,744,0.012
M,1919,Urban,12,MN,206,0.063,438,0.03
M,1919,Uno,5,MN,345,0.026,709,0.012
M,1920,Urban,7,MN,291,0.033,617,0.016
M,1921,Urban,7,MN,291,0.032,616,0.015
M,1922,Urban,5,MN,338,0.022,701,0.011
M,1923,Urban,5,MN,347,0.023,718,0.011
M,1924,Urban,10,MN,240,0.045,505,0.022
M,1925,Urban,9,MN,247,0.042,512,0.021
M,1927,Urban,10,MN,223,0.047,464,0.024
M,1976,Uriah,5,MN,355,0.019,792,0.01
M,1978,Uriah,5,MN,354,0.017,835,0.009
M,1982,Uriah,5,MN,375,0.015,886,0.008
M,1989,Unknown,22,MN,172,0.07,249,0.07
M,1999,Ulises,5,MN,539,0.017,1178,0.009
M,2002,Uriel,6,MN,531,0.02,1107,0.011
M,2003,Uriel,6,MN,549,0.02,1173,0.011
M,2004,Ulises,6,MN,573,0.02,1207,0.011
M,2005,Uriel,10,MN,418,0.033,878,0.018
M,2006,Uriel,7,MN,566,0.023,1168,0.012
M,2006,Ulises,5,MN,692,0.016,1480,0.009
M,2007,Uriel,10,MN,445,0.033,926,0.017
M,2008,Uriel,9,MN,490,0.03,1014,0.016
M,2008,Urijah,6,MN,632,0.02,1341,0.011
M,2009,Urijah,9,MN,489,0.031,1018,0.017
M,2009,Uriah,7,MN,571,0.024,1193,0.013
M,2009,Uriel,7,MN,571,0.024,1193,0.013
M,2010,Ulises,8,MN,514,0.029,1092,0.015
M,2010,Uriel,8,MN,514,0.029,1092,0.015
M,2010,Urijah,5,MN,717,0.018,1513,0.01
M,2011,Uriel,6,MN,619,0.021,1320,0.012
M,2012,Uriah,12,MN,388,0.043,819,0.023
M,2012,Urijah,9,MN,480,0.032,1013,0.017
M,2012,Ulysses,5,MN,745,0.018,1541,0.01
M,2013,Uriah,7,MN,600,0.025,1238,0.013
M,2014,Uriel,9,MN,486,0.032,1040,0.017
M,2014,Uriah,8,MN,531,0.029,1130,0.015
M,2015,Uriah,10,MN,504,0.035,994,0.019
M,2015,Umar,6,MN,717,0.021,1431,0.011
M,2015,Ulysses,5,MN,783,0.018,1601,0.009
M,2016,Uriel,7,MN,647,0.025,1313,0.013
M,2017,Uriel,6,MN,699,0.022,1414,0.012
M,2018,Uriah,11,MN,480,0.041,948,0.022
M,2018,Uriel,6,MN,695,0.023,1421,0.012
M,2019,Uriah,9,MN,531,0.034,1069,0.018
M,2019,Ulysses,5,MN,799,0.019,1615,0.01
M,2020,Uriah,6,MN,698,0.024,1414,0.013
M,2020,Uriel,6,MN,698,0.024,1414,0.013
M,2020,Ulysses,5,MN,787,0.02,1586,0.011
M,2022,Uriah,6,MN,736,0.024,1440,0.013
M,2023,Uriah,7,MN,653,0.029,1288,0.016
M,2023,Uriel,7,MN,653,0.029,1288,0.016
M,2024,Uriel,9,MN,545,0.037,1077,0.02
M,2024,Uriah,5,MN,811,0.021,1623,0.011
F,1912,Una,6,VA,271,0.042,475,0.025
F,1914,Una,6,VA,308,0.033,564,0.019
F,1917,Una,10,VA,277,0.04,505,0.022
F,1918,Una,12,VA,265,0.044,482,0.024
F,1919,Una,5,VA,424,0.018,782,0.01
F,1920,Una,5,VA,437,0.017,832,0.009
F,1923,Una,5,VA,422,0.018,806,0.01
F,1924,Una,5,VA,430,0.017,814,0.009
F,1931,Una,7,VA,336,0.031,619,0.016
F,1948,Unknown,8,VA,387,0.022,718,0.011
F,1949,Unknown,12,VA,312,0.034,580,0.017
F,1950,Unknown,13,VA,306,0.037,421,0.032
F,1951,Unknown,15,VA,302,0.04,420,0.033
F,1952,Unknown,8,VA,421,0.021,450,0.029
F,1953,Unknown,6,VA,487,0.015,557,0.018
F,1954,Unknown,13,VA,334,0.032,501,0.024
F,1955,Unknown,8,VA,440,0.02,593,0.018
F,1955,Ursula,8,VA,440,0.02,801,0.009
F,1956,Unknown,11,VA,378,0.027,504,0.024
F,1957,Unknown,8,VA,471,0.019,568,0.02
F,1958,Unknown,6,VA,543,0.015,967,0.007
F,1960,Unknown,8,VA,460,0.02,825,0.01
F,1961,Ursula,5,VA,597,0.012,1044,0.006
F,1962,Ursula,7,VA,490,0.017,886,0.008
F,1965,Ursula,6,VA,537,0.016,943,0.008
F,1966,Ursula,10,VA,401,0.029,703,0.014
F,1967,Ursula,10,VA,401,0.03,702,0.014
F,1968,Ursula,11,VA,369,0.033,664,0.016
F,1969,Ursula,5,VA,594,0.015,1022,0.007
F,1970,Ursula,6,VA,543,0.017,945,0.008
F,1971,Ursula,7,VA,502,0.021,877,0.01
F,1973,Ursula,10,VA,372,0.036,676,0.017
F,1974,Ursula,6,VA,511,0.022,894,0.01
F,1975,Ursula,5,VA,574,0.018,1004,0.009
F,1979,Ursula,7,VA,512,0.024,899,0.011
F,1989,Unique,7,VA,623,0.019,1079,0.009
F,1992,Uniqua,13,VA,406,0.036,768,0.017
F,1992,Unique,8,VA,583,0.022,1054,0.01
F,1993,Uniqua,6,VA,709,0.017,1267,0.008
F,1995,Unique,8,VA,556,0.023,1053,0.011
F,1996,Unique,7,VA,640,0.021,1166,0.01
F,1997,Unique,11,VA,462,0.033,873,0.015
F,1999,Unique,7,VA,706,0.02,1270,0.009
F,2000,Unique,5,VA,960,0.014,969,0.014
F,2001,Unique,9,VA,615,0.026,1134,0.012
F,2002,Unique,12,VA,513,0.034,935,0.016
F,2003,Unique,5,VA,1017,0.014,1773,0.006
F,2004,Unique,6,VA,946,0.016,1651,0.008
F,2004,Uma,5,VA,1052,0.014,1848,0.006
F,2005,Unique,6,VA,956,0.016,1689,0.007
F,2006,Unique,7,VA,882,0.018,1559,0.009
F,2008,Unique,8,VA,842,0.021,1499,0.01
F,2009,Unique,6,VA,994,0.016,1767,0.008
F,2010,Unique,5,VA,1137,0.014,2022,0.006
F,2012,Unique,8,VA,812,0.022,1460,0.01
F,2020,Urvi,5,VA,1161,0.015,2085,0.007
F,2022,Unique,5,VA,1214,0.014,2187,0.007
M,1912,Ulysses,5,VA,239,0.051,521,0.021
M,1916,Ulysses,12,VA,210,0.065,449,0.028
M,1917,Ulysses,8,VA,263,0.041,569,0.018
M,1918,Ulysses,8,VA,295,0.036,609,0.016
M,1919,Ulysses,6,VA,335,0.028,711,0.012
M,1920,Ulysses,10,VA,260,0.042,561,0.019
M,1921,Ulysses,5,VA,402,0.02,821,0.009
M,1923,Ulysses,8,VA,307,0.033,638,0.015
M,1924,Ulysses,8,VA,298,0.033,621,0.015
M,1925,Ulysses,6,VA,350,0.026,729,0.012
M,1926,Ulysses,9,VA,267,0.041,560,0.019
M,1927,Ulysses,6,VA,342,0.026,706,0.012
M,1928,Ulysses,14,VA,201,0.062,431,0.029
M,1929,Ulysses,9,VA,266,0.041,542,0.02
M,1931,Ulysses,6,VA,321,0.028,664,0.014
M,1932,Ulysses,9,VA,268,0.04,557,0.019
M,1933,Ulysses,6,VA,333,0.028,675,0.014
M,1935,Ulysses,7,VA,304,0.032,625,0.016
M,1936,Ulysses,6,VA,347,0.027,675,0.013
M,1937,Ulysses,6,VA,327,0.027,666,0.013
M,1938,Ulysses,10,VA,260,0.043,538,0.021
M,1939,Ulysses,8,VA,293,0.035,602,0.017
M,1940,Ulysses,8,VA,299,0.033,598,0.016
M,1941,Ulysses,6,VA,360,0.023,723,0.012
M,1943,Ulysses,8,VA,315,0.026,650,0.013
M,1944,Ulysses,6,VA,360,0.02,730,0.01
M,1946,Ulysses,6,VA,380,0.018,777,0.009
M,1947,Ulysses,10,VA,316,0.026,656,0.013
M,1948,Ulysses,7,VA,372,0.019,767,0.01
M,1949,Ulysses,9,VA,320,0.024,677,0.012
M,1950,Unknown,10,VA,318,0.027,421,0.032
M,1950,Ulysses,7,VA,381,0.019,779,0.01
M,1951,Unknown,10,VA,318,0.025,420,0.033
M,1951,Ulysses,5,VA,464,0.013,958,0.007
M,1952,Unknown,15,VA,264,0.037,450,0.029
M,1952,Ulysses,7,VA,378,0.017,810,0.009
M,1953,Unknown,9,VA,339,0.021,557,0.018
M,1953,Ulysses,7,VA,383,0.017,823,0.009
M,1954,Unknown,7,VA,397,0.016,501,0.024
M,1954,Ulysses,6,VA,435,0.014,917,0.007
M,1955,Unknown,7,VA,398,0.016,593,0.018
M,1956,Unknown,10,VA,341,0.023,504,0.024
M,1956,Ulysses,7,VA,402,0.016,859,0.008
M,1957,Ulysses,10,VA,365,0.023,759,0.012
M,1957,Unknown,9,VA,385,0.02,568,0.02
M,1958,Ulysses,5,VA,493,0.012,1048,0.006
M,1961,Ulysses,6,VA,431,0.014,955,0.007
M,1962,Ulysses,6,VA,450,0.014,970,0.007
M,1964,Ulysses,6,VA,463,0.014,998,0.007
M,1965,Ulysses,6,VA,435,0.015,943,0.008
M,1966,Ulysses,5,VA,452,0.014,1004,0.007
M,1989,Uriah,5,VA,615,0.012,1321,0.006
M,1998,Umar,5,VA,743,0.013,1535,0.007
M,2000,Ulises,7,VA,638,0.017,1318,0.009
M,2000,Unique,6,VA,688,0.015,969,0.014
M,2002,Ulises,5,VA,780,0.012,1695,0.007
M,2004,Umar,7,VA,704,0.016,1486,0.009
M,2004,Uriel,5,VA,871,0.012,1848,0.006
M,2005,Ulises,5,VA,881,0.012,1897,0.006
M,2006,Uriel,7,VA,737,0.016,1559,0.009
M,2006,Ulises,6,VA,815,0.014,1744,0.007
M,2006,Uriah,5,VA,912,0.011,1975,0.006
M,2007,Ulises,6,VA,836,0.014,1790,0.007
M,2007,Uriel,6,VA,836,0.014,1790,0.007
M,2007,Umar,5,VA,950,0.011,2055,0.006
M,2008,Uriah,10,VA,599,0.023,1269,0.012
M,2008,Urijah,5,VA,940,0.012,2041,0.006
M,2009,Uriah,10,VA,591,0.024,1257,0.013
M,2009,Urijah,9,VA,631,0.021,1338,0.011
M,2009,Ulises,7,VA,746,0.017,1589,0.009
M,2009,Uriel,7,VA,746,0.017,1589,0.009
M,2010,Uriah,19,VA,371,0.046,765,0.025
M,2010,Urijah,5,VA,958,0.012,2022,0.006
M,2011,Uriah,12,VA,514,0.029,1086,0.016
M,2011,Umar,6,VA,827,0.015,1758,0.008
M,2011,Uriel,6,VA,827,0.015,1758,0.008
M,2012,Uriah,7,VA,762,0.017,1608,0.009
M,2012,Urijah,6,VA,846,0.014,1799,0.008
M,2012,Umar,5,VA,974,0.012,2053,0.006
M,2012,Uriel,5,VA,974,0.012,2053,0.006
M,2013,Uriah,11,VA,563,0.026,1171,0.014
M,2014,Uriah,21,VA,372,0.05,762,0.026
M,2014,Umar,6,VA,861,0.014,1814,0.008
M,2014,Uriel,6,VA,861,0.014,1814,0.008
M,2015,Uriah,11,VA,582,0.026,1215,0.014
M,2015,Umar,8,VA,734,0.019,1521,0.01
M,2015,Uriel,6,VA,885,0.014,1871,0.008
M,2015,Ulysses,5,VA,990,0.012,2121,0.006
M,2016,Uriah,20,VA,394,0.048,797,0.025
M,2016,Uriel,13,VA,513,0.031,1065,0.017
M,2017,Uriel,9,VA,657,0.022,1379,0.012
M,2017,Uriah,8,VA,711,0.02,1504,0.01
M,2018,Uriah,12,VA,553,0.029,1144,0.016
M,2018,Umar,8,VA,726,0.02,1521,0.01
M,2018,Ulysses,6,VA,885,0.015,1846,0.008
M,2018,Uriel,5,VA,1008,0.012,2084,0.007
M,2019,Uriel,10,VA,643,0.025,1334,0.013
M,2019,Uriah,7,VA,804,0.018,1682,0.009
M,2019,Usman,5,VA,995,0.013,2082,0.007
M,2020,Uriah,8,VA,736,0.021,1505,0.011
M,2021,Uriah,12,VA,574,0.031,1192,0.016
M,2021,Usman,9,VA,710,0.023,1460,0.012
M,2021,Uriel,6,VA,923,0.015,1888,0.008
M,2021,Uziel,5,VA,1048,0.013,2118,0.007
M,2022,Uriah,11,VA,622,0.029,1289,0.015
M,2022,Uriel,8,VA,771,0.021,1572,0.011
M,2022,Usman,6,VA,954,0.016,1932,0.008
M,2022,Umar,5,VA,1081,0.013,2187,0.007
M,2023,Uriah,12,VA,581,0.032,1179,0.017
M,2023,Usman,8,VA,776,0.022,1564,0.011
M,2023,Ulises,6,VA,947,0.016,1900,0.009
M,2023,Uriel,6,VA,947,0.016,1900,0.009
M,2024,Usman,11,VA,615,0.029,1255,0.015
M,2024,Uriah,10,VA,645,0.027,1342,0.014
M,2024,Umar,9,VA,693,0.024,1441,0.013
M,2024,Uriel,9,VA,693,0.024,1441,0.013
F,1917,Una,5,MS,418,0.028,753,0.015
F,1918,Una,5,MS,436,0.026,789,0.013
F,1921,Una,5,MS,466,0.023,822,0.012
F,1922,Una,5,MS,467,0.022,828,0.012
F,1929,Una,5,MS,452,0.023,791,0.012
F,1930,Una,7,MS,386,0.032,692,0.017
F,1944,Unknown,7,MS,388,0.029,678,0.015
F,1945,Unknown,5,MS,449,0.021,513,0.026
F,1946,Unknown,22,MS,224,0.083,389,0.041
F,1947,Unknown,16,MS,277,0.055,298,0.065
F,1948,Unknown,16,MS,278,0.056,326,0.056
F,1949,Unknown,13,MS,312,0.045,400,0.043
F,1950,Unknown,8,MS,404,0.028,474,0.03
F,1951,Unknown,11,MS,332,0.038,414,0.038
F,1952,Unknown,10,MS,351,0.035,474,0.03
F,1953,Unknown,16,MS,271,0.057,402,0.041
F,1954,Unknown,20,MS,248,0.071,373,0.049
F,1955,Unknown,31,MS,178,0.113,214,0.103
F,1956,Unknown,55,MS,111,0.205,141,0.161
F,1957,Unknown,31,MS,176,0.119,184,0.122
F,1958,Unknown,17,MS,262,0.067,332,0.059
F,1959,Unknown,6,MS,483,0.023,553,0.026
F,1960,Unknown,8,MS,414,0.032,453,0.038
F,1961,Unknown,8,MS,419,0.032,505,0.033
F,1967,Ursula,6,MS,438,0.032,770,0.015
F,1968,Ursula,8,MS,355,0.044,647,0.021
F,1970,Ursula,9,MS,355,0.048,642,0.022
F,1971,Ursula,7,MS,418,0.038,738,0.018
F,1972,Ursula,12,MS,277,0.069,525,0.032
F,1973,Ursula,8,MS,351,0.049,645,0.023
F,1974,Ursula,10,MS,316,0.062,588,0.029
F,1975,Ursula,5,MS,501,0.032,882,0.015
F,1979,Ursula,5,MS,492,0.032,881,0.014
F,1992,Uniqua,7,MS,346,0.054,694,0.024
F,2011,Unnamed,6,MS,475,0.054,900,0.024
M,1912,Ulysses,7,MS,199,0.079,459,0.033
M,1913,Ulysses,6,MS,247,0.059,525,0.027
M,1916,Ulysses,10,MS,247,0.062,509,0.029
M,1917,Ulysses,6,MS,331,0.037,670,0.018
M,1919,Ulysses,10,MS,258,0.051,558,0.024
M,1920,Ulysses,11,MS,240,0.057,509,0.027
M,1921,Ulysses,9,MS,277,0.048,586,0.022
M,1922,Ulysses,17,MS,178,0.088,400,0.041
M,1923,Ulysses,5,MS,398,0.027,831,0.012
M,1924,Ulysses,6,MS,346,0.032,736,0.015
M,1925,Ulysses,6,MS,339,0.031,733,0.014
M,1926,Ulysses,6,MS,354,0.03,760,0.014
M,1927,Ulysses,5,MS,425,0.024,852,0.011
M,1929,Ulysses,9,MS,267,0.048,563,0.022
M,1930,Ulysses,8,MS,306,0.039,632,0.019
M,1931,Ulysses,9,MS,259,0.05,556,0.024
M,1932,Ulysses,9,MS,274,0.045,586,0.022
M,1933,Ulysses,8,MS,291,0.043,603,0.02
M,1934,Ulysses,7,MS,310,0.036,650,0.017
M,1935,Ulysses,10,MS,255,0.049,544,0.024
M,1936,Ulysses,9,MS,261,0.045,558,0.022
M,1938,Ulysses,9,MS,274,0.042,593,0.02
M,1939,Ulysses,5,MS,371,0.024,770,0.012
M,1940,Ulysses,9,MS,271,0.041,570,0.02
M,1941,Ulysses,6,MS,336,0.027,710,0.013
M,1942,Ulysses,6,MS,355,0.025,742,0.012
M,1944,Ulysses,6,MS,352,0.025,728,0.013
M,1945,Ulysses,8,MS,293,0.035,611,0.017
M,1945,Unknown,7,MS,310,0.031,513,0.026
M,1946,Ulysses,6,MS,361,0.022,763,0.011
M,1947,Unknown,22,MS,190,0.075,298,0.065
M,1947,Ulysses,6,MS,383,0.021,804,0.01
M,1948,Unknown,16,MS,221,0.056,326,0.056
M,1948,Ulysses,11,MS,283,0.039,582,0.019
M,1949,Unknown,12,MS,266,0.041,400,0.043
M,1949,Ulysses,7,MS,366,0.024,758,0.012
M,1950,Ulysses,9,MS,309,0.031,660,0.016
M,1950,Unknown,9,MS,309,0.031,474,0.03
M,1951,Unknown,11,MS,284,0.038,414,0.038
M,1951,Ulysses,7,MS,362,0.024,752,0.012
M,1952,Ulysses,13,MS,264,0.045,555,0.023
M,1952,Unknown,7,MS,362,0.024,474,0.03
M,1953,Ulysses,7,MS,361,0.024,767,0.012
M,1953,Unknown,7,MS,361,0.024,402,0.041
M,1954,Unknown,8,MS,333,0.027,373,0.049
M,1954,Ulysses,6,MS,397,0.02,823,0.01
M,1955,Unknown,27,MS,167,0.093,214,0.103
M,1955,Ulysses,11,MS,287,0.038,597,0.019
M,1956,Unknown,34,MS,146,0.119,141,0.161
M,1956,Ulysses,10,MS,302,0.035,630,0.018
M,1957,Unknown,35,MS,152,0.124,184,0.122
M,1957,Ulysses,9,MS,318,0.032,666,0.017
M,1958,Unknown,14,MS,261,0.052,332,0.059
M,1958,Ulysses,9,MS,313,0.033,667,0.017
M,1959,Unknown,8,MS,345,0.029,553,0.026
M,1959,Ulysses,6,MS,402,0.022,851,0.011
M,1960,Unknown,12,MS,284,0.045,453,0.038
M,1960,Ulysses,7,MS,357,0.026,772,0.013
M,1961,Unknown,9,MS,328,0.033,505,0.033
M,1961,Ulysses,5,MS,428,0.019,935,0.01
M,1962,Unknown,7,MS,370,0.026,800,0.014
M,1963,Undra,5,MS,420,0.019,902,0.01
M,1963,Unknown,5,MS,420,0.019,902,0.01
M,1964,Undra,5,MS,420,0.02,902,0.01
M,1965,Ulysses,8,MS,332,0.036,689,0.018
M,1965,Undra,5,MS,408,0.022,861,0.012
M,1966,Undra,8,MS,315,0.037,672,0.02
M,1967,Undra,8,MS,312,0.039,660,0.02
M,1967,Ulysses,5,MS,393,0.024,839,0.013
M,1968,Undra,9,MS,293,0.045,600,0.024
M,1972,Undra,6,MS,373,0.03,781,0.016
M,1976,Undray,5,MS,393,0.028,848,0.015
M,1977,Undra,8,MS,322,0.042,678,0.023
M,2005,Unnamed,5,MS,515,0.034,999,0.019
M,2015,Urijah,5,MS,529,0.036,1049,0.02
M,2017,Uriah,5,MS,538,0.038,1050,0.021
M,2023,Uriah,6,MS,466,0.052,889,0.029
F,1966,Ursula,7,DC,286,0.064,496,0.03
F,1967,Ursula,5,DC,334,0.047,593,0.022
F,1969,Ursula,6,DC,320,0.059,570,0.027
F,1970,Ursula,6,DC,310,0.06,565,0.027
F,1995,Unique,5,DC,234,0.124,472,0.052
F,2004,Unique,6,DC,188,0.171,384,0.074
M,1947,Ulysses,6,DC,208,0.048,440,0.025
M,1949,Ulysses,5,DC,232,0.041,512,0.021
M,1951,Ulysses,5,DC,247,0.036,539,0.019
M,1989,Un,7,DC,407,0.053,420,0.048
M,2007,Ulises,5,DC,247,0.11,462,0.064
F,1910,Una,11,LA,185,0.113,279,0.076
F,1912,Una,13,LA,192,0.109,325,0.065
F,1913,Una,12,LA,203,0.099,359,0.057
F,1913,Ursula,8,LA,273,0.066,471,0.038
F,1913,Udell,5,LA,377,0.041,651,0.024
F,1914,Una,12,LA,228,0.084,407,0.048
F,1915,Una,19,LA,189,0.113,338,0.062
F,1915,Ursula,6,LA,381,0.036,690,0.019
F,1916,Una,8,LA,321,0.045,591,0.025
F,1916,Ursula,6,LA,398,0.034,724,0.018
F,1917,Una,15,LA,235,0.08,424,0.044
F,1917,Unknown,5,LA,446,0.027,801,0.015
F,1917,Ursula,5,LA,446,0.027,801,0.015
F,1918,Una,25,LA,184,0.121,320,0.066
F,1919,Una,24,LA,195,0.11,348,0.061
F,1919,Ursula,7,LA,405,0.032,724,0.018
F,1919,Ula,5,LA,482,0.023,884,0.013
F,1920,Una,22,LA,213,0.097,372,0.053
F,1920,Ursula,10,LA,329,0.044,595,0.024
F,1921,Una,22,LA,226,0.094,381,0.052
F,1921,Ursula,5,LA,500,0.021,909,0.012
F,1922,Una,18,LA,239,0.076,430,0.041
F,1922,Ursula,7,LA,409,0.03,749,0.016
F,1922,Ura,6,LA,445,0.025,810,0.014
F,1923,Una,14,LA,274,0.061,496,0.033
F,1923,Ursula,12,LA,305,0.052,547,0.029
F,1924,Una,21,LA,235,0.086,409,0.048
F,1924,Ursula,10,LA,349,0.041,625,0.023
F,1924,Ula,6,LA,465,0.025,820,0.014
F,1925,Una,21,LA,228,0.088,401,0.049
F,1926,Una,20,LA,239,0.084,428,0.046
F,1927,Una,16,LA,263,0.067,475,0.036
F,1927,Ursula,9,LA,363,0.038,643,0.02
F,1928,Una,12,LA,289,0.056,529,0.029
F,1928,Ursula,7,LA,391,0.032,698,0.017
F,1929,Una,14,LA,269,0.065,494,0.035
F,1929,Ursula,9,LA,330,0.042,606,0.022
F,1930,Una,12,LA,287,0.057,523,0.03
F,1930,Ursula,9,LA,334,0.043,604,0.022
F,1931,Una,13,LA,271,0.064,498,0.034
F,1931,Ursula,7,LA,370,0.035,665,0.018
F,1932,Una,12,LA,296,0.057,533,0.03
F,1932,Ursula,7,LA,382,0.033,699,0.017
F,1933,Una,13,LA,271,0.068,490,0.035
F,1933,Ursula,12,LA,281,0.063,513,0.033
F,1934,Una,10,LA,317,0.048,587,0.025
F,1934,Ursula,7,LA,384,0.034,700,0.018
F,1934,Ura,5,LA,473,0.024,858,0.013
F,1935,Una,11,LA,308,0.053,551,0.028
F,1935,Ursula,5,LA,466,0.024,831,0.013
F,1936,Ursula,11,LA,307,0.054,558,0.027
F,1936,Una,8,LA,351,0.039,636,0.02
F,1937,Ursula,12,LA,294,0.056,536,0.029
F,1938,Ursula,6,LA,428,0.027,784,0.014
F,1938,Una,5,LA,478,0.023,876,0.011
F,1939,Ursula,7,LA,408,0.031,736,0.016
F,1940,Una,9,LA,361,0.038,656,0.02
F,1940,Ursula,6,LA,431,0.026,789,0.013
F,1942,Unknown,6,LA,452,0.023,827,0.011
F,1943,Una,5,LA,517,0.018,943,0.009
F,1944,Ursula,9,LA,368,0.034,681,0.017
F,1945,Unknown,6,LA,446,0.023,822,0.012
F,1946,Unknown,7,LA,436,0.023,811,0.011
F,1947,Unknown,9,LA,416,0.027,768,0.013
F,1947,Ursula,6,LA,495,0.018,913,0.009
F,1948,Unknown,19,LA,278,0.059,380,0.047
F,1948,Ursula,7,LA,449,0.022,853,0.011
F,1949,Unknown,31,LA,212,0.092,277,0.073
F,1949,Ursula,8,LA,421,0.024,788,0.012
F,1950,Unknown,32,LA,202,0.094,252,0.085
F,1950,Ursula,8,LA,442,0.024,821,0.012
F,1951,Unknown,31,LA,208,0.087,263,0.083
F,1951,Ursula,6,LA,516,0.017,953,0.008
F,1952,Unknown,31,LA,213,0.087,247,0.088
F,1952,Ursula,7,LA,494,0.02,894,0.01
F,1953,Unknown,40,LA,186,0.108,209,0.111
F,1954,Unknown,34,LA,215,0.089,245,0.091
F,1954,Ursula,6,LA,573,0.016,1018,0.008
F,1955,Unknown,30,LA,230,0.08,273,0.079
F,1955,Ursula,10,LA,439,0.027,808,0.013
F,1956,Unknown,44,LA,183,0.112,240,0.096
F,1956,Ursula,8,LA,500,0.02,925,0.01
F,1957,Unknown,16,LA,363,0.04,328,0.061
F,1957,Ursula,10,LA,456,0.025,844,0.012
F,1957,Una,6,LA,607,0.015,1097,0.007
F,1958,Unknown,15,LA,375,0.038,373,0.05
F,1958,Ursula,6,LA,611,0.015,1078,0.007
F,1959,Ursula,10,LA,480,0.025,863,0.012
F,1959,Unknown,6,LA,630,0.015,674,0.019
F,1960,Ursula,7,LA,581,0.018,1040,0.009
F,1961,Ursula,15,LA,382,0.039,704,0.019
F,1962,Ursula,16,LA,372,0.042,675,0.02
F,1963,Ursula,16,LA,351,0.044,654,0.021
F,1964,Ursula,11,LA,458,0.03,821,0.014
F,1965,Ursula,16,LA,341,0.048,644,0.023
F,1966,Ursula,16,LA,335,0.05,620,0.024
F,1967,Ursula,18,LA,300,0.058,582,0.027
F,1968,Ursula,11,LA,414,0.036,765,0.017
F,1969,Ursula,29,LA,231,0.094,441,0.045
F,1970,Ursula,15,LA,348,0.049,642,0.023
F,1971,Ursula,23,LA,262,0.079,508,0.037
F,1972,Ursula,13,LA,361,0.049,677,0.023
F,1973,Ursula,14,LA,344,0.055,653,0.025
F,1974,Ursula,13,LA,362,0.052,695,0.024
F,1975,Ursula,5,LA,685,0.02,1213,0.009
F,1976,Ursula,9,LA,472,0.035,866,0.016
F,1977,Ursula,9,LA,504,0.032,933,0.015
F,1979,Ursula,13,LA,394,0.044,764,0.02
F,1980,Ursula,7,LA,620,0.023,1115,0.01
F,1982,Ursula,8,LA,548,0.025,1005,0.012
F,1983,Ursula,5,LA,751,0.016,1324,0.007
F,1984,Ursula,6,LA,662,0.02,1188,0.009
F,1985,Ursula,6,LA,680,0.02,1204,0.009
F,1988,Unique,5,LA,712,0.019,1279,0.009
F,1988,Ursula,5,LA,712,0.019,1279,0.009
F,1993,Unique,8,LA,485,0.035,958,0.015
F,1994,Unknown,5,LA,709,0.022,826,0.02
F,1995,Unique,6,LA,590,0.027,1132,0.012
F,1995,Unknown,6,LA,590,0.027,538,0.035
F,1996,Unique,6,LA,597,0.028,1153,0.012
F,2000,Unique,7,LA,563,0.032,1104,0.014
F,2001,Unique,7,LA,549,0.034,1096,0.015
F,2002,Unique,5,LA,724,0.024,1377,0.011
F,2003,Unique,5,LA,734,0.024,1420,0.011
F,2005,Unique,10,LA,412,0.051,841,0.023
F,2006,Unique,7,LA,589,0.035,1148,0.016
F,2008,Unique,7,LA,612,0.035,1205,0.015
F,2009,Unique,5,LA,836,0.024,1575,0.011
F,2010,Unique,8,LA,548,0.041,1082,0.018
F,2011,Unique,6,LA,700,0.031,1317,0.014
F,2013,Unique,9,LA,516,0.045,1015,0.02
F,2015,Unique,5,LA,884,0.023,1613,0.011
F,2015,Unnamed,5,LA,884,0.023,1613,0.011
F,2019,Unique,6,LA,732,0.032,1381,0.014
F,2024,Unique,6,LA,706,0.035,1321,0.016
M,1912,Ulysses,6,LA,226,0.074,533,0.03
M,1915,Ulysses,5,LA,370,0.036,782,0.016
M,1916,Ulysse,5,LA,397,0.034,812,0.015
M,1917,Ulysses,8,LA,276,0.053,611,0.024
M,1917,Ulysse,7,LA,315,0.046,681,0.021
M,1918,Ulysses,7,LA,329,0.041,703,0.018
M,1918,Ulysse,5,LA,412,0.029,874,0.013
M,1919,Ulysses,6,LA,376,0.034,798,0.015
M,1919,Ulysse,5,LA,429,0.028,884,0.013
M,1920,Ulysse,10,LA,277,0.054,595,0.024
M,1920,Ulysses,7,LA,336,0.037,724,0.017
M,1921,Ulysse,10,LA,284,0.053,613,0.024
M,1921,Ulysses,10,LA,284,0.053,613,0.024
M,1922,Ulysse,11,LA,271,0.056,596,0.025
M,1922,Ulysses,6,LA,388,0.03,810,0.014
M,1923,Ulysses,16,LA,207,0.084,458,0.038
M,1923,Ulysse,8,LA,318,0.042,675,0.019
M,1923,Ural,5,LA,417,0.026,881,0.012
M,1924,Ulysse,12,LA,245,0.062,551,0.027
M,1924,Ulysses,11,LA,265,0.057,584,0.025
M,1925,Ulysses,15,LA,222,0.078,486,0.035
M,1925,Ulysse,6,LA,375,0.031,808,0.014
M,1926,Ulysses,8,LA,322,0.04,686,0.018
M,1927,Ulysses,9,LA,300,0.044,643,0.02
M,1927,Ulysse,5,LA,432,0.025,886,0.011
M,1928,Ulysse,9,LA,289,0.047,615,0.022
M,1928,Ulysses,7,LA,334,0.036,698,0.017
M,1929,Ulysses,14,LA,231,0.074,494,0.035
M,1929,Ulysse,5,LA,417,0.026,854,0.012
M,1930,Ulysses,6,LA,352,0.032,743,0.015
M,1931,Ulysses,12,LA,247,0.065,521,0.031
M,1932,Ulysses,10,LA,277,0.052,580,0.025
M,1932,Ulysse,5,LA,409,0.026,837,0.012
M,1933,Ulysses,12,LA,239,0.068,513,0.033
M,1933,Ulysse,7,LA,338,0.04,691,0.019
M,1934,Ulysses,7,LA,340,0.037,700,0.018
M,1935,Ulysses,9,LA,296,0.047,615,0.023
M,1936,Ulysses,11,LA,266,0.056,558,0.027
M,1937,Ulysses,8,LA,316,0.04,656,0.019
M,1938,Ulysses,10,LA,271,0.047,585,0.023
M,1939,Ulysses,12,LA,256,0.055,549,0.027
M,1940,Ulysses,9,LA,318,0.04,656,0.02
M,1941,Ulysses,7,LA,369,0.029,754,0.014
M,1942,Ulysses,10,LA,322,0.038,652,0.019
M,1943,Ulysses,9,LA,340,0.033,695,0.016
M,1944,Ulysses,11,LA,298,0.041,621,0.02
M,1946,Ulysses,7,LA,401,0.023,811,0.011
M,1947,Ulysses,16,LA,275,0.047,581,0.024
M,1948,Ulysses,12,LA,323,0.035,660,0.018
M,1948,Unknown,12,LA,323,0.035,380,0.047
M,1949,Unknown,19,LA,243,0.055,277,0.073
M,1949,Ulysses,11,LA,324,0.032,677,0.016
M,1950,Unknown,27,LA,207,0.076,252,0.085
M,1950,Ulysses,11,LA,335,0.031,706,0.016
M,1951,Unknown,29,LA,207,0.078,263,0.083
M,1951,Ulysses,14,LA,309,0.038,639,0.019
M,1952,Unknown,33,LA,190,0.088,247,0.088
M,1952,Ulysses,13,LA,322,0.035,672,0.018
M,1953,Unknown,45,LA,160,0.114,209,0.111
M,1953,Ulysses,11,LA,344,0.028,730,0.014
M,1954,Unknown,37,LA,189,0.092,245,0.091
M,1954,Ulysses,13,LA,335,0.032,701,0.017
M,1955,Unknown,32,LA,201,0.079,273,0.079
M,1955,Ulysses,10,LA,382,0.025,808,0.013
M,1956,Unknown,34,LA,202,0.08,240,0.096
M,1956,Ulysses,13,LA,344,0.031,709,0.016
M,1957,Unknown,35,LA,201,0.081,328,0.061
M,1957,Ulysses,5,LA,570,0.012,1185,0.006
M,1958,Unknown,26,LA,251,0.061,373,0.05
M,1958,Ulysses,5,LA,557,0.012,1184,0.006
M,1959,Unknown,10,LA,405,0.023,674,0.019
M,1959,Ulysses,7,LA,493,0.016,1035,0.009
M,1960,Unknown,11,LA,391,0.026,832,0.014
M,1960,Ulysses,10,LA,411,0.024,874,0.012
M,1961,Unknown,9,LA,433,0.022,918,0.011
M,1961,Ulysses,5,LA,575,0.012,1220,0.006
M,1962,Ulysses,8,LA,467,0.02,1003,0.01
M,1963,Unknown,7,LA,487,0.018,1027,0.009
M,1965,Ulysses,8,LA,443,0.022,940,0.011
M,1969,Ulysses,6,LA,514,0.018,1080,0.009
M,1972,Undra,5,LA,560,0.016,1177,0.009
M,1974,Ulysses,8,LA,437,0.027,895,0.015
M,1976,Ulysses,5,LA,574,0.016,1246,0.009
M,1977,Ulysses,7,LA,511,0.021,1081,0.011
M,1980,Ulysses,8,LA,480,0.022,1020,0.012
M,1985,Ulysses,5,LA,629,0.014,1334,0.008
M,1989,Unknown,8,LA,479,0.025,971,0.014
M,1994,Unknown,5,LA,663,0.018,826,0.02
M,1995,Unknown,11,LA,405,0.04,538,0.035
M,2009,Uriah,6,LA,689,0.024,1354,0.013
M,2010,Uriah,6,LA,684,0.025,1326,0.014
M,2010,Urijah,6,LA,684,0.025,1326,0.014
M,2012,Unnamed,5,LA,788,0.021,1535,0.011
M,2013,Unnamed,5,LA,791,0.02,1546,0.011
M,2014,Uriah,5,LA,806,0.02,1568,0.011
M,2015,Uriah,5,LA,808,0.02,1613,0.011
M,2016,Uriah,7,LA,647,0.029,1270,0.015
M,2018,Uriah,7,LA,620,0.031,1226,0.017
M,2020,Uriah,8,LA,570,0.037,1103,0.02
M,2021,Uriah,5,LA,803,0.023,1559,0.012
M,2022,Uriah,6,LA,724,0.028,1386,0.015
M,2022,Uriel,5,LA,814,0.023,1573,0.013
M,2023,Uriah,6,LA,709,0.029,1356,0.016
F,1988,Unknown,14,NH,110,0.211,123,0.216
M,1988,Unknown,17,NH,81,0.221,123,0.216
F,1989,Unknown,50,OR,71,0.311,92,0.273
F,1990,Unknown,36,OR,105,0.215,105,0.227
F,1991,Unknown,38,OR,102,0.225,129,0.194
F,1992,Unknown,39,OR,101,0.24,114,0.216
F,1993,Unknown,26,OR,145,0.163,151,0.17
F,1994,Unknown,32,OR,122,0.2,132,0.193
F,1995,Unknown,32,OR,123,0.197,124,0.203
F,1996,Unknown,28,OR,135,0.168,168,0.149
F,2009,Unknown,14,OR,289,0.09,301,0.086
F,2010,Unknown,17,OR,223,0.113,227,0.114
F,2011,Unknown,31,OR,119,0.209,149,0.154
F,2012,Unknown,20,OR,188,0.135,167,0.14
F,2013,Unknown,18,OR,218,0.12,174,0.145
F,2014,Unknown,34,OR,108,0.22,114,0.192
F,2015,Unknown,24,OR,154,0.158,157,0.159
F,2016,Unknown,19,OR,208,0.125,211,0.119
F,2017,Unknown,15,OR,250,0.103,210,0.122
F,2018,Unknown,31,OR,106,0.222,123,0.193
F,2019,Unknown,25,OR,141,0.18,135,0.181
F,2020,Unknown,16,OR,222,0.122,164,0.151
F,2020,Uma,5,OR,607,0.038,1145,0.018
F,2021,Unknown,22,OR,169,0.16,135,0.179
F,2022,Unknown,30,OR,108,0.234,83,0.228
F,2023,Unknown,19,OR,176,0.154,109,0.192
F,2023,Uma,5,OR,609,0.041,1160,0.018
F,2024,Unknown,17,OR,213,0.13,222,0.118
M,1977,Uriah,5,OR,340,0.029,769,0.016
M,1979,Uriah,7,OR,287,0.036,666,0.019
M,1980,Uriah,10,OR,229,0.05,511,0.027
M,1989,Unknown,47,OR,88,0.242,92,0.273
M,1990,Unknown,48,OR,93,0.237,105,0.227
M,1991,Unknown,33,OR,115,0.168,129,0.194
M,1991,Uriel,5,OR,408,0.025,898,0.014
M,1992,Unknown,38,OR,108,0.195,114,0.216
M,1993,Unknown,34,OR,123,0.177,151,0.17
M,1993,Uriel,8,OR,332,0.042,676,0.023
M,1994,Unknown,36,OR,122,0.188,132,0.193
M,1994,Uriel,7,OR,350,0.037,751,0.02
M,1995,Unknown,40,OR,118,0.207,124,0.203
M,1995,Ulises,5,OR,448,0.026,956,0.014
M,1996,Unknown,26,OR,168,0.132,168,0.149
M,1996,Uriel,7,OR,387,0.036,797,0.019
M,1997,Ulises,5,OR,472,0.026,993,0.014
M,1998,Uriel,10,OR,330,0.05,677,0.027
M,1998,Ulises,6,OR,439,0.03,913,0.016
M,1999,Ulises,9,OR,347,0.045,726,0.025
M,1999,Uriel,5,OR,487,0.025,1055,0.014
M,2000,Uriel,10,OR,336,0.051,687,0.028
M,2000,Ulises,5,OR,492,0.025,1061,0.014
M,2001,Uriel,11,OR,308,0.057,629,0.031
M,2001,Ulises,6,OR,462,0.031,969,0.017
M,2001,Uriah,5,OR,497,0.026,1073,0.014
M,2002,Uriel,13,OR,289,0.067,573,0.037
M,2002,Ulises,5,OR,507,0.026,1089,0.014
M,2003,Uriel,10,OR,344,0.051,703,0.028
M,2003,Ulysses,9,OR,364,0.046,745,0.025
M,2003,Ulises,6,OR,474,0.031,986,0.017
M,2004,Ulises,11,OR,336,0.057,667,0.031
M,2004,Uriel,11,OR,336,0.057,667,0.031
M,2005,Uriel,16,OR,264,0.082,504,0.045
M,2005,Ulises,7,OR,450,0.036,910,0.02
M,2006,Ulises,14,OR,305,0.069,598,0.038
M,2006,Uriel,10,OR,372,0.049,759,0.027
M,2007,Uriel,14,OR,302,0.068,591,0.038
M,2007,Ulises,9,OR,408,0.044,821,0.024
M,2008,Ulises,13,OR,332,0.065,650,0.035
M,2008,Uriah,10,OR,382,0.05,770,0.027
M,2008,Uriel,8,OR,444,0.04,912,0.022
M,2009,Uriah,21,OR,236,0.109,416,0.06
M,2009,Unknown,16,OR,279,0.083,301,0.086
M,2009,Ulises,15,OR,294,0.078,565,0.043
M,2009,Urijah,15,OR,294,0.078,565,0.043
M,2009,Uriel,11,OR,357,0.057,718,0.031
M,2010,Unknown,21,OR,216,0.115,227,0.114
M,2010,Uriel,16,OR,272,0.087,509,0.048
M,2010,Uriah,12,OR,341,0.066,658,0.036
M,2010,Ulises,8,OR,438,0.044,885,0.024
M,2011,Unknown,20,OR,236,0.11,149,0.154
M,2011,Uriah,11,OR,346,0.061,680,0.033
M,2011,Uriel,10,OR,367,0.055,736,0.03
M,2011,Ulises,8,OR,422,0.044,861,0.024
M,2011,Uziel,6,OR,534,0.033,1069,0.018
M,2011,Urijah,5,OR,591,0.028,1218,0.015
M,2012,Unknown,26,OR,189,0.144,167,0.14
M,2012,Uriel,10,OR,376,0.055,733,0.03
M,2012,Urijah,9,OR,407,0.05,805,0.027
M,2012,Uriah,7,OR,477,0.039,956,0.021
M,2012,Ulises,6,OR,531,0.033,1070,0.018
M,2013,Unknown,30,OR,170,0.167,174,0.145
M,2013,Uriah,10,OR,380,0.056,746,0.03
M,2013,Urijah,8,OR,428,0.044,863,0.024
M,2013,Uriel,7,OR,459,0.039,942,0.021
M,2014,Unknown,31,OR,165,0.169,114,0.192
M,2014,Uriah,13,OR,314,0.071,596,0.038
M,2014,Ulises,8,OR,459,0.044,910,0.024
M,2014,Uriel,6,OR,546,0.033,1114,0.018
M,2015,Unknown,29,OR,166,0.16,157,0.159
M,2015,Uriah,7,OR,494,0.039,984,0.021
M,2015,Uriel,7,OR,494,0.039,984,0.021
M,2015,Urijah,5,OR,633,0.028,1254,0.015
M,2016,Unknown,21,OR,225,0.114,211,0.119
M,2016,Uriah,11,OR,372,0.06,708,0.033
M,2016,Uriel,8,OR,456,0.044,874,0.024
M,2016,Ulises,6,OR,554,0.033,1095,0.018
M,2016,Urijah,5,OR,628,0.027,1257,0.015
M,2017,Unknown,24,OR,188,0.138,210,0.122
M,2017,Uriah,12,OR,340,0.069,640,0.038
M,2017,Uriel,10,OR,393,0.058,733,0.031
M,2017,Ulysses,6,OR,544,0.035,1070,0.019
M,2018,Unknown,28,OR,160,0.169,123,0.193
M,2018,Uriah,10,OR,378,0.06,728,0.033
M,2018,Uriel,8,OR,448,0.048,857,0.026
M,2018,Ulises,6,OR,540,0.036,1049,0.02
M,2018,Urijah,5,OR,606,0.03,1189,0.016
M,2019,Unknown,30,OR,148,0.182,135,0.181
M,2019,Uriel,11,OR,356,0.067,690,0.036
M,2019,Uriah,7,OR,476,0.043,938,0.023
M,2019,Ulysses,6,OR,539,0.036,1054,0.02
M,2020,Unknown,27,OR,161,0.175,164,0.151
M,2020,Uriel,10,OR,365,0.065,705,0.035
M,2020,Uriah,7,OR,473,0.045,911,0.025
M,2021,Unknown,31,OR,141,0.195,135,0.179
M,2021,Uriah,15,OR,280,0.094,507,0.051
M,2021,Uriel,9,OR,413,0.057,783,0.03
M,2021,Ulises,5,OR,607,0.031,1207,0.017
M,2021,Uziel,5,OR,607,0.031,1207,0.017
M,2022,Unknown,34,OR,120,0.223,83,0.228
M,2022,Uriel,8,OR,428,0.052,820,0.028
M,2022,Uriah,5,OR,593,0.033,1178,0.018
M,2023,Unknown,33,OR,119,0.223,109,0.192
M,2023,Uriel,11,OR,335,0.074,638,0.041
M,2023,Uriah,5,OR,605,0.034,1160,0.018
M,2024,Unknown,16,OR,244,0.108,222,0.118
M,2024,Uriah,12,OR,317,0.081,609,0.043
M,2024,Uriel,6,OR,539,0.041,1063,0.022
F,1947,Unknown,5,FL,474,0.018,827,0.009
F,1948,Unknown,13,FL,285,0.049,421,0.034
F,1949,Unknown,8,FL,372,0.03,521,0.025
F,1950,Unknown,7,FL,427,0.025,556,0.022
F,1951,Unknown,11,FL,347,0.036,455,0.031
F,1952,Unknown,20,FL,255,0.061,283,0.067
F,1953,Unknown,31,FL,202,0.087,259,0.078
F,1954,Unknown,39,FL,185,0.104,233,0.089
F,1955,Unknown,26,FL,242,0.066,361,0.047
F,1956,Unknown,15,FL,358,0.035,392,0.041
F,1956,Ursula,5,FL,642,0.012,1114,0.006
F,1957,Unknown,30,FL,245,0.065,305,0.064
F,1958,Unknown,13,FL,423,0.027,441,0.035
F,1959,Unknown,8,FL,569,0.016,648,0.019
F,1963,Ursula,5,FL,787,0.01,1340,0.005
F,1965,Ursula,11,FL,474,0.025,855,0.012
F,1965,Unknown,5,FL,758,0.011,1306,0.005
F,1966,Ursula,14,FL,416,0.033,751,0.015
F,1967,Ursula,15,FL,391,0.036,719,0.017
F,1968,Ursula,19,FL,351,0.045,644,0.021
F,1969,Ursula,15,FL,425,0.034,774,0.016
F,1970,Ursula,11,FL,537,0.023,948,0.011
F,1971,Ursula,14,FL,461,0.029,838,0.014
F,1972,Ursula,15,FL,422,0.034,769,0.016
F,1973,Ursula,14,FL,455,0.033,808,0.015
F,1974,Ursula,14,FL,463,0.032,839,0.015
F,1975,Ursula,10,FL,568,0.024,1012,0.011
F,1976,Ursula,14,FL,435,0.034,806,0.016
F,1977,Ursula,13,FL,498,0.03,896,0.014
F,1978,Ursula,8,FL,700,0.018,1222,0.008
F,1979,Ursula,7,FL,797,0.015,1362,0.007
F,1980,Ursula,7,FL,841,0.014,1425,0.006
F,1981,Ursula,10,FL,653,0.018,1167,0.009
F,1982,Ursula,5,FL,1102,0.009,1814,0.004
F,1983,Ursula,10,FL,670,0.017,1179,0.008
F,1984,Ursula,5,FL,1151,0.008,1873,0.004
F,1985,Ursula,7,FL,949,0.011,1584,0.005
F,1986,Ursula,12,FL,662,0.018,1167,0.008
F,1987,Ursula,9,FL,824,0.013,1437,0.006
F,1988,Unknown,40,FL,281,0.055,275,0.062
F,1988,Ursula,13,FL,681,0.018,1216,0.008
F,1989,Unique,7,FL,1089,0.009,1866,0.004
F,1989,Ursula,5,FL,1365,0.006,2278,0.003
F,1991,Unique,5,FL,1426,0.007,2388,0.003
F,1993,Uniqua,6,FL,1240,0.008,2133,0.004
F,1994,Unique,9,FL,956,0.012,1689,0.006
F,1995,Unique,8,FL,1019,0.011,1794,0.005
F,1995,Unknown,7,FL,1126,0.01,1963,0.004
F,1996,Unique,13,FL,724,0.018,1348,0.008
F,1997,Unique,15,FL,674,0.02,1248,0.009
F,1998,Unique,18,FL,620,0.024,1156,0.011
F,1999,Unique,18,FL,602,0.024,1136,0.011
F,2000,Unique,14,FL,784,0.018,1424,0.008
F,2001,Unique,13,FL,882,0.017,1578,0.008
F,2002,Unique,19,FL,651,0.025,1194,0.011
F,2003,Unique,15,FL,816,0.019,1488,0.009
F,2004,Unique,18,FL,728,0.022,1353,0.01
F,2005,Unique,26,FL,580,0.03,1088,0.014
F,2006,Unique,22,FL,690,0.025,1284,0.011
F,2006,Uma,5,FL,2023,0.006,3508,0.003
F,2007,Unique,14,FL,1000,0.016,1793,0.007
F,2008,Unique,10,FL,1265,0.012,2263,0.005
F,2009,Unique,23,FL,656,0.028,1229,0.013
F,2010,Unique,14,FL,950,0.018,1745,0.008
F,2011,Unique,20,FL,730,0.025,1360,0.012
F,2012,Unique,15,FL,896,0.019,1667,0.009
F,2013,Unique,14,FL,957,0.017,1753,0.008
F,2013,Uma,5,FL,1994,0.006,3467,0.003
F,2014,Unique,8,FL,1427,0.01,2575,0.004
F,2015,Unique,13,FL,1052,0.015,1916,0.007
F,2015,Una,5,FL,2073,0.006,3612,0.003
F,2016,Unique,7,FL,1630,0.008,2880,0.004
F,2017,Unique,7,FL,1639,0.008,2890,0.004
F,2017,Ulyana,5,FL,2079,0.006,3613,0.003
F,2018,Unique,11,FL,1170,0.013,2159,0.006
F,2018,Unity,5,FL,2022,0.006,3580,0.003
F,2019,Unique,12,FL,1123,0.014,2060,0.007
F,2019,Unity,5,FL,2062,0.006,3658,0.003
F,2021,Unique,12,FL,1131,0.014,2097,0.007
F,2021,Ulani,5,FL,2079,0.006,3656,0.003
F,2022,Unique,11,FL,1252,0.013,2291,0.006
F,2022,Ulani,7,FL,1688,0.008,3016,0.004
F,2022,Unity,6,FL,1882,0.007,3326,0.003
F,2022,Uma,5,FL,2117,0.006,3745,0.003
F,2023,Unique,9,FL,1439,0.011,2608,0.005
F,2023,Unity,6,FL,1889,0.007,3341,0.003
F,2024,Unique,10,FL,1316,0.012,2432,0.006
M,1913,Ulysses,5,FL,169,0.105,377,0.049
M,1914,Ulysses,7,FL,170,0.11,368,0.051
M,1915,Ulysses,5,FL,233,0.067,490,0.032
M,1916,Ulysses,11,FL,128,0.146,294,0.068
M,1918,Ulysses,11,FL,149,0.125,328,0.059
M,1919,Ulysses,13,FL,137,0.145,310,0.068
M,1920,Ulysses,7,FL,210,0.072,460,0.035
M,1921,Ulysses,10,FL,167,0.099,378,0.047
M,1922,Ulysses,9,FL,181,0.086,405,0.041
M,1923,Ulysses,14,FL,135,0.137,312,0.063
M,1924,Ulysses,6,FL,245,0.051,551,0.024
M,1925,Ulysses,15,FL,148,0.114,344,0.053
M,1926,Ulysses,7,FL,260,0.046,576,0.022
M,1927,Ulysses,11,FL,194,0.075,437,0.036
M,1928,Ulysses,13,FL,167,0.099,375,0.049
M,1929,Ulysses,5,FL,278,0.043,583,0.021
M,1930,Ulysses,12,FL,167,0.101,368,0.05
M,1931,Ulysses,9,FL,198,0.08,433,0.039
M,1932,Ulysses,7,FL,230,0.058,490,0.029
M,1933,Ulysses,10,FL,185,0.091,404,0.045
M,1934,Ulysses,10,FL,177,0.085,396,0.043
M,1935,Ulysses,6,FL,253,0.048,541,0.024
M,1936,Ulysses,8,FL,224,0.064,490,0.032
M,1937,Ulysses,10,FL,189,0.078,421,0.039
M,1938,Ulysses,9,FL,218,0.065,472,0.033
M,1939,Ulysses,7,FL,244,0.049,524,0.025
M,1940,Ulysses,13,FL,191,0.084,402,0.043
M,1941,Ulysses,9,FL,248,0.054,504,0.027
M,1942,Ulysses,11,FL,221,0.059,480,0.03
M,1943,Ulysses,10,FL,247,0.046,528,0.023
M,1944,Ulysses,11,FL,244,0.047,511,0.024
M,1945,Ulysses,10,FL,255,0.043,545,0.022
M,1946,Ulysses,13,FL,232,0.051,497,0.026
M,1947,Ulysses,11,FL,270,0.038,566,0.02
M,1948,Ulysses,13,FL,254,0.046,529,0.024
M,1948,Unknown,6,FL,360,0.021,421,0.034
M,1949,Ulysses,19,FL,210,0.065,439,0.034
M,1949,Unknown,6,FL,380,0.021,521,0.025
M,1950,Ulysses,18,FL,233,0.059,481,0.031
M,1950,Unknown,6,FL,377,0.02,556,0.022
M,1951,Ulysses,15,FL,254,0.045,527,0.023
M,1951,Unknown,9,FL,317,0.027,455,0.031
M,1952,Unknown,26,FL,189,0.073,283,0.067
M,1952,Ulysses,18,FL,237,0.051,496,0.026
M,1953,Unknown,27,FL,191,0.071,259,0.078
M,1953,Ulysses,14,FL,276,0.037,586,0.019
M,1953,Ulysee,5,FL,454,0.013,988,0.007
M,1954,Unknown,31,FL,186,0.076,233,0.089
M,1954,Ulysses,15,FL,274,0.037,589,0.019
M,1955,Ulysses,16,FL,282,0.037,590,0.019
M,1955,Unknown,13,FL,310,0.03,361,0.047
M,1956,Unknown,22,FL,253,0.047,392,0.041
M,1956,Ulysses,18,FL,279,0.038,592,0.02
M,1957,Unknown,31,FL,220,0.062,305,0.064
M,1957,Ulysses,11,FL,374,0.022,798,0.011
M,1958,Ulysses,23,FL,265,0.044,566,0.023
M,1958,Unknown,22,FL,276,0.043,441,0.035
M,1959,Ulysses,23,FL,276,0.043,578,0.022
M,1959,Unknown,11,FL,390,0.02,648,0.019
M,1960,Ulysses,18,FL,318,0.033,674,0.017
M,1960,Unknown,7,FL,496,0.013,1080,0.007
M,1961,Ulysses,13,FL,378,0.024,802,0.012
M,1962,Ulysses,9,FL,452,0.017,981,0.009
M,1962,Unknown,7,FL,510,0.013,1119,0.007
M,1963,Ulysses,17,FL,339,0.032,713,0.017
M,1964,Ulysses,14,FL,371,0.027,798,0.014
M,1965,Ulysses,10,FL,422,0.02,900,0.011
M,1966,Ulysses,8,FL,471,0.017,1018,0.009
M,1967,Ulysses,16,FL,332,0.034,695,0.018
M,1968,Ulysses,10,FL,422,0.021,912,0.011
M,1969,Ulysses,7,FL,515,0.014,1139,0.007
M,1970,Ulysses,13,FL,407,0.024,869,0.013
M,1971,Ulysses,7,FL,551,0.013,1230,0.007
M,1972,Ulysses,9,FL,469,0.018,1057,0.009
M,1973,Ulysses,7,FL,564,0.014,1214,0.008
M,1974,Ulysses,10,FL,487,0.02,1029,0.011
M,1976,Ulysses,13,FL,399,0.028,839,0.015
M,1977,Ulysses,9,FL,503,0.018,1110,0.01
M,1978,Ulysses,16,FL,365,0.031,782,0.017
M,1979,Ulysses,10,FL,514,0.018,1098,0.01
M,1980,Ulysses,10,FL,527,0.017,1143,0.009
M,1981,Ulysses,17,FL,398,0.027,841,0.015
M,1981,Ulises,5,FL,788,0.008,1785,0.004
M,1981,Uriah,5,FL,788,0.008,1785,0.004
M,1982,Ulises,7,FL,662,0.011,1472,0.006
M,1982,Ulysses,7,FL,662,0.011,1472,0.006
M,1983,Ulysses,5,FL,830,0.007,1834,0.004
M,1983,Uriah,5,FL,830,0.007,1834,0.004
M,1984,Ulysses,13,FL,488,0.018,1033,0.01
M,1985,Ulysses,12,FL,526,0.016,1144,0.009
M,1985,Ulises,7,FL,707,0.009,1584,0.005
M,1986,Ulysses,15,FL,465,0.02,996,0.011
M,1987,Ulysses,8,FL,711,0.01,1545,0.005
M,1987,Uriah,6,FL,819,0.008,1830,0.004
M,1988,Unknown,57,FL,229,0.067,275,0.062
M,1988,Ulysses,8,FL,730,0.009,1618,0.005
M,1988,Uriel,8,FL,730,0.009,1618,0.005
M,1989,Ulysses,20,FL,460,0.022,961,0.012
M,1989,Uriah,11,FL,636,0.012,1416,0.007
M,1989,Ulyses,7,FL,835,0.008,1866,0.004
M,1989,Unknown,6,FL,909,0.007,2046,0.004
M,1989,Uriel,5,FL,1000,0.006,2278,0.003
M,1990,Ulises,10,FL,703,0.011,1534,0.006
M,1990,Ulysses,10,FL,703,0.011,1534,0.006
M,1991,Ulysses,11,FL,666,0.012,1468,0.007
M,1991,Uriel,8,FL,793,0.009,1775,0.005
M,1992,Uriel,11,FL,672,0.013,1455,0.007
M,1992,Ulysses,9,FL,748,0.01,1646,0.006
M,1992,Uriah,9,FL,748,0.01,1646,0.006
M,1992,Ulises,5,FL,1054,0.006,2394,0.003
M,1993,Uriel,14,FL,599,0.016,1272,0.009
M,1993,Ulysses,5,FL,1087,0.006,2416,0.003
M,1994,Ulysses,11,FL,700,0.013,1479,0.007
M,1994,Uriah,7,FL,914,0.008,1984,0.004
M,1994,Ulises,6,FL,989,0.007,2186,0.004
M,1995,Uriel,11,FL,700,0.013,1480,0.007
M,1995,Ulises,10,FL,734,0.012,1558,0.006
M,1996,Uriel,18,FL,536,0.021,1078,0.011
M,1996,Ulysses,9,FL,819,0.011,1743,0.006
M,1996,Ulises,5,FL,1154,0.006,2534,0.003
M,1996,Usama,5,FL,1154,0.006,2534,0.003
M,1997,Uriel,10,FL,778,0.012,1642,0.006
M,1997,Ulysses,7,FL,977,0.008,2082,0.004
M,1997,Ulises,6,FL,1057,0.007,2277,0.004
M,1997,Uriah,5,FL,1163,0.006,2555,0.003
M,1998,Uriel,12,FL,717,0.014,1512,0.007
M,1998,Ulises,11,FL,761,0.013,1606,0.007
M,1999,Ulysses,14,FL,656,0.016,1366,0.009
M,1999,Ulises,13,FL,698,0.015,1457,0.008
M,1999,Uriel,11,FL,775,0.013,1650,0.007
M,1999,Uriah,6,FL,1119,0.007,2443,0.004
M,2000,Uriel,17,FL,603,0.019,1255,0.01
M,2000,Ulysses,9,FL,894,0.01,1932,0.005
M,2000,Ulises,8,FL,954,0.009,2092,0.005
M,2000,Uriah,6,FL,1157,0.007,2534,0.004
M,2001,Uriel,20,FL,568,0.022,1152,0.012
M,2001,Ulysses,11,FL,801,0.012,1743,0.007
M,2001,Ulises,10,FL,854,0.011,1850,0.006
M,2001,Uriah,6,FL,1165,0.007,2586,0.004
M,2002,Ulises,14,FL,709,0.016,1487,0.008
M,2002,Uriel,14,FL,709,0.016,1487,0.008
M,2002,Ulysses,11,FL,820,0.012,1750,0.007
M,2003,Uriel,23,FL,542,0.025,1099,0.013
M,2003,Ulises,17,FL,648,0.018,1366,0.01
M,2003,Ulysses,10,FL,887,0.011,1946,0.006
M,2003,Unknown,6,FL,1252,0.006,2738,0.003
M,2003,Uriah,5,FL,1415,0.005,3109,0.003
M,2003,Uziel,5,FL,1415,0.005,3109,0.003
M,2004,Uriel,30,FL,457,0.031,918,0.017
M,2004,Ulises,8,FL,1060,0.008,2334,0.005
M,2004,Uriah,7,FL,1158,0.007,2563,0.004
M,2004,Usher,5,FL,1453,0.005,3209,0.003
M,2005,Uriel,29,FL,485,0.029,1010,0.016
M,2005,Ulises,15,FL,737,0.015,1571,0.008
M,2005,Ulysses,10,FL,996,0.01,2120,0.005
M,2005,Umar,5,FL,1533,0.005,3380,0.003
M,2005,Uriah,5,FL,1533,0.005,3380,0.003
M,2006,Uriel,29,FL,507,0.028,1055,0.015
M,2006,Ulises,11,FL,949,0.011,2073,0.006
M,2006,Uriah,11,FL,949,0.011,2073,0.006
M,2006,Ulysses,7,FL,1309,0.007,2831,0.004
M,2006,Ulices,6,FL,1443,0.006,3120,0.003
M,2006,Uziel,6,FL,1443,0.006,3120,0.003
M,2006,Unknown,5,FL,1617,0.005,3508,0.003
M,2007,Uriel,34,FL,455,0.033,940,0.018
M,2007,Uriah,11,FL,984,0.011,2127,0.006
M,2007,Ulises,10,FL,1041,0.01,2266,0.005
M,2007,Ulysses,8,FL,1203,0.008,2637,0.004
M,2008,Uriel,26,FL,564,0.026,1162,0.014
M,2008,Urijah,16,FL,780,0.016,1650,0.009
M,2008,Uriah,14,FL,855,0.014,1804,0.008
M,2008,Ulises,13,FL,892,0.013,1892,0.007
M,2008,Uziel,9,FL,1125,0.009,2427,0.005
M,2008,Ulysses,8,FL,1219,0.008,2638,0.004
M,2009,Uriel,31,FL,477,0.033,978,0.017
M,2009,Urijah,22,FL,607,0.023,1260,0.012
M,2009,Uriah,14,FL,843,0.015,1779,0.008
M,2009,Ulises,11,FL,984,0.012,2078,0.006
M,2009,Ulysses,10,FL,1054,0.01,2212,0.006
M,2009,Uziel,5,FL,1634,0.005,3519,0.003
M,2010,Uriah,27,FL,523,0.029,1069,0.016
M,2010,Urijah,22,FL,602,0.024,1231,0.013
M,2010,Uriel,20,FL,644,0.022,1323,0.012
M,2010,Ulysses,10,FL,1057,0.011,2220,0.006
M,2010,Uziel,6,FL,1436,0.006,3064,0.003
M,2010,Ulises,5,FL,1595,0.005,3455,0.003
M,2011,Urijah,20,FL,644,0.022,1360,0.012
M,2011,Uriel,19,FL,665,0.021,1406,0.011
M,2011,Uriah,17,FL,710,0.018,1516,0.01
M,2011,Ulises,14,FL,813,0.015,1728,0.008
M,2011,Ulysses,10,FL,1035,0.011,2207,0.006
M,2012,Uriah,18,FL,693,0.02,1443,0.01
M,2012,Uriel,16,FL,760,0.017,1580,0.009
M,2012,Urijah,13,FL,868,0.014,1825,0.008
M,2012,Ulysses,12,FL,920,0.013,1937,0.007
M,2012,Ulises,7,FL,1292,0.008,2755,0.004
M,2012,Uziel,5,FL,1586,0.005,3440,0.003
M,2013,Uriah,21,FL,635,0.022,1307,0.012
M,2013,Uriel,16,FL,761,0.017,1591,0.009
M,2013,Urijah,13,FL,864,0.014,1833,0.007
M,2013,Ulysses,12,FL,917,0.013,1940,0.007
M,2013,Unknown,7,FL,1291,0.007,2750,0.004
M,2013,Uziel,7,FL,1291,0.007,2750,0.004
M,2013,Umar,5,FL,1614,0.005,3467,0.003
M,2013,Uzziah,5,FL,1614,0.005,3467,0.003
M,2014,Uriah,26,FL,561,0.027,1163,0.014
M,2014,Uriel,25,FL,581,0.026,1206,0.014
M,2014,Ulysses,12,FL,959,0.013,1977,0.007
M,2014,Ulises,9,FL,1145,0.009,2399,0.005
M,2014,Urijah,7,FL,1335,0.007,2815,0.004
M,2015,Uriah,21,FL,675,0.021,1390,0.011
M,2015,Uriel,16,FL,801,0.016,1676,0.009
M,2015,Urijah,16,FL,801,0.016,1676,0.009
M,2015,Ulysses,12,FL,971,0.012,2036,0.007
M,2015,Unknown,7,FL,1375,0.007,2910,0.004
M,2015,Ulises,5,FL,1684,0.005,3612,0.003
M,2016,Uriah,26,FL,581,0.027,1198,0.014
M,2016,Uriel,22,FL,635,0.022,1339,0.012
M,2016,Ulises,9,FL,1150,0.009,2430,0.005
M,2016,Umar,8,FL,1234,0.008,2651,0.004
M,2016,Urijah,8,FL,1234,0.008,2651,0.004
M,2016,Ulysses,7,FL,1348,0.007,2880,0.004
M,2016,Uzziah,5,FL,1685,0.005,3593,0.003
M,2017,Uriah,25,FL,586,0.026,1207,0.014
M,2017,Uriel,17,FL,759,0.018,1610,0.009
M,2017,Ulises,7,FL,1362,0.007,2890,0.004
M,2017,Ulysses,6,FL,1491,0.006,3189,0.003
M,2018,Uriah,21,FL,671,0.022,1386,0.012
M,2018,Uriel,14,FL,885,0.015,1835,0.008
M,2018,Ulises,7,FL,1385,0.007,2875,0.004
M,2018,Uriyah,6,FL,1512,0.006,3157,0.003
M,2019,Uriel,27,FL,566,0.029,1168,0.015
M,2019,Ulises,14,FL,906,0.015,1867,0.008
M,2019,Uriah,12,FL,989,0.013,2060,0.007
M,2019,Urijah,9,FL,1197,0.01,2500,0.005
M,2019,Ulysses,8,FL,1285,0.008,2691,0.004
M,2020,Uriel,24,FL,603,0.027,1236,0.014
M,2020,Uriah,21,FL,659,0.023,1348,0.012
M,2020,Ulises,7,FL,1371,0.008,2836,0.004
M,2020,Ulysses,6,FL,1510,0.007,3120,0.004
M,2021,Uriel,22,FL,675,0.024,1381,0.012
M,2021,Uriah,18,FL,775,0.019,1585,0.01
M,2021,Uziel,8,FL,1313,0.009,2684,0.005
M,2021,Ulises,6,FL,1580,0.006,3275,0.003
M,2021,Ulysses,5,FL,1757,0.005,3656,0.003
M,2021,Urijah,5,FL,1757,0.005,3656,0.003
M,2022,Uriel,20,FL,725,0.021,1502,0.011
M,2022,Uriah,19,FL,754,0.02,1560,0.01
M,2022,Urijah,9,FL,1252,0.009,2585,0.005
M,2022,Uziel,9,FL,1252,0.009,2585,0.005
M,2022,Ulysses,7,FL,1455,0.007,3016,0.004
M,2022,Umar,6,FL,1605,0.006,3326,0.003
M,2022,Uzziah,6,FL,1605,0.006,3326,0.003
M,2022,Uhtred,5,FL,1819,0.005,3745,0.003
M,2022,Uziah,5,FL,1819,0.005,3745,0.003
M,2023,Uriel,27,FL,589,0.029,1202,0.015
M,2023,Uriah,21,FL,714,0.022,1448,0.012
M,2023,Uzziah,10,FL,1160,0.011,2416,0.006
M,2023,Uri,9,FL,1255,0.01,2608,0.005
M,2023,Uziel,8,FL,1347,0.008,2805,0.004
M,2023,Umar,7,FL,1473,0.007,3049,0.004
M,2023,Ulises,6,FL,1611,0.006,3341,0.003
M,2023,Ulysses,5,FL,1811,0.005,3766,0.003
M,2024,Uriel,29,FL,581,0.03,1179,0.016
M,2024,Uriah,24,FL,656,0.025,1341,0.013
M,2024,Ulysses,11,FL,1111,0.012,2276,0.006
M,2024,Ulises,9,FL,1265,0.009,2594,0.005
M,2024,Umar,6,FL,1623,0.006,3352,0.003
M,2024,Uziel,5,FL,1826,0.005,3766,0.003
M,2010,Urijah,5,SD,223,0.126,423,0.072
M,2011,Urijah,9,SD,146,0.226,254,0.128
M,2012,Uriah,6,SD,205,0.147,377,0.085
M,2016,Uriah,6,SD,221,0.147,398,0.084
F,1914,Ursula,6,RI,132,0.157,223,0.082
F,1910,Ursula,8,OH,232,0.053,359,0.038
F,1911,Ursula,10,OH,209,0.06,337,0.041
F,1912,Ursula,7,OH,296,0.03,535,0.017
F,1913,Ursula,6,OH,365,0.022,649,0.012
F,1914,Ursula,8,OH,339,0.024,620,0.013
F,1915,Ursula,9,OH,373,0.02,687,0.011
F,1916,Ursula,14,OH,307,0.029,563,0.016
F,1916,Una,5,OH,541,0.01,953,0.006
F,1917,Ursula,11,OH,351,0.022,637,0.012
F,1917,Una,7,OH,444,0.014,809,0.007
F,1918,Ursula,21,OH,261,0.039,483,0.02
F,1919,Ursula,7,OH,453,0.014,807,0.007
F,1919,Una,6,OH,481,0.012,867,0.006
F,1920,Ursula,14,OH,324,0.025,594,0.013
F,1921,Ursula,10,OH,393,0.018,721,0.009
F,1922,Ursula,11,OH,369,0.02,667,0.011
F,1922,Una,5,OH,556,0.009,1001,0.005
F,1923,Ursula,8,OH,429,0.014,793,0.007
F,1923,Ula,6,OH,496,0.011,902,0.006
F,1924,Una,8,OH,456,0.014,812,0.007
F,1924,Ursula,8,OH,456,0.014,812,0.007
F,1924,Ula,5,OH,594,0.009,1027,0.004
F,1925,Ursula,7,OH,472,0.013,836,0.006
F,1926,Ursula,7,OH,465,0.013,840,0.007
F,1927,Ursula,6,OH,513,0.011,894,0.006
F,1928,Ursula,10,OH,395,0.019,699,0.009
F,1930,Ursula,10,OH,386,0.019,682,0.01
F,1931,Ursula,6,OH,461,0.013,824,0.006
F,1932,Ursula,9,OH,380,0.02,669,0.01
F,1933,Ursula,9,OH,355,0.021,639,0.01
F,1934,Una,6,OH,451,0.013,811,0.007
F,1934,Ursula,5,OH,493,0.011,885,0.006
F,1935,Una,5,OH,506,0.011,884,0.005
F,1936,Ursula,5,OH,501,0.011,890,0.005
F,1937,Ursula,7,OH,462,0.014,813,0.007
F,1938,Ursula,8,OH,430,0.016,757,0.008
F,1938,Una,5,OH,545,0.01,947,0.005
F,1940,Ursula,5,OH,547,0.009,942,0.005
F,1941,Ursula,5,OH,595,0.009,1009,0.004
F,1943,Ursula,5,OH,626,0.008,1045,0.004
F,1947,Ursula,8,OH,583,0.009,974,0.004
F,1947,Unknown,7,OH,618,0.008,1033,0.004
F,1949,Unknown,10,OH,510,0.012,722,0.008
F,1950,Ursula,8,OH,572,0.009,965,0.005
F,1952,Ursula,11,OH,512,0.012,874,0.006
F,1952,Unknown,10,OH,537,0.011,659,0.01
F,1953,Ursula,9,OH,603,0.009,1031,0.005
F,1953,Unknown,5,OH,817,0.005,1362,0.003
F,1954,Unknown,7,OH,709,0.007,915,0.006
F,1954,Ursula,7,OH,709,0.007,1198,0.003
F,1955,Ursula,7,OH,695,0.007,1181,0.003
F,1955,Unknown,5,OH,842,0.005,960,0.005
F,1956,Ursula,7,OH,760,0.007,1270,0.003
F,1956,Unknown,5,OH,920,0.005,973,0.005
F,1957,Unknown,7,OH,799,0.006,948,0.006
F,1959,Ursula,6,OH,857,0.006,1412,0.003
F,1960,Ursula,5,OH,970,0.005,1567,0.002
F,1961,Ursula,8,OH,773,0.008,1263,0.004
F,1962,Ursula,9,OH,698,0.009,1148,0.004
F,1963,Ursula,6,OH,831,0.006,1371,0.003
F,1964,Ursula,7,OH,782,0.007,1280,0.004
F,1965,Ursula,11,OH,602,0.012,1007,0.006
F,1966,Ursula,14,OH,522,0.016,886,0.008
F,1967,Ursula,11,OH,591,0.013,995,0.006
F,1968,Ursula,8,OH,710,0.01,1174,0.005
F,1969,Ursula,13,OH,559,0.015,945,0.007
F,1970,Ursula,9,OH,717,0.01,1199,0.005
F,1971,Ursula,12,OH,607,0.014,1028,0.007
F,1972,Ursula,13,OH,552,0.017,944,0.008
F,1973,Ursula,13,OH,540,0.019,926,0.009
F,1974,Ursula,12,OH,574,0.017,976,0.008
F,1975,Ursula,12,OH,562,0.017,972,0.008
F,1976,Ursula,10,OH,631,0.015,1043,0.007
F,1977,Ursula,10,OH,648,0.014,1095,0.007
F,1977,Unique,5,OH,1010,0.007,1616,0.003
F,1979,Ursula,6,OH,934,0.008,1489,0.004
F,1980,Unique,5,OH,1061,0.007,1675,0.003
F,1980,Ursula,5,OH,1061,0.007,1675,0.003
F,1981,Ursula,7,OH,837,0.01,1334,0.005
F,1981,Unique,5,OH,1036,0.007,1630,0.003
F,1982,Ursula,9,OH,694,0.013,1157,0.006
F,1983,Unique,7,OH,792,0.01,1286,0.005
F,1987,Unique,7,OH,818,0.01,1356,0.005
F,1988,Unique,5,OH,1054,0.007,1706,0.003
F,1989,Unique,8,OH,788,0.011,1317,0.005
F,1990,Unique,7,OH,901,0.01,1500,0.005
F,1991,Unique,10,OH,719,0.014,1225,0.007
F,1992,Unique,7,OH,913,0.01,1533,0.005
F,1993,Unique,17,OH,505,0.026,892,0.012
F,1994,Unique,9,OH,761,0.014,1298,0.007
F,1995,Unique,10,OH,711,0.016,1236,0.007
F,1996,Unique,10,OH,726,0.016,1264,0.008
F,1997,Unique,15,OH,553,0.024,980,0.011
F,1998,Unique,9,OH,788,0.015,1376,0.007
F,1999,Unique,6,OH,1063,0.01,1805,0.005
F,2000,Unique,10,OH,747,0.016,1337,0.008
F,2001,Unique,14,OH,595,0.024,1083,0.011
F,2002,Unique,12,OH,656,0.021,1182,0.01
F,2003,Unique,8,OH,934,0.014,1634,0.006
F,2004,Unique,8,OH,946,0.014,1663,0.006
F,2005,Unique,17,OH,553,0.03,1005,0.014
F,2006,Unique,11,OH,765,0.019,1391,0.009
F,2007,Unique,10,OH,860,0.017,1542,0.008
F,2008,Unique,11,OH,800,0.02,1471,0.009
F,2009,Unique,6,OH,1245,0.011,2212,0.005
F,2010,Unique,13,OH,699,0.025,1287,0.012
F,2011,Unique,6,OH,1207,0.012,2134,0.005
F,2012,Unique,9,OH,920,0.017,1682,0.008
F,2013,Unique,7,OH,1121,0.013,1993,0.006
F,2014,Unique,6,OH,1288,0.011,2268,0.005
F,2016,Unique,6,OH,1280,0.012,2241,0.005
F,2017,Unique,5,OH,1459,0.01,2546,0.005
F,2019,Unique,5,OH,1444,0.01,2569,0.005
F,2020,Unique,5,OH,1440,0.01,2559,0.005
F,2023,Ulani,6,OH,1270,0.013,2289,0.006
M,1913,Urban,9,OH,228,0.041,511,0.018
M,1914,Urban,11,OH,232,0.039,517,0.018
M,1915,Urban,10,OH,302,0.025,652,0.012
M,1916,Urban,15,OH,243,0.037,530,0.017
M,1917,Urban,13,OH,259,0.03,580,0.014
M,1918,Urban,10,OH,334,0.021,713,0.01
M,1919,Urban,16,OH,238,0.037,523,0.017
M,1920,Urban,15,OH,263,0.03,576,0.014
M,1920,Ulysses,7,OH,388,0.014,834,0.007
M,1921,Urban,13,OH,290,0.025,627,0.012
M,1922,Urban,11,OH,307,0.022,667,0.011
M,1922,Ulysses,6,OH,417,0.012,898,0.006
M,1923,Urban,16,OH,254,0.031,555,0.015
M,1924,Urban,8,OH,375,0.015,812,0.007
M,1925,Urban,8,OH,364,0.015,789,0.007
M,1925,Ulysses,5,OH,472,0.009,986,0.005
M,1926,Urban,7,OH,401,0.013,840,0.007
M,1927,Urban,7,OH,382,0.013,824,0.006
M,1928,Urban,7,OH,385,0.013,837,0.007
M,1928,Ulysses,5,OH,468,0.01,981,0.005
M,1929,Urban,10,OH,304,0.02,669,0.01
M,1930,Urban,10,OH,308,0.019,682,0.01
M,1931,Urban,12,OH,276,0.025,594,0.013
M,1932,Urban,6,OH,372,0.013,820,0.007
M,1934,Urban,7,OH,350,0.015,755,0.008
M,1937,Urban,5,OH,440,0.01,939,0.005
M,1938,Urban,7,OH,372,0.013,810,0.007
M,1940,Ulysses,8,OH,354,0.015,765,0.007
M,1941,Ulysses,5,OH,453,0.008,1009,0.004
M,1948,Ulysses,7,OH,444,0.008,1025,0.004
M,1949,Unknown,5,OH,507,0.005,722,0.008
M,1950,Unknown,6,OH,483,0.007,1116,0.003
M,1950,Ulysses,5,OH,520,0.006,1212,0.003
M,1952,Unknown,10,OH,400,0.01,659,0.01
M,1954,Unknown,5,OH,601,0.005,915,0.006
M,1955,Unknown,6,OH,555,0.005,960,0.005
M,1956,Unknown,7,OH,554,0.006,973,0.005
M,1956,Ulysses,5,OH,643,0.004,1505,0.002
M,1957,Unknown,7,OH,550,0.006,948,0.006
M,1958,Ulysses,9,OH,488,0.008,1144,0.004
M,1959,Unknown,5,OH,658,0.004,1535,0.002
M,1960,Unknown,5,OH,660,0.004,1567,0.002
M,1974,Uriah,9,OH,497,0.012,1141,0.006
M,1975,Ulysses,5,OH,684,0.007,1595,0.003
M,1976,Uriah,6,OH,614,0.008,1435,0.004
M,1978,Uriah,9,OH,499,0.012,1148,0.006
M,1978,Ulysses,5,OH,675,0.006,1609,0.003
M,1980,Uriah,9,OH,495,0.011,1181,0.006
M,1987,Uriah,6,OH,649,0.008,1496,0.004
M,1988,Uriah,7,OH,605,0.009,1400,0.005
M,1988,Ulysses,5,OH,737,0.007,1706,0.003
M,1991,Uriah,6,OH,724,0.008,1694,0.004
M,1992,Uriah,5,OH,818,0.006,1889,0.003
M,1993,Ulysses,6,OH,741,0.008,1707,0.004
M,1994,Uriah,6,OH,761,0.008,1691,0.004
M,1995,Uriah,5,OH,846,0.007,1891,0.004
M,1998,Ulysses,5,OH,899,0.007,2010,0.004
M,1999,Uriah,10,OH,593,0.014,1306,0.008
M,2000,Uriah,14,OH,507,0.02,1066,0.011
M,2002,Uriah,6,OH,891,0.009,1928,0.005
M,2003,Uriah,5,OH,1020,0.007,2234,0.004
M,2004,Uriah,7,OH,843,0.011,1823,0.006
M,2005,Uriah,5,OH,1048,0.008,2320,0.004
M,2006,Uriah,13,OH,590,0.02,1246,0.011
M,2007,Uriah,13,OH,601,0.02,1288,0.011
M,2008,Urijah,13,OH,610,0.02,1301,0.011
M,2008,Uriah,10,OH,743,0.016,1572,0.008
M,2008,Uriel,7,OH,928,0.011,1969,0.006
M,2009,Urijah,21,OH,437,0.034,920,0.018
M,2009,Uriah,14,OH,588,0.022,1248,0.012
M,2010,Uriah,12,OH,635,0.02,1362,0.011
M,2010,Urijah,9,OH,759,0.015,1622,0.008
M,2010,Umar,6,OH,1014,0.01,2163,0.005
M,2011,Uriah,9,OH,786,0.015,1670,0.008
M,2011,Uriel,7,OH,910,0.012,1935,0.006
M,2011,Urijah,5,OH,1137,0.008,2433,0.004
M,2012,Uriah,18,OH,482,0.03,1008,0.016
M,2012,Urijah,13,OH,636,0.022,1305,0.012
M,2013,Uriah,20,OH,454,0.034,959,0.018
M,2013,Uriel,8,OH,867,0.013,1829,0.007
M,2013,Urijah,7,OH,946,0.012,1993,0.006
M,2014,Uriah,16,OH,541,0.027,1137,0.014
M,2014,Uriel,8,OH,896,0.013,1864,0.007
M,2014,Urijah,7,OH,980,0.012,2043,0.006
M,2014,Umar,6,OH,1075,0.01,2268,0.005
M,2014,Urban,5,OH,1189,0.008,2531,0.004
M,2015,Uriah,21,OH,467,0.035,946,0.019
M,2015,Urijah,13,OH,649,0.022,1361,0.012
M,2015,Urban,6,OH,1076,0.01,2257,0.005
M,2015,Umar,5,OH,1200,0.008,2541,0.004
M,2016,Uriah,19,OH,505,0.032,1018,0.017
M,2016,Urijah,6,OH,1052,0.01,2241,0.005
M,2017,Uriah,19,OH,498,0.033,1046,0.017
M,2017,Urijah,5,OH,1202,0.009,2546,0.005
M,2018,Uriah,12,OH,690,0.021,1412,0.011
M,2018,Uriel,11,OH,729,0.019,1501,0.01
M,2019,Uriah,21,OH,476,0.037,976,0.02
M,2019,Urban,6,OH,1107,0.011,2276,0.006
M,2019,Ulysses,5,OH,1256,0.009,2569,0.005
M,2020,Uriah,28,OH,389,0.051,778,0.027
M,2020,Ulysses,6,OH,1115,0.011,2289,0.006
M,2020,Uriel,6,OH,1115,0.011,2289,0.006
M,2020,Urijah,6,OH,1115,0.011,2289,0.006
M,2020,Umar,5,OH,1237,0.009,2559,0.005
M,2021,Uriah,16,OH,571,0.03,1170,0.016
M,2021,Umar,6,OH,1105,0.011,2271,0.006
M,2021,Uriel,5,OH,1232,0.009,2546,0.005
M,2021,Uzziah,5,OH,1232,0.009,2546,0.005
M,2022,Uriah,14,OH,635,0.026,1291,0.014
M,2022,Umar,13,OH,663,0.025,1359,0.013
M,2022,Uriel,6,OH,1139,0.011,2277,0.006
M,2022,Usman,5,OH,1281,0.009,2573,0.005
M,2023,Uriah,16,OH,584,0.031,1166,0.016
M,2023,Umar,7,OH,1022,0.013,2064,0.007
M,2023,Uriel,6,OH,1129,0.011,2289,0.006
M,2024,Uriah,13,OH,666,0.025,1349,0.013
M,2024,Uriel,13,OH,666,0.025,1349,0.013
M,2024,Umar,6,OH,1132,0.011,2272,0.006
M,2024,Urban,5,OH,1288,0.01,2582,0.005
F,1910,Una,7,AL,276,0.053,427,0.036
F,1912,Una,6,AL,331,0.038,565,0.023
F,1913,Una,5,AL,386,0.03,685,0.017
F,1914,Una,11,AL,271,0.055,475,0.031
F,1915,Una,10,AL,315,0.043,561,0.023
F,1916,Una,16,AL,248,0.062,440,0.034
F,1917,Una,13,AL,270,0.052,485,0.029
F,1918,Una,7,AL,396,0.026,728,0.014
F,1919,Una,5,AL,547,0.016,984,0.009
F,1920,Una,8,AL,402,0.026,734,0.014
F,1921,Una,15,AL,273,0.049,494,0.026
F,1922,Una,7,AL,426,0.022,788,0.012
F,1924,Una,8,AL,406,0.025,732,0.014
F,1925,Una,7,AL,441,0.021,783,0.012
F,1926,Una,10,AL,367,0.031,657,0.017
F,1927,Una,5,AL,538,0.015,973,0.008
F,1930,Una,6,AL,458,0.02,821,0.011
F,1932,Una,5,AL,492,0.017,909,0.009
F,1933,Una,5,AL,483,0.018,876,0.009
F,1934,Una,8,AL,383,0.027,704,0.014
F,1938,Una,10,AL,342,0.034,610,0.018
F,1940,Una,5,AL,493,0.017,895,0.009
F,1943,Unknown,6,AL,453,0.018,841,0.009
F,1944,Unknown,9,AL,357,0.028,660,0.014
F,1945,Unknown,8,AL,385,0.026,697,0.013
F,1946,Unknown,11,AL,349,0.031,469,0.028
F,1947,Unknown,19,AL,278,0.048,395,0.038
F,1948,Unknown,34,AL,204,0.09,265,0.072
F,1949,Unknown,79,AL,102,0.211,127,0.164
F,1950,Unknown,82,AL,100,0.223,95,0.214
F,1951,Unknown,99,AL,84,0.271,90,0.231
F,1952,Unknown,96,AL,83,0.261,96,0.234
F,1953,Unknown,103,AL,79,0.283,97,0.241
F,1954,Unknown,103,AL,76,0.281,94,0.252
F,1955,Unknown,97,AL,78,0.268,99,0.232
F,1956,Unknown,77,AL,103,0.21,124,0.198
F,1957,Unknown,29,AL,218,0.079,234,0.085
F,1958,Unknown,21,AL,256,0.058,264,0.074
F,1959,Unknown,11,AL,388,0.031,407,0.041
F,1960,Unknown,15,AL,331,0.043,401,0.043
F,1961,Unknown,9,AL,436,0.026,533,0.025
F,1961,Ursula,5,AL,607,0.015,1047,0.007
F,1962,Unknown,6,AL,542,0.018,654,0.019
F,1963,Unknown,5,AL,609,0.016,1049,0.007
F,1963,Ursula,5,AL,609,0.016,1049,0.007
F,1964,Unknown,6,AL,556,0.019,948,0.009
F,1965,Ursula,8,AL,448,0.027,788,0.013
F,1966,Ursula,9,AL,412,0.033,729,0.015
F,1967,Ursula,11,AL,354,0.041,637,0.02
F,1968,Ursula,11,AL,351,0.042,639,0.02
F,1969,Ursula,6,AL,529,0.023,913,0.011
F,1970,Ursula,8,AL,439,0.03,791,0.014
F,1971,Ursula,16,AL,278,0.06,517,0.028
F,1972,Ursula,14,AL,307,0.058,554,0.027
F,1973,Ursula,5,AL,567,0.022,969,0.01
F,1974,Ursula,12,AL,317,0.053,586,0.025
F,1975,Ursula,6,AL,507,0.027,886,0.013
F,1977,Ursula,5,AL,588,0.022,1027,0.01
F,1978,Ursula,5,AL,567,0.023,1009,0.011
F,1980,Ursula,9,AL,395,0.039,726,0.018
F,1981,Ursula,6,AL,507,0.026,891,0.012
F,1982,Ursula,6,AL,500,0.027,880,0.013
F,1989,Ursula,7,AL,452,0.031,828,0.014
F,1992,Uniqua,5,AL,597,0.023,1077,0.01
F,2012,Unique,5,AL,743,0.027,1337,0.012
F,2023,Unique,5,AL,809,0.027,1507,0.012
M,1912,Ulysses,5,AL,294,0.046,641,0.019
M,1913,Ulysses,13,AL,164,0.103,380,0.044
M,1914,Ulysses,6,AL,331,0.038,697,0.017
M,1915,Ulysses,11,AL,245,0.056,529,0.026
M,1917,Ulysses,13,AL,225,0.064,485,0.029
M,1918,Ulysses,15,AL,211,0.065,468,0.03
M,1919,Ulysses,7,AL,383,0.027,793,0.012
M,1920,Ulysses,14,AL,240,0.055,516,0.025
M,1921,Ulysses,8,AL,360,0.031,736,0.014
M,1922,Ulysses,13,AL,258,0.049,567,0.022
M,1923,Ulysses,13,AL,248,0.051,543,0.023
M,1924,Ulysses,16,AL,215,0.062,483,0.027
M,1925,Ulysses,15,AL,233,0.056,507,0.025
M,1926,Ulysses,17,AL,216,0.062,470,0.028
M,1927,Ulysses,6,AL,433,0.021,878,0.01
M,1928,Ulysses,8,AL,343,0.029,717,0.014
M,1929,Ulysses,13,AL,251,0.049,533,0.023
M,1930,Ulysses,11,AL,278,0.041,592,0.019
M,1931,Ulysses,11,AL,274,0.043,575,0.02
M,1932,Ulysses,9,AL,334,0.032,678,0.016
M,1933,Ulysses,11,AL,278,0.043,562,0.021
M,1934,Ulysses,11,AL,286,0.04,594,0.019
M,1935,Ulysses,19,AL,202,0.069,442,0.033
M,1936,Ulysses,9,AL,305,0.034,642,0.016
M,1937,Ulysses,9,AL,324,0.033,643,0.016
M,1938,Ulysses,11,AL,277,0.04,589,0.019
M,1939,Ulysses,10,AL,285,0.036,598,0.018
M,1940,Ulysses,14,AL,249,0.049,516,0.024
M,1941,Ulysses,9,AL,312,0.031,637,0.015
M,1942,Ulysses,7,AL,388,0.021,777,0.011
M,1943,Ulysses,6,AL,426,0.018,841,0.009
M,1943,Ulysee,5,AL,473,0.015,924,0.007
M,1944,Ulysses,13,AL,260,0.04,545,0.02
M,1945,Ulysses,6,AL,402,0.019,811,0.01
M,1946,Ulysses,12,AL,289,0.034,603,0.017
M,1946,Unknown,9,AL,343,0.025,469,0.028
M,1947,Ulysses,16,AL,258,0.04,542,0.02
M,1947,Unknown,11,AL,319,0.028,395,0.038
M,1948,Unknown,21,AL,227,0.054,265,0.072
M,1948,Ulysses,19,AL,238,0.049,501,0.025
M,1949,Unknown,46,AL,139,0.118,127,0.164
M,1949,Ulysses,8,AL,370,0.021,780,0.01
M,1950,Unknown,78,AL,99,0.205,95,0.214
M,1950,Ulysses,8,AL,373,0.021,773,0.011
M,1951,Unknown,75,AL,103,0.194,90,0.231
M,1951,Ulysses,19,AL,236,0.049,504,0.025
M,1952,Unknown,81,AL,97,0.208,96,0.234
M,1952,Ulysses,8,AL,371,0.021,765,0.011
M,1953,Unknown,78,AL,100,0.202,97,0.241
M,1953,Ulysses,11,AL,309,0.028,649,0.015
M,1954,Unknown,87,AL,91,0.224,94,0.252
M,1954,Ulysses,12,AL,301,0.031,632,0.016
M,1955,Unknown,77,AL,104,0.198,99,0.232
M,1955,Ulysses,9,AL,355,0.023,750,0.012
M,1956,Unknown,75,AL,114,0.188,124,0.198
M,1956,Ulysses,9,AL,361,0.023,772,0.012
M,1957,Unknown,36,AL,181,0.091,234,0.085
M,1957,Ulysses,9,AL,359,0.023,771,0.012
M,1958,Unknown,34,AL,185,0.089,264,0.074
M,1958,Ulysses,9,AL,363,0.024,780,0.012
M,1959,Unknown,19,AL,258,0.049,407,0.041
M,1959,Ulysses,11,AL,338,0.029,709,0.015
M,1960,Unknown,16,AL,276,0.042,401,0.043
M,1960,Ulysses,5,AL,494,0.013,1071,0.007
M,1961,Ulysses,10,AL,351,0.027,743,0.014
M,1961,Unknown,9,AL,368,0.024,533,0.025
M,1962,Unknown,7,AL,412,0.019,654,0.019
M,1962,Ulysses,6,AL,446,0.016,953,0.009
M,1963,Ulysses,6,AL,435,0.017,948,0.009
M,1965,Unknown,5,AL,461,0.015,1003,0.008
M,1967,Ulysses,10,AL,320,0.034,683,0.018
M,1967,Unknown,6,AL,417,0.02,884,0.011
M,1968,Ulysses,5,AL,436,0.017,970,0.009
M,1972,Ulysses,6,AL,409,0.022,873,0.012
M,1975,Ulysses,6,AL,412,0.024,886,0.013
M,1979,Ulysses,5,AL,474,0.019,1031,0.01
M,1987,Ulysses,5,AL,466,0.02,974,0.011
M,2000,Uriel,5,AL,600,0.02,1238,0.011
M,2001,Uriel,5,AL,598,0.021,1209,0.011
M,2002,Uriel,5,AL,587,0.022,1199,0.012
M,2006,Uriel,6,AL,578,0.024,1188,0.013
M,2007,Uriel,8,AL,502,0.032,1033,0.017
M,2008,Uriel,8,AL,508,0.032,1024,0.017
M,2008,Uriah,5,AL,692,0.02,1438,0.011
M,2008,Urijah,5,AL,692,0.02,1438,0.011
M,2009,Uriah,6,AL,595,0.025,1241,0.014
M,2009,Urijah,5,AL,676,0.021,1413,0.011
M,2010,Uriah,8,AL,500,0.034,1006,0.019
M,2010,Ulises,5,AL,706,0.021,1410,0.012
M,2011,Uriah,6,AL,598,0.026,1217,0.014
M,2011,Uriel,6,AL,598,0.026,1217,0.014
M,2011,Ulises,5,AL,683,0.022,1402,0.012
M,2011,Urijah,5,AL,683,0.022,1402,0.012
M,2012,Uriah,8,AL,487,0.036,975,0.02
M,2012,Ulises,5,AL,651,0.023,1337,0.012
M,2013,Uriah,5,AL,664,0.022,1379,0.012
M,2014,Uriah,8,AL,493,0.035,996,0.019
M,2015,Uriel,6,AL,618,0.026,1257,0.014
M,2015,Uriah,5,AL,708,0.022,1441,0.012
M,2016,Uriah,8,AL,528,0.035,1036,0.019
M,2016,Uriel,5,AL,702,0.022,1418,0.012
M,2017,Uriah,6,AL,641,0.026,1288,0.014
M,2017,Uriel,5,AL,728,0.022,1456,0.012
M,2018,Uriah,13,AL,371,0.057,736,0.031
M,2018,Uriel,7,AL,584,0.031,1165,0.017
M,2019,Uriel,7,AL,585,0.031,1155,0.017
M,2019,Uriah,5,AL,726,0.022,1465,0.012
M,2020,Uriah,6,AL,646,0.028,1306,0.015
M,2021,Uriel,8,AL,547,0.036,1098,0.019
M,2022,Uriah,5,AL,781,0.023,1557,0.012
M,2023,Uriel,8,AL,564,0.037,1084,0.02
M,2023,Uriah,5,AL,771,0.023,1507,0.012
M,2024,Uriah,7,AL,638,0.032,1218,0.017
M,2024,Uriel,7,AL,638,0.032,1218,0.017
F,1916,Ursula,8,CT,205,0.061,354,0.033
F,1920,Ursula,5,CT,250,0.036,450,0.019
F,1924,Ursula,6,CT,221,0.046,402,0.023
F,1935,Ursula,6,CT,195,0.063,344,0.032
F,1942,Ursula,8,CT,224,0.051,388,0.025
F,1957,Ursula,6,CT,366,0.024,622,0.012
F,1958,Ursula,6,CT,376,0.025,648,0.012
F,1960,Ursula,5,CT,419,0.02,713,0.01
F,1965,Ursula,5,CT,446,0.022,736,0.01
F,1967,Ursula,7,CT,369,0.034,618,0.016
F,1969,Ursula,7,CT,389,0.033,653,0.016
F,1972,Ursula,8,CT,320,0.051,542,0.024
F,1997,Unique,6,CT,412,0.039,737,0.018
F,1999,Unique,6,CT,421,0.039,737,0.018
F,2000,Unique,8,CT,330,0.053,608,0.024
F,2007,Unique,8,CT,369,0.058,676,0.026
M,2012,Uriel,5,CT,429,0.035,903,0.019
M,2017,Uriel,5,CT,462,0.036,948,0.019
M,2020,Uriel,5,CT,454,0.038,947,0.021
M,2024,Uriel,5,CT,497,0.038,1001,0.02
F,1920,Una,5,WA,249,0.048,457,0.025
F,1949,Unknown,6,WA,393,0.024,669,0.012
F,1954,Unknown,6,WA,443,0.021,549,0.019
F,1955,Unknown,6,WA,447,0.021,764,0.01
F,1966,Ursula,5,WA,514,0.023,846,0.011
F,1969,Ursula,5,WA,552,0.021,915,0.01
F,1973,Ursula,5,WA,498,0.027,860,0.012
F,1989,Unnamed,6,WA,664,0.02,568,0.025
F,1990,Unnamed,12,WA,397,0.039,352,0.049
F,1991,Unnamed,24,WA,241,0.078,231,0.09
F,1997,Unique,5,WA,808,0.017,1409,0.008
F,2010,Uma,7,WA,828,0.023,1497,0.011
F,2010,Unique,5,WA,1079,0.016,1925,0.008
F,2014,Unique,5,WA,1100,0.016,1961,0.007
F,2016,Una,5,WA,1100,0.016,1984,0.007
F,2022,Uma,6,WA,933,0.021,1756,0.01
F,2022,Una,6,WA,933,0.021,1756,0.01
M,1950,Unknown,5,WA,311,0.018,740,0.01
M,1951,Unknown,6,WA,298,0.021,686,0.011
M,1952,Unknown,5,WA,340,0.017,795,0.009
M,1954,Unknown,5,WA,362,0.016,549,0.019
M,1957,Unknown,5,WA,367,0.016,861,0.008
M,1980,Uriah,6,WA,420,0.019,965,0.01
M,1987,Ulysses,7,WA,405,0.022,921,0.012
M,1989,Unnamed,10,WA,357,0.029,568,0.025
M,1989,Uriah,5,WA,536,0.015,1238,0.008
M,1989,Uriel,5,WA,536,0.015,1238,0.008
M,1990,Unnamed,21,WA,236,0.059,352,0.049
M,1990,Uriel,8,WA,430,0.022,973,0.012
M,1990,Ulysses,5,WA,561,0.014,1296,0.007
M,1991,Unnamed,36,WA,161,0.1,231,0.09
M,1991,Ulises,8,WA,444,0.022,974,0.012
M,1991,Uriel,8,WA,444,0.022,974,0.012
M,1992,Uriel,11,WA,384,0.03,819,0.016
M,1992,Unnamed,6,WA,538,0.017,1211,0.009
M,1992,Ulises,5,WA,601,0.014,1365,0.007
M,1993,Uriel,12,WA,372,0.035,779,0.019
M,1994,Uriel,12,WA,379,0.036,792,0.019
M,1995,Ulises,7,WA,517,0.021,1114,0.011
M,1995,Uriel,7,WA,517,0.021,1114,0.011
M,1996,Ulises,9,WA,445,0.027,955,0.014
M,1996,Uriel,9,WA,445,0.027,955,0.014
M,1996,Uriah,6,WA,573,0.018,1245,0.01
M,1997,Uriel,5,WA,659,0.015,1409,0.008
M,1998,Uriel,12,WA,405,0.035,836,0.019
M,1998,Ulises,6,WA,617,0.017,1327,0.009
M,1999,Uriel,12,WA,405,0.035,856,0.019
M,1999,Uriah,6,WA,630,0.017,1340,0.009
M,2000,Ulises,11,WA,441,0.032,930,0.017
M,2000,Uriel,11,WA,441,0.032,930,0.017
M,2000,Ulysses,6,WA,621,0.017,1346,0.009
M,2001,Ulises,12,WA,413,0.036,865,0.019
M,2001,Uriel,12,WA,413,0.036,865,0.019
M,2001,Uriah,7,WA,573,0.021,1224,0.011
M,2001,Ulysses,6,WA,627,0.018,1337,0.01
M,2002,Ulises,12,WA,407,0.036,857,0.019
M,2002,Uriel,12,WA,407,0.036,857,0.019
M,2003,Uriel,11,WA,445,0.033,939,0.018
M,2003,Ulises,9,WA,506,0.027,1080,0.014
M,2004,Ulises,12,WA,428,0.035,905,0.019
M,2004,Uriel,11,WA,453,0.032,956,0.017
M,2005,Uriel,15,WA,392,0.043,805,0.023
M,2005,Ulises,10,WA,511,0.029,1059,0.016
M,2005,Uriah,7,WA,638,0.02,1350,0.011
M,2006,Uriel,17,WA,384,0.047,772,0.025
M,2006,Ulises,15,WA,418,0.041,846,0.022
M,2006,Ulysses,7,WA,655,0.019,1388,0.01
M,2007,Uriel,19,WA,359,0.051,723,0.028
M,2007,Ulises,9,WA,586,0.024,1227,0.013
M,2008,Uriel,29,WA,270,0.078,518,0.042
M,2008,Ulises,8,WA,660,0.021,1386,0.012
M,2008,Uriah,8,WA,660,0.021,1386,0.012
M,2008,Urijah,8,WA,660,0.021,1386,0.012
M,2008,Ulysses,7,WA,733,0.019,1524,0.01
M,2009,Uriel,17,WA,404,0.046,810,0.025
M,2009,Urijah,17,WA,404,0.046,810,0.025
M,2009,Uriah,14,WA,455,0.038,937,0.02
M,2009,Ulises,8,WA,661,0.022,1392,0.012
M,2010,Uriel,22,WA,318,0.062,632,0.033
M,2010,Urijah,15,WA,420,0.042,865,0.023
M,2010,Uriah,14,WA,445,0.039,919,0.021
M,2010,Ulises,9,WA,597,0.025,1253,0.014
M,2010,Ulysses,6,WA,787,0.017,1670,0.009
M,2011,Uriah,17,WA,390,0.047,783,0.026
M,2011,Urijah,15,WA,429,0.042,862,0.023
M,2011,Uriel,11,WA,538,0.031,1091,0.017
M,2012,Urijah,16,WA,416,0.045,830,0.024
M,2012,Uriah,15,WA,430,0.042,858,0.023
M,2012,Uriel,10,WA,580,0.028,1200,0.015
M,2012,Ulises,9,WA,630,0.025,1301,0.014
M,2012,Ulysses,6,WA,813,0.017,1689,0.009
M,2013,Uriah,29,WA,286,0.081,536,0.044
M,2013,Uriel,11,WA,563,0.031,1119,0.017
M,2013,Ulises,9,WA,626,0.025,1273,0.014
M,2013,Urijah,9,WA,626,0.025,1273,0.014
M,2014,Uriah,24,WA,328,0.066,633,0.035
M,2014,Uriel,13,WA,516,0.036,1026,0.019
M,2014,Urijah,13,WA,516,0.036,1026,0.019
M,2014,Ulises,10,WA,617,0.028,1240,0.015
M,2014,Ulysses,5,WA,932,0.014,1961,0.007
M,2015,Uriah,16,WA,441,0.044,863,0.023
M,2015,Urijah,12,WA,540,0.033,1071,0.018
M,2015,Uriel,11,WA,568,0.03,1137,0.016
M,2015,Ulises,8,WA,697,0.022,1424,0.012
M,2016,Uriel,15,WA,476,0.041,925,0.022
M,2016,Uriah,12,WA,547,0.032,1081,0.017
M,2016,Urijah,7,WA,767,0.019,1586,0.01
M,2016,Ulysses,6,WA,847,0.016,1761,0.009
M,2017,Uriah,26,WA,320,0.073,594,0.039
M,2017,Uriel,8,WA,706,0.023,1427,0.012
M,2017,Ulises,6,WA,858,0.017,1739,0.009
M,2018,Uriel,11,WA,557,0.032,1125,0.017
M,2018,Uriah,9,WA,646,0.026,1313,0.014
M,2018,Ulysses,7,WA,757,0.02,1547,0.011
M,2018,Umar,6,WA,835,0.017,1726,0.009
M,2019,Uriah,22,WA,339,0.065,648,0.034
M,2019,Uriel,17,WA,416,0.05,829,0.027
M,2020,Uriah,15,WA,465,0.045,909,0.024
M,2020,Uriel,15,WA,465,0.045,909,0.024
M,2020,Ulises,7,WA,768,0.021,1560,0.011
M,2021,Uriah,12,WA,546,0.036,1085,0.019
M,2021,Uriel,11,WA,587,0.033,1156,0.017
M,2021,Ulises,8,WA,731,0.024,1465,0.013
M,2021,Uziel,8,WA,731,0.024,1465,0.013
M,2021,Urijah,6,WA,873,0.018,1751,0.01
M,2021,Ulysses,5,WA,973,0.015,1967,0.008
M,2022,Uriel,13,WA,538,0.039,1036,0.021
M,2022,Ulysses,10,WA,650,0.03,1242,0.016
M,2022,Uriah,8,WA,742,0.024,1434,0.013
M,2022,Ulises,5,WA,997,0.015,1990,0.008
M,2023,Uriah,15,WA,469,0.047,902,0.025
M,2023,Uriel,15,WA,469,0.047,902,0.025
M,2024,Uriel,21,WA,355,0.065,691,0.034
M,2024,Uriah,15,WA,468,0.046,908,0.024
M,2024,Ulysses,9,WA,676,0.028,1339,0.015
M,2024,Uziel,9,WA,676,0.028,1339,0.015
M,2024,Ulises,6,WA,883,0.019,1767,0.01
M,2009,Urijah,5,AK,203,0.144,357,0.086
M,2011,Uriah,5,AK,204,0.147,380,0.084
M,2018,Uriah,6,AK,170,0.204,289,0.12
