sex,year,name,frequency,State,rank,percentage
F,1913,Yvonne,6,MI,533,0.022
F,1914,Yvonne,9,MI,457,0.027
F,1915,Yvonne,16,MI,430,0.031
F,1916,Yvonne,23,MI,371,0.038
F,1917,Yvonne,18,MI,434,0.028
F,1917,Yolanda,6,MI,795,0.009
F,1917,Yetta,5,MI,892,0.008
F,1918,Yvonne,19,MI,429,0.027
F,1918,Yetta,5,MI,914,0.007
F,1919,Yvonne,28,MI,334,0.044
F,1919,Yolanda,8,MI,652,0.013
F,1920,Yvonne,40,MI,283,0.056
F,1920,Yolanda,7,MI,758,0.01
F,1921,Yvonne,35,MI,317,0.047
F,1921,Yolanda,8,MI,716,0.011
F,1922,Yvonne,25,MI,378,0.035
F,1922,Yolanda,9,MI,646,0.013
F,1923,Yvonne,41,MI,281,0.055
F,1923,Yolanda,14,MI,527,0.019
F,1924,Yvonne,47,MI,270,0.059
F,1924,Yolanda,9,MI,686,0.011
F,1925,Yvonne,65,MI,219,0.081
F,1925,Yolanda,12,MI,587,0.015
F,1926,Yvonne,78,MI,201,0.095
F,1926,Yolanda,9,MI,681,0.011
F,1927,Yvonne,73,MI,206,0.087
F,1927,Yolanda,5,MI,948,0.006
F,1928,Yvonne,81,MI,192,0.098
F,1928,Yolanda,9,MI,675,0.011
F,1929,Yvonne,74,MI,199,0.088
F,1929,Yolanda,12,MI,593,0.014
F,1930,Yvonne,99,MI,170,0.117
F,1930,Yolanda,11,MI,617,0.013
F,1931,Yvonne,73,MI,195,0.094
F,1931,Yolanda,12,MI,564,0.015
F,1932,Yvonne,82,MI,179,0.11
F,1933,Yvonne,88,MI,169,0.125
F,1933,Yolanda,8,MI,653,0.011
F,1934,Yvonne,96,MI,161,0.13
F,1935,Yvonne,150,MI,116,0.194
F,1935,Yolanda,6,MI,771,0.008
F,1936,Yvonne,179,MI,93,0.228
F,1936,Yolanda,7,MI,735,0.009
F,1937,Yvonne,178,MI,98,0.218
F,1937,Yolanda,7,MI,740,0.009
F,1938,Yvonne,155,MI,118,0.179
F,1938,Yolanda,8,MI,712,0.009
F,1939,Yvonne,145,MI,124,0.17
F,1939,Yolanda,6,MI,825,0.007
F,1940,Yvonne,119,MI,146,0.133
F,1940,Yolanda,5,MI,929,0.006
F,1941,Yvonne,139,MI,141,0.142
F,1941,Yvette,8,MI,751,0.008
F,1942,Yvonne,127,MI,163,0.112
F,1942,Yvette,8,MI,819,0.007
F,1943,Yvonne,113,MI,176,0.098
F,1943,Yolanda,6,MI,941,0.005
F,1943,Yvette,5,MI,1026,0.004
F,1944,Yvonne,128,MI,155,0.123
F,1944,Yolanda,7,MI,836,0.007
F,1945,Yvonne,88,MI,203,0.086
F,1945,Yolanda,10,MI,683,0.01
F,1945,Yvette,7,MI,833,0.007
F,1946,Yvonne,143,MI,170,0.112
F,1946,Yolanda,16,MI,604,0.013
F,1946,Yvette,12,MI,695,0.009
F,1947,Yvonne,151,MI,185,0.101
F,1947,Yolanda,28,MI,480,0.019
F,1947,Yvette,11,MI,785,0.007
F,1948,Yvonne,206,MI,142,0.144
F,1948,Yolanda,12,MI,738,0.008
F,1948,Yvette,9,MI,861,0.006
F,1949,Yvonne,160,MI,177,0.109
F,1949,Yolanda,16,MI,644,0.011
F,1949,Yvette,5,MI,1200,0.003
F,1950,Yvonne,178,MI,167,0.118
F,1950,Yolanda,21,MI,570,0.014
F,1950,Yvette,16,MI,664,0.011
F,1951,Yvonne,207,MI,156,0.127
F,1951,Yolanda,36,MI,446,0.022
F,1951,Yvette,14,MI,744,0.009
F,1952,Yvonne,216,MI,155,0.129
F,1952,Yolanda,47,MI,396,0.028
F,1952,Yvette,15,MI,744,0.009
F,1953,Yvonne,202,MI,167,0.117
F,1953,Yolanda,31,MI,511,0.018
F,1953,Yvette,20,MI,644,0.012
F,1954,Yvonne,205,MI,177,0.113
F,1954,Yolanda,40,MI,468,0.022
F,1954,Yvette,14,MI,819,0.008
F,1955,Yvonne,216,MI,174,0.117
F,1955,Yolanda,48,MI,434,0.026
F,1955,Yvette,19,MI,712,0.01
F,1955,Yolonda,5,MI,1415,0.003
F,1956,Yvonne,224,MI,173,0.115
F,1956,Yolanda,55,MI,423,0.028
F,1956,Yvette,43,MI,478,0.022
F,1957,Yvonne,224,MI,185,0.114
F,1957,Yolanda,56,MI,428,0.028
F,1957,Yvette,45,MI,488,0.023
F,1958,Yvonne,180,MI,212,0.094
F,1958,Yolanda,50,MI,455,0.026
F,1958,Yvette,32,MI,580,0.017
F,1958,Yolonda,5,MI,1471,0.003
F,1959,Yvonne,172,MI,209,0.092
F,1959,Yolanda,55,MI,441,0.029
F,1959,Yvette,48,MI,473,0.026
F,1959,Yolonda,5,MI,1456,0.003
F,1960,Yvonne,178,MI,211,0.097
F,1960,Yolanda,54,MI,444,0.03
F,1960,Yvette,47,MI,481,0.026
F,1961,Yvonne,182,MI,200,0.101
F,1961,Yolanda,65,MI,398,0.036
F,1961,Yvette,61,MI,416,0.034
F,1961,Yolonda,6,MI,1365,0.003
F,1962,Yvonne,159,MI,214,0.093
F,1962,Yvette,70,MI,366,0.041
F,1962,Yolanda,55,MI,429,0.032
F,1962,Yolonda,6,MI,1326,0.004
F,1963,Yvonne,139,MI,231,0.084
F,1963,Yvette,85,MI,325,0.051
F,1963,Yolanda,59,MI,406,0.036
F,1963,Yolonda,9,MI,1058,0.005
F,1964,Yvonne,147,MI,218,0.091
F,1964,Yvette,102,MI,280,0.063
F,1964,Yolanda,86,MI,318,0.053
F,1965,Yvonne,138,MI,218,0.09
F,1965,Yolanda,91,MI,293,0.059
F,1965,Yvette,87,MI,299,0.057
F,1966,Yvonne,123,MI,236,0.081
F,1966,Yolanda,97,MI,285,0.064
F,1966,Yvette,86,MI,312,0.056
F,1966,Yolonda,5,MI,1460,0.003
F,1966,Yulanda,5,MI,1460,0.003
F,1967,Yvonne,122,MI,225,0.082
F,1967,Yvette,103,MI,257,0.069
F,1967,Yolanda,100,MI,266,0.067
F,1967,Yolonda,6,MI,1341,0.004
F,1967,Yalonda,5,MI,1475,0.003
F,1968,Yolanda,172,MI,170,0.118
F,1968,Yvonne,113,MI,240,0.078
F,1968,Yvette,68,MI,347,0.047
F,1968,Yolonda,15,MI,843,0.01
F,1968,Yalanda,5,MI,1461,0.003
F,1968,Yulanda,5,MI,1461,0.003
F,1969,Yolanda,191,MI,163,0.127
F,1969,Yvonne,108,MI,253,0.072
F,1969,Yvette,77,MI,327,0.051
F,1969,Yolonda,10,MI,1047,0.007
F,1970,Yolanda,153,MI,199,0.098
F,1970,Yvonne,94,MI,294,0.06
F,1970,Yvette,68,MI,373,0.044
F,1970,Yalonda,12,MI,996,0.008
F,1970,Yolonda,12,MI,996,0.008
F,1970,Yulonda,6,MI,1458,0.004
F,1970,Youlanda,5,MI,1613,0.003
F,1971,Yolanda,165,MI,180,0.113
F,1971,Yvonne,92,MI,287,0.063
F,1971,Yvette,61,MI,394,0.042
F,1971,Yolonda,10,MI,1128,0.007
F,1972,Yolanda,153,MI,171,0.117
F,1972,Yvonne,92,MI,261,0.07
F,1972,Yvette,44,MI,446,0.034
F,1972,Yolonda,7,MI,1305,0.005
F,1972,Yalonda,5,MI,1585,0.004
F,1973,Yolanda,120,MI,199,0.096
F,1973,Yvonne,67,MI,314,0.054
F,1973,Yvette,36,MI,493,0.029
F,1973,Yolonda,8,MI,1184,0.006
F,1974,Yolanda,110,MI,208,0.091
F,1974,Yvonne,46,MI,399,0.038
F,1974,Yvette,34,MI,494,0.028
F,1974,Yolonda,8,MI,1183,0.007
F,1974,Yalonda,6,MI,1418,0.005
F,1975,Yolanda,92,MI,232,0.078
F,1975,Yvonne,33,MI,480,0.028
F,1975,Yvette,19,MI,698,0.016
F,1975,Yolonda,8,MI,1188,0.007
F,1975,Yashica,6,MI,1413,0.005
F,1975,Yalonda,5,MI,1576,0.004
F,1976,Yolanda,70,MI,285,0.061
F,1976,Yvonne,41,MI,406,0.035
F,1976,Yvette,14,MI,836,0.012
F,1976,Yolonda,7,MI,1271,0.006
F,1977,Yolanda,56,MI,343,0.046
F,1977,Yvonne,47,MI,391,0.039
F,1977,Yvette,16,MI,772,0.013
F,1977,Yolonda,5,MI,1618,0.004
F,1978,Yolanda,61,MI,315,0.05
F,1978,Yvonne,34,MI,468,0.028
F,1978,Yvette,11,MI,990,0.009
F,1979,Yolanda,74,MI,278,0.058
F,1979,Yvonne,36,MI,468,0.028
F,1979,Yvette,18,MI,737,0.014
F,1979,Yashica,7,MI,1368,0.006
F,1980,Yolanda,47,MI,384,0.037
F,1980,Yvonne,33,MI,501,0.026
F,1980,Yvette,24,MI,607,0.019
F,1980,Yolonda,5,MI,1630,0.004
F,1981,Yolanda,31,MI,497,0.025
F,1981,Yvonne,23,MI,597,0.019
F,1981,Yvette,11,MI,963,0.009
F,1982,Yolanda,39,MI,419,0.032
F,1982,Yvonne,27,MI,532,0.022
F,1982,Yvette,9,MI,1088,0.007
F,1983,Yolanda,32,MI,461,0.027
F,1983,Yvonne,12,MI,896,0.01
F,1983,Yvette,9,MI,1061,0.008
F,1984,Yolanda,22,MI,595,0.018
F,1984,Yvonne,20,MI,635,0.017
F,1984,Yvette,14,MI,814,0.012
F,1984,Yasmin,5,MI,1568,0.004
F,1985,Yvonne,24,MI,582,0.02
F,1985,Yolanda,21,MI,644,0.017
F,1986,Yvonne,23,MI,603,0.019
F,1986,Yolanda,18,MI,699,0.015
F,1986,Yvette,9,MI,1106,0.007
F,1987,Yvonne,18,MI,724,0.015
F,1987,Yolanda,11,MI,1041,0.009
F,1987,Yvette,6,MI,1485,0.005
F,1987,Yasmin,5,MI,1649,0.004
F,1987,Yesenia,5,MI,1649,0.004
F,1988,Yvonne,17,MI,756,0.014
F,1988,Yolanda,16,MI,806,0.013
F,1988,Yvette,8,MI,1255,0.007
F,1988,Yasmin,7,MI,1385,0.006
F,1989,Yolanda,24,MI,652,0.018
F,1989,Yvonne,11,MI,1117,0.008
F,1989,Yvette,10,MI,1193,0.008
F,1990,Yolanda,15,MI,949,0.011
F,1990,Yvonne,10,MI,1251,0.007
F,1990,Yesenia,8,MI,1449,0.006
F,1990,Yvette,7,MI,1562,0.005
F,1990,Yasmeen,5,MI,1913,0.004
F,1991,Yolanda,15,MI,942,0.012
F,1991,Yvonne,12,MI,1104,0.009
F,1991,Yvette,7,MI,1556,0.005
F,1991,Yasmin,6,MI,1724,0.005
F,1992,Yvonne,18,MI,826,0.015
F,1992,Yolanda,9,MI,1334,0.007
F,1992,Yasmine,8,MI,1433,0.007
F,1992,Yvette,8,MI,1433,0.007
F,1992,Yesenia,5,MI,1930,0.004
F,1993,Yasmine,11,MI,1164,0.009
F,1993,Yolanda,10,MI,1232,0.008
F,1993,Yasmeen,9,MI,1316,0.008
F,1993,Yesenia,8,MI,1408,0.007
F,1993,Yvonne,7,MI,1522,0.006
F,1994,Yasmin,12,MI,1101,0.01
F,1994,Yvonne,12,MI,1101,0.01
F,1994,Yasmine,6,MI,1747,0.005
F,1994,Yolanda,6,MI,1747,0.005
F,1994,Yvette,6,MI,1747,0.005
F,1995,Yasmeen,13,MI,1044,0.011
F,1995,Yesenia,10,MI,1228,0.009
F,1995,Yvonne,9,MI,1301,0.008
F,1995,Yolanda,7,MI,1537,0.006
F,1995,Yasmin,6,MI,1705,0.005
F,1995,Yvette,5,MI,1898,0.004
F,1996,Yasmeen,16,MI,903,0.014
F,1996,Yasmine,15,MI,945,0.013
F,1996,Yvonne,12,MI,1103,0.011
F,1996,Yesenia,10,MI,1236,0.009
F,1996,Yasmin,6,MI,1707,0.005
F,1996,Yolanda,6,MI,1707,0.005
F,1997,Yasmine,19,MI,810,0.017
F,1997,Yasmeen,12,MI,1099,0.011
F,1997,Yvonne,10,MI,1259,0.009
F,1997,Yolanda,9,MI,1340,0.008
F,1997,Yasmin,8,MI,1467,0.007
F,1998,Yasmeen,17,MI,892,0.015
F,1998,Yasmine,11,MI,1207,0.01
F,1998,Yesenia,11,MI,1207,0.01
F,1998,Yadira,8,MI,1481,0.007
F,1998,Yolanda,8,MI,1481,0.007
F,1998,Yvonne,7,MI,1621,0.006
F,1998,Yasmin,5,MI,2053,0.004
F,1999,Yasmine,17,MI,875,0.015
F,1999,Yasmin,15,MI,961,0.014
F,1999,Yasmeen,13,MI,1087,0.012
F,1999,Yesenia,8,MI,1516,0.007
F,1999,Yvonne,6,MI,1874,0.005
F,1999,Yazmine,5,MI,2133,0.005
F,2000,Yasmine,25,MI,701,0.022
F,2000,Yesenia,16,MI,948,0.014
F,2000,Yasmeen,14,MI,1056,0.013
F,2000,Yasmin,14,MI,1056,0.013
F,2000,Yadira,6,MI,1908,0.005
F,2000,Yvonne,6,MI,1908,0.005
F,2001,Yasmine,27,MI,634,0.025
F,2001,Yasmeen,18,MI,856,0.017
F,2001,Yasmin,15,MI,974,0.014
F,2001,Yesenia,11,MI,1250,0.01
F,2001,Yara,8,MI,1558,0.007
F,2001,Yazmine,8,MI,1558,0.007
F,2001,Yazmin,7,MI,1705,0.006
F,2002,Yasmeen,18,MI,888,0.017
F,2002,Yasmine,13,MI,1100,0.012
F,2002,Yasmin,12,MI,1156,0.011
F,2002,Yesenia,11,MI,1220,0.01
F,2003,Yasmin,27,MI,650,0.026
F,2003,Yasmine,17,MI,918,0.016
F,2003,Yesenia,13,MI,1124,0.012
F,2003,Yasmeen,12,MI,1186,0.011
F,2003,Yadira,8,MI,1598,0.008
F,2003,Yareli,8,MI,1598,0.008
F,2003,Yazmin,8,MI,1598,0.008
F,2003,Yajaira,6,MI,1962,0.006
F,2003,Yolanda,6,MI,1962,0.006
F,2003,Yahaira,5,MI,2247,0.005
F,2003,Yessica,5,MI,2247,0.005
F,2003,Yoselin,5,MI,2247,0.005
F,2004,Yasmine,15,MI,1014,0.014
F,2004,Yasmin,14,MI,1073,0.013
F,2004,Yasmeen,12,MI,1189,0.012
F,2004,Yesenia,9,MI,1485,0.009
F,2004,Yoselin,7,MI,1769,0.007
F,2004,Yaritza,6,MI,1965,0.006
F,2004,Yazmin,6,MI,1965,0.006
F,2004,Yvonne,6,MI,1965,0.006
F,2005,Yasmine,18,MI,903,0.018
F,2005,Yasmin,15,MI,1030,0.015
F,2005,Yasmeen,13,MI,1137,0.013
F,2005,Yesenia,9,MI,1491,0.009
F,2005,Yadira,7,MI,1787,0.007
F,2005,Yasmina,7,MI,1787,0.007
F,2005,Yvonne,6,MI,1999,0.006
F,2005,Yaritza,5,MI,2261,0.005
F,2005,Yazmin,5,MI,2261,0.005
F,2005,Yuna,5,MI,2261,0.005
F,2006,Yasmin,24,MI,740,0.024
F,2006,Yasmine,17,MI,947,0.017
F,2006,Yesenia,15,MI,1043,0.015
F,2006,Yazmin,13,MI,1149,0.013
F,2006,Yasmeen,10,MI,1398,0.01
F,2006,Yareli,7,MI,1799,0.007
F,2006,Yoselin,6,MI,2058,0.006
F,2006,Yadira,5,MI,2346,0.005
F,2006,Yara,5,MI,2346,0.005
F,2006,Yaretzi,5,MI,2346,0.005
F,2006,Yuridia,5,MI,2346,0.005
F,2007,Yasmin,15,MI,1041,0.015
F,2007,Yasmeen,12,MI,1236,0.012
F,2007,Yoselin,12,MI,1236,0.012
F,2007,Yadira,11,MI,1327,0.011
F,2007,Yesenia,9,MI,1551,0.009
F,2007,Yasmine,8,MI,1666,0.008
F,2007,Yazmin,8,MI,1666,0.008
F,2007,Yara,7,MI,1838,0.007
F,2008,Yasmeen,17,MI,962,0.018
F,2008,Yara,13,MI,1162,0.014
F,2008,Yareli,11,MI,1323,0.011
F,2008,Yasmin,11,MI,1323,0.011
F,2008,Yasmine,7,MI,1858,0.007
F,2008,Yaretzi,5,MI,2333,0.005
F,2008,Yvette,5,MI,2333,0.005
F,2009,Yareli,13,MI,1132,0.014
F,2009,Yasmeen,13,MI,1132,0.014
F,2009,Yara,9,MI,1516,0.01
F,2009,Yasmine,8,MI,1645,0.009
F,2009,Yazmin,8,MI,1645,0.009
F,2009,Yadira,7,MI,1801,0.008
F,2009,Yaretzi,6,MI,2029,0.007
F,2009,Yoselin,6,MI,2029,0.007
F,2009,Yasmin,5,MI,2312,0.005
F,2009,Yesenia,5,MI,2312,0.005
F,2010,Yara,15,MI,1023,0.017
F,2010,Yasmeen,12,MI,1236,0.013
F,2010,Yasmin,10,MI,1405,0.011
F,2010,Yoselin,9,MI,1519,0.01
F,2010,Yesenia,8,MI,1656,0.009
F,2010,Yaretzi,6,MI,2007,0.007
F,2010,Yusra,6,MI,2007,0.007
F,2010,Yareli,5,MI,2288,0.006
F,2011,Yasmeen,10,MI,1390,0.011
F,2011,Yara,9,MI,1502,0.01
F,2011,Yaretzi,8,MI,1656,0.009
F,2011,Yareli,7,MI,1823,0.008
F,2011,Yuliana,7,MI,1823,0.008
F,2011,Yasmin,6,MI,2027,0.007
F,2011,Yasmine,6,MI,2027,0.007
F,2011,Yesenia,6,MI,2027,0.007
F,2011,Yoselin,5,MI,2298,0.006
F,2011,Yuri,5,MI,2298,0.006
F,2011,Yvette,5,MI,2298,0.006
F,2012,Yasmeen,16,MI,981,0.018
F,2012,Yareli,9,MI,1508,0.01
F,2012,Yara,8,MI,1648,0.009
F,2012,Yasmine,8,MI,1648,0.009
F,2012,Yamileth,7,MI,1795,0.008
F,2012,Yaretzi,6,MI,1989,0.007
F,2012,Yaneli,5,MI,2232,0.006
F,2013,Yara,14,MI,1112,0.016
F,2013,Yasmeen,12,MI,1246,0.013
F,2013,Yasmin,9,MI,1517,0.01
F,2013,Yaretzi,6,MI,2057,0.007
F,2013,Yasmine,6,MI,2057,0.007
F,2014,Yasmine,12,MI,1253,0.013
F,2014,Yaretzi,11,MI,1337,0.012
F,2014,Yara,10,MI,1447,0.011
F,2014,Yasmeen,10,MI,1447,0.011
F,2014,Yasmin,6,MI,2059,0.007
F,2014,Yuna,6,MI,2059,0.007
F,2015,Yasmeen,14,MI,1140,0.016
F,2015,Yara,9,MI,1589,0.01
F,2015,Yaretzi,9,MI,1589,0.01
F,2015,Yasmina,8,MI,1708,0.009
F,2015,Yasmine,8,MI,1708,0.009
F,2015,Yamileth,6,MI,2079,0.007
F,2015,Yareli,6,MI,2079,0.007
F,2015,Yusra,6,MI,2079,0.007
F,2015,Yazmine,5,MI,2350,0.006
F,2016,Yasmine,9,MI,1582,0.01
F,2016,Yara,8,MI,1732,0.009
F,2016,Yasmina,8,MI,1732,0.009
F,2016,Yareli,7,MI,1902,0.008
F,2016,Yasmeen,7,MI,1902,0.008
F,2016,Yasmin,7,MI,1902,0.008
F,2016,Yaretzi,6,MI,2095,0.007
F,2016,Yesenia,6,MI,2095,0.007
F,2016,Yuna,6,MI,2095,0.007
F,2016,Yusra,5,MI,2375,0.006
F,2017,Yara,18,MI,938,0.021
F,2017,Yasmine,11,MI,1380,0.013
F,2017,Yasmeen,9,MI,1597,0.01
F,2017,Yuna,7,MI,1883,0.008
F,2017,Yaretzi,5,MI,2407,0.006
F,2018,Yara,16,MI,1046,0.019
F,2018,Yasmeen,13,MI,1221,0.015
F,2018,Yasmine,8,MI,1704,0.009
F,2018,Yaretzi,5,MI,2325,0.006
F,2019,Yara,13,MI,1194,0.016
F,2019,Yasmeen,12,MI,1260,0.014
F,2019,Yasmin,7,MI,1831,0.008
F,2019,Yasmina,7,MI,1831,0.008
F,2019,Yusra,7,MI,1831,0.008
F,2019,Yasmine,6,MI,2035,0.007
F,2019,Yesenia,6,MI,2035,0.007
F,2019,Yaretzi,5,MI,2299,0.006
F,2020,Yara,20,MI,862,0.025
F,2020,Yasmeen,9,MI,1551,0.011
F,2020,Yasmine,8,MI,1691,0.01
F,2020,Yaretzi,5,MI,2304,0.006
F,2020,Yasmin,5,MI,2304,0.006
F,2020,Yuri,5,MI,2304,0.006
F,2020,Yusra,5,MI,2304,0.006
F,2021,Yara,26,MI,688,0.032
F,2021,Yasmine,19,MI,907,0.023
F,2021,Yasmin,15,MI,1085,0.018
F,2021,Yasmeen,8,MI,1698,0.01
F,2021,Yusra,8,MI,1698,0.01
F,2021,Yaretzi,6,MI,2073,0.007
F,2021,Yasmina,6,MI,2073,0.007
F,2022,Yara,26,MI,688,0.033
F,2022,Yasmine,12,MI,1275,0.015
F,2022,Yasmin,10,MI,1459,0.013
F,2022,Yasmeen,9,MI,1565,0.011
F,2022,Yusra,9,MI,1565,0.011
F,2022,Yaretzi,6,MI,2066,0.008
F,2022,Yael,5,MI,2332,0.006
F,2023,Yara,15,MI,1075,0.02
F,2023,Yasmeen,13,MI,1181,0.017
F,2023,Yasmin,12,MI,1244,0.016
F,2023,Yusra,8,MI,1688,0.011
F,2023,Yasmine,7,MI,1867,0.009
F,2023,Yuna,6,MI,2064,0.008
F,2023,Yareli,5,MI,2330,0.007
F,2023,Yasmina,5,MI,2330,0.007
F,2024,Yara,21,MI,815,0.028
F,2024,Yasmeen,13,MI,1213,0.017
F,2024,Yusra,11,MI,1347,0.015
F,2024,Yasmine,10,MI,1434,0.013
F,2024,Yasmin,9,MI,1526,0.012
F,2024,Yashna,7,MI,1840,0.009
F,2024,Yareli,6,MI,2029,0.008
F,2024,Yvette,6,MI,2029,0.008
F,2024,Yasmina,5,MI,2302,0.007
F,2024,Yuna,5,MI,2302,0.007
M,1959,Yancy,5,MI,1456,0.003
M,1970,Yusef,6,MI,1458,0.004
M,1983,Yousef,5,MI,1506,0.004
M,1985,Yousef,5,MI,1598,0.004
M,1989,Yousef,6,MI,1616,0.005
M,1991,Youssef,5,MI,1939,0.004
M,1993,Youssef,6,MI,1663,0.005
M,1995,Youssef,6,MI,1705,0.005
M,1995,Yusuf,5,MI,1898,0.004
M,1996,Yousef,7,MI,1543,0.006
M,1996,Youssef,5,MI,1898,0.004
M,1996,Yusuf,5,MI,1898,0.004
M,1997,Yousef,8,MI,1467,0.007
M,1997,Youssef,6,MI,1784,0.005
M,1998,Yousef,7,MI,1621,0.006
M,1998,Youssef,6,MI,1806,0.005
M,1998,Yusuf,5,MI,2053,0.004
M,1999,Yousef,8,MI,1516,0.007
M,1999,Yousif,6,MI,1874,0.005
M,2000,Yousef,15,MI,995,0.013
M,2000,Youssef,5,MI,2162,0.004
M,2000,Yusuf,5,MI,2162,0.004
M,2001,Yusuf,8,MI,1558,0.007
M,2001,Yousef,6,MI,1895,0.006
M,2002,Yousef,17,MI,934,0.016
M,2002,Yousif,9,MI,1424,0.009
M,2002,Youssef,9,MI,1424,0.009
M,2002,Yusuf,6,MI,1872,0.006
M,2002,Yahir,5,MI,2155,0.005
M,2003,Yahir,15,MI,1015,0.014
M,2003,Yousef,10,MI,1346,0.009
M,2003,Yousif,10,MI,1346,0.009
M,2003,Youssef,6,MI,1962,0.006
M,2003,Yash,5,MI,2247,0.005
M,2003,Yusuf,5,MI,2247,0.005
M,2004,Yahir,14,MI,1073,0.013
M,2004,Yousif,12,MI,1189,0.012
M,2004,Yousef,11,MI,1262,0.011
M,2004,Yusuf,8,MI,1609,0.008
M,2004,Youssef,6,MI,1965,0.006
M,2004,Yaseen,5,MI,2259,0.005
M,2005,Yahir,9,MI,1491,0.009
M,2005,Yousef,8,MI,1631,0.008
M,2005,Youssef,8,MI,1631,0.008
M,2005,Yash,6,MI,1999,0.006
M,2005,Yousif,6,MI,1999,0.006
M,2005,Yusuf,6,MI,1999,0.006
M,2005,Yosef,5,MI,2261,0.005
M,2006,Yousef,12,MI,1229,0.012
M,2006,Yosef,7,MI,1799,0.007
M,2006,Yusef,7,MI,1799,0.007
M,2006,Yusuf,7,MI,1799,0.007
M,2006,Yahir,6,MI,2058,0.006
M,2006,Yousif,6,MI,2058,0.006
M,2006,Youssef,6,MI,2058,0.006
M,2006,Yair,5,MI,2346,0.005
M,2007,Yousef,12,MI,1236,0.012
M,2007,Yusuf,12,MI,1236,0.012
M,2007,Yahir,8,MI,1666,0.008
M,2007,Youssef,7,MI,1838,0.007
M,2007,Yaseen,6,MI,2057,0.006
M,2007,Yash,6,MI,2057,0.006
M,2007,Yousif,6,MI,2057,0.006
M,2007,Yasir,5,MI,2336,0.005
M,2008,Yousef,12,MI,1250,0.013
M,2008,Yaseen,11,MI,1323,0.011
M,2008,Yousif,9,MI,1558,0.009
M,2008,Yusuf,9,MI,1558,0.009
M,2008,Youssef,8,MI,1703,0.008
M,2008,Yahir,6,MI,2054,0.006
M,2009,Yusuf,17,MI,931,0.018
M,2009,Yousef,13,MI,1132,0.014
M,2009,Yahir,9,MI,1516,0.01
M,2009,Yahya,9,MI,1516,0.01
M,2009,Yousif,7,MI,1801,0.008
M,2009,Yousuf,6,MI,2029,0.007
M,2009,Yandel,5,MI,2312,0.005
M,2009,Yusef,5,MI,2312,0.005
M,2010,Yousef,11,MI,1319,0.012
M,2010,Yousif,10,MI,1405,0.011
M,2010,Youssef,9,MI,1519,0.01
M,2010,Yahir,8,MI,1656,0.009
M,2010,Yusuf,8,MI,1656,0.009
M,2010,Yahya,7,MI,1814,0.008
M,2010,Younis,5,MI,2288,0.006
M,2011,Yusuf,14,MI,1072,0.016
M,2011,Yahir,10,MI,1390,0.011
M,2011,Yousif,10,MI,1390,0.011
M,2011,Yaseen,8,MI,1656,0.009
M,2011,Yousef,8,MI,1656,0.009
M,2011,Yandel,6,MI,2027,0.007
M,2011,Youssef,6,MI,2027,0.007
M,2011,Yasir,5,MI,2298,0.006
M,2012,Yusuf,19,MI,858,0.021
M,2012,Yousef,18,MI,897,0.02
M,2012,Yousif,10,MI,1390,0.011
M,2012,Yusef,6,MI,1989,0.007
M,2012,Youssef,5,MI,2232,0.006
M,2013,Yousef,27,MI,662,0.03
M,2013,Yusuf,15,MI,1048,0.017
M,2013,Yousif,10,MI,1409,0.011
M,2013,Youssef,10,MI,1409,0.011
M,2013,Yahir,9,MI,1517,0.01
M,2013,Yahya,9,MI,1517,0.01
M,2013,Yaseen,8,MI,1651,0.009
M,2013,Yazan,6,MI,2057,0.007
M,2014,Yousif,20,MI,857,0.022
M,2014,Yusuf,17,MI,975,0.019
M,2014,Yousef,16,MI,1012,0.018
M,2014,Yaseen,9,MI,1552,0.01
M,2014,Yahya,7,MI,1856,0.008
M,2014,Youssef,6,MI,2059,0.007
M,2015,Yousef,23,MI,762,0.026
M,2015,Yusuf,21,MI,824,0.023
M,2015,Yahya,16,MI,1032,0.018
M,2015,Yousif,15,MI,1082,0.017
M,2015,Youssef,13,MI,1220,0.014
M,2015,Yaseen,12,MI,1293,0.013
M,2015,Yazan,8,MI,1708,0.009
M,2016,Yousef,21,MI,835,0.023
M,2016,Yusuf,18,MI,942,0.02
M,2016,Youssef,17,MI,986,0.019
M,2016,Yahya,11,MI,1369,0.012
M,2016,Yaseen,11,MI,1369,0.012
M,2016,Yousif,11,MI,1369,0.012
M,2016,Yasin,6,MI,2095,0.007
M,2016,Yousuf,6,MI,2095,0.007
M,2017,Yousef,28,MI,678,0.032
M,2017,Yusuf,21,MI,829,0.024
M,2017,Yahya,17,MI,977,0.019
M,2017,Yaseen,11,MI,1380,0.013
M,2017,Youssef,9,MI,1597,0.01
M,2017,Yousif,8,MI,1712,0.009
M,2017,Yunus,7,MI,1883,0.008
M,2017,Yazan,6,MI,2112,0.007
M,2018,Yusuf,20,MI,881,0.023
M,2018,Yahya,19,MI,910,0.022
M,2018,Yousef,18,MI,948,0.021
M,2018,Yousif,13,MI,1221,0.015
M,2018,Yaseen,9,MI,1576,0.01
M,2018,Younis,8,MI,1704,0.009
M,2018,Yousuf,7,MI,1877,0.008
M,2018,Yuvan,6,MI,2073,0.007
M,2018,Yazan,5,MI,2325,0.006
M,2018,Youssef,5,MI,2325,0.006
M,2019,Yusuf,25,MI,728,0.03
M,2019,Yousef,23,MI,786,0.027
M,2019,Yousif,19,MI,911,0.023
M,2019,Yahya,14,MI,1134,0.017
M,2019,Yaseen,8,MI,1672,0.01
M,2019,Youssef,8,MI,1672,0.01
M,2019,Yunus,8,MI,1672,0.01
M,2019,Younis,7,MI,1831,0.008
M,2019,Yousuf,7,MI,1831,0.008
M,2019,Yazan,5,MI,2299,0.006
M,2020,Yusuf,31,MI,596,0.039
M,2020,Yousef,26,MI,694,0.032
M,2020,Yousif,14,MI,1140,0.017
M,2020,Yaseen,11,MI,1362,0.014
M,2020,Youssef,11,MI,1362,0.014
M,2020,Yazan,9,MI,1551,0.011
M,2020,Yahya,8,MI,1691,0.01
M,2020,Yasir,8,MI,1691,0.01
M,2020,Younis,7,MI,1859,0.009
M,2020,Yousuf,7,MI,1859,0.009
M,2020,Yosef,5,MI,2304,0.006
M,2020,Yunus,5,MI,2304,0.006
M,2020,Yusef,5,MI,2304,0.006
M,2021,Yusuf,24,MI,736,0.03
M,2021,Yousef,22,MI,805,0.027
M,2021,Yousif,16,MI,1026,0.02
M,2021,Yazan,14,MI,1137,0.017
M,2021,Yaseen,9,MI,1565,0.011
M,2021,Youssef,7,MI,1853,0.009
M,2021,Yusef,7,MI,1853,0.009
M,2021,Yuvaan,6,MI,2073,0.007
M,2021,Yosef,5,MI,2369,0.006
M,2021,Younis,5,MI,2369,0.006
M,2022,Yusuf,30,MI,604,0.038
M,2022,Yahya,18,MI,923,0.023
M,2022,Yousef,17,MI,975,0.022
M,2022,Yaseen,13,MI,1216,0.017
M,2022,Yazan,13,MI,1216,0.017
M,2022,Yousif,11,MI,1361,0.014
M,2022,Youssef,10,MI,1459,0.013
M,2022,Yaqub,8,MI,1699,0.01
M,2022,Yunus,8,MI,1699,0.01
M,2022,Yahir,5,MI,2332,0.006
M,2022,Yousuf,5,MI,2332,0.006
M,2023,Yusuf,26,MI,673,0.035
M,2023,Yousef,19,MI,886,0.025
M,2023,Yazan,11,MI,1345,0.015
M,2023,Yahya,10,MI,1438,0.013
M,2023,Youssef,9,MI,1556,0.012
M,2023,Yusef,8,MI,1688,0.011
M,2023,Yunus,7,MI,1867,0.009
M,2023,Yousif,6,MI,2064,0.008
M,2023,Yosef,5,MI,2330,0.007
M,2023,Yousuf,5,MI,2330,0.007
M,2024,Yousef,31,MI,580,0.041
M,2024,Yusuf,30,MI,593,0.04
M,2024,Yazan,26,MI,662,0.034
M,2024,Yahya,19,MI,893,0.025
M,2024,Yaseen,14,MI,1145,0.019
M,2024,Youssef,12,MI,1286,0.016
M,2024,Yaman,8,MI,1668,0.011
M,2024,Younis,8,MI,1668,0.011
M,2024,Yasir,6,MI,2029,0.008
M,2024,Yehuda,6,MI,2029,0.008
M,2024,Yosef,6,MI,2029,0.008
M,2024,Yaqub,5,MI,2302,0.007
M,2024,Yasin,5,MI,2302,0.007
M,2024,Yousif,5,MI,2302,0.007
M,2024,Yunus,5,MI,2302,0.007
F,1914,Yvonne,7,MO,609,0.019
F,1916,Yvonne,9,MO,652,0.017
F,1917,Yvonne,5,MO,916,0.009
F,1918,Yvonne,8,MO,727,0.014
F,1919,Yvonne,7,MO,755,0.013
F,1919,Yetta,5,MO,913,0.009
F,1920,Yvonne,18,MO,453,0.031
F,1921,Yvonne,13,MO,563,0.021
F,1922,Yvonne,20,MO,412,0.034
F,1922,Yetta,6,MO,852,0.01
F,1923,Yvonne,15,MO,494,0.025
F,1924,Yvonne,15,MO,509,0.024
F,1925,Yvonne,13,MO,532,0.021
F,1926,Yvonne,22,MO,404,0.037
F,1927,Yvonne,16,MO,479,0.027
F,1928,Yvonne,20,MO,410,0.035
F,1929,Yvonne,26,MO,344,0.047
F,1930,Yvonne,30,MO,314,0.053
F,1931,Yvonne,20,MO,397,0.037
F,1932,Yvonne,30,MO,318,0.054
F,1933,Yvonne,22,MO,367,0.042
F,1934,Yvonne,27,MO,334,0.05
F,1935,Yvonne,61,MO,185,0.115
F,1936,Yvonne,70,MO,154,0.135
F,1937,Yvonne,71,MO,159,0.135
F,1938,Yvonne,60,MO,184,0.11
F,1939,Yvonne,58,MO,185,0.106
F,1940,Yvonne,49,MO,221,0.086
F,1941,Yvonne,43,MO,244,0.071
F,1942,Yvonne,43,MO,262,0.065
F,1943,Yvonne,37,MO,284,0.055
F,1944,Yvonne,45,MO,234,0.071
F,1945,Yvonne,47,MO,221,0.076
F,1946,Yvonne,66,MO,206,0.087
F,1946,Yolanda,6,MO,826,0.008
F,1947,Yvonne,64,MO,226,0.076
F,1947,Yvette,5,MO,930,0.006
F,1948,Yvonne,64,MO,225,0.08
F,1948,Yolanda,5,MO,903,0.006
F,1949,Yvonne,70,MO,204,0.087
F,1949,Yvette,8,MO,719,0.01
F,1949,Yolanda,7,MO,770,0.009
F,1950,Yvonne,62,MO,225,0.077
F,1950,Yolanda,11,MO,604,0.014
F,1950,Yvette,6,MO,841,0.007
F,1951,Yvonne,68,MO,221,0.08
F,1951,Yolanda,10,MO,659,0.012
F,1952,Yvonne,71,MO,209,0.083
F,1952,Yolanda,11,MO,660,0.013
F,1952,Yvette,7,MO,805,0.008
F,1953,Yvonne,66,MO,232,0.076
F,1953,Yolanda,13,MO,595,0.015
F,1953,Yvette,7,MO,829,0.008
F,1954,Yvonne,83,MO,210,0.092
F,1954,Yolanda,11,MO,667,0.012
F,1955,Yvonne,73,MO,230,0.081
F,1955,Yolanda,16,MO,542,0.018
F,1955,Yvette,16,MO,542,0.018
F,1956,Yvonne,60,MO,279,0.065
F,1956,Yvette,22,MO,477,0.024
F,1956,Yolanda,20,MO,501,0.022
F,1957,Yvonne,60,MO,282,0.064
F,1957,Yolanda,22,MO,501,0.023
F,1957,Yvette,9,MO,803,0.01
F,1958,Yvonne,73,MO,253,0.078
F,1958,Yvette,27,MO,444,0.029
F,1958,Yolanda,20,MO,528,0.021
F,1959,Yvonne,49,MO,336,0.052
F,1959,Yolanda,23,MO,495,0.024
F,1959,Yvette,22,MO,510,0.023
F,1960,Yvonne,62,MO,295,0.066
F,1960,Yvette,34,MO,410,0.036
F,1960,Yolanda,18,MO,568,0.019
F,1961,Yvonne,63,MO,289,0.068
F,1961,Yvette,24,MO,493,0.026
F,1961,Yolanda,22,MO,513,0.024
F,1962,Yvonne,51,MO,322,0.057
F,1962,Yvette,31,MO,422,0.035
F,1962,Yolanda,29,MO,432,0.033
F,1963,Yvette,44,MO,340,0.051
F,1963,Yvonne,44,MO,340,0.051
F,1963,Yolanda,29,MO,429,0.034
F,1963,Yolonda,5,MO,1095,0.006
F,1964,Yvette,50,MO,314,0.061
F,1964,Yvonne,45,MO,332,0.054
F,1964,Yolanda,39,MO,358,0.047
F,1965,Yolanda,45,MO,310,0.059
F,1965,Yvonne,45,MO,310,0.059
F,1965,Yvette,40,MO,345,0.052
F,1965,Yolonda,6,MO,925,0.008
F,1966,Yolanda,56,MO,245,0.077
F,1966,Yvette,32,MO,386,0.044
F,1966,Yvonne,31,MO,396,0.043
F,1966,Yolonda,12,MO,652,0.016
F,1967,Yvette,53,MO,254,0.076
F,1967,Yolanda,47,MO,279,0.067
F,1967,Yvonne,45,MO,292,0.064
F,1968,Yolanda,71,MO,194,0.102
F,1968,Yvonne,31,MO,382,0.045
F,1968,Yvette,29,MO,395,0.042
F,1968,Yolonda,6,MO,932,0.009
F,1969,Yolanda,86,MO,172,0.118
F,1969,Yvette,29,MO,413,0.04
F,1969,Yvonne,23,MO,479,0.032
F,1969,Yolonda,11,MO,694,0.015
F,1970,Yolanda,77,MO,193,0.103
F,1970,Yvonne,40,MO,329,0.053
F,1970,Yvette,25,MO,465,0.033
F,1970,Yolonda,9,MO,800,0.012
F,1971,Yolanda,62,MO,225,0.086
F,1971,Yvonne,29,MO,420,0.04
F,1971,Yvette,14,MO,637,0.019
F,1971,Yolonda,9,MO,790,0.012
F,1972,Yolanda,64,MO,206,0.096
F,1972,Yvonne,42,MO,293,0.063
F,1972,Yvette,17,MO,549,0.026
F,1972,Yolonda,7,MO,882,0.011
F,1973,Yolanda,56,MO,214,0.09
F,1973,Yvette,16,MO,537,0.026
F,1973,Yvonne,15,MO,559,0.024
F,1973,Yolonda,7,MO,856,0.011
F,1973,Yulonda,5,MO,1052,0.008
F,1974,Yolanda,55,MO,213,0.087
F,1974,Yvonne,14,MO,577,0.022
F,1974,Yvette,8,MO,816,0.013
F,1975,Yolanda,46,MO,245,0.074
F,1975,Yvonne,18,MO,487,0.029
F,1975,Yvette,10,MO,696,0.016
F,1976,Yolanda,43,MO,259,0.069
F,1976,Yvette,13,MO,584,0.021
F,1976,Yvonne,13,MO,584,0.021
F,1976,Yalonda,7,MO,874,0.011
F,1976,Yolonda,6,MO,955,0.01
F,1977,Yolanda,39,MO,286,0.059
F,1977,Yvonne,12,MO,647,0.018
F,1977,Yvette,8,MO,804,0.012
F,1978,Yolanda,25,MO,390,0.038
F,1978,Yvonne,11,MO,667,0.017
F,1978,Yvette,5,MO,1103,0.008
F,1979,Yolanda,24,MO,418,0.035
F,1979,Yvonne,15,MO,569,0.022
F,1979,Yvette,12,MO,646,0.017
F,1979,Yolonda,5,MO,1107,0.007
F,1980,Yolanda,27,MO,389,0.038
F,1980,Yvette,8,MO,838,0.011
F,1980,Yvonne,8,MO,838,0.011
F,1981,Yolanda,29,MO,355,0.042
F,1981,Yvonne,12,MO,635,0.017
F,1982,Yolanda,15,MO,556,0.022
F,1982,Yvonne,11,MO,666,0.016
F,1983,Yolanda,13,MO,585,0.019
F,1984,Yolanda,14,MO,556,0.021
F,1984,Yvonne,7,MO,879,0.01
F,1984,Yvette,5,MO,1086,0.007
F,1985,Yolanda,14,MO,583,0.02
F,1986,Yolanda,8,MO,848,0.012
F,1986,Yvonne,7,MO,948,0.01
F,1986,Yvette,5,MO,1129,0.007
F,1987,Yolanda,6,MO,1000,0.009
F,1987,Yvonne,5,MO,1119,0.007
F,1988,Yolanda,6,MO,1049,0.009
F,1988,Yvette,6,MO,1049,0.009
F,1988,Yvonne,6,MO,1049,0.009
F,1989,Yvonne,11,MO,727,0.016
F,1989,Yolanda,10,MO,773,0.014
F,1990,Yolanda,7,MO,1017,0.01
F,1990,Yvonne,7,MO,1017,0.01
F,1991,Yolanda,7,MO,1016,0.01
F,1992,Yolanda,6,MO,1153,0.009
F,1992,Yvonne,5,MO,1281,0.007
F,1993,Yasmin,8,MO,946,0.012
F,1993,Yasmine,6,MO,1155,0.009
F,1996,Yasmine,6,MO,1193,0.009
F,1996,Yasmin,5,MO,1343,0.008
F,1996,Yvonne,5,MO,1343,0.008
F,1997,Yasmeen,5,MO,1361,0.008
F,1997,Yasmine,5,MO,1361,0.008
F,1999,Yasmine,11,MO,807,0.017
F,2000,Yasmine,5,MO,1421,0.008
F,2001,Yasmine,5,MO,1451,0.008
F,2001,Yvette,5,MO,1451,0.008
F,2002,Yasmin,8,MO,1034,0.013
F,2002,Yasmine,6,MO,1270,0.01
F,2002,Yesenia,6,MO,1270,0.01
F,2003,Yasmine,8,MO,1103,0.013
F,2003,Yesenia,6,MO,1342,0.01
F,2004,Yasmine,15,MO,708,0.024
F,2004,Yasmin,10,MO,962,0.016
F,2005,Yasmin,10,MO,980,0.016
F,2005,Yazmin,7,MO,1292,0.011
F,2005,Yesenia,7,MO,1292,0.011
F,2005,Yasmine,6,MO,1453,0.01
F,2005,Yadira,5,MO,1646,0.008
F,2006,Yasmine,9,MO,1121,0.014
F,2006,Yadira,6,MO,1485,0.009
F,2006,Yasmin,6,MO,1485,0.009
F,2007,Yasmin,6,MO,1523,0.009
F,2007,Yasmine,5,MO,1717,0.008
F,2007,Yesenia,5,MO,1717,0.008
F,2007,Yoselin,5,MO,1717,0.008
F,2008,Yoselin,7,MO,1395,0.011
F,2008,Yazmin,6,MO,1560,0.009
F,2009,Yasmine,6,MO,1539,0.01
F,2010,Yara,6,MO,1516,0.01
F,2010,Yareli,6,MO,1516,0.01
F,2010,Yolanda,5,MO,1729,0.008
F,2011,Yaretzi,6,MO,1538,0.01
F,2011,Yasmin,5,MO,1735,0.008
F,2011,Yazmin,5,MO,1735,0.008
F,2012,Yaretzi,9,MO,1128,0.015
F,2012,Yasmin,6,MO,1518,0.01
F,2013,Yaretzi,8,MO,1249,0.014
F,2013,Yareli,6,MO,1513,0.01
F,2014,Yara,5,MO,1799,0.008
F,2015,Yaretzi,5,MO,1763,0.009
F,2016,Yasmin,5,MO,1793,0.009
F,2017,Yasmin,7,MO,1416,0.012
F,2018,Yara,6,MO,1574,0.011
F,2019,Yara,8,MO,1312,0.014
F,2019,Yuri,6,MO,1589,0.011
F,2020,Yara,5,MO,1763,0.009
F,2021,Yusra,5,MO,1801,0.009
F,2022,Yasmin,6,MO,1592,0.012
F,2023,Yasmin,7,MO,1389,0.014
F,2023,Yara,5,MO,1738,0.01
F,2024,Yara,6,MO,1546,0.012
M,1971,Yancy,5,MO,1134,0.007
M,2002,Yusuf,6,MO,1270,0.01
M,2003,Yahir,6,MO,1342,0.01
M,2003,Yusuf,5,MO,1539,0.008
M,2004,Yusuf,6,MO,1373,0.01
M,2007,Yahir,6,MO,1523,0.009
M,2007,Yusuf,6,MO,1523,0.009
M,2008,Yandel,7,MO,1395,0.011
M,2009,Yusuf,5,MO,1752,0.008
M,2010,Yahir,5,MO,1729,0.008
M,2010,Yusuf,5,MO,1729,0.008
M,2011,Yahir,5,MO,1735,0.008
M,2012,Yahir,5,MO,1723,0.009
M,2012,Yusuf,5,MO,1723,0.009
M,2013,Yusuf,7,MO,1355,0.012
M,2013,Yahya,5,MO,1691,0.009
M,2014,Yusuf,7,MO,1417,0.012
M,2014,Yahir,5,MO,1799,0.008
M,2014,Yahya,5,MO,1799,0.008
M,2015,Yasin,6,MO,1570,0.01
M,2015,Yusuf,5,MO,1763,0.009
M,2016,Yousef,7,MO,1419,0.012
M,2016,Yusuf,7,MO,1419,0.012
M,2017,Yousef,5,MO,1779,0.009
M,2018,Yusuf,8,MO,1311,0.014
M,2018,Yousef,6,MO,1574,0.011
M,2018,Yahya,5,MO,1818,0.009
M,2019,Yousef,6,MO,1589,0.011
M,2021,Yousef,7,MO,1425,0.013
M,2021,Yusuf,5,MO,1801,0.009
M,2022,Yahya,7,MO,1429,0.013
M,2022,Yousef,5,MO,1779,0.01
M,2023,Yusuf,8,MO,1271,0.016
M,2023,Yasir,5,MO,1738,0.01
M,2023,Yousef,5,MO,1738,0.01
M,2024,Yusuf,12,MO,958,0.024
M,2024,Yahya,5,MO,1765,0.01
F,1918,Yvonne,5,ID,341,0.061
F,1919,Yvonne,9,ID,232,0.116
F,1920,Yvonne,8,ID,251,0.096
F,1921,Yvonne,9,ID,244,0.104
F,1922,Yvonne,6,ID,292,0.078
F,1923,Yvonne,9,ID,220,0.122
F,1924,Yvonne,6,ID,292,0.08
F,1925,Yvonne,5,ID,318,0.071
F,1927,Yvonne,8,ID,227,0.114
F,1928,Yvonne,9,ID,207,0.128
F,1929,Yvonne,13,ID,141,0.191
F,1930,Yvonne,8,ID,223,0.115
F,1931,Yvonne,9,ID,199,0.13
F,1932,Yvonne,8,ID,213,0.12
F,1934,Yvonne,11,ID,168,0.155
F,1935,Yvonne,17,ID,121,0.232
F,1936,Yvonne,19,ID,107,0.243
F,1937,Yvonne,18,ID,120,0.224
F,1938,Yvonne,15,ID,145,0.172
F,1939,Yvonne,7,ID,267,0.08
F,1940,Yvonne,11,ID,206,0.121
F,1941,Yvonne,8,ID,251,0.087
F,1944,Yvonne,9,ID,245,0.093
F,1945,Yvonne,6,ID,306,0.066
F,1947,Yvonne,16,ID,189,0.125
F,1948,Yvonne,14,ID,192,0.11
F,1949,Yvonne,12,ID,228,0.093
F,1950,Yvonne,9,ID,288,0.07
F,1951,Yvonne,7,ID,354,0.053
F,1952,Yvonne,13,ID,234,0.096
F,1953,Yvonne,11,ID,272,0.081
F,1954,Yvonne,8,ID,329,0.058
F,1955,Yvonne,14,ID,224,0.1
F,1956,Yvonne,13,ID,241,0.096
F,1957,Yvonne,8,ID,345,0.058
F,1959,Yvonne,12,ID,277,0.086
F,1960,Yvonne,9,ID,350,0.065
F,1961,Yvonne,9,ID,336,0.066
F,1961,Yvette,5,ID,482,0.037
F,1962,Yvonne,9,ID,319,0.069
F,1963,Yvonne,7,ID,377,0.059
F,1963,Yolanda,5,ID,469,0.042
F,1964,Yvette,5,ID,451,0.045
F,1964,Yvonne,5,ID,451,0.045
F,1965,Yvette,8,ID,296,0.079
F,1965,Yvonne,7,ID,333,0.069
F,1967,Yvonne,7,ID,312,0.073
F,1967,Yvette,5,ID,397,0.052
F,1968,Yolanda,9,ID,266,0.092
F,1968,Yvonne,9,ID,266,0.092
F,1970,Yvette,7,ID,351,0.064
F,1971,Yolanda,7,ID,351,0.065
F,1972,Yvonne,6,ID,366,0.057
F,1973,Yvonne,8,ID,317,0.074
F,1973,Yolanda,7,ID,336,0.065
F,1974,Yvonne,6,ID,394,0.051
F,1976,Yolanda,9,ID,290,0.069
F,1977,Yolanda,5,ID,483,0.035
F,1977,Yvonne,5,ID,483,0.035
F,1978,Yvette,7,ID,373,0.048
F,1978,Yvonne,6,ID,431,0.041
F,1981,Yvonne,5,ID,496,0.033
F,1982,Yolanda,5,ID,496,0.033
F,1982,Yvette,5,ID,496,0.033
F,1990,Yesenia,5,ID,463,0.041
F,1991,Yesenia,5,ID,484,0.041
F,1992,Yvette,7,ID,381,0.055
F,1992,Yesenia,5,ID,491,0.04
F,1994,Yesenia,5,ID,507,0.041
F,1995,Yesenia,10,ID,314,0.078
F,1996,Yesenia,8,ID,396,0.061
F,1996,Yadira,5,ID,552,0.038
F,1997,Yulissa,7,ID,438,0.054
F,1999,Yesenia,10,ID,350,0.073
F,2000,Yesenia,8,ID,437,0.057
F,2001,Yesenia,10,ID,378,0.072
F,2002,Yesenia,7,ID,508,0.049
F,2003,Yesenia,5,ID,669,0.034
F,2005,Yesenia,6,ID,618,0.039
F,2005,Yasmin,5,ID,711,0.032
F,2006,Yadira,7,ID,567,0.043
F,2006,Yesenia,5,ID,746,0.031
F,2006,Yuridia,5,ID,746,0.031
F,2007,Yesenia,5,ID,769,0.03
F,2008,Yasmin,6,ID,680,0.036
F,2008,Yesenia,6,ID,680,0.036
F,2009,Yasmin,7,ID,584,0.045
F,2010,Yoselin,5,ID,750,0.034
F,2012,Yareli,5,ID,767,0.035
F,2012,Yesenia,5,ID,767,0.035
F,2013,Yaretzi,7,ID,562,0.049
F,2016,Yuliana,5,ID,771,0.035
F,2018,Yaretzi,7,ID,555,0.051
F,2018,Yvette,5,ID,745,0.036
F,2019,Yaretzi,7,ID,571,0.05
F,2023,Yaretzi,6,ID,676,0.042
M,2004,Yahir,5,ID,693,0.033
M,2007,Yahir,5,ID,769,0.03
M,2010,Yahir,5,ID,750,0.034
M,2011,Yahir,7,ID,558,0.049
M,2011,Yandel,5,ID,768,0.035
M,2012,Yandel,5,ID,767,0.035
M,2013,Yahir,7,ID,562,0.049
F,1929,Yolanda,5,NM,397,0.06
F,1933,Yvonne,11,NM,212,0.121
F,1935,Yvonne,13,NM,200,0.13
F,1936,Yolanda,6,NM,385,0.06
F,1937,Yvonne,12,NM,248,0.11
F,1937,Yolanda,11,NM,262,0.101
F,1938,Yvonne,9,NM,316,0.08
F,1938,Yolanda,7,NM,373,0.062
F,1939,Yvonne,8,NM,333,0.072
F,1939,Yolanda,6,NM,391,0.054
F,1940,Yvonne,11,NM,293,0.093
F,1940,Yolanda,7,NM,382,0.059
F,1941,Yolanda,13,NM,236,0.109
F,1941,Yvonne,8,NM,341,0.067
F,1942,Yolanda,9,NM,327,0.076
F,1942,Yvonne,6,NM,431,0.05
F,1943,Yolanda,14,NM,245,0.111
F,1944,Yolanda,18,NM,200,0.137
F,1944,Yvonne,9,NM,332,0.068
F,1945,Yolanda,19,NM,184,0.15
F,1945,Yvonne,9,NM,316,0.071
F,1946,Yolanda,45,NM,78,0.301
F,1946,Yvonne,8,NM,387,0.053
F,1947,Yolanda,58,NM,69,0.338
F,1947,Yvonne,16,NM,266,0.093
F,1948,Yolanda,40,NM,107,0.229
F,1948,Yvonne,17,NM,260,0.097
F,1949,Yolanda,49,NM,89,0.268
F,1949,Yvonne,30,NM,164,0.164
F,1950,Yolanda,65,NM,69,0.343
F,1950,Yvonne,35,NM,142,0.185
F,1951,Yolanda,65,NM,71,0.328
F,1951,Yvonne,38,NM,136,0.192
F,1952,Yolanda,75,NM,59,0.356
F,1952,Yvonne,41,NM,131,0.195
F,1953,Yolanda,59,NM,85,0.272
F,1953,Yvonne,31,NM,175,0.143
F,1953,Yvette,5,NM,621,0.023
F,1954,Yolanda,81,NM,61,0.364
F,1954,Yvonne,43,NM,130,0.193
F,1955,Yolanda,76,NM,63,0.337
F,1955,Yvonne,54,NM,100,0.24
F,1956,Yolanda,58,NM,93,0.251
F,1956,Yvonne,45,NM,132,0.195
F,1956,Yvette,8,NM,503,0.035
F,1957,Yolanda,72,NM,77,0.3
F,1957,Yvonne,49,NM,127,0.204
F,1957,Yvette,8,NM,522,0.033
F,1958,Yvonne,65,NM,93,0.267
F,1958,Yolanda,63,NM,97,0.259
F,1958,Yvette,8,NM,532,0.033
F,1959,Yolanda,66,NM,95,0.26
F,1959,Yvonne,66,NM,95,0.26
F,1959,Yvette,11,NM,454,0.043
F,1960,Yvonne,61,NM,111,0.234
F,1960,Yolanda,60,NM,116,0.23
F,1960,Yvette,15,NM,390,0.058
F,1961,Yolanda,67,NM,92,0.265
F,1961,Yvonne,58,NM,113,0.23
F,1961,Yvette,25,NM,256,0.099
F,1962,Yolanda,62,NM,99,0.25
F,1962,Yvonne,59,NM,104,0.238
F,1962,Yvette,16,NM,356,0.065
F,1963,Yvonne,63,NM,93,0.272
F,1963,Yolanda,42,NM,147,0.181
F,1963,Yvette,30,NM,205,0.129
F,1964,Yvonne,73,NM,69,0.327
F,1964,Yolanda,56,NM,97,0.251
F,1964,Yvette,33,NM,184,0.148
F,1965,Yvonne,53,NM,100,0.258
F,1965,Yolanda,48,NM,111,0.234
F,1965,Yvette,41,NM,136,0.2
F,1966,Yvonne,56,NM,80,0.304
F,1966,Yolanda,41,NM,111,0.223
F,1966,Yvette,34,NM,137,0.185
F,1967,Yvonne,64,NM,58,0.374
F,1967,Yolanda,40,NM,108,0.234
F,1967,Yvette,26,NM,172,0.152
F,1968,Yvonne,54,NM,71,0.328
F,1968,Yvette,36,NM,119,0.219
F,1968,Yolanda,26,NM,162,0.158
F,1969,Yvonne,47,NM,88,0.271
F,1969,Yvette,39,NM,109,0.225
F,1969,Yolanda,23,NM,187,0.133
F,1970,Yvonne,52,NM,75,0.292
F,1970,Yvette,39,NM,108,0.219
F,1970,Yolanda,24,NM,188,0.135
F,1971,Yvonne,55,NM,72,0.305
F,1971,Yvette,31,NM,133,0.172
F,1971,Yolanda,25,NM,177,0.139
F,1972,Yvette,51,NM,75,0.31
F,1972,Yvonne,38,NM,112,0.231
F,1972,Yolanda,26,NM,155,0.158
F,1973,Yvonne,35,NM,111,0.215
F,1973,Yvette,33,NM,119,0.203
F,1973,Yolanda,20,NM,200,0.123
F,1974,Yvette,35,NM,112,0.208
F,1974,Yvonne,25,NM,164,0.149
F,1974,Yolanda,16,NM,258,0.095
F,1975,Yvonne,36,NM,106,0.219
F,1975,Yolanda,33,NM,113,0.201
F,1975,Yvette,21,NM,192,0.128
F,1976,Yvonne,29,NM,139,0.17
F,1976,Yvette,27,NM,151,0.158
F,1976,Yolanda,25,NM,168,0.147
F,1977,Yvonne,35,NM,117,0.2
F,1977,Yolanda,32,NM,134,0.183
F,1977,Yvette,27,NM,152,0.154
F,1978,Yvette,24,NM,181,0.131
F,1978,Yolanda,23,NM,192,0.126
F,1978,Yvonne,22,NM,202,0.12
F,1979,Yvonne,32,NM,128,0.169
F,1979,Yolanda,29,NM,143,0.153
F,1979,Yvette,22,NM,195,0.116
F,1980,Yolanda,31,NM,154,0.15
F,1980,Yvette,28,NM,172,0.136
F,1980,Yvonne,20,NM,238,0.097
F,1981,Yvonne,29,NM,155,0.142
F,1981,Yvette,24,NM,190,0.117
F,1981,Yolanda,21,NM,214,0.103
F,1981,Yesenia,6,NM,615,0.029
F,1982,Yvonne,29,NM,162,0.136
F,1982,Yvette,27,NM,178,0.127
F,1982,Yolanda,22,NM,212,0.103
F,1983,Yvonne,22,NM,214,0.104
F,1983,Yolanda,20,NM,225,0.095
F,1983,Yvette,12,NM,359,0.057
F,1984,Yvette,25,NM,185,0.118
F,1984,Yolanda,24,NM,192,0.113
F,1984,Yvonne,14,NM,319,0.066
F,1985,Yolanda,19,NM,239,0.09
F,1985,Yvette,17,NM,266,0.08
F,1985,Yvonne,13,NM,339,0.061
F,1986,Yvette,22,NM,197,0.106
F,1986,Yolanda,19,NM,228,0.091
F,1986,Yvonne,9,NM,447,0.043
F,1986,Yesenia,5,NM,722,0.024
F,1987,Yesenia,16,NM,275,0.077
F,1987,Yvette,14,NM,319,0.067
F,1987,Yvonne,14,NM,319,0.067
F,1987,Yolanda,13,NM,339,0.062
F,1988,Yvette,15,NM,296,0.072
F,1988,Yvonne,12,NM,359,0.058
F,1988,Yesenia,10,NM,414,0.048
F,1988,Yolanda,10,NM,414,0.048
F,1989,Yolanda,16,NM,290,0.077
F,1989,Yvette,15,NM,305,0.072
F,1989,Yvonne,14,NM,328,0.067
F,1989,Yesenia,7,NM,552,0.034
F,1990,Yesenia,12,NM,361,0.058
F,1990,Yvette,12,NM,361,0.058
F,1990,Yvonne,10,NM,426,0.048
F,1990,Yolanda,7,NM,572,0.034
F,1990,Yessenia,5,NM,744,0.024
F,1991,Yvette,18,NM,265,0.086
F,1991,Yvonne,13,NM,346,0.062
F,1991,Yadira,11,NM,397,0.053
F,1991,Yesenia,7,NM,581,0.034
F,1992,Yesenia,14,NM,338,0.067
F,1992,Yvette,10,NM,452,0.048
F,1992,Yvonne,10,NM,452,0.048
F,1992,Yolanda,9,NM,485,0.043
F,1992,Yadira,5,NM,754,0.024
F,1992,Yessica,5,NM,754,0.024
F,1993,Yesenia,18,NM,275,0.087
F,1993,Yvette,7,NM,600,0.034
F,1993,Yvonne,7,NM,600,0.034
F,1993,Yolanda,5,NM,767,0.024
F,1994,Yesenia,12,NM,389,0.06
F,1994,Yvette,10,NM,443,0.05
F,1994,Yolanda,9,NM,475,0.045
F,1994,Yvonne,6,NM,653,0.03
F,1995,Yesenia,26,NM,189,0.135
F,1995,Yvette,9,NM,469,0.047
F,1996,Yesenia,13,NM,368,0.067
F,1996,Yvette,6,NM,660,0.031
F,1996,Yvonne,6,NM,660,0.031
F,1996,Yajaira,5,NM,748,0.026
F,1996,Yolanda,5,NM,748,0.026
F,1997,Yesenia,15,NM,327,0.079
F,1997,Yvette,9,NM,476,0.048
F,1997,Yulissa,8,NM,514,0.042
F,1997,Yasmine,7,NM,570,0.037
F,1997,Yazmin,6,NM,644,0.032
F,1997,Yvonne,5,NM,745,0.026
F,1998,Yesenia,18,NM,286,0.093
F,1998,Yadira,8,NM,550,0.042
F,1998,Yasmin,7,NM,598,0.036
F,1998,Yvette,7,NM,598,0.036
F,1998,Yolanda,6,NM,663,0.031
F,1999,Yesenia,14,NM,343,0.074
F,1999,Yasmine,8,NM,530,0.042
F,1999,Yasmin,6,NM,638,0.032
F,1999,Yvonne,5,NM,723,0.026
F,2000,Yasmin,9,NM,502,0.048
F,2000,Yesenia,9,NM,502,0.048
F,2000,Yamile,7,NM,597,0.037
F,2000,Yvette,6,NM,670,0.032
F,2001,Yesenia,12,NM,386,0.065
F,2001,Yasmin,11,NM,411,0.059
F,2001,Yasmine,9,NM,484,0.048
F,2002,Yesenia,13,NM,361,0.069
F,2002,Yasmin,9,NM,504,0.048
F,2002,Yadira,6,NM,694,0.032
F,2002,Yolanda,6,NM,694,0.032
F,2002,Yasmine,5,NM,801,0.026
F,2002,Yvette,5,NM,801,0.026
F,2003,Yesenia,12,NM,396,0.064
F,2003,Yasmin,11,NM,428,0.059
F,2003,Yolanda,5,NM,771,0.027
F,2004,Yesenia,12,NM,401,0.063
F,2004,Yareli,9,NM,510,0.047
F,2004,Yoselin,9,NM,510,0.047
F,2004,Yarely,8,NM,554,0.042
F,2004,Yasmin,7,NM,615,0.037
F,2004,Yadira,6,NM,687,0.032
F,2004,Yasmine,6,NM,687,0.032
F,2004,Yulissa,6,NM,687,0.032
F,2004,Yolanda,5,NM,803,0.026
F,2005,Yasmin,10,NM,467,0.052
F,2005,Yesenia,10,NM,467,0.052
F,2005,Yasmine,7,NM,618,0.036
F,2005,Yazmin,7,NM,618,0.036
F,2005,Yvette,7,NM,618,0.036
F,2005,Yahaira,5,NM,791,0.026
F,2005,Yoselin,5,NM,791,0.026
F,2006,Yasmine,10,NM,469,0.051
F,2006,Yesenia,9,NM,520,0.045
F,2006,Yazmin,7,NM,633,0.035
F,2006,Yadhira,6,NM,730,0.03
F,2006,Yaritza,6,NM,730,0.03
F,2006,Yasmin,6,NM,730,0.03
F,2006,Yuridia,6,NM,730,0.03
F,2006,Yamilet,5,NM,853,0.025
F,2006,Yvette,5,NM,853,0.025
F,2007,Yazmin,17,NM,318,0.085
F,2007,Yoselin,13,NM,388,0.065
F,2007,Yesenia,8,NM,580,0.04
F,2007,Yadira,7,NM,659,0.035
F,2007,Yareli,6,NM,749,0.03
F,2007,Yarely,6,NM,749,0.03
F,2007,Yaritza,6,NM,749,0.03
F,2007,Yasmine,6,NM,749,0.03
F,2007,Yuridia,5,NM,861,0.025
F,2008,Yesenia,8,NM,589,0.041
F,2008,Yaritza,7,NM,656,0.036
F,2008,Yasmin,7,NM,656,0.036
F,2008,Yazmin,7,NM,656,0.036
F,2008,Yvette,7,NM,656,0.036
F,2008,Yaneli,6,NM,755,0.031
F,2008,Yaretzi,6,NM,755,0.031
F,2008,Yadira,5,NM,882,0.025
F,2008,Yareli,5,NM,882,0.025
F,2009,Yamilet,14,NM,345,0.075
F,2009,Yareli,10,NM,482,0.054
F,2009,Yaritza,9,NM,514,0.048
F,2009,Yoselin,6,NM,750,0.032
F,2009,Yaretzi,5,NM,857,0.027
F,2009,Yvette,5,NM,857,0.027
F,2010,Yaretzi,11,NM,418,0.063
F,2010,Yazmin,7,NM,606,0.04
F,2010,Yareli,5,NM,819,0.029
F,2010,Yaritza,5,NM,819,0.029
F,2010,Yesenia,5,NM,819,0.029
F,2011,Yareli,10,NM,444,0.059
F,2011,Yaretzi,8,NM,557,0.047
F,2011,Yalexa,7,NM,620,0.042
F,2011,Yamilet,7,NM,620,0.042
F,2011,Yulissa,6,NM,701,0.036
F,2011,Yesenia,5,NM,815,0.03
F,2012,Yalexa,16,NM,281,0.095
F,2012,Yaretzi,10,NM,443,0.06
F,2012,Yareli,8,NM,540,0.048
F,2012,Yamileth,7,NM,595,0.042
F,2012,Yaretzy,6,NM,696,0.036
F,2012,Yaritza,6,NM,696,0.036
F,2012,Yasmin,6,NM,696,0.036
F,2012,Yuliana,5,NM,806,0.03
F,2013,Yaretzi,12,NM,352,0.075
F,2013,Yareli,11,NM,380,0.069
F,2013,Yalexa,5,NM,778,0.031
F,2013,Yamilet,5,NM,778,0.031
F,2014,Yareli,11,NM,390,0.069
F,2014,Yaretzi,7,NM,592,0.044
F,2014,Yamilet,6,NM,681,0.038
F,2014,Yaritza,6,NM,681,0.038
F,2014,Yalexa,5,NM,790,0.031
F,2015,Yaretzi,8,NM,524,0.052
F,2015,Yamileth,6,NM,669,0.039
F,2015,Yazmin,6,NM,669,0.039
F,2015,Yesenia,5,NM,775,0.032
F,2016,Yareli,9,NM,453,0.061
F,2016,Yaretzi,7,NM,566,0.048
F,2017,Yesenia,5,NM,738,0.036
F,2018,Yaretzi,15,NM,246,0.111
F,2018,Yareli,7,NM,546,0.052
F,2018,Yamileth,6,NM,623,0.045
F,2019,Yareli,8,NM,482,0.06
F,2019,Yaretzi,7,NM,550,0.053
F,2019,Yaritza,5,NM,715,0.038
F,2020,Yareli,8,NM,461,0.064
F,2021,Yareli,11,NM,332,0.092
F,2021,Yaretzi,8,NM,455,0.067
F,2022,Yareli,6,NM,566,0.052
F,2022,Yaretzi,5,NM,674,0.043
F,2022,Yelena,5,NM,674,0.043
F,2023,Yaretzi,10,NM,326,0.091
F,2024,Yareli,5,NM,659,0.044
M,1922,Ysidro,7,NM,288,0.084
M,1933,Ysidro,5,NM,419,0.055
M,1935,Ysidro,5,NM,445,0.05
M,2003,Yahir,6,NM,683,0.032
M,2004,Yahir,5,NM,803,0.026
M,2006,Yahir,11,NM,442,0.056
M,2007,Yahir,12,NM,417,0.06
M,2007,Yurem,6,NM,749,0.03
M,2007,Yandel,5,NM,861,0.025
M,2008,Yurem,8,NM,589,0.041
M,2008,Yahir,7,NM,656,0.036
M,2008,Yandel,6,NM,755,0.031
M,2009,Yahir,7,NM,645,0.038
M,2009,Yandel,7,NM,645,0.038
M,2011,Yahir,8,NM,557,0.047
M,2012,Yahir,11,NM,411,0.066
M,2013,Yahir,9,NM,470,0.056
M,2014,Yahir,7,NM,592,0.044
M,2015,Yael,7,NM,587,0.045
M,2016,Yahir,5,NM,749,0.034
M,2017,Yael,7,NM,560,0.05
M,2017,Yahir,5,NM,738,0.036
M,2019,Yahir,6,NM,613,0.045
M,2019,Yael,5,NM,715,0.038
M,2020,Yael,5,NM,697,0.04
M,2023,Yahir,6,NM,552,0.055
F,1910,Yoshiko,9,HI,19,1.573
F,1912,Yoshiko,7,HI,74,0.518
F,1912,Yaeko,5,HI,100,0.37
F,1913,Yoshiko,22,HI,15,1.289
F,1913,Yasuko,5,HI,113,0.293
F,1914,Yoshiko,14,HI,47,0.622
F,1914,Yoshie,8,HI,89,0.355
F,1914,Yukie,5,HI,142,0.222
F,1915,Yoshiko,31,HI,19,0.856
F,1915,Yoshie,8,HI,139,0.221
F,1915,Yuriko,8,HI,139,0.221
F,1915,Yaeko,6,HI,181,0.166
F,1915,Yasuko,6,HI,181,0.166
F,1915,Yukiko,6,HI,181,0.166
F,1916,Yoshiko,26,HI,35,0.632
F,1916,Yoshie,12,HI,112,0.292
F,1916,Yukie,11,HI,121,0.268
F,1916,Yaeko,9,HI,138,0.219
F,1916,Yukiko,8,HI,149,0.195
F,1916,Yasuko,5,HI,234,0.122
F,1917,Yoshiko,42,HI,16,0.887
F,1917,Yoshie,20,HI,69,0.422
F,1917,Yukie,15,HI,92,0.317
F,1917,Yukiko,10,HI,146,0.211
F,1917,Yaeko,9,HI,156,0.19
F,1917,Yasuko,9,HI,156,0.19
F,1917,Yoshino,8,HI,173,0.169
F,1917,Yuriko,6,HI,214,0.127
F,1918,Yoshiko,32,HI,30,0.657
F,1918,Yoshie,16,HI,85,0.329
F,1918,Yaeko,11,HI,134,0.226
F,1918,Yukie,10,HI,144,0.205
F,1918,Yukiko,10,HI,144,0.205
F,1918,Yasuko,9,HI,162,0.185
F,1918,Yuriko,9,HI,162,0.185
F,1919,Yoshie,28,HI,40,0.559
F,1919,Yoshiko,27,HI,44,0.539
F,1919,Yasuko,16,HI,89,0.32
F,1919,Yukiko,16,HI,89,0.32
F,1919,Yaeko,14,HI,105,0.28
F,1919,Yoneko,5,HI,276,0.1
F,1919,Yoshimi,5,HI,276,0.1
F,1919,Yoshino,5,HI,276,0.1
F,1919,Yuriko,5,HI,276,0.1
F,1920,Yoshiko,38,HI,28,0.729
F,1920,Yoshie,17,HI,83,0.326
F,1920,Yaeko,16,HI,99,0.307
F,1920,Yuriko,14,HI,113,0.269
F,1920,Yukie,13,HI,122,0.249
F,1920,Yukiko,9,HI,184,0.173
F,1920,Yoneko,5,HI,310,0.096
F,1921,Yoshiko,37,HI,26,0.665
F,1921,Yoshie,18,HI,88,0.324
F,1921,Yaeko,14,HI,111,0.252
F,1921,Yasuko,11,HI,147,0.198
F,1921,Yuriko,9,HI,180,0.162
F,1921,Yukiko,8,HI,207,0.144
F,1921,Yukie,7,HI,236,0.126
F,1921,Yoshino,5,HI,299,0.09
F,1922,Yoshiko,42,HI,24,0.683
F,1922,Yaeko,19,HI,92,0.309
F,1922,Yuriko,18,HI,97,0.293
F,1922,Yukie,17,HI,105,0.276
F,1922,Yoshie,14,HI,133,0.228
F,1922,Yukiko,12,HI,159,0.195
F,1922,Yasuko,7,HI,244,0.114
F,1922,Yachiyo,6,HI,286,0.098
F,1923,Yoshiko,22,HI,71,0.352
F,1923,Yaeko,19,HI,83,0.304
F,1923,Yuriko,17,HI,98,0.272
F,1923,Yoshie,16,HI,103,0.256
F,1923,Yukie,14,HI,129,0.224
F,1923,Yukiko,11,HI,169,0.176
F,1923,Yoneko,7,HI,265,0.112
F,1923,Yasuko,6,HI,291,0.096
F,1923,Yoshino,6,HI,291,0.096
F,1924,Yoshie,33,HI,44,0.479
F,1924,Yoshiko,25,HI,67,0.363
F,1924,Yaeko,24,HI,73,0.348
F,1924,Yuriko,17,HI,115,0.247
F,1924,Yukie,14,HI,153,0.203
F,1924,Yasuko,13,HI,160,0.189
F,1924,Yukiko,13,HI,160,0.189
F,1925,Yoshiko,24,HI,74,0.352
F,1925,Yaeko,21,HI,81,0.308
F,1925,Yoshie,20,HI,86,0.294
F,1925,Yuriko,13,HI,151,0.191
F,1925,Yukiko,10,HI,207,0.147
F,1925,Yasuko,9,HI,229,0.132
F,1925,Yukie,8,HI,250,0.117
F,1925,Yoneko,7,HI,277,0.103
F,1925,Yoshino,6,HI,310,0.088
F,1926,Yoshiko,35,HI,37,0.526
F,1926,Yoshie,21,HI,83,0.315
F,1926,Yaeko,20,HI,88,0.3
F,1926,Yasuko,11,HI,187,0.165
F,1926,Yukie,10,HI,203,0.15
F,1926,Yukiko,10,HI,203,0.15
F,1926,Yoshino,7,HI,276,0.105
F,1926,Yuriko,7,HI,276,0.105
F,1927,Yoshiko,24,HI,67,0.345
F,1927,Yaeko,15,HI,123,0.216
F,1927,Yoshie,12,HI,160,0.173
F,1927,Yukie,12,HI,160,0.173
F,1927,Yuriko,11,HI,180,0.158
F,1927,Yvonne,8,HI,253,0.115
F,1927,Yukiko,6,HI,316,0.086
F,1928,Yoshiko,19,HI,90,0.272
F,1928,Yaeko,17,HI,101,0.243
F,1928,Yoshie,12,HI,139,0.172
F,1928,Yuriko,11,HI,158,0.157
F,1928,Yukie,8,HI,223,0.114
F,1928,Yukiko,8,HI,223,0.114
F,1928,Yasuko,5,HI,316,0.072
F,1929,Yaeko,17,HI,95,0.252
F,1929,Yoshie,17,HI,95,0.252
F,1929,Yoshiko,14,HI,115,0.207
F,1929,Yukie,14,HI,115,0.207
F,1929,Yukiko,10,HI,183,0.148
F,1929,Yasuko,9,HI,202,0.133
F,1929,Yuriko,9,HI,202,0.133
F,1930,Yoshiko,15,HI,117,0.221
F,1930,Yaeko,14,HI,124,0.206
F,1930,Yoshie,12,HI,144,0.177
F,1930,Yasuko,8,HI,211,0.118
F,1930,Yukie,8,HI,211,0.118
F,1930,Yukiko,8,HI,211,0.118
F,1930,Yuriko,8,HI,211,0.118
F,1930,Yoneko,6,HI,268,0.088
F,1931,Yaeko,9,HI,183,0.138
F,1931,Yoshie,9,HI,183,0.138
F,1931,Yoshiko,8,HI,201,0.122
F,1931,Yuriko,8,HI,201,0.122
F,1931,Yukiko,6,HI,253,0.092
F,1932,Yuriko,10,HI,167,0.149
F,1932,Yaeko,9,HI,182,0.134
F,1932,Yukiko,9,HI,182,0.134
F,1932,Yoshiko,7,HI,223,0.105
F,1932,Yoshie,6,HI,252,0.09
F,1932,Yvonne,6,HI,252,0.09
F,1933,Yuriko,10,HI,143,0.163
F,1933,Yoshiko,7,HI,199,0.114
F,1933,Yoko,5,HI,272,0.082
F,1933,Yoshie,5,HI,272,0.082
F,1934,Yaeko,12,HI,136,0.198
F,1934,Yoshiko,8,HI,181,0.132
F,1934,Yvonne,6,HI,224,0.099
F,1934,Yoshie,5,HI,254,0.082
F,1934,Yuriko,5,HI,254,0.082
F,1935,Yvonne,11,HI,153,0.181
F,1935,Yuriko,7,HI,209,0.115
F,1935,Yoshiko,5,HI,260,0.082
F,1936,Yvonne,13,HI,123,0.232
F,1936,Yaeko,5,HI,243,0.089
F,1937,Yvonne,15,HI,114,0.246
F,1938,Yvonne,24,HI,80,0.381
F,1939,Yvonne,34,HI,52,0.504
F,1939,Yolanda,6,HI,261,0.089
F,1940,Yvonne,20,HI,107,0.287
F,1940,Yolanda,6,HI,265,0.086
F,1941,Yvonne,28,HI,70,0.372
F,1942,Yvonne,45,HI,42,0.569
F,1942,Yolanda,8,HI,240,0.101
F,1943,Yvonne,31,HI,87,0.337
F,1943,Yolanda,8,HI,254,0.087
F,1944,Yvonne,39,HI,66,0.396
F,1944,Yolanda,11,HI,226,0.112
F,1945,Yvonne,30,HI,91,0.312
F,1945,Yolanda,6,HI,317,0.062
F,1946,Yvonne,33,HI,81,0.328
F,1946,Yolanda,24,HI,121,0.238
F,1947,Yvonne,33,HI,95,0.287
F,1947,Yolanda,20,HI,154,0.174
F,1948,Yvonne,38,HI,71,0.335
F,1948,Yolanda,16,HI,186,0.141
F,1949,Yvonne,32,HI,99,0.281
F,1949,Yolanda,19,HI,161,0.167
F,1950,Yvonne,28,HI,110,0.25
F,1950,Yolanda,21,HI,151,0.187
F,1951,Yvonne,42,HI,70,0.368
F,1951,Yolanda,20,HI,155,0.175
F,1952,Yolanda,22,HI,153,0.175
F,1952,Yvonne,22,HI,153,0.175
F,1953,Yvonne,32,HI,95,0.249
F,1953,Yolanda,13,HI,280,0.101
F,1954,Yolanda,25,HI,140,0.195
F,1954,Yvonne,24,HI,146,0.187
F,1955,Yvonne,31,HI,100,0.239
F,1955,Yolanda,20,HI,188,0.154
F,1956,Yolanda,19,HI,196,0.139
F,1956,Yvonne,15,HI,251,0.11
F,1956,Yvette,8,HI,399,0.059
F,1957,Yolanda,14,HI,250,0.105
F,1957,Yvonne,13,HI,266,0.097
F,1957,Yvette,11,HI,298,0.082
F,1958,Yvonne,12,HI,292,0.092
F,1958,Yolanda,6,HI,477,0.046
F,1959,Yvonne,22,HI,162,0.167
F,1959,Yvette,11,HI,313,0.083
F,1959,Yolanda,9,HI,363,0.068
F,1960,Yvonne,15,HI,246,0.113
F,1960,Yolanda,6,HI,468,0.045
F,1960,Yvette,6,HI,468,0.045
F,1961,Yvette,12,HI,299,0.088
F,1961,Yvonne,12,HI,299,0.088
F,1961,Yolanda,6,HI,481,0.044
F,1962,Yvonne,22,HI,163,0.158
F,1962,Yvette,9,HI,387,0.065
F,1962,Yolanda,6,HI,497,0.043
F,1963,Yvette,13,HI,283,0.097
F,1963,Yvonne,11,HI,322,0.082
F,1963,Yolanda,8,HI,409,0.06
F,1964,Yvette,17,HI,201,0.131
F,1964,Yvonne,8,HI,384,0.062
F,1964,Yolanda,5,HI,522,0.039
F,1965,Yvette,20,HI,157,0.165
F,1965,Yvonne,14,HI,240,0.115
F,1965,Yolanda,12,HI,280,0.099
F,1966,Yvonne,15,HI,183,0.137
F,1966,Yvette,14,HI,201,0.128
F,1966,Yolanda,8,HI,332,0.073
F,1967,Yvette,20,HI,131,0.186
F,1967,Yolanda,10,HI,281,0.093
F,1967,Yvonne,9,HI,312,0.083
F,1968,Yvette,12,HI,217,0.115
F,1968,Yolanda,6,HI,425,0.058
F,1968,Yvonne,6,HI,425,0.058
F,1969,Yvonne,12,HI,238,0.106
F,1969,Yvette,11,HI,265,0.097
F,1969,Yolanda,9,HI,322,0.079
F,1970,Yvette,11,HI,271,0.093
F,1970,Yvonne,11,HI,271,0.093
F,1970,Yolanda,8,HI,360,0.068
F,1971,Yvette,12,HI,244,0.11
F,1971,Yvonne,11,HI,267,0.1
F,1971,Yolanda,9,HI,320,0.082
F,1972,Yvette,16,HI,160,0.152
F,1972,Yvonne,6,HI,430,0.057
F,1973,Yvonne,10,HI,266,0.096
F,1973,Yvette,8,HI,340,0.077
F,1973,Yolanda,6,HI,426,0.058
F,1974,Yvonne,11,HI,234,0.105
F,1974,Yvette,6,HI,427,0.058
F,1975,Yvette,9,HI,297,0.085
F,1975,Yolanda,8,HI,333,0.076
F,1976,Yvette,10,HI,277,0.092
F,1976,Yvonne,9,HI,311,0.083
F,1977,Yolanda,8,HI,357,0.073
F,1977,Yvette,8,HI,357,0.073
F,1978,Yvonne,8,HI,332,0.073
F,1979,Yvonne,8,HI,350,0.071
F,1980,Yvonne,11,HI,250,0.092
F,1980,Yvette,5,HI,566,0.042
F,1981,Yvonne,13,HI,206,0.111
F,1981,Yvette,6,HI,463,0.051
F,1982,Yvonne,8,HI,352,0.066
F,1982,Yolanda,7,HI,396,0.058
F,1982,Yvette,6,HI,473,0.05
F,1983,Yvonne,6,HI,475,0.047
F,1984,Yvonne,10,HI,276,0.081
F,1984,Yolanda,5,HI,535,0.041
F,1986,Yvonne,5,HI,507,0.044
F,1987,Yvonne,6,HI,426,0.052
F,1989,Yvonne,5,HI,515,0.042
F,2000,Yasmine,5,HI,494,0.057
F,2001,Yasmine,5,HI,459,0.061
F,2011,Yuna,7,HI,363,0.086
F,2015,Yui,5,HI,498,0.063
M,1912,Yoshio,6,HI,84,0.444
M,1913,Yoshio,11,HI,50,0.644
M,1914,Yoshio,18,HI,33,0.8
M,1914,Yutaka,12,HI,57,0.533
M,1914,Yoshito,5,HI,142,0.222
M,1915,Yoshio,21,HI,40,0.58
M,1915,Yoshito,10,HI,117,0.276
M,1915,Yutaka,8,HI,139,0.221
M,1915,Yasuo,5,HI,222,0.138
M,1916,Yoshio,20,HI,56,0.486
M,1916,Yukio,13,HI,106,0.316
M,1916,Yasuo,5,HI,234,0.122
M,1917,Yoshio,36,HI,22,0.76
M,1917,Yukio,19,HI,72,0.401
M,1917,Yutaka,12,HI,126,0.253
M,1917,Yoshimi,6,HI,214,0.127
M,1917,Yoshito,5,HI,264,0.106
M,1918,Yoshio,33,HI,26,0.678
M,1918,Yoshito,9,HI,162,0.185
M,1918,Yutaka,9,HI,162,0.185
M,1918,Yasuo,6,HI,237,0.123
M,1918,Yukio,6,HI,237,0.123
M,1918,Yoshiaki,5,HI,272,0.103
M,1918,Yoshikatsu,5,HI,272,0.103
M,1918,Yoshimi,5,HI,272,0.103
M,1919,Yoshio,27,HI,44,0.539
M,1919,Yasuo,13,HI,118,0.26
M,1919,Yoshito,11,HI,138,0.22
M,1919,Yukio,10,HI,148,0.2
M,1919,Yutaka,7,HI,213,0.14
M,1920,Yoshio,25,HI,48,0.48
M,1920,Yasuo,11,HI,147,0.211
M,1920,Yutaka,11,HI,147,0.211
M,1920,Yoshito,7,HI,231,0.134
M,1920,Young,7,HI,231,0.134
M,1920,Yukio,7,HI,231,0.134
M,1920,Yoshiyuki,6,HI,265,0.115
M,1921,Yoshio,45,HI,19,0.809
M,1921,Yoshito,13,HI,125,0.234
M,1921,Yukio,9,HI,180,0.162
M,1921,Yutaka,9,HI,180,0.162
M,1921,Yasuo,6,HI,269,0.108
M,1921,Yoshiharu,5,HI,299,0.09
M,1922,Yoshio,23,HI,68,0.374
M,1922,Yukio,19,HI,92,0.309
M,1922,Yoshito,9,HI,208,0.146
M,1922,Yasuo,7,HI,244,0.114
M,1922,Yoshiharu,6,HI,286,0.098
M,1922,Yoshitaka,5,HI,324,0.081
M,1922,Young,5,HI,324,0.081
M,1923,Yoshio,35,HI,36,0.56
M,1923,Yukio,15,HI,118,0.24
M,1923,Yoshito,13,HI,140,0.208
M,1923,Yasuo,9,HI,208,0.144
M,1923,Yoshiaki,6,HI,291,0.096
M,1923,Yoshinobu,5,HI,333,0.08
M,1923,Yutaka,5,HI,333,0.08
M,1924,Yoshio,33,HI,44,0.479
M,1924,Yukio,11,HI,183,0.16
M,1924,Yutaka,10,HI,204,0.145
M,1924,Yasuo,8,HI,242,0.116
M,1924,Yoshito,8,HI,242,0.116
M,1925,Yoshio,32,HI,48,0.47
M,1925,Yoshito,18,HI,101,0.264
M,1925,Yukio,13,HI,151,0.191
M,1925,Yutaka,11,HI,189,0.162
M,1925,Yasuo,7,HI,277,0.103
M,1925,Yoshiaki,5,HI,353,0.073
M,1925,Yoshinobu,5,HI,353,0.073
M,1926,Yoshio,23,HI,72,0.345
M,1926,Yukio,15,HI,126,0.225
M,1926,Yoshito,8,HI,249,0.12
M,1926,Yutaka,8,HI,249,0.12
M,1926,Yasuo,7,HI,276,0.105
M,1926,Yoshiaki,7,HI,276,0.105
M,1926,Yoshiharu,6,HI,308,0.09
M,1926,Yoshimi,5,HI,347,0.075
M,1926,Yoshinobu,5,HI,347,0.075
M,1927,Yoshio,21,HI,75,0.302
M,1927,Yoshito,14,HI,135,0.202
M,1927,Yasuo,13,HI,145,0.187
M,1927,Yukio,12,HI,160,0.173
M,1927,Yoshiaki,7,HI,281,0.101
M,1927,Yasunobu,5,HI,359,0.072
M,1927,Yoshinobu,5,HI,359,0.072
M,1928,Yoshio,20,HI,82,0.286
M,1928,Yukio,12,HI,139,0.172
M,1928,Yasuo,8,HI,223,0.114
M,1928,Yoshimi,6,HI,293,0.086
M,1929,Yoshio,20,HI,78,0.296
M,1929,Yukio,12,HI,143,0.178
M,1929,Yasuo,5,HI,315,0.074
M,1930,Yoshio,19,HI,87,0.28
M,1930,Yukio,11,HI,153,0.162
M,1930,Yutaka,6,HI,268,0.088
M,1931,Yoshio,12,HI,142,0.183
M,1931,Yukio,12,HI,142,0.183
M,1931,Yoshito,9,HI,183,0.138
M,1931,Yasuo,5,HI,292,0.076
M,1932,Yoshio,14,HI,116,0.209
M,1932,Yukio,11,HI,152,0.164
M,1932,Yasuo,5,HI,284,0.075
M,1932,Yoshiharu,5,HI,284,0.075
M,1933,Yoshio,5,HI,272,0.082
M,1933,Yukio,5,HI,272,0.082
M,1934,Yukio,6,HI,224,0.099
M,1934,Yoshio,5,HI,254,0.082
M,1935,Yoshio,7,HI,209,0.115
M,1935,Yasuo,5,HI,260,0.082
M,1937,Yoshio,5,HI,257,0.082
F,1915,Yvonne,12,IA,419,0.033
F,1916,Yvonne,6,IA,642,0.015
F,1917,Yvonne,13,IA,426,0.033
F,1918,Yvonne,16,IA,379,0.038
F,1919,Yvonne,15,IA,373,0.038
F,1920,Yvonne,21,IA,332,0.049
F,1921,Yvonne,24,IA,308,0.054
F,1922,Yvonne,19,IA,350,0.044
F,1923,Yvonne,23,IA,299,0.054
F,1924,Yvonne,33,IA,248,0.077
F,1925,Yvonne,28,IA,270,0.067
F,1926,Yvonne,28,IA,262,0.07
F,1927,Yvonne,35,IA,229,0.089
F,1928,Yvonne,25,IA,272,0.065
F,1929,Yvonne,25,IA,274,0.067
F,1930,Yvonne,25,IA,272,0.065
F,1931,Yvonne,24,IA,278,0.064
F,1932,Yvonne,23,IA,286,0.064
F,1933,Yvonne,12,IA,391,0.034
F,1934,Yvonne,27,IA,253,0.073
F,1935,Yvonne,49,IA,162,0.132
F,1936,Yvonne,60,IA,137,0.158
F,1937,Yvonne,50,IA,160,0.133
F,1938,Yvonne,43,IA,186,0.11
F,1939,Yvonne,29,IA,240,0.074
F,1940,Yvonne,27,IA,249,0.066
F,1941,Yvonne,20,IA,303,0.048
F,1942,Yvonne,11,IA,437,0.025
F,1943,Yvonne,13,IA,388,0.03
F,1944,Yvonne,12,IA,388,0.029
F,1945,Yvonne,13,IA,374,0.032
F,1946,Yvonne,17,IA,371,0.033
F,1946,Yolanda,5,IA,677,0.01
F,1947,Yvonne,19,IA,370,0.032
F,1948,Yvonne,11,IA,477,0.02
F,1949,Yvonne,22,IA,343,0.039
F,1950,Yvonne,21,IA,359,0.036
F,1950,Yolanda,8,IA,581,0.014
F,1951,Yvonne,28,IA,315,0.046
F,1952,Yvonne,29,IA,300,0.049
F,1953,Yvonne,27,IA,326,0.046
F,1954,Yvonne,18,IA,398,0.031
F,1955,Yvonne,23,IA,360,0.039
F,1956,Yvonne,25,IA,342,0.042
F,1957,Yvonne,17,IA,437,0.029
F,1958,Yvonne,12,IA,500,0.021
F,1958,Yvette,7,IA,677,0.012
F,1958,Yolanda,5,IA,787,0.009
F,1959,Yvonne,20,IA,401,0.034
F,1960,Yvonne,15,IA,479,0.025
F,1961,Yvonne,24,IA,377,0.041
F,1961,Yvette,10,IA,583,0.017
F,1962,Yvonne,11,IA,561,0.019
F,1962,Yvette,10,IA,588,0.018
F,1963,Yvonne,12,IA,516,0.022
F,1963,Yvette,9,IA,589,0.017
F,1964,Yvonne,16,IA,438,0.031
F,1964,Yvette,11,IA,540,0.022
F,1965,Yvonne,13,IA,476,0.028
F,1965,Yolanda,10,IA,553,0.021
F,1965,Yvette,8,IA,600,0.017
F,1966,Yvonne,10,IA,521,0.022
F,1966,Yvette,6,IA,679,0.013
F,1967,Yvonne,19,IA,352,0.044
F,1967,Yvette,13,IA,460,0.03
F,1968,Yolanda,9,IA,544,0.021
F,1968,Yvonne,9,IA,544,0.021
F,1968,Yvette,6,IA,661,0.014
F,1969,Yvonne,9,IA,555,0.021
F,1969,Yvette,5,IA,744,0.012
F,1970,Yvette,14,IA,439,0.032
F,1970,Yolanda,11,IA,504,0.025
F,1970,Yvonne,8,IA,600,0.018
F,1971,Yvonne,9,IA,539,0.022
F,1971,Yvette,8,IA,585,0.02
F,1971,Yolanda,6,IA,675,0.015
F,1972,Yvonne,8,IA,543,0.022
F,1973,Yolanda,5,IA,657,0.015
F,1974,Yolanda,7,IA,572,0.019
F,1974,Yvonne,7,IA,572,0.019
F,1975,Yolanda,6,IA,634,0.016
F,1975,Yvonne,6,IA,634,0.016
F,1976,Yolanda,7,IA,580,0.019
F,1977,Yolanda,5,IA,741,0.012
F,1978,Yolanda,5,IA,714,0.013
F,1979,Yvonne,7,IA,612,0.017
F,1980,Yvonne,6,IA,673,0.014
F,1981,Yvonne,6,IA,654,0.015
F,1981,Yolanda,5,IA,721,0.012
F,1982,Yolanda,8,IA,536,0.02
F,1997,Yolanda,6,IA,735,0.02
F,1998,Yesenia,7,IA,669,0.023
F,2000,Yasmine,5,IA,872,0.016
F,2002,Yesenia,10,IA,554,0.034
F,2003,Yesenia,6,IA,826,0.02
F,2003,Yasmine,5,IA,925,0.017
F,2004,Yasmin,7,IA,755,0.024
F,2004,Yadira,5,IA,960,0.017
F,2005,Yesenia,6,IA,889,0.02
F,2005,Yuliana,5,IA,1014,0.017
F,2006,Yesenia,6,IA,910,0.019
F,2007,Yareli,5,IA,1037,0.016
F,2007,Yasmin,5,IA,1037,0.016
F,2008,Yoselin,6,IA,924,0.02
F,2008,Yesenia,5,IA,1076,0.017
F,2009,Yesenia,7,IA,845,0.024
F,2009,Yareli,6,IA,946,0.021
F,2010,Yaretzi,7,IA,832,0.025
F,2010,Yareli,6,IA,931,0.021
F,2011,Yareli,6,IA,902,0.022
F,2011,Yuliana,6,IA,902,0.022
F,2011,Yaretzi,5,IA,1031,0.018
F,2012,Yaretzi,8,IA,762,0.029
F,2012,Yvette,6,IA,955,0.022
F,2013,Yaretzi,7,IA,862,0.025
F,2014,Yaretzi,5,IA,1114,0.017
F,2015,Yaretzi,6,IA,1024,0.021
F,2016,Yasmin,7,IA,886,0.025
F,2016,Yaretzi,5,IA,1165,0.018
F,2017,Yaretzi,5,IA,1130,0.018
F,2018,Yaretzi,11,IA,627,0.041
F,2018,Yareli,7,IA,881,0.026
F,2019,Yaretzi,9,IA,725,0.034
F,2019,Yareli,6,IA,986,0.023
F,2020,Yaretzi,6,IA,968,0.024
F,2023,Yaretzi,9,IA,725,0.036
F,2024,Yareli,8,IA,808,0.032
M,2003,Yahir,9,IA,625,0.03
M,2004,Yahir,6,IA,836,0.02
M,2005,Yahir,5,IA,1014,0.017
M,2008,Yahir,8,IA,755,0.027
M,2014,Yahir,6,IA,1005,0.021
M,2015,Yahir,5,IA,1152,0.017
M,2017,Yahir,6,IA,1009,0.022
M,2019,Yusuf,5,IA,1141,0.019
M,2021,Yusuf,6,IA,999,0.023
M,2022,Yusuf,7,IA,908,0.027
M,2023,Yusuf,11,IA,621,0.044
F,1916,Yvonne,6,CO,360,0.046
F,1918,Yvonne,5,CO,454,0.032
F,1919,Yvonne,10,CO,307,0.067
F,1920,Yvonne,10,CO,320,0.059
F,1921,Yvonne,7,CO,411,0.039
F,1922,Yvonne,9,CO,361,0.05
F,1923,Yvonne,7,CO,408,0.04
F,1924,Yvonne,7,CO,414,0.039
F,1924,Yolanda,5,CO,493,0.028
F,1925,Yvonne,10,CO,323,0.057
F,1927,Yvonne,10,CO,326,0.06
F,1928,Yvonne,7,CO,386,0.041
F,1929,Yvonne,16,CO,234,0.097
F,1930,Yvonne,8,CO,370,0.048
F,1931,Yvonne,8,CO,364,0.048
F,1932,Yvonne,16,CO,227,0.101
F,1933,Yvonne,10,CO,303,0.065
F,1934,Yvonne,15,CO,238,0.094
F,1934,Yolanda,6,CO,423,0.038
F,1935,Yvonne,23,CO,181,0.141
F,1936,Yvonne,21,CO,189,0.129
F,1937,Yvonne,36,CO,115,0.206
F,1938,Yvonne,20,CO,221,0.11
F,1938,Yolanda,7,CO,413,0.038
F,1939,Yvonne,32,CO,142,0.176
F,1940,Yvonne,18,CO,241,0.095
F,1941,Yvonne,17,CO,244,0.09
F,1942,Yvonne,19,CO,239,0.092
F,1943,Yvonne,18,CO,248,0.084
F,1944,Yvonne,15,CO,278,0.07
F,1945,Yvonne,10,CO,360,0.047
F,1946,Yvonne,15,CO,310,0.057
F,1946,Yolanda,8,CO,435,0.03
F,1947,Yvonne,20,CO,277,0.067
F,1947,Yolanda,7,CO,501,0.024
F,1948,Yvonne,28,CO,227,0.093
F,1948,Yolanda,13,CO,355,0.043
F,1949,Yvonne,31,CO,202,0.103
F,1949,Yolanda,8,CO,476,0.027
F,1950,Yvonne,29,CO,225,0.094
F,1950,Yolanda,14,CO,361,0.045
F,1951,Yvonne,27,CO,241,0.083
F,1951,Yolanda,13,CO,390,0.04
F,1952,Yvonne,30,CO,232,0.088
F,1952,Yolanda,20,CO,309,0.058
F,1953,Yvonne,35,CO,214,0.1
F,1953,Yolanda,13,CO,416,0.037
F,1954,Yvonne,32,CO,241,0.088
F,1954,Yolanda,19,CO,338,0.052
F,1954,Yvette,6,CO,648,0.017
F,1955,Yvonne,42,CO,196,0.112
F,1955,Yolanda,18,CO,363,0.048
F,1956,Yvonne,36,CO,232,0.092
F,1956,Yolanda,18,CO,382,0.046
F,1956,Yvette,5,CO,776,0.013
F,1957,Yvonne,44,CO,201,0.112
F,1957,Yolanda,24,CO,324,0.061
F,1957,Yvette,5,CO,783,0.013
F,1958,Yvonne,38,CO,229,0.097
F,1958,Yolanda,18,CO,387,0.046
F,1959,Yvonne,39,CO,239,0.097
F,1959,Yolanda,19,CO,387,0.047
F,1959,Yvette,10,CO,559,0.025
F,1960,Yvonne,55,CO,178,0.135
F,1960,Yolanda,17,CO,435,0.042
F,1960,Yvette,10,CO,571,0.024
F,1961,Yvonne,53,CO,188,0.127
F,1961,Yolanda,25,CO,340,0.06
F,1961,Yvette,12,CO,509,0.029
F,1962,Yvonne,43,CO,220,0.106
F,1962,Yvette,22,CO,364,0.054
F,1962,Yolanda,19,CO,402,0.047
F,1963,Yvonne,52,CO,176,0.131
F,1963,Yvette,28,CO,309,0.07
F,1963,Yolanda,23,CO,347,0.058
F,1964,Yvonne,39,CO,223,0.103
F,1964,Yvette,27,CO,308,0.071
F,1964,Yolanda,24,CO,333,0.063
F,1965,Yvonne,43,CO,182,0.127
F,1965,Yvette,22,CO,326,0.065
F,1965,Yolanda,19,CO,359,0.056
F,1966,Yvonne,48,CO,157,0.151
F,1966,Yvette,25,CO,272,0.079
F,1966,Yolanda,14,CO,409,0.044
F,1967,Yvette,36,CO,199,0.11
F,1967,Yvonne,34,CO,208,0.104
F,1967,Yolanda,21,CO,319,0.064
F,1968,Yvonne,33,CO,225,0.099
F,1968,Yolanda,27,CO,264,0.081
F,1968,Yvette,22,CO,307,0.066
F,1969,Yvonne,30,CO,247,0.086
F,1969,Yolanda,25,CO,297,0.072
F,1969,Yvette,24,CO,303,0.069
F,1970,Yvette,30,CO,260,0.081
F,1970,Yolanda,25,CO,302,0.068
F,1970,Yvonne,23,CO,315,0.062
F,1971,Yolanda,23,CO,310,0.065
F,1971,Yvette,19,CO,358,0.054
F,1971,Yvonne,18,CO,376,0.051
F,1972,Yolanda,26,CO,273,0.077
F,1972,Yvonne,26,CO,273,0.077
F,1972,Yvette,19,CO,348,0.056
F,1973,Yvonne,25,CO,277,0.074
F,1973,Yolanda,24,CO,281,0.071
F,1973,Yvette,16,CO,396,0.047
F,1974,Yvonne,21,CO,317,0.062
F,1974,Yolanda,20,CO,333,0.059
F,1974,Yvette,11,CO,502,0.032
F,1975,Yolanda,25,CO,274,0.073
F,1975,Yvette,22,CO,313,0.064
F,1975,Yvonne,17,CO,380,0.049
F,1976,Yolanda,41,CO,175,0.117
F,1976,Yvonne,16,CO,385,0.046
F,1976,Yvette,13,CO,453,0.037
F,1977,Yolanda,30,CO,236,0.082
F,1977,Yvonne,15,CO,410,0.041
F,1977,Yvette,14,CO,430,0.038
F,1978,Yvonne,23,CO,299,0.061
F,1978,Yolanda,19,CO,358,0.051
F,1978,Yvette,11,CO,509,0.029
F,1979,Yolanda,27,CO,278,0.067
F,1979,Yvonne,22,CO,329,0.054
F,1979,Yvette,11,CO,542,0.027
F,1980,Yolanda,29,CO,268,0.068
F,1980,Yvette,15,CO,451,0.035
F,1980,Yvonne,13,CO,490,0.031
F,1981,Yvonne,16,CO,432,0.036
F,1981,Yolanda,10,CO,600,0.022
F,1981,Yvette,7,CO,786,0.016
F,1982,Yolanda,18,CO,422,0.038
F,1982,Yvette,12,CO,536,0.025
F,1982,Yvonne,8,CO,741,0.017
F,1983,Yolanda,18,CO,418,0.038
F,1983,Yvette,10,CO,618,0.021
F,1983,Yvonne,8,CO,714,0.017
F,1984,Yolanda,13,CO,513,0.028
F,1984,Yvonne,12,CO,535,0.026
F,1984,Yvette,9,CO,666,0.019
F,1985,Yolanda,19,CO,393,0.04
F,1985,Yvonne,18,CO,405,0.038
F,1985,Yvette,6,CO,885,0.013
F,1986,Yolanda,13,CO,520,0.028
F,1986,Yvonne,9,CO,669,0.019
F,1986,Yesenia,5,CO,973,0.011
F,1987,Yesenia,13,CO,511,0.029
F,1987,Yolanda,10,CO,598,0.022
F,1987,Yvonne,8,CO,705,0.018
F,1987,Yuri,5,CO,988,0.011
F,1987,Yvette,5,CO,988,0.011
F,1988,Yolanda,15,CO,451,0.033
F,1988,Yvonne,12,CO,545,0.027
F,1988,Yvette,8,CO,720,0.018
F,1988,Yesenia,7,CO,798,0.016
F,1989,Yesenia,8,CO,724,0.018
F,1989,Yvette,7,CO,805,0.016
F,1989,Yolanda,6,CO,881,0.013
F,1989,Yvonne,6,CO,881,0.013
F,1990,Yvette,14,CO,506,0.031
F,1990,Yolanda,13,CO,540,0.029
F,1990,Yesenia,11,CO,614,0.024
F,1990,Yvonne,6,CO,937,0.013
F,1991,Yesenia,21,CO,362,0.047
F,1991,Yolanda,12,CO,573,0.027
F,1991,Yvonne,8,CO,783,0.018
F,1991,Yvette,6,CO,952,0.013
F,1991,Yadira,5,CO,1063,0.011
F,1991,Yasmin,5,CO,1063,0.011
F,1992,Yesenia,11,CO,643,0.024
F,1992,Yvette,7,CO,878,0.015
F,1992,Yvonne,6,CO,993,0.013
F,1992,Yolanda,5,CO,1140,0.011
F,1993,Yesenia,17,CO,466,0.038
F,1993,Yolanda,9,CO,746,0.02
F,1993,Yvette,7,CO,888,0.016
F,1993,Yvonne,7,CO,888,0.016
F,1993,Yasmin,5,CO,1098,0.011
F,1994,Yesenia,15,CO,517,0.034
F,1994,Yessica,8,CO,822,0.018
F,1994,Yvette,6,CO,1001,0.013
F,1994,Yvonne,6,CO,1001,0.013
F,1994,Yasmin,5,CO,1129,0.011
F,1994,Yasmine,5,CO,1129,0.011
F,1995,Yesenia,12,CO,635,0.027
F,1995,Yasmin,8,CO,836,0.018
F,1995,Yvette,6,CO,1013,0.013
F,1995,Yvonne,6,CO,1013,0.013
F,1996,Yesenia,32,CO,310,0.07
F,1996,Yasmin,10,CO,747,0.022
F,1996,Yolanda,7,CO,954,0.015
F,1996,Yessica,6,CO,1059,0.013
F,1996,Yadira,5,CO,1218,0.011
F,1996,Yahaira,5,CO,1218,0.011
F,1996,Yazmin,5,CO,1218,0.011
F,1996,Yvette,5,CO,1218,0.011
F,1996,Yvonne,5,CO,1218,0.011
F,1997,Yadira,17,CO,535,0.037
F,1997,Yesenia,16,CO,558,0.035
F,1997,Yasmin,9,CO,817,0.02
F,1997,Yulissa,9,CO,817,0.02
F,1997,Yasmine,7,CO,970,0.015
F,1997,Yvette,6,CO,1090,0.013
F,1997,Yajaira,5,CO,1230,0.011
F,1997,Yasmeen,5,CO,1230,0.011
F,1997,Yuliza,5,CO,1230,0.011
F,1998,Yesenia,26,CO,404,0.054
F,1998,Yasmine,13,CO,673,0.027
F,1998,Yasmin,10,CO,806,0.021
F,1998,Yadira,6,CO,1171,0.012
F,1998,Yajaira,6,CO,1171,0.012
F,1998,Yulissa,6,CO,1171,0.012
F,1998,Yanet,5,CO,1312,0.01
F,1998,Yessica,5,CO,1312,0.01
F,1998,Yvonne,5,CO,1312,0.01
F,1999,Yesenia,44,CO,272,0.087
F,1999,Yasmine,11,CO,783,0.022
F,1999,Yvette,9,CO,910,0.018
F,1999,Yajaira,6,CO,1217,0.012
F,1999,Yasmin,6,CO,1217,0.012
F,1999,Yazmin,6,CO,1217,0.012
F,1999,Yvonne,6,CO,1217,0.012
F,1999,Yulisa,5,CO,1375,0.01
F,2000,Yesenia,34,CO,369,0.065
F,2000,Yasmin,13,CO,751,0.025
F,2000,Yamile,12,CO,793,0.023
F,2000,Yadira,10,CO,898,0.019
F,2000,Yaquelin,8,CO,1040,0.015
F,2000,Yolanda,8,CO,1040,0.015
F,2000,Yamilet,7,CO,1140,0.013
F,2000,Yulissa,7,CO,1140,0.013
F,2000,Yvette,7,CO,1140,0.013
F,2000,Yahaira,6,CO,1253,0.011
F,2000,Yazmin,6,CO,1253,0.011
F,2000,Yisel,6,CO,1253,0.011
F,2000,Yvonne,6,CO,1253,0.011
F,2000,Yasmine,5,CO,1393,0.01
F,2001,Yesenia,26,CO,456,0.048
F,2001,Yadira,14,CO,724,0.026
F,2001,Yasmine,13,CO,766,0.024
F,2001,Yareli,8,CO,1095,0.015
F,2001,Yuliana,7,CO,1174,0.013
F,2001,Yasmin,6,CO,1288,0.011
F,2001,Yazmin,6,CO,1288,0.011
F,2001,Yessica,6,CO,1288,0.011
F,2001,Yoselin,6,CO,1288,0.011
F,2001,Yvette,6,CO,1288,0.011
F,2001,Yamilet,5,CO,1441,0.009
F,2001,Yessenia,5,CO,1441,0.009
F,2001,Yvonne,5,CO,1441,0.009
F,2002,Yesenia,32,CO,388,0.058
F,2002,Yasmin,16,CO,672,0.029
F,2002,Yoselin,12,CO,824,0.022
F,2002,Yareli,11,CO,870,0.02
F,2002,Yadira,10,CO,927,0.018
F,2002,Yasmine,10,CO,927,0.018
F,2002,Yazmin,8,CO,1082,0.015
F,2002,Yessenia,8,CO,1082,0.015
F,2002,Yulisa,8,CO,1082,0.015
F,2002,Yarely,6,CO,1314,0.011
F,2002,Yvonne,6,CO,1314,0.011
F,2002,Yahaira,5,CO,1482,0.009
F,2003,Yesenia,18,CO,612,0.032
F,2003,Yareli,15,CO,705,0.027
F,2003,Yasmin,13,CO,791,0.023
F,2003,Yazmin,11,CO,888,0.02
F,2003,Yadira,10,CO,950,0.018
F,2003,Yasmine,8,CO,1115,0.014
F,2003,Yvette,8,CO,1115,0.014
F,2003,Yahaira,7,CO,1220,0.013
F,2003,Yamilet,7,CO,1220,0.013
F,2003,Yajaira,5,CO,1521,0.009
F,2003,Yazmine,5,CO,1521,0.009
F,2003,Yessenia,5,CO,1521,0.009
F,2003,Yolanda,5,CO,1521,0.009
F,2004,Yesenia,27,CO,460,0.05
F,2004,Yareli,16,CO,686,0.029
F,2004,Yasmin,16,CO,686,0.029
F,2004,Yadira,9,CO,1051,0.017
F,2004,Yasmine,9,CO,1051,0.017
F,2004,Yahaira,8,CO,1136,0.015
F,2004,Yazmin,8,CO,1136,0.015
F,2004,Yajaira,7,CO,1227,0.013
F,2004,Yarely,5,CO,1502,0.009
F,2004,Yessenia,5,CO,1502,0.009
F,2005,Yesenia,19,CO,617,0.035
F,2005,Yasmin,17,CO,667,0.031
F,2005,Yadira,15,CO,718,0.027
F,2005,Yareli,13,CO,794,0.024
F,2005,Yoselin,9,CO,1046,0.016
F,2005,Yazmin,8,CO,1122,0.015
F,2005,Yuridia,8,CO,1122,0.015
F,2005,Yahaira,7,CO,1231,0.013
F,2005,Yasmine,7,CO,1231,0.013
F,2005,Yvonne,7,CO,1231,0.013
F,2005,Yaritza,5,CO,1579,0.009
F,2005,Yessenia,5,CO,1579,0.009
F,2005,Yolanda,5,CO,1579,0.009
F,2005,Yuliana,5,CO,1579,0.009
F,2005,Yulisa,5,CO,1579,0.009
F,2006,Yazmin,23,CO,536,0.041
F,2006,Yadira,21,CO,578,0.038
F,2006,Yesenia,21,CO,578,0.038
F,2006,Yasmin,13,CO,817,0.023
F,2006,Yoselin,13,CO,817,0.023
F,2006,Yareli,11,CO,925,0.02
F,2006,Yaretzi,10,CO,992,0.018
F,2006,Yamileth,9,CO,1079,0.016
F,2006,Yarely,8,CO,1184,0.014
F,2006,Yaritza,8,CO,1184,0.014
F,2006,Yasmine,8,CO,1184,0.014
F,2006,Yaretzy,7,CO,1297,0.013
F,2006,Yuliana,7,CO,1297,0.013
F,2006,Yuridia,7,CO,1297,0.013
F,2006,Yahaira,6,CO,1449,0.011
F,2006,Yoselyn,6,CO,1449,0.011
F,2006,Yadhira,5,CO,1623,0.009
F,2006,Yamilet,5,CO,1623,0.009
F,2006,Yessica,5,CO,1623,0.009
F,2006,Yolanda,5,CO,1623,0.009
F,2006,Yoseline,5,CO,1623,0.009
F,2007,Yasmin,19,CO,634,0.035
F,2007,Yareli,16,CO,732,0.029
F,2007,Yoselin,15,CO,754,0.027
F,2007,Yadira,14,CO,788,0.025
F,2007,Yesenia,13,CO,838,0.024
F,2007,Yamilet,9,CO,1095,0.016
F,2007,Yaretzi,9,CO,1095,0.016
F,2007,Yahaira,8,CO,1186,0.015
F,2007,Yarely,7,CO,1306,0.013
F,2007,Yazmin,7,CO,1306,0.013
F,2007,Yazmine,7,CO,1306,0.013
F,2007,Yoselyn,7,CO,1306,0.013
F,2007,Yuridia,7,CO,1306,0.013
F,2007,Yajaira,6,CO,1441,0.011
F,2007,Yaritza,6,CO,1441,0.011
F,2007,Yoseline,5,CO,1628,0.009
F,2007,Yuliana,5,CO,1628,0.009
F,2007,Yulissa,5,CO,1628,0.009
F,2008,Yasmin,18,CO,668,0.033
F,2008,Yesenia,16,CO,735,0.03
F,2008,Yareli,13,CO,852,0.024
F,2008,Yoselin,13,CO,852,0.024
F,2008,Yadira,11,CO,953,0.02
F,2008,Yamilet,11,CO,953,0.02
F,2008,Yaritza,11,CO,953,0.02
F,2008,Yamileth,9,CO,1104,0.017
F,2008,Yaretzi,9,CO,1104,0.017
F,2008,Yazmin,9,CO,1104,0.017
F,2008,Yessenia,5,CO,1637,0.009
F,2008,Yvette,5,CO,1637,0.009
F,2009,Yesenia,16,CO,716,0.03
F,2009,Yareli,13,CO,833,0.025
F,2009,Yaretzi,12,CO,885,0.023
F,2009,Yadira,11,CO,947,0.021
F,2009,Yoselin,9,CO,1092,0.017
F,2009,Yaretzy,8,CO,1176,0.015
F,2009,Yamileth,7,CO,1302,0.013
F,2009,Yarel,7,CO,1302,0.013
F,2009,Yarely,7,CO,1302,0.013
F,2009,Yaritza,7,CO,1302,0.013
F,2009,Yasmin,7,CO,1302,0.013
F,2009,Yuliana,7,CO,1302,0.013
F,2009,Yasmine,6,CO,1467,0.011
F,2009,Yazmin,6,CO,1467,0.011
F,2009,Yolanda,5,CO,1663,0.01
F,2009,Yoselyn,5,CO,1663,0.01
F,2010,Yaretzi,27,CO,463,0.054
F,2010,Yareli,20,CO,590,0.04
F,2010,Yadira,10,CO,992,0.02
F,2010,Yamilet,9,CO,1062,0.018
F,2010,Yaritza,7,CO,1283,0.014
F,2010,Yasmin,6,CO,1428,0.012
F,2010,Yoselin,6,CO,1428,0.012
F,2010,Yuliana,6,CO,1428,0.012
F,2010,Yasmine,5,CO,1637,0.01
F,2010,Yuna,5,CO,1637,0.01
F,2011,Yaretzi,26,CO,453,0.053
F,2011,Yareli,20,CO,573,0.04
F,2011,Yamilet,8,CO,1139,0.016
F,2011,Yesenia,7,CO,1252,0.014
F,2011,Yoselin,7,CO,1252,0.014
F,2011,Yamileth,6,CO,1416,0.012
F,2011,Yadira,5,CO,1599,0.01
F,2011,Yarely,5,CO,1599,0.01
F,2011,Yareni,5,CO,1599,0.01
F,2011,Yaritza,5,CO,1599,0.01
F,2011,Yuliana,5,CO,1599,0.01
F,2012,Yaretzi,24,CO,496,0.048
F,2012,Yareli,15,CO,721,0.03
F,2012,Yamileth,11,CO,931,0.022
F,2012,Yesenia,11,CO,931,0.022
F,2012,Yoselin,9,CO,1094,0.018
F,2012,Yarely,7,CO,1295,0.014
F,2012,Yuliana,7,CO,1295,0.014
F,2012,Yaneli,6,CO,1457,0.012
F,2012,Yaritza,6,CO,1457,0.012
F,2012,Yasmin,6,CO,1457,0.012
F,2012,Yadira,5,CO,1630,0.01
F,2012,Yaretzy,5,CO,1630,0.01
F,2012,Yvette,5,CO,1630,0.01
F,2013,Yaretzi,34,CO,372,0.069
F,2013,Yareli,10,CO,984,0.02
F,2013,Yaretzy,10,CO,984,0.02
F,2013,Yamileth,8,CO,1161,0.016
F,2013,Yaritza,8,CO,1161,0.016
F,2013,Yara,6,CO,1443,0.012
F,2013,Yesenia,6,CO,1443,0.012
F,2013,Yamilet,5,CO,1621,0.01
F,2013,Yasmin,5,CO,1621,0.01
F,2013,Yoselin,5,CO,1621,0.01
F,2013,Yuliana,5,CO,1621,0.01
F,2014,Yaretzi,22,CO,547,0.044
F,2014,Yareli,12,CO,876,0.024
F,2014,Yamileth,7,CO,1308,0.014
F,2014,Yesenia,7,CO,1308,0.014
F,2014,Yarely,6,CO,1479,0.012
F,2014,Yaritza,6,CO,1479,0.012
F,2014,Yasmin,6,CO,1479,0.012
F,2014,Yoselin,6,CO,1479,0.012
F,2014,Yaneli,5,CO,1693,0.01
F,2014,Yuliana,5,CO,1693,0.01
F,2015,Yaretzi,24,CO,507,0.047
F,2015,Yareli,12,CO,899,0.024
F,2015,Yamileth,8,CO,1194,0.016
F,2015,Yasmin,7,CO,1326,0.014
F,2015,Yamilet,6,CO,1451,0.012
F,2015,Yaneli,6,CO,1451,0.012
F,2015,Yaritza,6,CO,1451,0.012
F,2015,Yuliana,6,CO,1451,0.012
F,2015,Yulissa,5,CO,1660,0.01
F,2016,Yaretzi,24,CO,509,0.047
F,2016,Yareli,15,CO,772,0.029
F,2016,Yamileth,12,CO,922,0.023
F,2016,Yesenia,9,CO,1124,0.018
F,2016,Yaritza,7,CO,1361,0.014
F,2016,Yarely,6,CO,1487,0.012
F,2017,Yaretzi,27,CO,453,0.055
F,2017,Yareli,11,CO,938,0.022
F,2017,Yaritza,7,CO,1323,0.014
F,2017,Yaretzy,6,CO,1459,0.012
F,2017,Yatziri,6,CO,1459,0.012
F,2017,Yaneli,5,CO,1656,0.01
F,2017,Yara,5,CO,1656,0.01
F,2017,Yarely,5,CO,1656,0.01
F,2018,Yaretzi,15,CO,739,0.031
F,2018,Yareli,13,CO,835,0.027
F,2018,Yaretzy,7,CO,1308,0.015
F,2018,Yamileth,6,CO,1451,0.012
F,2018,Yara,6,CO,1451,0.012
F,2018,Yasmine,6,CO,1451,0.012
F,2018,Yulissa,6,CO,1451,0.012
F,2018,Yadira,5,CO,1661,0.01
F,2018,Yazmin,5,CO,1661,0.01
F,2019,Yaretzi,18,CO,642,0.038
F,2019,Yaritza,14,CO,788,0.029
F,2019,Yareli,11,CO,949,0.023
F,2019,Yalitza,7,CO,1308,0.015
F,2019,Yasmin,7,CO,1308,0.015
F,2019,Yazmin,7,CO,1308,0.015
F,2019,Yamileth,6,CO,1456,0.013
F,2019,Yaneli,6,CO,1456,0.013
F,2019,Yara,5,CO,1655,0.01
F,2020,Yamileth,9,CO,1103,0.019
F,2020,Yaretzi,9,CO,1103,0.019
F,2020,Yareli,6,CO,1477,0.013
F,2020,Yaneli,5,CO,1649,0.011
F,2020,Yaritza,5,CO,1649,0.011
F,2020,Yasmin,5,CO,1649,0.011
F,2021,Yaretzi,17,CO,686,0.035
F,2021,Yareli,12,CO,913,0.025
F,2021,Yaritza,9,CO,1109,0.019
F,2021,Yamileth,5,CO,1679,0.01
F,2021,Yaneli,5,CO,1679,0.01
F,2021,Yoselin,5,CO,1679,0.01
F,2021,Yuliana,5,CO,1679,0.01
F,2022,Yaretzi,21,CO,552,0.044
F,2022,Yaneli,10,CO,1033,0.021
F,2022,Yara,10,CO,1033,0.021
F,2022,Yamileth,6,CO,1480,0.013
F,2022,Yareli,5,CO,1668,0.011
F,2022,Yaritza,5,CO,1668,0.011
F,2022,Yelena,5,CO,1668,0.011
F,2022,Yoatzi,5,CO,1668,0.011
F,2022,Yusra,5,CO,1668,0.011
F,2023,Yareli,14,CO,796,0.03
F,2023,Yaretzi,12,CO,901,0.026
F,2023,Yaneli,9,CO,1119,0.019
F,2023,Yamilet,7,CO,1333,0.015
F,2023,Yaritza,7,CO,1333,0.015
F,2023,Yamileth,6,CO,1494,0.013
F,2023,Yara,6,CO,1494,0.013
F,2023,Yesenia,5,CO,1699,0.011
F,2024,Yuliana,9,CO,1152,0.018
F,2024,Yamileth,6,CO,1515,0.012
F,2024,Yaretzi,6,CO,1515,0.012
F,2024,Yasmin,6,CO,1515,0.012
F,2024,Yelena,6,CO,1515,0.012
F,2024,Yesenia,6,CO,1515,0.012
F,2024,Yareli,5,CO,1730,0.01
F,2024,Yazmin,5,CO,1730,0.01
M,2002,Yahir,5,CO,1482,0.009
M,2002,Yovani,5,CO,1482,0.009
M,2003,Yahir,33,CO,393,0.059
M,2004,Yahir,28,CO,442,0.052
M,2004,Yair,7,CO,1227,0.013
M,2005,Yahir,18,CO,641,0.033
M,2005,Yael,7,CO,1231,0.013
M,2005,Yair,6,CO,1370,0.011
M,2005,Yovani,5,CO,1579,0.009
M,2006,Yahir,18,CO,648,0.032
M,2006,Yair,9,CO,1079,0.016
M,2007,Yahir,27,CO,474,0.049
M,2007,Yurem,7,CO,1306,0.013
M,2007,Yandel,5,CO,1628,0.009
M,2008,Yahir,23,CO,538,0.042
M,2008,Yael,5,CO,1637,0.009
M,2008,Yair,5,CO,1637,0.009
M,2008,Yandel,5,CO,1637,0.009
M,2009,Yahir,18,CO,643,0.034
M,2009,Yandel,14,CO,798,0.027
M,2009,Yair,8,CO,1176,0.015
M,2009,Yael,7,CO,1302,0.013
M,2009,Yurem,6,CO,1467,0.011
M,2010,Yahir,24,CO,507,0.048
M,2010,Yandel,11,CO,921,0.022
M,2010,Yael,9,CO,1062,0.018
M,2010,Yair,6,CO,1428,0.012
M,2011,Yahir,20,CO,573,0.04
M,2011,Yandel,6,CO,1416,0.012
M,2011,Yusuf,5,CO,1599,0.01
M,2012,Yahir,13,CO,806,0.026
M,2012,Yousif,7,CO,1295,0.014
M,2012,Yahel,6,CO,1457,0.012
M,2012,Yadiel,5,CO,1630,0.01
M,2012,Yael,5,CO,1630,0.01
M,2012,Yandel,5,CO,1630,0.01
M,2012,Yusuf,5,CO,1630,0.01
M,2013,Yahir,13,CO,809,0.026
M,2013,Yahya,5,CO,1621,0.01
M,2013,Yair,5,CO,1621,0.01
M,2013,Yousef,5,CO,1621,0.01
M,2014,Yahir,16,CO,697,0.032
M,2014,Yousef,6,CO,1479,0.012
M,2014,Yair,5,CO,1693,0.01
M,2014,Yusuf,5,CO,1693,0.01
M,2015,Yahir,15,CO,756,0.029
M,2015,Yael,8,CO,1194,0.016
M,2015,Yusuf,8,CO,1194,0.016
M,2016,Yahir,11,CO,981,0.022
M,2016,Yael,9,CO,1124,0.018
M,2016,Yusuf,6,CO,1487,0.012
M,2016,Yandel,5,CO,1686,0.01
M,2016,Yosef,5,CO,1686,0.01
M,2017,Yahir,8,CO,1205,0.016
M,2017,Yadiel,7,CO,1323,0.014
M,2017,Yael,6,CO,1459,0.012
M,2017,Yeshua,6,CO,1459,0.012
M,2018,Yahir,8,CO,1184,0.017
M,2018,Yael,6,CO,1451,0.012
M,2018,Yariel,5,CO,1661,0.01
M,2019,Yahir,10,CO,1015,0.021
M,2019,Yadiel,7,CO,1308,0.015
M,2019,Yael,7,CO,1308,0.015
M,2019,Yasiel,6,CO,1456,0.013
M,2019,Yousef,5,CO,1655,0.01
M,2020,Yahir,7,CO,1345,0.015
M,2020,Yusuf,6,CO,1477,0.013
M,2020,Yandel,5,CO,1649,0.011
M,2020,Yaseen,5,CO,1649,0.011
M,2020,Yosef,5,CO,1649,0.011
M,2021,Yahir,8,CO,1223,0.017
M,2021,Yael,7,CO,1333,0.015
M,2021,Yusuf,7,CO,1333,0.015
M,2021,Yadiel,6,CO,1480,0.013
M,2022,Yahir,12,CO,890,0.025
M,2022,Yadiel,6,CO,1480,0.013
M,2023,Yael,13,CO,846,0.028
M,2023,Yadiel,8,CO,1215,0.017
M,2023,Yahir,8,CO,1215,0.017
M,2023,Yusuf,7,CO,1333,0.015
M,2024,Yahir,14,CO,814,0.029
M,2024,Yael,10,CO,1078,0.021
M,2024,Yahya,6,CO,1515,0.012
M,2024,Yadiel,5,CO,1730,0.01
F,1910,Yetta,46,NY,205,0.096
F,1910,Yolanda,15,NY,368,0.031
F,1910,Yvonne,10,NY,450,0.021
F,1911,Yetta,43,NY,242,0.071
F,1911,Yolanda,24,NY,325,0.039
F,1911,Yvonne,13,NY,449,0.021
F,1911,Yvette,6,NY,670,0.01
F,1912,Yetta,66,NY,236,0.072
F,1912,Yolanda,37,NY,332,0.04
F,1912,Yvonne,13,NY,562,0.014
F,1912,Yvette,10,NY,650,0.011
F,1913,Yetta,100,NY,199,0.097
F,1913,Yolanda,34,NY,364,0.033
F,1913,Yvonne,16,NY,540,0.015
F,1913,Yvette,7,NY,821,0.007
F,1914,Yetta,95,NY,246,0.069
F,1914,Yolanda,56,NY,326,0.041
F,1914,Yvonne,11,NY,742,0.008
F,1914,Yola,5,NY,1101,0.004
F,1915,Yetta,114,NY,250,0.067
F,1915,Yolanda,87,NY,298,0.051
F,1915,Yvonne,22,NY,590,0.013
F,1915,Yvette,10,NY,865,0.006
F,1915,Yola,8,NY,982,0.005
F,1916,Yetta,127,NY,235,0.073
F,1916,Yolanda,99,NY,278,0.057
F,1916,Yvonne,24,NY,581,0.014
F,1916,Yvette,7,NY,1054,0.004
F,1916,Yola,6,NY,1134,0.003
F,1916,Yolande,6,NY,1134,0.003
F,1917,Yolanda,116,NY,263,0.064
F,1917,Yetta,104,NY,283,0.057
F,1917,Yvonne,26,NY,555,0.014
F,1917,Yvette,12,NY,818,0.007
F,1918,Yetta,106,NY,289,0.056
F,1918,Yolanda,99,NY,299,0.052
F,1918,Yvonne,29,NY,542,0.015
F,1918,Yolande,8,NY,1015,0.004
F,1918,Yvette,7,NY,1096,0.004
F,1919,Yetta,121,NY,256,0.067
F,1919,Yolanda,108,NY,271,0.06
F,1919,Yvonne,23,NY,585,0.013
F,1919,Yvette,12,NY,808,0.007
F,1920,Yolanda,121,NY,258,0.064
F,1920,Yetta,88,NY,305,0.047
F,1920,Yvonne,34,NY,491,0.018
F,1920,Yvette,15,NY,740,0.008
F,1921,Yolanda,110,NY,276,0.057
F,1921,Yetta,72,NY,345,0.037
F,1921,Yvonne,43,NY,447,0.022
F,1921,Yvette,18,NY,695,0.009
F,1921,Yola,6,NY,1171,0.003
F,1921,Yolande,6,NY,1171,0.003
F,1922,Yolanda,138,NY,239,0.072
F,1922,Yetta,81,NY,315,0.042
F,1922,Yvonne,43,NY,445,0.022
F,1922,Yvette,19,NY,680,0.01
F,1922,Yola,5,NY,1287,0.003
F,1923,Yolanda,182,NY,211,0.094
F,1923,Yetta,54,NY,396,0.028
F,1923,Yvonne,47,NY,415,0.024
F,1923,Yvette,15,NY,749,0.008
F,1923,Yola,5,NY,1277,0.003
F,1924,Yolanda,187,NY,211,0.095
F,1924,Yetta,69,NY,354,0.035
F,1924,Yvonne,49,NY,417,0.025
F,1924,Yvette,21,NY,660,0.011
F,1924,Yola,6,NY,1193,0.003
F,1925,Yolanda,174,NY,217,0.089
F,1925,Yvonne,50,NY,414,0.026
F,1925,Yetta,41,NY,461,0.021
F,1925,Yvette,27,NY,573,0.014
F,1925,Yola,5,NY,1305,0.003
F,1926,Yolanda,168,NY,223,0.086
F,1926,Yvonne,62,NY,370,0.032
F,1926,Yetta,39,NY,469,0.02
F,1926,Yvette,21,NY,649,0.011
F,1927,Yolanda,109,NY,271,0.055
F,1927,Yvonne,60,NY,377,0.03
F,1927,Yetta,37,NY,483,0.019
F,1927,Yvette,35,NY,501,0.018
F,1928,Yolanda,130,NY,246,0.066
F,1928,Yvonne,68,NY,350,0.035
F,1928,Yetta,29,NY,564,0.015
F,1928,Yvette,27,NY,580,0.014
F,1928,Yola,7,NY,1138,0.004
F,1929,Yvonne,98,NY,284,0.051
F,1929,Yolanda,90,NY,295,0.047
F,1929,Yetta,22,NY,637,0.011
F,1929,Yvette,20,NY,678,0.01
F,1930,Yolanda,114,NY,261,0.06
F,1930,Yvonne,78,NY,313,0.041
F,1930,Yetta,20,NY,670,0.01
F,1930,Yvette,16,NY,746,0.008
F,1931,Yolanda,101,NY,268,0.056
F,1931,Yvonne,95,NY,283,0.053
F,1931,Yetta,15,NY,717,0.008
F,1931,Yvette,14,NY,750,0.008
F,1932,Yvonne,84,NY,295,0.048
F,1932,Yolanda,72,NY,317,0.041
F,1932,Yvette,20,NY,644,0.011
F,1932,Yetta,10,NY,891,0.006
F,1932,Yola,5,NY,1261,0.003
F,1933,Yvonne,78,NY,299,0.047
F,1933,Yolanda,50,NY,377,0.03
F,1933,Yetta,10,NY,869,0.006
F,1933,Yvette,9,NY,926,0.005
F,1934,Yvonne,102,NY,258,0.061
F,1934,Yolanda,60,NY,337,0.036
F,1934,Yvette,24,NY,556,0.014
F,1934,Yetta,7,NY,1026,0.004
F,1935,Yvonne,111,NY,242,0.067
F,1935,Yolanda,35,NY,462,0.021
F,1935,Yvette,15,NY,704,0.009
F,1936,Yvonne,174,NY,178,0.105
F,1936,Yolanda,56,NY,353,0.034
F,1936,Yvette,9,NY,905,0.005
F,1937,Yvonne,244,NY,151,0.144
F,1937,Yolanda,43,NY,416,0.025
F,1937,Yvette,12,NY,796,0.007
F,1938,Yvonne,168,NY,187,0.097
F,1938,Yolanda,29,NY,516,0.017
F,1938,Yvette,9,NY,925,0.005
F,1939,Yvonne,171,NY,189,0.099
F,1939,Yvette,25,NY,548,0.014
F,1939,Yolanda,24,NY,564,0.014
F,1940,Yvonne,186,NY,191,0.101
F,1940,Yolanda,22,NY,622,0.012
F,1940,Yvette,15,NY,756,0.008
F,1940,Yetta,5,NY,1266,0.003
F,1941,Yvonne,162,NY,208,0.082
F,1941,Yvette,34,NY,488,0.017
F,1941,Yolanda,26,NY,583,0.013
F,1942,Yvonne,179,NY,217,0.078
F,1942,Yolanda,29,NY,593,0.013
F,1942,Yvette,24,NY,655,0.01
F,1942,Yetta,6,NY,1307,0.003
F,1943,Yvonne,160,NY,233,0.068
F,1943,Yvette,26,NY,637,0.011
F,1943,Yolanda,24,NY,654,0.01
F,1944,Yvonne,195,NY,200,0.09
F,1944,Yvette,33,NY,530,0.015
F,1944,Yolanda,23,NY,637,0.011
F,1945,Yvonne,173,NY,220,0.078
F,1945,Yolanda,35,NY,530,0.016
F,1945,Yvette,34,NY,538,0.015
F,1946,Yvonne,254,NY,202,0.093
F,1946,Yolanda,55,NY,452,0.02
F,1946,Yvette,34,NY,594,0.012
F,1947,Yvonne,291,NY,199,0.094
F,1947,Yolanda,102,NY,348,0.033
F,1947,Yvette,46,NY,545,0.015
F,1947,Yola,5,NY,1691,0.002
F,1948,Yvonne,320,NY,180,0.11
F,1948,Yolanda,72,NY,418,0.025
F,1948,Yvette,62,NY,464,0.021
F,1949,Yvonne,324,NY,177,0.111
F,1949,Yolanda,84,NY,377,0.029
F,1949,Yvette,59,NY,465,0.02
F,1949,Yolande,6,NY,1573,0.002
F,1950,Yvonne,398,NY,152,0.136
F,1950,Yolanda,77,NY,415,0.026
F,1950,Yvette,73,NY,432,0.025
F,1951,Yvonne,376,NY,161,0.122
F,1951,Yolanda,103,NY,372,0.033
F,1951,Yvette,73,NY,444,0.024
F,1952,Yvonne,371,NY,180,0.116
F,1952,Yolanda,120,NY,351,0.038
F,1952,Yvette,95,NY,396,0.03
F,1953,Yvonne,395,NY,165,0.124
F,1953,Yolanda,156,NY,301,0.049
F,1953,Yvette,117,NY,365,0.037
F,1953,Yocheved,7,NY,1565,0.002
F,1953,Yolande,5,NY,1866,0.002
F,1954,Yvonne,397,NY,174,0.12
F,1954,Yolanda,157,NY,316,0.048
F,1954,Yvette,141,NY,334,0.043
F,1954,Yasmin,11,NY,1297,0.003
F,1954,Yadira,6,NY,1769,0.002
F,1955,Yvonne,390,NY,176,0.116
F,1955,Yolanda,183,NY,288,0.054
F,1955,Yvette,146,NY,334,0.043
F,1955,Yasmin,19,NY,1011,0.006
F,1956,Yvonne,382,NY,180,0.112
F,1956,Yvette,215,NY,258,0.063
F,1956,Yolanda,201,NY,273,0.059
F,1956,Yasmin,7,NY,1697,0.002
F,1956,Yehudis,5,NY,2045,0.001
F,1956,Yocheved,5,NY,2045,0.001
F,1957,Yvonne,406,NY,177,0.116
F,1957,Yolanda,248,NY,244,0.071
F,1957,Yvette,210,NY,279,0.06
F,1957,Yasmin,8,NY,1627,0.002
F,1958,Yvonne,389,NY,181,0.111
F,1958,Yolanda,246,NY,249,0.07
F,1958,Yvette,229,NY,264,0.065
F,1958,Yasmin,8,NY,1718,0.002
F,1959,Yvonne,390,NY,181,0.112
F,1959,Yvette,262,NY,241,0.075
F,1959,Yolanda,227,NY,272,0.065
F,1959,Yasmin,8,NY,1717,0.002
F,1959,Yolonda,6,NY,2006,0.002
F,1959,Yael,5,NY,2203,0.001
F,1960,Yvonne,387,NY,184,0.111
F,1960,Yvette,305,NY,209,0.088
F,1960,Yolanda,261,NY,249,0.075
F,1960,Yasmin,18,NY,1151,0.005
F,1961,Yvonne,428,NY,168,0.123
F,1961,Yvette,426,NY,170,0.123
F,1961,Yolanda,272,NY,229,0.078
F,1961,Yasmin,10,NY,1569,0.003
F,1961,Yolonda,7,NY,1869,0.002
F,1961,Yadira,6,NY,2045,0.002
F,1962,Yvonne,439,NY,158,0.13
F,1962,Yvette,405,NY,176,0.12
F,1962,Yolanda,316,NY,205,0.093
F,1962,Yocheved,11,NY,1510,0.003
F,1962,Yolande,9,NY,1637,0.003
F,1962,Yael,6,NY,2030,0.002
F,1962,Yasmin,6,NY,2030,0.002
F,1963,Yvette,455,NY,149,0.135
F,1963,Yvonne,353,NY,188,0.105
F,1963,Yolanda,317,NY,198,0.094
F,1963,Yasmin,9,NY,1681,0.003
F,1964,Yvette,487,NY,136,0.146
F,1964,Yvonne,376,NY,173,0.113
F,1964,Yolanda,345,NY,186,0.104
F,1964,Yolonda,9,NY,1710,0.003
F,1964,Yael,6,NY,2131,0.002
F,1964,Yasmin,6,NY,2131,0.002
F,1965,Yvette,490,NY,129,0.154
F,1965,Yvonne,337,NY,182,0.106
F,1965,Yolanda,313,NY,192,0.099
F,1965,Yehudis,7,NY,1916,0.002
F,1965,Yulanda,7,NY,1916,0.002
F,1965,Yolonda,6,NY,2094,0.002
F,1965,Yocheved,5,NY,2314,0.002
F,1966,Yvette,462,NY,126,0.153
F,1966,Yvonne,332,NY,169,0.11
F,1966,Yolanda,310,NY,178,0.102
F,1966,Yolonda,7,NY,1938,0.002
F,1967,Yvette,473,NY,120,0.163
F,1967,Yvonne,313,NY,172,0.108
F,1967,Yolanda,294,NY,182,0.101
F,1967,Yasmin,10,NY,1600,0.003
F,1967,Yolonda,7,NY,1949,0.002
F,1967,Yael,6,NY,2113,0.002
F,1967,Yadira,5,NY,2349,0.002
F,1967,Yolande,5,NY,2349,0.002
F,1968,Yvette,406,NY,130,0.143
F,1968,Yolanda,383,NY,137,0.135
F,1968,Yvonne,280,NY,190,0.099
F,1968,Yael,11,NY,1543,0.004
F,1968,Yasmin,10,NY,1632,0.004
F,1968,Yanira,5,NY,2383,0.002
F,1968,Yocheved,5,NY,2383,0.002
F,1968,Yolande,5,NY,2383,0.002
F,1969,Yolanda,388,NY,145,0.134
F,1969,Yvette,385,NY,147,0.133
F,1969,Yvonne,243,NY,217,0.084
F,1969,Yasmin,14,NY,1393,0.005
F,1969,Yael,12,NY,1524,0.004
F,1969,Yolonda,9,NY,1779,0.003
F,1969,Yevette,8,NY,1916,0.003
F,1969,Yocheved,7,NY,2078,0.002
F,1970,Yvette,356,NY,152,0.12
F,1970,Yolanda,351,NY,155,0.119
F,1970,Yvonne,251,NY,225,0.085
F,1970,Yael,15,NY,1417,0.005
F,1970,Yasmin,15,NY,1417,0.005
F,1970,Yocheved,9,NY,1909,0.003
F,1970,Yolonda,9,NY,1909,0.003
F,1970,Yevette,6,NY,2412,0.002
F,1970,Yitty,6,NY,2412,0.002
F,1971,Yolanda,322,NY,148,0.123
F,1971,Yvette,259,NY,196,0.099
F,1971,Yesenia,257,NY,198,0.098
F,1971,Yvonne,223,NY,223,0.085
F,1971,Yasmin,16,NY,1288,0.006
F,1971,Yadira,13,NY,1462,0.005
F,1971,Yael,13,NY,1462,0.005
F,1971,Yessenia,11,NY,1621,0.004
F,1971,Yehudis,8,NY,1950,0.003
F,1971,Yocheved,8,NY,1950,0.003
F,1971,Yolonda,8,NY,1950,0.003
F,1971,Yaffa,7,NY,2103,0.003
F,1971,Yasmine,6,NY,2348,0.002
F,1971,Yitty,6,NY,2348,0.002
F,1971,Yecenia,5,NY,2621,0.002
F,1971,Yolando,5,NY,2621,0.002
F,1972,Yolanda,277,NY,158,0.119
F,1972,Yvette,221,NY,200,0.095
F,1972,Yesenia,193,NY,219,0.083
F,1972,Yvonne,191,NY,221,0.082
F,1972,Yessenia,19,NY,1115,0.008
F,1972,Yael,17,NY,1180,0.007
F,1972,Yocheved,12,NY,1470,0.005
F,1972,Yadira,10,NY,1653,0.004
F,1972,Yasmin,9,NY,1786,0.004
F,1972,Yolonda,9,NY,1786,0.004
F,1972,Yasmine,7,NY,2077,0.003
F,1972,Yecenia,5,NY,2577,0.002
F,1973,Yolanda,223,NY,185,0.102
F,1973,Yvette,161,NY,244,0.074
F,1973,Yvonne,159,NY,250,0.073
F,1973,Yesenia,97,NY,387,0.045
F,1973,Yajaira,40,NY,720,0.018
F,1973,Yasmin,35,NY,784,0.016
F,1973,Yahaira,24,NY,965,0.011
F,1973,Yessenia,20,NY,1070,0.009
F,1973,Yocheved,11,NY,1527,0.005
F,1973,Yael,8,NY,1888,0.004
F,1973,Yahira,8,NY,1888,0.004
F,1973,Yaffa,7,NY,2049,0.003
F,1973,Yasmeen,7,NY,2049,0.003
F,1973,Yadira,6,NY,2277,0.003
F,1973,Yasmine,5,NY,2554,0.002
F,1973,Yolonda,5,NY,2554,0.002
F,1974,Yolanda,184,NY,214,0.085
F,1974,Yvette,139,NY,281,0.064
F,1974,Yesenia,133,NY,291,0.061
F,1974,Yvonne,106,NY,359,0.049
F,1974,Yasmin,36,NY,761,0.017
F,1974,Yessenia,21,NY,1046,0.01
F,1974,Yajaira,19,NY,1118,0.009
F,1974,Yael,17,NY,1192,0.008
F,1974,Yadira,13,NY,1411,0.006
F,1974,Yahaira,12,NY,1488,0.006
F,1974,Yasmeen,10,NY,1675,0.005
F,1974,Yasmine,8,NY,1928,0.004
F,1974,Yitty,7,NY,2105,0.003
F,1974,Yocheved,6,NY,2336,0.003
F,1974,Yulanda,6,NY,2336,0.003
F,1974,Yecenia,5,NY,2611,0.002
F,1974,Yehudis,5,NY,2611,0.002
F,1975,Yolanda,189,NY,215,0.088
F,1975,Yvonne,115,NY,331,0.054
F,1975,Yvette,108,NY,351,0.05
F,1975,Yesenia,100,NY,371,0.047
F,1975,Yasmin,31,NY,845,0.014
F,1975,Yadira,20,NY,1103,0.009
F,1975,Yahaira,19,NY,1146,0.009
F,1975,Yael,16,NY,1286,0.007
F,1975,Yajaira,15,NY,1333,0.007
F,1975,Yasmine,12,NY,1545,0.006
F,1975,Yessenia,12,NY,1545,0.006
F,1975,Yashica,10,NY,1727,0.005
F,1975,Yehudis,7,NY,2137,0.003
F,1975,Yanira,6,NY,2373,0.003
F,1975,Yolonda,6,NY,2373,0.003
F,1975,Yaritza,5,NY,2707,0.002
F,1975,Yasmeen,5,NY,2707,0.002
F,1975,Yitty,5,NY,2707,0.002
F,1975,Yocheved,5,NY,2707,0.002
F,1976,Yolanda,186,NY,203,0.088
F,1976,Yvette,144,NY,265,0.068
F,1976,Yvonne,124,NY,306,0.058
F,1976,Yesenia,70,NY,488,0.033
F,1976,Yasmin,42,NY,688,0.02
F,1976,Yael,18,NY,1174,0.008
F,1976,Yajaira,15,NY,1318,0.007
F,1976,Yanira,15,NY,1318,0.007
F,1976,Yocheved,14,NY,1378,0.007
F,1976,Yasmine,13,NY,1448,0.006
F,1976,Yahaira,12,NY,1521,0.006
F,1976,Yadira,10,NY,1720,0.005
F,1976,Yazmin,10,NY,1720,0.005
F,1976,Yehudis,9,NY,1840,0.004
F,1976,Yessenia,8,NY,1979,0.004
F,1976,Yalanda,6,NY,2414,0.003
F,1976,Yasmeen,6,NY,2414,0.003
F,1976,Yittel,6,NY,2414,0.003
F,1976,Yitty,6,NY,2414,0.003
F,1976,Yaffa,5,NY,2716,0.002
F,1976,Yides,5,NY,2716,0.002
F,1977,Yolanda,160,NY,240,0.074
F,1977,Yvette,126,NY,309,0.058
F,1977,Yvonne,112,NY,343,0.052
F,1977,Yasmin,67,NY,505,0.031
F,1977,Yesenia,54,NY,581,0.025
F,1977,Yadira,38,NY,735,0.018
F,1977,Yael,23,NY,1039,0.011
F,1977,Yanira,20,NY,1123,0.009
F,1977,Yasmine,19,NY,1152,0.009
F,1977,Yahaira,15,NY,1358,0.007
F,1977,Yessenia,15,NY,1358,0.007
F,1977,Yocheved,14,NY,1429,0.006
F,1977,Yasmeen,8,NY,2045,0.004
F,1977,Yehudis,8,NY,2045,0.004
F,1977,Yajaira,7,NY,2228,0.003
F,1977,Yazmin,6,NY,2461,0.003
F,1977,Yolonda,6,NY,2461,0.003
F,1977,Yaffa,5,NY,2739,0.002
F,1977,Ydania,5,NY,2739,0.002
F,1978,Yolanda,146,NY,249,0.07
F,1978,Yvette,102,NY,356,0.049
F,1978,Yvonne,91,NY,391,0.044
F,1978,Yesenia,78,NY,446,0.037
F,1978,Yasmin,46,NY,633,0.022
F,1978,Yadira,36,NY,727,0.017
F,1978,Yanira,23,NY,1011,0.011
F,1978,Yasmine,21,NY,1063,0.01
F,1978,Yael,19,NY,1135,0.009
F,1978,Yajaira,18,NY,1179,0.009
F,1978,Yahaira,17,NY,1220,0.008
F,1978,Yessenia,15,NY,1324,0.007
F,1978,Yocheved,14,NY,1394,0.007
F,1978,Yasmeen,10,NY,1712,0.005
F,1978,Yehudis,7,NY,2171,0.003
F,1978,Yitty,6,NY,2404,0.003
F,1979,Yolanda,145,NY,249,0.069
F,1979,Yvonne,88,NY,397,0.042
F,1979,Yvette,79,NY,436,0.038
F,1979,Yesenia,74,NY,457,0.035
F,1979,Yasmin,34,NY,783,0.016
F,1979,Yajaira,30,NY,858,0.014
F,1979,Yahaira,25,NY,959,0.012
F,1979,Yael,20,NY,1117,0.01
F,1979,Yadira,19,NY,1156,0.009
F,1979,Yanira,17,NY,1233,0.008
F,1979,Yocheved,14,NY,1385,0.007
F,1979,Yessenia,13,NY,1461,0.006
F,1979,Yaritza,10,NY,1744,0.005
F,1979,Yasmine,10,NY,1744,0.005
F,1979,Yamira,6,NY,2405,0.003
F,1979,Yasmeen,6,NY,2405,0.003
F,1979,Yessica,6,NY,2405,0.003
F,1979,Yitty,6,NY,2405,0.003
F,1979,Yaa,5,NY,2681,0.002
F,1979,Yasemin,5,NY,2681,0.002
F,1979,Yehudis,5,NY,2681,0.002
F,1979,Yolonda,5,NY,2681,0.002
F,1979,Yukiko,5,NY,2681,0.002
F,1980,Yolanda,126,NY,291,0.059
F,1980,Yvette,74,NY,453,0.035
F,1980,Yvonne,73,NY,459,0.034
F,1980,Yesenia,65,NY,496,0.031
F,1980,Yasmin,41,NY,688,0.019
F,1980,Yadira,25,NY,957,0.012
F,1980,Yajaira,24,NY,982,0.011
F,1980,Yahaira,21,NY,1061,0.01
F,1980,Yasmine,21,NY,1061,0.01
F,1980,Yanira,17,NY,1230,0.008
F,1980,Yocheved,17,NY,1230,0.008
F,1980,Yael,15,NY,1330,0.007
F,1980,Yara,13,NY,1455,0.006
F,1980,Yaritza,12,NY,1539,0.006
F,1980,Yitty,11,NY,1639,0.005
F,1980,Yazmin,10,NY,1745,0.005
F,1980,Yessenia,9,NY,1873,0.004
F,1980,Yahira,7,NY,2208,0.003
F,1980,Yasmeen,7,NY,2208,0.003
F,1980,Yamaris,6,NY,2419,0.003
F,1980,Yanick,6,NY,2419,0.003
F,1980,Yehudis,6,NY,2419,0.003
F,1980,Yanique,5,NY,2722,0.002
F,1980,Yelissa,5,NY,2722,0.002
F,1980,Yolande,5,NY,2722,0.002
F,1980,Yudelka,5,NY,2722,0.002
F,1981,Yolanda,103,NY,336,0.048
F,1981,Yvette,71,NY,459,0.033
F,1981,Yvonne,55,NY,561,0.026
F,1981,Yesenia,53,NY,574,0.025
F,1981,Yasmin,50,NY,594,0.023
F,1981,Yajaira,36,NY,739,0.017
F,1981,Yahaira,34,NY,771,0.016
F,1981,Yalitza,27,NY,907,0.013
F,1981,Yadira,25,NY,958,0.012
F,1981,Yanira,20,NY,1093,0.009
F,1981,Yael,14,NY,1382,0.007
F,1981,Yaritza,13,NY,1446,0.006
F,1981,Yasmine,13,NY,1446,0.006
F,1981,Yahira,12,NY,1526,0.006
F,1981,Yocheved,9,NY,1826,0.004
F,1981,Yashira,8,NY,1975,0.004
F,1981,Yehudis,8,NY,1975,0.004
F,1981,Yessenia,8,NY,1975,0.004
F,1981,Yira,8,NY,1975,0.004
F,1981,Yasmeen,7,NY,2156,0.003
F,1981,Yaffa,6,NY,2392,0.003
F,1981,Yanick,6,NY,2392,0.003
F,1981,Yamile,5,NY,2685,0.002
F,1981,Yecenia,5,NY,2685,0.002
F,1981,Yohanna,5,NY,2685,0.002
F,1981,Young,5,NY,2685,0.002
F,1981,Yudelca,5,NY,2685,0.002
F,1982,Yolanda,87,NY,384,0.04
F,1982,Yvonne,70,NY,475,0.032
F,1982,Yvette,64,NY,511,0.029
F,1982,Yahaira,44,NY,662,0.02
F,1982,Yesenia,43,NY,672,0.02
F,1982,Yajaira,38,NY,725,0.017
F,1982,Yasmin,29,NY,894,0.013
F,1982,Yadira,28,NY,918,0.013
F,1982,Yocheved,19,NY,1144,0.009
F,1982,Yalitza,16,NY,1264,0.007
F,1982,Yessenia,16,NY,1264,0.007
F,1982,Yael,15,NY,1329,0.007
F,1982,Yanira,15,NY,1329,0.007
F,1982,Yaritza,12,NY,1532,0.005
F,1982,Yasmine,12,NY,1532,0.005
F,1982,Yahira,9,NY,1843,0.004
F,1982,Yolonda,9,NY,1843,0.004
F,1982,Yazmin,8,NY,1986,0.004
F,1982,Yitty,8,NY,1986,0.004
F,1982,Yides,6,NY,2430,0.003
F,1982,Yaasmiyn,5,NY,2742,0.002
F,1982,Yasmeen,5,NY,2742,0.002
F,1982,Young,5,NY,2742,0.002
F,1983,Yolanda,77,NY,426,0.035
F,1983,Yvonne,70,NY,466,0.032
F,1983,Yvette,53,NY,574,0.024
F,1983,Yesenia,39,NY,703,0.018
F,1983,Yasmin,31,NY,839,0.014
F,1983,Yahaira,28,NY,899,0.013
F,1983,Yajaira,23,NY,1017,0.01
F,1983,Yael,20,NY,1102,0.009
F,1983,Yomaira,19,NY,1137,0.009
F,1983,Yanira,18,NY,1178,0.008
F,1983,Yadira,17,NY,1216,0.008
F,1983,Yasmine,17,NY,1216,0.008
F,1983,Yomayra,17,NY,1216,0.008
F,1983,Yaritza,14,NY,1407,0.006
F,1983,Yashira,9,NY,1850,0.004
F,1983,Yocheved,9,NY,1850,0.004
F,1983,Yehudis,8,NY,2006,0.004
F,1983,Yitty,7,NY,2167,0.003
F,1983,Yaffa,6,NY,2396,0.003
F,1983,Yessenia,6,NY,2396,0.003
F,1983,Yajayra,5,NY,2704,0.002
F,1983,Yalitza,5,NY,2704,0.002
F,1984,Yolanda,83,NY,412,0.038
F,1984,Yvonne,61,NY,540,0.028
F,1984,Yvette,57,NY,561,0.026
F,1984,Yesenia,39,NY,729,0.018
F,1984,Yasmin,37,NY,748,0.017
F,1984,Yahaira,36,NY,761,0.016
F,1984,Yocheved,23,NY,1013,0.01
F,1984,Yasmine,22,NY,1055,0.01
F,1984,Yomaira,22,NY,1055,0.01
F,1984,Yadira,20,NY,1119,0.009
F,1984,Yael,20,NY,1119,0.009
F,1984,Yajaira,19,NY,1162,0.009
F,1984,Yomayra,18,NY,1203,0.008
F,1984,Yessenia,14,NY,1383,0.006
F,1984,Yanira,13,NY,1453,0.006
F,1984,Yaritza,11,NY,1621,0.005
F,1984,Yazmin,11,NY,1621,0.005
F,1984,Yehudis,11,NY,1621,0.005
F,1984,Yitty,9,NY,1868,0.004
F,1984,Yalitza,5,NY,2784,0.002
F,1984,Yanique,5,NY,2784,0.002
F,1984,Yashira,5,NY,2784,0.002
F,1984,Yitta,5,NY,2784,0.002
F,1984,Yuri,5,NY,2784,0.002
F,1985,Yolanda,91,NY,384,0.04
F,1985,Yasmin,45,NY,668,0.02
F,1985,Yvonne,40,NY,727,0.018
F,1985,Yvette,39,NY,737,0.017
F,1985,Yajaira,34,NY,811,0.015
F,1985,Yahaira,32,NY,849,0.014
F,1985,Yesenia,31,NY,863,0.014
F,1985,Yocheved,28,NY,928,0.012
F,1985,Yaritza,19,NY,1181,0.008
F,1985,Yadira,16,NY,1318,0.007
F,1985,Yael,14,NY,1446,0.006
F,1985,Yanira,12,NY,1596,0.005
F,1985,Yasmine,11,NY,1712,0.005
F,1985,Yehudis,11,NY,1712,0.005
F,1985,Yashira,9,NY,1944,0.004
F,1985,Yazmin,9,NY,1944,0.004
F,1985,Yitty,9,NY,1944,0.004
F,1985,Yalitza,8,NY,2115,0.004
F,1985,Yarenis,8,NY,2115,0.004
F,1985,Yasmeen,8,NY,2115,0.004
F,1985,Yomaira,8,NY,2115,0.004
F,1985,Yahira,6,NY,2545,0.003
F,1985,Yaminah,5,NY,2864,0.002
F,1985,Yoko,5,NY,2864,0.002
F,1986,Yolanda,69,NY,489,0.03
F,1986,Yesenia,62,NY,542,0.027
F,1986,Yvonne,60,NY,555,0.026
F,1986,Yasmin,40,NY,752,0.017
F,1986,Yvette,38,NY,775,0.016
F,1986,Yahaira,28,NY,926,0.012
F,1986,Yael,26,NY,969,0.011
F,1986,Yajaira,23,NY,1046,0.01
F,1986,Yasmine,22,NY,1075,0.01
F,1986,Yehudis,18,NY,1221,0.008
F,1986,Yitty,17,NY,1271,0.007
F,1986,Yocheved,17,NY,1271,0.007
F,1986,Yessenia,14,NY,1479,0.006
F,1986,Yaritza,12,NY,1634,0.005
F,1986,Yadira,11,NY,1725,0.005
F,1986,Yomaira,10,NY,1837,0.004
F,1986,Yasmeen,8,NY,2153,0.003
F,1986,Yaffa,7,NY,2349,0.003
F,1986,Yashira,7,NY,2349,0.003
F,1986,Yides,6,NY,2594,0.003
F,1986,Yokasta,6,NY,2594,0.003
F,1986,Yulisa,6,NY,2594,0.003
F,1986,Yalitza,5,NY,2936,0.002
F,1986,Yanina,5,NY,2936,0.002
F,1986,Yanira,5,NY,2936,0.002
F,1986,Yaniris,5,NY,2936,0.002
F,1986,Yita,5,NY,2936,0.002
F,1986,Yitta,5,NY,2936,0.002
F,1986,Yudelka,5,NY,2936,0.002
F,1987,Yesenia,199,NY,201,0.084
F,1987,Yolanda,64,NY,549,0.027
F,1987,Yvonne,59,NY,577,0.025
F,1987,Yvette,51,NY,652,0.021
F,1987,Yasmin,48,NY,689,0.02
F,1987,Yessenia,27,NY,985,0.011
F,1987,Yasmine,24,NY,1055,0.01
F,1987,Yadira,21,NY,1159,0.009
F,1987,Yocheved,21,NY,1159,0.009
F,1987,Yael,15,NY,1444,0.006
F,1987,Yahaira,14,NY,1508,0.006
F,1987,Yajaira,14,NY,1508,0.006
F,1987,Yehudis,14,NY,1508,0.006
F,1987,Yanira,13,NY,1592,0.005
F,1987,Yashira,12,NY,1683,0.005
F,1987,Yitty,10,NY,1904,0.004
F,1987,Yuri,10,NY,1904,0.004
F,1987,Yaritza,9,NY,2031,0.004
F,1987,Yelitza,8,NY,2192,0.003
F,1987,Yaffa,6,NY,2657,0.003
F,1987,Yanill,5,NY,3014,0.002
F,1987,Yanitza,5,NY,3014,0.002
F,1987,Yazmin,5,NY,3014,0.002
F,1987,Yides,5,NY,3014,0.002
F,1987,Yohanna,5,NY,3014,0.002
F,1987,Yomayra,5,NY,3014,0.002
F,1987,Yudelka,5,NY,3014,0.002
F,1988,Yesenia,91,NY,411,0.037
F,1988,Yolanda,57,NY,611,0.023
F,1988,Yvette,47,NY,710,0.019
F,1988,Yasmin,44,NY,750,0.018
F,1988,Yvonne,44,NY,750,0.018
F,1988,Yocheved,28,NY,1006,0.011
F,1988,Yessenia,27,NY,1033,0.011
F,1988,Yael,24,NY,1110,0.01
F,1988,Yadira,23,NY,1134,0.009
F,1988,Yasmine,20,NY,1226,0.008
F,1988,Yaritza,18,NY,1315,0.007
F,1988,Yanira,12,NY,1709,0.005
F,1988,Yitty,10,NY,1950,0.004
F,1988,Yehudis,9,NY,2104,0.004
F,1988,Yaffa,8,NY,2285,0.003
F,1988,Yajaira,8,NY,2285,0.003
F,1988,Yahaira,7,NY,2479,0.003
F,1988,Yazmin,7,NY,2479,0.003
F,1988,Yuri,7,NY,2479,0.003
F,1988,Yasmeen,6,NY,2753,0.002
F,1988,Yamilet,5,NY,3145,0.002
F,1988,Yashira,5,NY,3145,0.002
F,1988,Yeraldin,5,NY,3145,0.002
F,1989,Yesenia,72,NY,535,0.028
F,1989,Yasmin,49,NY,712,0.019
F,1989,Yvette,49,NY,712,0.019
F,1989,Yolanda,44,NY,758,0.017
F,1989,Yvonne,44,NY,758,0.017
F,1989,Yasmine,26,NY,1076,0.01
F,1989,Yessenia,25,NY,1107,0.01
F,1989,Yocheved,18,NY,1373,0.007
F,1989,Yadira,16,NY,1481,0.006
F,1989,Yanira,16,NY,1481,0.006
F,1989,Yael,15,NY,1560,0.006
F,1989,Yahaira,15,NY,1560,0.006
F,1989,Yaritza,15,NY,1560,0.006
F,1989,Yessica,13,NY,1711,0.005
F,1989,Yajaira,12,NY,1809,0.005
F,1989,Yitty,12,NY,1809,0.005
F,1989,Yazmin,10,NY,2044,0.004
F,1989,Yuri,10,NY,2044,0.004
F,1989,Yides,9,NY,2200,0.004
F,1989,Yashira,8,NY,2388,0.003
F,1989,Yehudis,8,NY,2388,0.003
F,1989,Yaffa,6,NY,2906,0.002
F,1989,Yaniris,6,NY,2906,0.002
F,1989,Yasmeen,6,NY,2906,0.002
F,1989,Yanil,5,NY,3322,0.002
F,1989,Yanill,5,NY,3322,0.002
F,1989,Yehudit,5,NY,3322,0.002
F,1989,Yocasta,5,NY,3322,0.002
F,1990,Yesenia,122,NY,336,0.047
F,1990,Yvonne,56,NY,671,0.021
F,1990,Yasmin,48,NY,755,0.018
F,1990,Yvette,47,NY,767,0.018
F,1990,Yessenia,38,NY,880,0.015
F,1990,Yolanda,32,NY,972,0.012
F,1990,Yocheved,28,NY,1072,0.011
F,1990,Yasmine,23,NY,1219,0.009
F,1990,Yadira,19,NY,1390,0.007
F,1990,Yael,18,NY,1437,0.007
F,1990,Yitty,18,NY,1437,0.007
F,1990,Yessica,13,NY,1784,0.005
F,1990,Yasmeen,12,NY,1863,0.005
F,1990,Yazmin,12,NY,1863,0.005
F,1990,Yehudis,12,NY,1863,0.005
F,1990,Yanira,11,NY,1974,0.004
F,1990,Yesica,11,NY,1974,0.004
F,1990,Yahaira,10,NY,2103,0.004
F,1990,Yaritza,9,NY,2253,0.003
F,1990,Yajaira,8,NY,2441,0.003
F,1990,Yuri,8,NY,2441,0.003
F,1990,Yachet,6,NY,2974,0.002
F,1990,Yaffa,6,NY,2974,0.002
F,1990,Yanique,6,NY,2974,0.002
F,1990,Yaniris,6,NY,2974,0.002
F,1990,Yulissa,6,NY,2974,0.002
F,1990,Yanil,5,NY,3396,0.002
F,1990,Yashira,5,NY,3396,0.002
F,1990,Yecenia,5,NY,3396,0.002
F,1990,Yenty,5,NY,3396,0.002
F,1990,Yitta,5,NY,3396,0.002
F,1991,Yesenia,58,NY,647,0.023
F,1991,Yolanda,57,NY,653,0.022
F,1991,Yvonne,46,NY,764,0.018
F,1991,Yvette,43,NY,801,0.017
F,1991,Yasmin,38,NY,860,0.015
F,1991,Yasmine,31,NY,989,0.012
F,1991,Yocheved,29,NY,1035,0.011
F,1991,Yessenia,26,NY,1115,0.01
F,1991,Yael,20,NY,1336,0.008
F,1991,Yehudis,16,NY,1550,0.006
F,1991,Yessica,15,NY,1615,0.006
F,1991,Yadira,13,NY,1761,0.005
F,1991,Yanira,13,NY,1761,0.005
F,1991,Yahaira,12,NY,1853,0.005
F,1991,Yasmeen,12,NY,1853,0.005
F,1991,Yajaira,10,NY,2092,0.004
F,1991,Yazmin,10,NY,2092,0.004
F,1991,Yuri,10,NY,2092,0.004
F,1991,Yaritza,9,NY,2256,0.004
F,1991,Yesica,9,NY,2256,0.004
F,1991,Yashira,8,NY,2452,0.003
F,1991,Yides,8,NY,2452,0.003
F,1991,Yanil,6,NY,3005,0.002
F,1991,Yitta,6,NY,3005,0.002
F,1991,Yitty,6,NY,3005,0.002
F,1991,Yanill,5,NY,3431,0.002
F,1992,Yesenia,60,NY,630,0.024
F,1992,Yvonne,50,NY,717,0.02
F,1992,Yasmine,39,NY,837,0.016
F,1992,Yvette,39,NY,837,0.016
F,1992,Yasmin,38,NY,856,0.015
F,1992,Yolanda,31,NY,986,0.012
F,1992,Yaritza,29,NY,1035,0.012
F,1992,Yessenia,27,NY,1090,0.011
F,1992,Yocheved,22,NY,1267,0.009
F,1992,Yael,21,NY,1313,0.008
F,1992,Yehudis,19,NY,1384,0.008
F,1992,Yadira,16,NY,1543,0.006
F,1992,Yitty,15,NY,1615,0.006
F,1992,Yessica,13,NY,1777,0.005
F,1992,Yanique,10,NY,2109,0.004
F,1992,Yasmeen,10,NY,2109,0.004
F,1992,Yahaira,9,NY,2269,0.004
F,1992,Yesica,9,NY,2269,0.004
F,1992,Yanira,8,NY,2465,0.003
F,1992,Yides,8,NY,2465,0.003
F,1992,Yulissa,8,NY,2465,0.003
F,1992,Yashira,7,NY,2699,0.003
F,1992,Yazmin,6,NY,3040,0.002
F,1992,Yaniris,5,NY,3447,0.002
F,1992,Yara,5,NY,3447,0.002
F,1992,Yazmine,5,NY,3447,0.002
F,1992,Ying,5,NY,3447,0.002
F,1992,Yui,5,NY,3447,0.002
F,1993,Yaritza,72,NY,526,0.03
F,1993,Yesenia,60,NY,611,0.025
F,1993,Yasmin,50,NY,700,0.021
F,1993,Yasmine,45,NY,769,0.019
F,1993,Yolanda,39,NY,844,0.016
F,1993,Yvonne,34,NY,925,0.014
F,1993,Yvette,33,NY,946,0.014
F,1993,Yocheved,28,NY,1056,0.012
F,1993,Yael,24,NY,1182,0.01
F,1993,Yessenia,24,NY,1182,0.01
F,1993,Yehudis,21,NY,1296,0.009
F,1993,Yasmeen,20,NY,1341,0.008
F,1993,Yitty,15,NY,1639,0.006
F,1993,Yadira,14,NY,1719,0.006
F,1993,Yanira,12,NY,1900,0.005
F,1993,Yides,8,NY,2498,0.003
F,1993,Yanil,7,NY,2720,0.003
F,1993,Yazmin,7,NY,2720,0.003
F,1993,Yessica,7,NY,2720,0.003
F,1993,Yanique,6,NY,3031,0.002
F,1993,Yazmine,6,NY,3031,0.002
F,1993,Yitta,6,NY,3031,0.002
F,1993,Yachet,5,NY,3428,0.002
F,1993,Yaffa,5,NY,3428,0.002
F,1993,Yajaira,5,NY,3428,0.002
F,1993,Yarelyn,5,NY,3428,0.002
F,1993,Yoselin,5,NY,3428,0.002
F,1993,Yuka,5,NY,3428,0.002
F,1994,Yesenia,55,NY,653,0.023
F,1994,Yasmin,42,NY,809,0.018
F,1994,Yasmine,39,NY,840,0.016
F,1994,Yvonne,31,NY,966,0.013
F,1994,Yolanda,27,NY,1060,0.011
F,1994,Yvette,23,NY,1196,0.01
F,1994,Yaritza,21,NY,1290,0.009
F,1994,Yocheved,21,NY,1290,0.009
F,1994,Yadira,19,NY,1374,0.008
F,1994,Yasmeen,18,NY,1431,0.008
F,1994,Yael,16,NY,1539,0.007
F,1994,Yesica,15,NY,1616,0.006
F,1994,Yessenia,15,NY,1616,0.006
F,1994,Yazmin,14,NY,1714,0.006
F,1994,Yehudis,13,NY,1793,0.005
F,1994,Yitty,13,NY,1793,0.005
F,1994,Yahaira,10,NY,2143,0.004
F,1994,Yakira,8,NY,2515,0.003
F,1994,Yanira,8,NY,2515,0.003
F,1994,Yoselin,8,NY,2515,0.003
F,1994,Yides,7,NY,2792,0.003
F,1994,Yitta,7,NY,2792,0.003
F,1994,Yazmine,6,NY,3081,0.003
F,1994,Yessica,6,NY,3081,0.003
F,1994,Yajaira,5,NY,3475,0.002
F,1994,Yanet,5,NY,3475,0.002
F,1994,Yecenia,5,NY,3475,0.002
F,1994,Yulissa,5,NY,3475,0.002
F,1995,Yesenia,60,NY,600,0.026
F,1995,Yasmin,55,NY,647,0.024
F,1995,Yasmine,44,NY,765,0.019
F,1995,Yvonne,36,NY,891,0.016
F,1995,Yocheved,27,NY,1086,0.012
F,1995,Yasmeen,22,NY,1234,0.01
F,1995,Yvette,21,NY,1281,0.009
F,1995,Yamilex,20,NY,1328,0.009
F,1995,Yolanda,18,NY,1420,0.008
F,1995,Yael,17,NY,1461,0.007
F,1995,Yehudis,17,NY,1461,0.007
F,1995,Yessica,16,NY,1515,0.007
F,1995,Yessenia,14,NY,1667,0.006
F,1995,Yadira,13,NY,1750,0.006
F,1995,Yitty,13,NY,1750,0.006
F,1995,Yanira,12,NY,1852,0.005
F,1995,Yaritza,12,NY,1852,0.005
F,1995,Yazmin,12,NY,1852,0.005
F,1995,Yahaira,10,NY,2138,0.004
F,1995,Yamilet,8,NY,2495,0.003
F,1995,Yides,8,NY,2495,0.003
F,1995,Yajaira,7,NY,2724,0.003
F,1995,Yasemin,7,NY,2724,0.003
F,1995,Yazmine,7,NY,2724,0.003
F,1995,Yu,7,NY,2724,0.003
F,1995,Yamilette,6,NY,3019,0.003
F,1995,Yara,6,NY,3019,0.003
F,1995,Yesica,6,NY,3019,0.003
F,1995,Yuri,6,NY,3019,0.003
F,1995,Yamiles,5,NY,3447,0.002
F,1995,Yittel,5,NY,3447,0.002
F,1995,Yoselin,5,NY,3447,0.002
F,1995,Yuki,5,NY,3447,0.002
F,1996,Yesenia,50,NY,689,0.022
F,1996,Yasmin,47,NY,730,0.021
F,1996,Yasmine,44,NY,767,0.02
F,1996,Yamilex,35,NY,881,0.016
F,1996,Yael,34,NY,901,0.015
F,1996,Yvonne,33,NY,922,0.015
F,1996,Yaritza,30,NY,996,0.013
F,1996,Yvette,29,NY,1025,0.013
F,1996,Yasmeen,25,NY,1142,0.011
F,1996,Yocheved,22,NY,1241,0.01
F,1996,Yolanda,19,NY,1341,0.009
F,1996,Yadira,17,NY,1449,0.008
F,1996,Yessenia,15,NY,1611,0.007
F,1996,Yessica,12,NY,1883,0.005
F,1996,Yazmin,11,NY,2001,0.005
F,1996,Yehudis,11,NY,2001,0.005
F,1996,Yamiles,9,NY,2316,0.004
F,1996,Yamilet,9,NY,2316,0.004
F,1996,Yajaira,8,NY,2507,0.004
F,1996,Yanira,8,NY,2507,0.004
F,1996,Yalitza,7,NY,2775,0.003
F,1996,Yamilette,7,NY,2775,0.003
F,1996,Yasemin,7,NY,2775,0.003
F,1996,Yesica,7,NY,2775,0.003
F,1996,Yitta,7,NY,2775,0.003
F,1996,Yitty,7,NY,2775,0.003
F,1996,Yenifer,6,NY,3070,0.003
F,1996,Yahaira,5,NY,3490,0.002
F,1996,Yamileth,5,NY,3490,0.002
F,1996,Yides,5,NY,3490,0.002
F,1996,Ymani,5,NY,3490,0.002
F,1996,Yoselin,5,NY,3490,0.002
F,1996,Yu,5,NY,3490,0.002
F,1997,Yasmin,65,NY,536,0.03
F,1997,Yasmine,51,NY,668,0.024
F,1997,Yesenia,34,NY,894,0.016
F,1997,Yitty,28,NY,1028,0.013
F,1997,Yael,23,NY,1161,0.011
F,1997,Yocheved,23,NY,1161,0.011
F,1997,Yasmeen,20,NY,1295,0.009
F,1997,Yolanda,16,NY,1526,0.007
F,1997,Yvette,16,NY,1526,0.007
F,1997,Yadira,12,NY,1852,0.006
F,1997,Yaritza,12,NY,1852,0.006
F,1997,Yehudis,12,NY,1852,0.006
F,1997,Yessenia,12,NY,1852,0.006
F,1997,Yulissa,12,NY,1852,0.006
F,1997,Yvonne,12,NY,1852,0.006
F,1997,Yoselin,11,NY,1986,0.005
F,1997,Yajaira,10,NY,2129,0.005
F,1997,Yahaira,9,NY,2285,0.004
F,1997,Yazmin,9,NY,2285,0.004
F,1997,Yides,8,NY,2458,0.004
F,1997,Yitta,8,NY,2458,0.004
F,1997,Yanira,7,NY,2717,0.003
F,1997,Yelitza,7,NY,2717,0.003
F,1997,Yamilex,6,NY,3028,0.003
F,1997,Yanique,6,NY,3028,0.003
F,1997,Yesica,6,NY,3028,0.003
F,1997,Yessica,6,NY,3028,0.003
F,1997,Yoana,6,NY,3028,0.003
F,1997,Yakira,5,NY,3443,0.002
F,1997,Yamilet,5,NY,3443,0.002
F,1997,Yara,5,NY,3443,0.002
F,1997,Yuri,5,NY,3443,0.002
F,1998,Yasmine,54,NY,622,0.025
F,1998,Yasmin,49,NY,679,0.023
F,1998,Yesenia,33,NY,922,0.015
F,1998,Yitty,31,NY,971,0.014
F,1998,Yocheved,31,NY,971,0.014
F,1998,Yael,24,NY,1163,0.011
F,1998,Yehudis,24,NY,1163,0.011
F,1998,Yasmeen,21,NY,1277,0.01
F,1998,Yvette,17,NY,1480,0.008
F,1998,Yvonne,17,NY,1480,0.008
F,1998,Yolanda,16,NY,1549,0.007
F,1998,Yadira,11,NY,2051,0.005
F,1998,Yaritza,11,NY,2051,0.005
F,1998,Yazmin,8,NY,2538,0.004
F,1998,Yitta,8,NY,2538,0.004
F,1998,Yahaira,7,NY,2792,0.003
F,1998,Yakira,7,NY,2792,0.003
F,1998,Yamilex,7,NY,2792,0.003
F,1998,Yanique,7,NY,2792,0.003
F,1998,Yanira,7,NY,2792,0.003
F,1998,Yelitza,7,NY,2792,0.003
F,1998,Yides,7,NY,2792,0.003
F,1998,Yoselin,7,NY,2792,0.003
F,1998,Yachet,6,NY,3080,0.003
F,1998,Yamilet,6,NY,3080,0.003
F,1998,Yesica,6,NY,3080,0.003
F,1998,Yulissa,6,NY,3080,0.003
F,1998,Yarisa,5,NY,3529,0.002
F,1998,Yenifer,5,NY,3529,0.002
F,1998,Yuval,5,NY,3529,0.002
F,1999,Yasmin,52,NY,641,0.024
F,1999,Yesenia,46,NY,728,0.022
F,1999,Yasmine,43,NY,767,0.02
F,1999,Yocheved,31,NY,978,0.015
F,1999,Yael,27,NY,1075,0.013
F,1999,Yitty,27,NY,1075,0.013
F,1999,Yehudis,25,NY,1137,0.012
F,1999,Yvonne,18,NY,1421,0.008
F,1999,Yasmeen,17,NY,1483,0.008
F,1999,Yvette,17,NY,1483,0.008
F,1999,Yessenia,16,NY,1554,0.007
F,1999,Yides,15,NY,1621,0.007
F,1999,Yadira,14,NY,1711,0.007
F,1999,Yazmin,13,NY,1792,0.006
F,1999,Yolanda,13,NY,1792,0.006
F,1999,Yaritza,12,NY,1905,0.006
F,1999,Yamilex,8,NY,2519,0.004
F,1999,Yanique,7,NY,2770,0.003
F,1999,Yoselin,7,NY,2770,0.003
F,1999,Yu,7,NY,2770,0.003
F,1999,Yuki,7,NY,2770,0.003
F,1999,Yachet,6,NY,3110,0.003
F,1999,Yahaira,6,NY,3110,0.003
F,1999,Yenifer,6,NY,3110,0.003
F,1999,Yessica,6,NY,3110,0.003
F,1999,Yajaira,5,NY,3564,0.002
F,1999,Yanira,5,NY,3564,0.002
F,1999,Yara,5,NY,3564,0.002
F,1999,Yasmina,5,NY,3564,0.002
F,1999,Yusra,5,NY,3564,0.002
F,2000,Yasmine,56,NY,622,0.026
F,2000,Yasmin,54,NY,641,0.025
F,2000,Yesenia,37,NY,856,0.017
F,2000,Yael,31,NY,998,0.014
F,2000,Yitty,27,NY,1108,0.013
F,2000,Yides,26,NY,1126,0.012
F,2000,Yehudis,24,NY,1172,0.011
F,2000,Yocheved,21,NY,1288,0.01
F,2000,Yasmeen,19,NY,1409,0.009
F,2000,Yvette,19,NY,1409,0.009
F,2000,Yazmin,16,NY,1586,0.007
F,2000,Yvonne,12,NY,1946,0.006
F,2000,Yamile,10,NY,2248,0.005
F,2000,Yamilet,10,NY,2248,0.005
F,2000,Yolanda,10,NY,2248,0.005
F,2000,Yadira,9,NY,2429,0.004
F,2000,Yuki,9,NY,2429,0.004
F,2000,Yessica,8,NY,2655,0.004
F,2000,Yoselin,8,NY,2655,0.004
F,2000,Yamilex,7,NY,2916,0.003
F,2000,Yan,7,NY,2916,0.003
F,2000,Yesica,7,NY,2916,0.003
F,2000,Yanira,6,NY,3236,0.003
F,2000,Yazmine,6,NY,3236,0.003
F,2000,Yaffa,5,NY,3661,0.002
F,2000,Yailin,5,NY,3661,0.002
F,2000,Yaritza,5,NY,3661,0.002
F,2000,Yatzari,5,NY,3661,0.002
F,2000,Yenty,5,NY,3661,0.002
F,2000,Yessenia,5,NY,3661,0.002
F,2000,Yu,5,NY,3661,0.002
F,2000,Yuval,5,NY,3661,0.002
F,2001,Yasmin,48,NY,695,0.023
F,2001,Yasmine,37,NY,872,0.018
F,2001,Yael,28,NY,1065,0.013
F,2001,Yocheved,28,NY,1065,0.013
F,2001,Yehudis,25,NY,1153,0.012
F,2001,Yesenia,23,NY,1230,0.011
F,2001,Yitty,22,NY,1268,0.01
F,2001,Yides,20,NY,1366,0.01
F,2001,Yaire,18,NY,1468,0.009
F,2001,Yasmeen,18,NY,1468,0.009
F,2001,Yvette,18,NY,1468,0.009
F,2001,Yaritza,16,NY,1605,0.008
F,2001,Yadira,15,NY,1678,0.007
F,2001,Yvonne,14,NY,1776,0.007
F,2001,Yolanda,13,NY,1877,0.006
F,2001,Yoselin,13,NY,1877,0.006
F,2001,Yessenia,11,NY,2125,0.005
F,2001,Yajaira,10,NY,2258,0.005
F,2001,Yessica,10,NY,2258,0.005
F,2001,Yazmin,9,NY,2440,0.004
F,2001,Yamilet,8,NY,2664,0.004
F,2001,Yenifer,8,NY,2664,0.004
F,2001,Yazmine,7,NY,2930,0.003
F,2001,Yuki,7,NY,2930,0.003
F,2001,Yuval,7,NY,2930,0.003
F,2001,Ya,6,NY,3257,0.003
F,2001,Yakira,6,NY,3257,0.003
F,2001,Yesica,6,NY,3257,0.003
F,2001,Yoana,6,NY,3257,0.003
F,2001,Yuliana,6,NY,3257,0.003
F,2001,Yulissa,6,NY,3257,0.003
F,2001,Yaa,5,NY,3738,0.002
F,2001,Yachet,5,NY,3738,0.002
F,2001,Yaquelin,5,NY,3738,0.002
F,2001,Yara,5,NY,3738,0.002
F,2001,Yenty,5,NY,3738,0.002
F,2001,Yuka,5,NY,3738,0.002
F,2001,Yumi,5,NY,3738,0.002
F,2002,Yasmin,50,NY,665,0.024
F,2002,Yasmine,44,NY,747,0.021
F,2002,Yesenia,42,NY,780,0.02
F,2002,Yocheved,34,NY,916,0.016
F,2002,Yehudis,33,NY,934,0.016
F,2002,Yitty,30,NY,1005,0.014
F,2002,Yael,26,NY,1120,0.013
F,2002,Yasmeen,21,NY,1307,0.01
F,2002,Yaritza,17,NY,1523,0.008
F,2002,Yides,17,NY,1523,0.008
F,2002,Yvette,16,NY,1589,0.008
F,2002,Yvonne,16,NY,1589,0.008
F,2002,Yolanda,15,NY,1667,0.007
F,2002,Yessenia,14,NY,1754,0.007
F,2002,Yadira,10,NY,2254,0.005
F,2002,Yaffa,10,NY,2254,0.005
F,2002,Yamilet,10,NY,2254,0.005
F,2002,Yara,8,NY,2650,0.004
F,2002,Yu,8,NY,2650,0.004
F,2002,Yakira,7,NY,2927,0.003
F,2002,Yazmin,7,NY,2927,0.003
F,2002,Yessica,7,NY,2927,0.003
F,2002,Yoselyn,7,NY,2927,0.003
F,2002,Yenty,6,NY,3242,0.003
F,2002,Yoselin,6,NY,3242,0.003
F,2002,Yamilex,5,NY,3666,0.002
F,2002,Yana,5,NY,3666,0.002
F,2002,Yanira,5,NY,3666,0.002
F,2002,Yaquelin,5,NY,3666,0.002
F,2002,Yehudit,5,NY,3666,0.002
F,2002,Ying,5,NY,3666,0.002
F,2002,Yitta,5,NY,3666,0.002
F,2002,Yuki,5,NY,3666,0.002
F,2003,Yasmin,50,NY,683,0.024
F,2003,Yesenia,35,NY,939,0.017
F,2003,Yael,34,NY,964,0.016
F,2003,Yocheved,34,NY,964,0.016
F,2003,Yitty,33,NY,981,0.016
F,2003,Yasmine,32,NY,1001,0.015
F,2003,Yehudis,25,NY,1191,0.012
F,2003,Yides,23,NY,1258,0.011
F,2003,Yaritza,17,NY,1560,0.008
F,2003,Yvonne,17,NY,1560,0.008
F,2003,Yazmin,16,NY,1635,0.008
F,2003,Yahaira,15,NY,1717,0.007
F,2003,Yvette,15,NY,1717,0.007
F,2003,Yoselin,13,NY,1900,0.006
F,2003,Yadira,12,NY,2006,0.006
F,2003,Yasmeen,12,NY,2006,0.006
F,2003,Yolanda,11,NY,2141,0.005
F,2003,Yessica,10,NY,2302,0.005
F,2003,Yuki,10,NY,2302,0.005
F,2003,Yamilet,9,NY,2466,0.004
F,2003,Yu,8,NY,2685,0.004
F,2003,Yara,7,NY,2938,0.003
F,2003,Yarely,7,NY,2938,0.003
F,2003,Yamile,6,NY,3275,0.003
F,2003,Yana,6,NY,3275,0.003
F,2003,Yuliana,6,NY,3275,0.003
F,2003,Yuna,6,NY,3275,0.003
F,2003,Ying,5,NY,3762,0.002
F,2003,Yusra,5,NY,3762,0.002
F,2004,Yasmin,55,NY,646,0.027
F,2004,Yitty,32,NY,985,0.015
F,2004,Yesenia,28,NY,1091,0.014
F,2004,Yocheved,28,NY,1091,0.014
F,2004,Yasmine,27,NY,1118,0.013
F,2004,Yael,25,NY,1198,0.012
F,2004,Yehudis,25,NY,1198,0.012
F,2004,Yides,23,NY,1289,0.011
F,2004,Yasmeen,17,NY,1586,0.008
F,2004,Yaritza,15,NY,1720,0.007
F,2004,Yachet,14,NY,1809,0.007
F,2004,Yuki,14,NY,1809,0.007
F,2004,Yazmin,13,NY,1900,0.006
F,2004,Yoselin,13,NY,1900,0.006
F,2004,Yvette,11,NY,2179,0.005
F,2004,Yadira,10,NY,2326,0.005
F,2004,Yamileth,10,NY,2326,0.005
F,2004,Yessenia,10,NY,2326,0.005
F,2004,Yara,9,NY,2498,0.004
F,2004,Yolanda,9,NY,2498,0.004
F,2004,Yvonne,9,NY,2498,0.004
F,2004,Yi,8,NY,2710,0.004
F,2004,Yakira,7,NY,2985,0.003
F,2004,Yamilet,7,NY,2985,0.003
F,2004,Yu,7,NY,2985,0.003
F,2004,Yaffa,6,NY,3344,0.003
F,2004,Yahaira,6,NY,3344,0.003
F,2004,Yanely,6,NY,3344,0.003
F,2004,Yaretzi,6,NY,3344,0.003
F,2004,Yessica,6,NY,3344,0.003
F,2004,Yulisa,6,NY,3344,0.003
F,2004,Yulissa,6,NY,3344,0.003
F,2004,Yuna,6,NY,3344,0.003
F,2004,Yenty,5,NY,3777,0.002
F,2004,Yesica,5,NY,3777,0.002
F,2004,Yoselyn,5,NY,3777,0.002
F,2004,Ysabella,5,NY,3777,0.002
F,2004,Yuri,5,NY,3777,0.002
F,2004,Yuval,5,NY,3777,0.002
F,2005,Yasmin,51,NY,685,0.025
F,2005,Yael,34,NY,959,0.017
F,2005,Yasmine,32,NY,999,0.016
F,2005,Yitty,28,NY,1091,0.014
F,2005,Yadira,25,NY,1192,0.012
F,2005,Yocheved,25,NY,1192,0.012
F,2005,Yehudis,24,NY,1229,0.012
F,2005,Yides,22,NY,1313,0.011
F,2005,Yuki,17,NY,1589,0.008
F,2005,Yesenia,14,NY,1826,0.007
F,2005,Yvonne,13,NY,1935,0.006
F,2005,Yachet,12,NY,2035,0.006
F,2005,Yazmin,12,NY,2035,0.006
F,2005,Yahaira,11,NY,2160,0.005
F,2005,Yasmeen,10,NY,2331,0.005
F,2005,Yessenia,10,NY,2331,0.005
F,2005,Yoselin,10,NY,2331,0.005
F,2005,Yamilet,9,NY,2517,0.004
F,2005,Yaritza,9,NY,2517,0.004
F,2005,Yu,8,NY,2768,0.004
F,2005,Yuliana,8,NY,2768,0.004
F,2005,Yuna,8,NY,2768,0.004
F,2005,Yusra,8,NY,2768,0.004
F,2005,Yvette,8,NY,2768,0.004
F,2005,Yajaira,7,NY,3029,0.003
F,2005,Yana,7,NY,3029,0.003
F,2005,Yaneli,7,NY,3029,0.003
F,2005,Yi,7,NY,3029,0.003
F,2005,Yamile,6,NY,3354,0.003
F,2005,Yamileth,6,NY,3354,0.003
F,2005,Yanelis,6,NY,3354,0.003
F,2005,Yanira,6,NY,3354,0.003
F,2005,Yulissa,6,NY,3354,0.003
F,2005,Yadhira,5,NY,3811,0.002
F,2005,Yaffa,5,NY,3811,0.002
F,2005,Yalissa,5,NY,3811,0.002
F,2005,Yanique,5,NY,3811,0.002
F,2005,Yehudit,5,NY,3811,0.002
F,2005,Yitta,5,NY,3811,0.002
F,2005,Yittel,5,NY,3811,0.002
F,2005,Yolanda,5,NY,3811,0.002
F,2005,Ysabel,5,NY,3811,0.002
F,2006,Yasmin,42,NY,822,0.02
F,2006,Yocheved,33,NY,1008,0.016
F,2006,Yides,30,NY,1078,0.015
F,2006,Yael,29,NY,1108,0.014
F,2006,Yitty,29,NY,1108,0.014
F,2006,Yehudis,27,NY,1159,0.013
F,2006,Yasmine,26,NY,1196,0.013
F,2006,Yadira,20,NY,1450,0.01
F,2006,Yoselin,20,NY,1450,0.01
F,2006,Yasmeen,19,NY,1510,0.009
F,2006,Yazmin,19,NY,1510,0.009
F,2006,Yesenia,18,NY,1569,0.009
F,2006,Yaretzi,12,NY,2123,0.006
F,2006,Yvette,12,NY,2123,0.006
F,2006,Yu,11,NY,2277,0.005
F,2006,Yvonne,11,NY,2277,0.005
F,2006,Yamilet,10,NY,2450,0.005
F,2006,Yaretzy,10,NY,2450,0.005
F,2006,Yaritza,10,NY,2450,0.005
F,2006,Yenifer,10,NY,2450,0.005
F,2006,Yessenia,10,NY,2450,0.005
F,2006,Yareli,9,NY,2630,0.004
F,2006,Yara,8,NY,2859,0.004
F,2006,Yolanda,8,NY,2859,0.004
F,2006,Yachet,7,NY,3153,0.003
F,2006,Yadhira,7,NY,3153,0.003
F,2006,Yi,7,NY,3153,0.003
F,2006,Yuki,7,NY,3153,0.003
F,2006,Yuna,7,NY,3153,0.003
F,2006,Yuridia,7,NY,3153,0.003
F,2006,Yusra,7,NY,3153,0.003
F,2006,Yarelis,6,NY,3491,0.003
F,2006,Yasmina,6,NY,3491,0.003
F,2006,Yittel,6,NY,3491,0.003
F,2006,Yaffa,5,NY,3926,0.002
F,2006,Yahaira,5,NY,3926,0.002
F,2006,Yajaira,5,NY,3926,0.002
F,2006,Yamile,5,NY,3926,0.002
F,2006,Yana,5,NY,3926,0.002
F,2006,Yarisbel,5,NY,3926,0.002
F,2006,Yazmine,5,NY,3926,0.002
F,2006,Yehudit,5,NY,3926,0.002
F,2006,Yita,5,NY,3926,0.002
F,2006,Yocelin,5,NY,3926,0.002
F,2006,Yoselyn,5,NY,3926,0.002
F,2006,Ysabel,5,NY,3926,0.002
F,2006,Yuri,5,NY,3926,0.002
F,2007,Yasmin,51,NY,706,0.024
F,2007,Yehudis,38,NY,908,0.018
F,2007,Yasmine,37,NY,932,0.018
F,2007,Yitty,34,NY,1006,0.016
F,2007,Yael,33,NY,1032,0.016
F,2007,Yocheved,29,NY,1123,0.014
F,2007,Yides,27,NY,1195,0.013
F,2007,Yuki,21,NY,1422,0.01
F,2007,Yazmin,18,NY,1619,0.009
F,2007,Yadira,17,NY,1696,0.008
F,2007,Yesenia,16,NY,1749,0.008
F,2007,Yara,15,NY,1849,0.007
F,2007,Yu,15,NY,1849,0.007
F,2007,Yaritza,14,NY,1947,0.007
F,2007,Yvonne,14,NY,1947,0.007
F,2007,Yahaira,12,NY,2156,0.006
F,2007,Yaretzi,12,NY,2156,0.006
F,2007,Yitta,12,NY,2156,0.006
F,2007,Yoselin,12,NY,2156,0.006
F,2007,Yasmeen,11,NY,2293,0.005
F,2007,Yachet,10,NY,2441,0.005
F,2007,Yareli,10,NY,2441,0.005
F,2007,Yessenia,10,NY,2441,0.005
F,2007,Yolanda,10,NY,2441,0.005
F,2007,Yvette,9,NY,2659,0.004
F,2007,Yo,8,NY,2895,0.004
F,2007,Yuliana,8,NY,2895,0.004
F,2007,Yamilet,7,NY,3184,0.003
F,2007,Yana,7,NY,3184,0.003
F,2007,Yesica,7,NY,3184,0.003
F,2007,Yuri,7,NY,3184,0.003
F,2007,Yaira,6,NY,3542,0.003
F,2007,Yajaira,6,NY,3542,0.003
F,2007,Yittel,6,NY,3542,0.003
F,2007,Yoselyn,6,NY,3542,0.003
F,2007,Yadhira,5,NY,4042,0.002
F,2007,Yaffa,5,NY,4042,0.002
F,2007,Yaneli,5,NY,4042,0.002
F,2007,Yaslene,5,NY,4042,0.002
F,2007,Yazmine,5,NY,4042,0.002
F,2007,Yi,5,NY,4042,0.002
F,2007,Ying,5,NY,4042,0.002
F,2008,Yitty,47,NY,766,0.023
F,2008,Yasmin,46,NY,779,0.022
F,2008,Yael,31,NY,1087,0.015
F,2008,Yehudis,30,NY,1108,0.015
F,2008,Yocheved,29,NY,1147,0.014
F,2008,Yides,26,NY,1241,0.013
F,2008,Yasmine,23,NY,1351,0.011
F,2008,Yesenia,21,NY,1442,0.01
F,2008,Yaritza,19,NY,1552,0.009
F,2008,Yaretzi,18,NY,1622,0.009
F,2008,Yamilet,15,NY,1869,0.007
F,2008,Yadira,14,NY,1959,0.007
F,2008,Yasmeen,13,NY,2073,0.006
F,2008,Yara,12,NY,2177,0.006
F,2008,Yvette,12,NY,2177,0.006
F,2008,Yvonne,11,NY,2320,0.005
F,2008,Yachet,10,NY,2504,0.005
F,2008,Yakira,10,NY,2504,0.005
F,2008,Yana,10,NY,2504,0.005
F,2008,Yareli,10,NY,2504,0.005
F,2008,Yuki,10,NY,2504,0.005
F,2008,Yazmin,9,NY,2712,0.004
F,2008,Yaffa,8,NY,2917,0.004
F,2008,Yitta,8,NY,2917,0.004
F,2008,Yolanda,8,NY,2917,0.004
F,2008,Yahaira,7,NY,3238,0.003
F,2008,Yazmine,7,NY,3238,0.003
F,2008,Yoselin,7,NY,3238,0.003
F,2008,Ysabella,7,NY,3238,0.003
F,2008,Yuliana,7,NY,3238,0.003
F,2008,Yamileth,6,NY,3603,0.003
F,2008,Yarelis,6,NY,3603,0.003
F,2008,Yarielis,6,NY,3603,0.003
F,2008,Yessenia,6,NY,3603,0.003
F,2008,Yessica,6,NY,3603,0.003
F,2008,Yaindhi,5,NY,4051,0.002
F,2008,Yanely,5,NY,4051,0.002
F,2008,Yenifer,5,NY,4051,0.002
F,2008,Yulisa,5,NY,4051,0.002
F,2009,Yasmin,43,NY,821,0.021
F,2009,Yael,36,NY,954,0.018
F,2009,Yehudis,31,NY,1077,0.015
F,2009,Yitty,29,NY,1141,0.014
F,2009,Yides,28,NY,1179,0.014
F,2009,Yaretzi,26,NY,1258,0.013
F,2009,Yocheved,25,NY,1296,0.012
F,2009,Yasmine,21,NY,1475,0.01
F,2009,Yamilet,18,NY,1648,0.009
F,2009,Yaritza,14,NY,1967,0.007
F,2009,Yazmin,14,NY,1967,0.007
F,2009,Yesenia,13,NY,2075,0.006
F,2009,Yvette,13,NY,2075,0.006
F,2009,Yara,12,NY,2187,0.006
F,2009,Yuna,12,NY,2187,0.006
F,2009,Yahaira,11,NY,2305,0.005
F,2009,Yajaira,11,NY,2305,0.005
F,2009,Yana,11,NY,2305,0.005
F,2009,Yoselin,10,NY,2462,0.005
F,2009,Yvonne,10,NY,2462,0.005
F,2009,Yaneli,9,NY,2681,0.004
F,2009,Yareli,9,NY,2681,0.004
F,2009,Yusra,9,NY,2681,0.004
F,2009,Yachet,8,NY,2924,0.004
F,2009,Yadira,8,NY,2924,0.004
F,2009,Yakira,8,NY,2924,0.004
F,2009,Yasmeen,8,NY,2924,0.004
F,2009,Yitta,8,NY,2924,0.004
F,2009,Yaffa,7,NY,3219,0.003
F,2009,Yamileth,7,NY,3219,0.003
F,2009,Yarel,7,NY,3219,0.003
F,2009,Ysabella,7,NY,3219,0.003
F,2009,Yuki,7,NY,3219,0.003
F,2009,Yolanda,6,NY,3583,0.003
F,2009,Yailin,5,NY,4072,0.002
F,2009,Yamilette,5,NY,4072,0.002
F,2009,Yanelis,5,NY,4072,0.002
F,2009,Yaneliz,5,NY,4072,0.002
F,2009,Yaquelin,5,NY,4072,0.002
F,2009,Yashvi,5,NY,4072,0.002
F,2009,Yazmine,5,NY,4072,0.002
F,2009,Yessenia,5,NY,4072,0.002
F,2009,Yianna,5,NY,4072,0.002
F,2009,Yu,5,NY,4072,0.002
F,2009,Yuliana,5,NY,4072,0.002
F,2010,Yitty,39,NY,884,0.02
F,2010,Yael,38,NY,905,0.019
F,2010,Yocheved,37,NY,932,0.019
F,2010,Yaretzi,31,NY,1083,0.016
F,2010,Yides,31,NY,1083,0.016
F,2010,Yasmine,26,NY,1231,0.013
F,2010,Yasmin,24,NY,1288,0.012
F,2010,Yamilet,22,NY,1398,0.011
F,2010,Yehudis,22,NY,1398,0.011
F,2010,Yitta,16,NY,1770,0.008
F,2010,Yadira,15,NY,1855,0.008
F,2010,Yaritza,14,NY,1951,0.007
F,2010,Yara,13,NY,2047,0.007
F,2010,Yesenia,13,NY,2047,0.007
F,2010,Yessenia,11,NY,2341,0.006
F,2010,Yoselin,11,NY,2341,0.006
F,2010,Yvette,11,NY,2341,0.006
F,2010,Yana,10,NY,2513,0.005
F,2010,Yasmeen,9,NY,2720,0.005
F,2010,Yita,9,NY,2720,0.005
F,2010,Yachet,8,NY,2947,0.004
F,2010,Yamileth,8,NY,2947,0.004
F,2010,Yareli,8,NY,2947,0.004
F,2010,Yolanda,8,NY,2947,0.004
F,2010,Yvonne,8,NY,2947,0.004
F,2010,Yahaira,7,NY,3219,0.004
F,2010,Yazmin,7,NY,3219,0.004
F,2010,Yuki,7,NY,3219,0.004
F,2010,Yakira,6,NY,3597,0.003
F,2010,Yarel,6,NY,3597,0.003
F,2010,Ysabella,6,NY,3597,0.003
F,2010,Yuri,6,NY,3597,0.003
F,2010,Yagmur,5,NY,4059,0.003
F,2010,Yamila,5,NY,4059,0.003
F,2010,Yaneliz,5,NY,4059,0.003
F,2010,Yitel,5,NY,4059,0.003
F,2010,Yuliana,5,NY,4059,0.003
F,2010,Yuna,5,NY,4059,0.003
F,2011,Yitty,54,NY,670,0.027
F,2011,Yides,38,NY,891,0.019
F,2011,Yael,35,NY,966,0.018
F,2011,Yaretzi,31,NY,1064,0.016
F,2011,Yasmin,29,NY,1122,0.015
F,2011,Yehudis,27,NY,1200,0.014
F,2011,Yocheved,27,NY,1200,0.014
F,2011,Yasmine,21,NY,1467,0.011
F,2011,Yara,16,NY,1773,0.008
F,2011,Yitta,16,NY,1773,0.008
F,2011,Yachet,14,NY,1963,0.007
F,2011,Yamilet,14,NY,1963,0.007
F,2011,Yareli,14,NY,1963,0.007
F,2011,Yamileth,13,NY,2073,0.007
F,2011,Yesenia,12,NY,2195,0.006
F,2011,Yuliana,11,NY,2325,0.006
F,2011,Yahaira,10,NY,2485,0.005
F,2011,Yaritza,10,NY,2485,0.005
F,2011,Yasmeen,10,NY,2485,0.005
F,2011,Yoselin,10,NY,2485,0.005
F,2011,Yadira,9,NY,2669,0.005
F,2011,Yasmina,9,NY,2669,0.005
F,2011,Yuki,9,NY,2669,0.005
F,2011,Yvette,9,NY,2669,0.005
F,2011,Yuri,8,NY,2908,0.004
F,2011,Yvonne,8,NY,2908,0.004
F,2011,Yazmin,7,NY,3181,0.004
F,2011,Yuna,7,NY,3181,0.004
F,2011,Yana,6,NY,3526,0.003
F,2011,Yaretzy,6,NY,3526,0.003
F,2011,Yolanda,6,NY,3526,0.003
F,2011,Yatziri,5,NY,3992,0.003
F,2011,Yelitza,5,NY,3992,0.003
F,2011,Yessenia,5,NY,3992,0.003
F,2011,Yittel,5,NY,3992,0.003
F,2011,Yulia,5,NY,3992,0.003
F,2012,Yaretzi,61,NY,616,0.031
F,2012,Yitty,52,NY,703,0.026
F,2012,Yocheved,45,NY,773,0.023
F,2012,Yides,36,NY,935,0.018
F,2012,Yehudis,32,NY,1047,0.016
F,2012,Yael,30,NY,1114,0.015
F,2012,Yasmin,26,NY,1229,0.013
F,2012,Yara,25,NY,1263,0.013
F,2012,Yesenia,18,NY,1631,0.009
F,2012,Yitta,18,NY,1631,0.009
F,2012,Yamileth,15,NY,1867,0.008
F,2012,Yasmine,15,NY,1867,0.008
F,2012,Yuliana,14,NY,1970,0.007
F,2012,Yaritza,12,NY,2210,0.006
F,2012,Yasmeen,12,NY,2210,0.006
F,2012,Yvonne,12,NY,2210,0.006
F,2012,Yazmin,10,NY,2509,0.005
F,2012,Yolanda,10,NY,2509,0.005
F,2012,Yareli,9,NY,2708,0.005
F,2012,Yaffa,8,NY,2941,0.004
F,2012,Yana,8,NY,2941,0.004
F,2012,Yarely,8,NY,2941,0.004
F,2012,Yasmina,8,NY,2941,0.004
F,2012,Yarelis,7,NY,3207,0.004
F,2012,Yaretzy,7,NY,3207,0.004
F,2012,Yuki,7,NY,3207,0.004
F,2012,Yuna,7,NY,3207,0.004
F,2012,Yamilet,6,NY,3559,0.003
F,2012,Yaneli,6,NY,3559,0.003
F,2012,Yenty,6,NY,3559,0.003
F,2012,Yittel,6,NY,3559,0.003
F,2012,Yahaira,5,NY,4040,0.003
F,2012,Yita,5,NY,4040,0.003
F,2012,Yoselin,5,NY,4040,0.003
F,2012,Yoselyn,5,NY,4040,0.003
F,2012,Yuan,5,NY,4040,0.003
F,2012,Yvette,5,NY,4040,0.003
F,2013,Yitty,61,NY,613,0.031
F,2013,Yaretzi,54,NY,680,0.028
F,2013,Yasmin,33,NY,1013,0.017
F,2013,Yocheved,32,NY,1038,0.017
F,2013,Yehudis,31,NY,1073,0.016
F,2013,Yael,28,NY,1172,0.014
F,2013,Yides,25,NY,1271,0.013
F,2013,Yasmine,17,NY,1685,0.009
F,2013,Yara,16,NY,1766,0.008
F,2013,Yesenia,15,NY,1839,0.008
F,2013,Yamileth,14,NY,1943,0.007
F,2013,Yvonne,14,NY,1943,0.007
F,2013,Yachet,12,NY,2163,0.006
F,2013,Yitta,11,NY,2296,0.006
F,2013,Yuna,11,NY,2296,0.006
F,2013,Yoselin,10,NY,2439,0.005
F,2013,Yareli,9,NY,2625,0.005
F,2013,Yaritza,8,NY,2844,0.004
F,2013,Ysabella,8,NY,2844,0.004
F,2013,Yulissa,8,NY,2844,0.004
F,2013,Yusra,8,NY,2844,0.004
F,2013,Yasmeen,7,NY,3123,0.004
F,2013,Yvette,7,NY,3123,0.004
F,2013,Yamilet,6,NY,3466,0.003
F,2013,Yana,6,NY,3466,0.003
F,2013,Yasmina,6,NY,3466,0.003
F,2013,Yessenia,6,NY,3466,0.003
F,2013,Yakira,5,NY,3918,0.003
F,2013,Yaminah,5,NY,3918,0.003
F,2013,Yaneli,5,NY,3918,0.003
F,2013,Yaretzy,5,NY,3918,0.003
F,2013,Yatziri,5,NY,3918,0.003
F,2013,Yessica,5,NY,3918,0.003
F,2013,Yittel,5,NY,3918,0.003
F,2013,Yulia,5,NY,3918,0.003
F,2013,Yulianna,5,NY,3918,0.003
F,2014,Yitty,78,NY,500,0.04
F,2014,Yides,38,NY,911,0.019
F,2014,Yocheved,34,NY,1011,0.017
F,2014,Yehudis,32,NY,1081,0.016
F,2014,Yael,29,NY,1157,0.015
F,2014,Yasmin,27,NY,1228,0.014
F,2014,Yaretzi,25,NY,1301,0.013
F,2014,Yasmine,23,NY,1380,0.012
F,2014,Yasmeen,14,NY,1970,0.007
F,2014,Yasmina,13,NY,2094,0.007
F,2014,Yara,12,NY,2213,0.006
F,2014,Yareli,12,NY,2213,0.006
F,2014,Yazmin,12,NY,2213,0.006
F,2014,Yuliana,12,NY,2213,0.006
F,2014,Yvonne,12,NY,2213,0.006
F,2014,Yaritza,11,NY,2345,0.006
F,2014,Yesenia,11,NY,2345,0.006
F,2014,Yachet,10,NY,2505,0.005
F,2014,Yamileth,10,NY,2505,0.005
F,2014,Yuna,9,NY,2674,0.005
F,2014,Yita,8,NY,2890,0.004
F,2014,Yitta,8,NY,2890,0.004
F,2014,Yolanda,8,NY,2890,0.004
F,2014,Yana,7,NY,3182,0.004
F,2014,Yenty,7,NY,3182,0.004
F,2014,Ysabella,7,NY,3182,0.004
F,2014,Yarelis,6,NY,3517,0.003
F,2014,Yatzil,6,NY,3517,0.003
F,2014,Yulia,6,NY,3517,0.003
F,2014,Yumi,6,NY,3517,0.003
F,2014,Yusra,6,NY,3517,0.003
F,2014,Yakira,5,NY,4013,0.003
F,2014,Yehudit,5,NY,4013,0.003
F,2014,Yvette,5,NY,4013,0.003
F,2015,Yitty,60,NY,634,0.031
F,2015,Yocheved,44,NY,794,0.023
F,2015,Yides,42,NY,837,0.022
F,2015,Yaretzi,33,NY,1031,0.017
F,2015,Yehudis,29,NY,1136,0.015
F,2015,Yael,28,NY,1163,0.014
F,2015,Yara,19,NY,1597,0.01
F,2015,Yasmin,17,NY,1716,0.009
F,2015,Yachet,16,NY,1788,0.008
F,2015,Yaritza,15,NY,1870,0.008
F,2015,Yasmine,14,NY,1963,0.007
F,2015,Yusra,14,NY,1963,0.007
F,2015,Yamileth,12,NY,2218,0.006
F,2015,Yasmina,12,NY,2218,0.006
F,2015,Yasmeen,11,NY,2351,0.006
F,2015,Yitta,11,NY,2351,0.006
F,2015,Yittel,10,NY,2534,0.005
F,2015,Yamilet,9,NY,2731,0.005
F,2015,Yana,9,NY,2731,0.005
F,2015,Yarely,9,NY,2731,0.005
F,2015,Yaretzy,9,NY,2731,0.005
F,2015,Yatziri,8,NY,2960,0.004
F,2015,Yoselin,7,NY,3243,0.004
F,2015,Yumi,7,NY,3243,0.004
F,2015,Yaneli,6,NY,3580,0.003
F,2015,Yanely,6,NY,3580,0.003
F,2015,Yaffa,5,NY,4044,0.003
F,2015,Yolanda,5,NY,4044,0.003
F,2015,Yulianna,5,NY,4044,0.003
F,2015,Yuna,5,NY,4044,0.003
F,2015,Yvette,5,NY,4044,0.003
F,2015,Yvonne,5,NY,4044,0.003
F,2016,Yitty,72,NY,539,0.038
F,2016,Yocheved,41,NY,859,0.022
F,2016,Yael,32,NY,1050,0.017
F,2016,Yaretzi,26,NY,1230,0.014
F,2016,Yehudis,23,NY,1335,0.012
F,2016,Yasmine,19,NY,1539,0.01
F,2016,Yasmin,18,NY,1611,0.009
F,2016,Yamileth,17,NY,1696,0.009
F,2016,Yuna,14,NY,1981,0.007
F,2016,Yara,13,NY,2090,0.007
F,2016,Yasmina,13,NY,2090,0.007
F,2016,Yana,12,NY,2199,0.006
F,2016,Yachet,10,NY,2481,0.005
F,2016,Yaneli,9,NY,2661,0.005
F,2016,Yenty,9,NY,2661,0.005
F,2016,Yoselin,9,NY,2661,0.005
F,2016,Yvette,9,NY,2661,0.005
F,2016,Yvonne,9,NY,2661,0.005
F,2016,Yittel,8,NY,2886,0.004
F,2016,Yareli,7,NY,3158,0.004
F,2016,Yusra,7,NY,3158,0.004
F,2016,Yamilet,6,NY,3494,0.003
F,2016,Yarely,6,NY,3494,0.003
F,2016,Yaretzy,6,NY,3494,0.003
F,2016,Yarielis,6,NY,3494,0.003
F,2016,Yaritza,6,NY,3494,0.003
F,2016,Yazmin,6,NY,3494,0.003
F,2016,Yelena,6,NY,3494,0.003
F,2016,Yelitza,6,NY,3494,0.003
F,2016,Yolanda,6,NY,3494,0.003
F,2016,Yoselyn,6,NY,3494,0.003
F,2016,Yuki,6,NY,3494,0.003
F,2016,Yakira,5,NY,3986,0.003
F,2016,Yeimy,5,NY,3986,0.003
F,2016,Yesenia,5,NY,3986,0.003
F,2016,Ysabella,5,NY,3986,0.003
F,2016,Yuliana,5,NY,3986,0.003
F,2016,Yurani,5,NY,3986,0.003
F,2017,Yitty,71,NY,540,0.038
F,2017,Yael,36,NY,942,0.019
F,2017,Yaretzi,36,NY,942,0.019
F,2017,Yocheved,34,NY,981,0.018
F,2017,Yehudis,25,NY,1253,0.013
F,2017,Yara,18,NY,1613,0.01
F,2017,Yasmina,18,NY,1613,0.01
F,2017,Yasmine,17,NY,1677,0.009
F,2017,Yasmin,16,NY,1762,0.009
F,2017,Yuna,15,NY,1852,0.008
F,2017,Yusra,15,NY,1852,0.008
F,2017,Yamileth,13,NY,2067,0.007
F,2017,Yasmeen,13,NY,2067,0.007
F,2017,Yareli,11,NY,2324,0.006
F,2017,Yachet,10,NY,2462,0.005
F,2017,Yvonne,10,NY,2462,0.005
F,2017,Yuleimy,8,NY,2893,0.004
F,2017,Yana,7,NY,3148,0.004
F,2017,Yarely,7,NY,3148,0.004
F,2017,Yaritza,7,NY,3148,0.004
F,2017,Yarielis,6,NY,3467,0.003
F,2017,Yilia,6,NY,3467,0.003
F,2017,Yaffa,5,NY,3913,0.003
F,2017,Yamila,5,NY,3913,0.003
F,2017,Yamilet,5,NY,3913,0.003
F,2017,Yoselin,5,NY,3913,0.003
F,2017,Yuki,5,NY,3913,0.003
F,2018,Yitty,60,NY,620,0.033
F,2018,Yara,42,NY,823,0.023
F,2018,Yocheved,39,NY,882,0.021
F,2018,Yides,32,NY,1032,0.018
F,2018,Yasmin,30,NY,1094,0.016
F,2018,Yaretzi,29,NY,1124,0.016
F,2018,Yehudis,27,NY,1188,0.015
F,2018,Yael,25,NY,1263,0.014
F,2018,Yuna,14,NY,1924,0.008
F,2018,Yareli,13,NY,2017,0.007
F,2018,Yasmine,13,NY,2017,0.007
F,2018,Yusra,12,NY,2154,0.007
F,2018,Yitta,11,NY,2291,0.006
F,2018,Yaritza,10,NY,2462,0.005
F,2018,Yvonne,10,NY,2462,0.005
F,2018,Yamileth,9,NY,2650,0.005
F,2018,Yasmeen,9,NY,2650,0.005
F,2018,Yasmina,9,NY,2650,0.005
F,2018,Yolanda,9,NY,2650,0.005
F,2018,Yoselin,8,NY,2891,0.004
F,2018,Yaretzy,7,NY,3157,0.004
F,2018,Yumi,7,NY,3157,0.004
F,2018,Yaffa,6,NY,3499,0.003
F,2018,Yamila,6,NY,3499,0.003
F,2018,Yana,6,NY,3499,0.003
F,2018,Yenty,6,NY,3499,0.003
F,2018,Yarelis,5,NY,3939,0.003
F,2018,Yarely,5,NY,3939,0.003
F,2018,Yesly,5,NY,3939,0.003
F,2018,Yuliana,5,NY,3939,0.003
F,2019,Yitty,58,NY,631,0.033
F,2019,Yara,36,NY,935,0.02
F,2019,Yaretzi,32,NY,1033,0.018
F,2019,Yocheved,31,NY,1066,0.017
F,2019,Yael,29,NY,1113,0.016
F,2019,Yehudis,28,NY,1149,0.016
F,2019,Yaritza,19,NY,1536,0.011
F,2019,Yasmine,17,NY,1668,0.01
F,2019,Yusra,17,NY,1668,0.01
F,2019,Yasmin,15,NY,1837,0.008
F,2019,Yareli,14,NY,1941,0.008
F,2019,Yasmina,14,NY,1941,0.008
F,2019,Yuna,13,NY,2038,0.007
F,2019,Yachet,12,NY,2166,0.007
F,2019,Yaffa,11,NY,2308,0.006
F,2019,Yalitza,9,NY,2672,0.005
F,2019,Yamileth,8,NY,2889,0.004
F,2019,Yenty,8,NY,2889,0.004
F,2019,Yuri,8,NY,2889,0.004
F,2019,Yana,7,NY,3136,0.004
F,2019,Yeimy,7,NY,3136,0.004
F,2019,Yuliana,7,NY,3136,0.004
F,2019,Yesenia,6,NY,3464,0.003
F,2019,Yvonne,6,NY,3464,0.003
F,2019,Yachy,5,NY,3876,0.003
F,2019,Yameli,5,NY,3876,0.003
F,2019,Yasmeen,5,NY,3876,0.003
F,2019,Yelitza,5,NY,3876,0.003
F,2019,Yoselin,5,NY,3876,0.003
F,2019,Ysabel,5,NY,3876,0.003
F,2019,Yvette,5,NY,3876,0.003
F,2020,Yitty,104,NY,347,0.062
F,2020,Yael,42,NY,815,0.025
F,2020,Yocheved,41,NY,834,0.025
F,2020,Yehudis,36,NY,912,0.022
F,2020,Yides,34,NY,952,0.02
F,2020,Yara,30,NY,1048,0.018
F,2020,Yaretzi,15,NY,1787,0.009
F,2020,Yasmin,15,NY,1787,0.009
F,2020,Yusra,15,NY,1787,0.009
F,2020,Yasmeen,14,NY,1885,0.008
F,2020,Yasmine,13,NY,1994,0.008
F,2020,Yarely,11,NY,2261,0.007
F,2020,Yana,9,NY,2607,0.005
F,2020,Yaritza,9,NY,2607,0.005
F,2020,Yasmina,9,NY,2607,0.005
F,2020,Yuna,7,NY,3048,0.004
F,2020,Yvette,7,NY,3048,0.004
F,2020,Yachet,6,NY,3351,0.004
F,2020,Yamileth,6,NY,3351,0.004
F,2020,Yareli,6,NY,3351,0.004
F,2020,Yvonne,6,NY,3351,0.004
F,2020,Yachy,5,NY,3737,0.003
F,2020,Yaneli,5,NY,3737,0.003
F,2020,Yesenia,5,NY,3737,0.003
F,2020,Yidis,5,NY,3737,0.003
F,2020,Yisel,5,NY,3737,0.003
F,2020,Yuri,5,NY,3737,0.003
F,2021,Yitty,75,NY,489,0.044
F,2021,Yael,40,NY,859,0.023
F,2021,Yocheved,39,NY,879,0.023
F,2021,Yara,34,NY,974,0.02
F,2021,Yehudis,33,NY,1006,0.019
F,2021,Yuna,22,NY,1378,0.013
F,2021,Yusra,20,NY,1490,0.012
F,2021,Yaretzi,19,NY,1543,0.011
F,2021,Yasmine,17,NY,1672,0.01
F,2021,Yareli,12,NY,2128,0.007
F,2021,Yaritza,12,NY,2128,0.007
F,2021,Yasmina,12,NY,2128,0.007
F,2021,Yvette,10,NY,2446,0.006
F,2021,Yarely,9,NY,2653,0.005
F,2021,Yasmeen,9,NY,2653,0.005
F,2021,Yuri,9,NY,2653,0.005
F,2021,Yakira,8,NY,2859,0.005
F,2021,Yesenia,8,NY,2859,0.005
F,2021,Yasmin,7,NY,3115,0.004
F,2021,Yumi,7,NY,3115,0.004
F,2021,Yeimy,6,NY,3466,0.004
F,2021,Yittel,6,NY,3466,0.004
F,2021,Yachy,5,NY,3890,0.003
F,2021,Yamila,5,NY,3890,0.003
F,2021,Yamilet,5,NY,3890,0.003
F,2021,Yazmin,5,NY,3890,0.003
F,2021,Yemaya,5,NY,3890,0.003
F,2021,Yolanda,5,NY,3890,0.003
F,2021,Yuki,5,NY,3890,0.003
F,2021,Yuliana,5,NY,3890,0.003
F,2022,Yitty,84,NY,430,0.05
F,2022,Yael,48,NY,730,0.029
F,2022,Yara,41,NY,826,0.025
F,2022,Yehudis,37,NY,904,0.022
F,2022,Yocheved,35,NY,944,0.021
F,2022,Yasmin,27,NY,1186,0.016
F,2022,Yasmina,23,NY,1325,0.014
F,2022,Yusra,21,NY,1410,0.013
F,2022,Yuna,20,NY,1476,0.012
F,2022,Yamileth,18,NY,1595,0.011
F,2022,Yaretzi,17,NY,1664,0.01
F,2022,Yareli,13,NY,2027,0.008
F,2022,Yasmine,12,NY,2159,0.007
F,2022,Yvette,11,NY,2294,0.007
F,2022,Yvonne,8,NY,2840,0.005
F,2022,Yakira,7,NY,3115,0.004
F,2022,Yana,7,NY,3115,0.004
F,2022,Yarely,7,NY,3115,0.004
F,2022,Yuliana,7,NY,3115,0.004
F,2022,Yumna,7,NY,3115,0.004
F,2022,Yachy,6,NY,3455,0.004
F,2022,Yaritza,6,NY,3455,0.004
F,2022,Yittel,6,NY,3455,0.004
F,2022,Yuri,6,NY,3455,0.004
F,2022,Yaffa,5,NY,3912,0.003
F,2022,Yailin,5,NY,3912,0.003
F,2022,Yaiza,5,NY,3912,0.003
F,2022,Yasina,5,NY,3912,0.003
F,2022,Yeimy,5,NY,3912,0.003
F,2022,Yelena,5,NY,3912,0.003
F,2022,Yesenia,5,NY,3912,0.003
F,2022,Yesly,5,NY,3912,0.003
F,2022,Yoselin,5,NY,3912,0.003
F,2022,Yumi,5,NY,3912,0.003
F,2023,Yitty,91,NY,406,0.056
F,2023,Yael,39,NY,862,0.024
F,2023,Yides,38,NY,882,0.023
F,2023,Yocheved,36,NY,933,0.022
F,2023,Yara,35,NY,953,0.021
F,2023,Yehudis,31,NY,1050,0.019
F,2023,Yasmina,29,NY,1112,0.018
F,2023,Yusra,28,NY,1152,0.017
F,2023,Yasmin,21,NY,1422,0.013
F,2023,Yaretzi,18,NY,1625,0.011
F,2023,Yuna,14,NY,1931,0.009
F,2023,Yuri,14,NY,1931,0.009
F,2023,Yasmeen,13,NY,2036,0.008
F,2023,Yamileth,12,NY,2156,0.007
F,2023,Yasmine,12,NY,2156,0.007
F,2023,Yareli,11,NY,2278,0.007
F,2023,Yuliana,11,NY,2278,0.007
F,2023,Yana,7,NY,3068,0.004
F,2023,Yaritza,7,NY,3068,0.004
F,2023,Yeimy,7,NY,3068,0.004
F,2023,Yesly,7,NY,3068,0.004
F,2023,Yoselin,7,NY,3068,0.004
F,2023,Yvonne,7,NY,3068,0.004
F,2023,Yarelis,6,NY,3397,0.004
F,2023,Yelena,6,NY,3397,0.004
F,2023,Yemaya,6,NY,3397,0.004
F,2023,Yailin,5,NY,3848,0.003
F,2023,Yarely,5,NY,3848,0.003
F,2023,Yumi,5,NY,3848,0.003
F,2023,Yvette,5,NY,3848,0.003
F,2024,Yitty,102,NY,361,0.062
F,2024,Yides,47,NY,737,0.029
F,2024,Yusra,37,NY,913,0.023
F,2024,Yara,34,NY,982,0.021
F,2024,Yasmina,33,NY,1006,0.02
F,2024,Yael,32,NY,1037,0.019
F,2024,Yehudis,26,NY,1212,0.016
F,2024,Yocheved,22,NY,1377,0.013
F,2024,Yasmin,21,NY,1442,0.013
F,2024,Yenty,19,NY,1573,0.012
F,2024,Yareli,18,NY,1632,0.011
F,2024,Yuna,16,NY,1807,0.01
F,2024,Yasmine,15,NY,1883,0.009
F,2024,Yana,13,NY,2081,0.008
F,2024,Yamileth,11,NY,2330,0.007
F,2024,Yaretzi,11,NY,2330,0.007
F,2024,Yasmeen,10,NY,2477,0.006
F,2024,Yittel,10,NY,2477,0.006
F,2024,Yuri,10,NY,2477,0.006
F,2024,Yvette,9,NY,2643,0.005
F,2024,Yachy,7,NY,3117,0.004
F,2024,Yakira,7,NY,3117,0.004
F,2024,Yailin,6,NY,3457,0.004
F,2024,Yanelis,6,NY,3457,0.004
F,2024,Yeimy,6,NY,3457,0.004
F,2024,Yesly,6,NY,3457,0.004
F,2024,Yumna,6,NY,3457,0.004
F,2024,Yasina,5,NY,3883,0.003
F,2024,Yenta,5,NY,3883,0.003
F,2024,Yessenia,5,NY,3883,0.003
F,2024,Yidis,5,NY,3883,0.003
F,2024,Yvonne,5,NY,3883,0.003
M,1914,Yale,9,NY,818,0.007
M,1916,Yale,7,NY,1054,0.004
M,1921,Yale,7,NY,1080,0.004
M,1923,Yale,9,NY,949,0.005
M,1924,Yale,7,NY,1113,0.004
M,1926,Yale,5,NY,1326,0.003
M,1928,Yale,6,NY,1230,0.003
M,1929,Yale,9,NY,988,0.005
M,1930,Yale,8,NY,1062,0.004
M,1934,Yale,5,NY,1212,0.003
M,1935,Yale,5,NY,1204,0.003
M,1945,Yale,6,NY,1324,0.003
M,1949,Yvonne,5,NY,1714,0.002
M,1952,Yitzchok,6,NY,1660,0.002
M,1953,Yosef,8,NY,1455,0.003
M,1953,Yaakov,7,NY,1565,0.002
M,1953,Yale,5,NY,1866,0.002
M,1953,Yehuda,5,NY,1866,0.002
M,1954,Yaakov,7,NY,1621,0.002
M,1954,Yosef,5,NY,1935,0.002
M,1955,Yosef,10,NY,1411,0.003
M,1955,Yisroel,6,NY,1807,0.002
M,1955,Yitzchok,6,NY,1807,0.002
M,1955,Yaakov,5,NY,1998,0.001
M,1956,Yitzchok,7,NY,1697,0.002
M,1956,Yosef,6,NY,1860,0.002
M,1956,Yvette,5,NY,2045,0.001
M,1957,Yitzchok,7,NY,1761,0.002
M,1957,Yehuda,6,NY,1903,0.002
M,1957,Yaakov,5,NY,2092,0.001
M,1958,Yakov,8,NY,1718,0.002
M,1958,Yaakov,7,NY,1832,0.002
M,1958,Yehuda,6,NY,1961,0.002
M,1958,Yosef,6,NY,1961,0.002
M,1959,Yitzchok,14,NY,1287,0.004
M,1959,Yancy,11,NY,1458,0.003
M,1959,Yisroel,8,NY,1717,0.002
M,1959,Yosef,7,NY,1861,0.002
M,1959,Yaakov,6,NY,2006,0.002
M,1959,Yehuda,6,NY,2006,0.002
M,1959,Yakov,5,NY,2203,0.001
M,1959,Yechiel,5,NY,2203,0.001
M,1960,Yitzchok,13,NY,1356,0.004
M,1960,Yehuda,10,NY,1560,0.003
M,1960,Yancy,6,NY,2012,0.002
M,1960,Yosef,6,NY,2012,0.002
M,1960,Yisroel,5,NY,2211,0.001
M,1961,Yitzchok,7,NY,1869,0.002
M,1961,Yosef,7,NY,1869,0.002
M,1961,Yisroel,6,NY,2045,0.002
M,1961,Yaakov,5,NY,2256,0.001
M,1961,Yehuda,5,NY,2256,0.001
M,1962,Yitzchok,9,NY,1637,0.003
M,1962,Yehuda,6,NY,2030,0.002
M,1962,Yancy,5,NY,2257,0.001
M,1962,Yosef,5,NY,2257,0.001
M,1963,Yitzchok,12,NY,1460,0.004
M,1963,Yisroel,6,NY,2074,0.002
M,1964,Yitzchok,9,NY,1710,0.003
M,1964,Yosef,6,NY,2131,0.002
M,1964,Yusef,6,NY,2131,0.002
M,1964,Yehuda,5,NY,2336,0.002
M,1964,Yisroel,5,NY,2336,0.002
M,1965,Yehuda,8,NY,1784,0.003
M,1965,Yves,6,NY,2094,0.002
M,1965,Yaakov,5,NY,2314,0.002
M,1965,Yosef,5,NY,2314,0.002
M,1966,Yitzchok,7,NY,1938,0.002
M,1966,Yaakov,6,NY,2120,0.002
M,1966,Yehuda,6,NY,2120,0.002
M,1966,Yisroel,6,NY,2120,0.002
M,1966,Yusef,6,NY,2120,0.002
M,1967,Yitzchok,14,NY,1328,0.005
M,1967,Yaakov,8,NY,1791,0.003
M,1967,Yehuda,7,NY,1949,0.002
M,1967,Yaron,6,NY,2113,0.002
M,1967,Yisroel,6,NY,2113,0.002
M,1967,Yosef,5,NY,2349,0.002
M,1968,Yisroel,11,NY,1543,0.004
M,1968,Yehuda,9,NY,1731,0.003
M,1968,Yitzchok,9,NY,1731,0.003
M,1968,Yosef,7,NY,1954,0.002
M,1968,Yvette,6,NY,2125,0.002
M,1969,Yaakov,15,NY,1337,0.005
M,1969,Yosef,13,NY,1447,0.004
M,1969,Yusef,10,NY,1678,0.003
M,1969,Yehuda,8,NY,1916,0.003
M,1969,Yisroel,8,NY,1916,0.003
M,1969,Yitzchok,7,NY,2078,0.002
M,1969,Yitzchak,6,NY,2266,0.002
M,1969,Yuri,6,NY,2266,0.002
M,1969,Yves,6,NY,2266,0.002
M,1969,Yakov,5,NY,2535,0.002
M,1970,Yaakov,12,NY,1609,0.004
M,1970,Yosef,12,NY,1609,0.004
M,1970,Yehuda,11,NY,1689,0.004
M,1970,Yusef,10,NY,1784,0.003
M,1970,Yitzchok,9,NY,1909,0.003
M,1970,Yakov,8,NY,2031,0.003
M,1970,Yisroel,8,NY,2031,0.003
M,1970,Yaron,5,NY,2695,0.002
M,1970,Yusuf,5,NY,2695,0.002
M,1970,Yves,5,NY,2695,0.002
M,1971,Yehuda,19,NY,1179,0.007
M,1971,Yosef,16,NY,1288,0.006
M,1971,Yisroel,11,NY,1621,0.004
M,1971,Yaakov,10,NY,1715,0.004
M,1971,Yancy,8,NY,1950,0.003
M,1971,Yves,8,NY,1950,0.003
M,1971,Yechiel,6,NY,2348,0.002
M,1971,Yitzchok,6,NY,2348,0.002
M,1971,Yuri,5,NY,2621,0.002
M,1972,Yehuda,18,NY,1136,0.008
M,1972,Yitzchok,17,NY,1180,0.007
M,1972,Yaakov,16,NY,1225,0.007
M,1972,Yosef,15,NY,1275,0.006
M,1972,Yisroel,12,NY,1470,0.005
M,1972,Yusef,11,NY,1565,0.005
M,1972,Yechiel,9,NY,1786,0.004
M,1972,Yakov,7,NY,2077,0.003
M,1972,Yves,7,NY,2077,0.003
M,1972,Yusuf,6,NY,2287,0.003
M,1972,Yancy,5,NY,2577,0.002
M,1972,Yehoshua,5,NY,2577,0.002
M,1973,Yaakov,23,NY,984,0.011
M,1973,Yosef,20,NY,1070,0.009
M,1973,Yitzchok,19,NY,1111,0.009
M,1973,Yisroel,16,NY,1219,0.007
M,1973,Yehuda,15,NY,1271,0.007
M,1973,Yancy,12,NY,1452,0.006
M,1973,Yusef,12,NY,1452,0.006
M,1973,Yakov,8,NY,1888,0.004
M,1973,Yechiel,7,NY,2049,0.003
M,1973,Yusuf,7,NY,2049,0.003
M,1973,Yehoshua,6,NY,2277,0.003
M,1973,Yoel,6,NY,2277,0.003
M,1973,Yves,6,NY,2277,0.003
M,1973,Yuri,5,NY,2554,0.002
M,1974,Yitzchok,27,NY,907,0.012
M,1974,Yehuda,20,NY,1081,0.009
M,1974,Yaakov,19,NY,1118,0.009
M,1974,Yosef,14,NY,1346,0.006
M,1974,Yusuf,11,NY,1572,0.005
M,1974,Yakov,10,NY,1675,0.005
M,1974,Yaron,9,NY,1780,0.004
M,1974,Yisroel,9,NY,1780,0.004
M,1974,Yusef,9,NY,1780,0.004
M,1974,Yves,8,NY,1928,0.004
M,1974,Yechiel,7,NY,2105,0.003
M,1974,Yehoshua,6,NY,2336,0.003
M,1974,Yoel,5,NY,2611,0.002
M,1975,Yosef,22,NY,1035,0.01
M,1975,Yitzchok,21,NY,1065,0.01
M,1975,Yehuda,19,NY,1146,0.009
M,1975,Yaakov,17,NY,1236,0.008
M,1975,Yusef,15,NY,1333,0.007
M,1975,Yisroel,14,NY,1401,0.007
M,1975,Yusuf,13,NY,1465,0.006
M,1975,Yechiel,10,NY,1727,0.005
M,1975,Yehoshua,7,NY,2137,0.003
M,1975,Yves,7,NY,2137,0.003
M,1975,Yecheskel,5,NY,2707,0.002
M,1975,Yehudah,5,NY,2707,0.002
M,1975,Yitzchak,5,NY,2707,0.002
M,1976,Yitzchok,25,NY,961,0.012
M,1976,Yaakov,23,NY,1008,0.011
M,1976,Yisroel,23,NY,1008,0.011
M,1976,Yosef,20,NY,1100,0.009
M,1976,Yusef,14,NY,1378,0.007
M,1976,Yehuda,13,NY,1448,0.006
M,1976,Yves,11,NY,1598,0.005
M,1976,Yusuf,9,NY,1840,0.004
M,1976,Yitzchak,8,NY,1979,0.004
M,1976,Yechezkel,7,NY,2173,0.003
M,1976,Yechiel,6,NY,2414,0.003
M,1976,Yehoshua,6,NY,2414,0.003
M,1976,Yakov,5,NY,2716,0.002
M,1976,Yisrael,5,NY,2716,0.002
M,1977,Yisroel,48,NY,640,0.022
M,1977,Yitzchok,34,NY,795,0.016
M,1977,Yaakov,27,NY,936,0.013
M,1977,Yehuda,27,NY,936,0.013
M,1977,Yosef,19,NY,1152,0.009
M,1977,Yves,10,NY,1761,0.005
M,1977,Yakov,9,NY,1888,0.004
M,1977,Yusuf,9,NY,1888,0.004
M,1977,Yusef,8,NY,2045,0.004
M,1977,Yechiel,7,NY,2228,0.003
M,1977,Yitzchak,6,NY,2461,0.003
M,1977,Yaron,5,NY,2739,0.002
M,1977,Yehoshua,5,NY,2739,0.002
M,1977,Yisrael,5,NY,2739,0.002
M,1978,Yosef,32,NY,800,0.015
M,1978,Yisroel,31,NY,818,0.015
M,1978,Yitzchok,27,NY,905,0.013
M,1978,Yaakov,21,NY,1063,0.01
M,1978,Yehuda,18,NY,1179,0.009
M,1978,Yechiel,13,NY,1462,0.006
M,1978,Yusuf,11,NY,1602,0.005
M,1978,Yakov,9,NY,1825,0.004
M,1978,Yitzchak,9,NY,1825,0.004
M,1978,Yoel,9,NY,1825,0.004
M,1978,Yehoshua,8,NY,1993,0.004
M,1978,Yonatan,6,NY,2404,0.003
M,1978,Yves,6,NY,2404,0.003
M,1978,Yecheskel,5,NY,2714,0.002
M,1978,Yechezkel,5,NY,2714,0.002
M,1978,Young,5,NY,2714,0.002
M,1979,Yoel,69,NY,476,0.033
M,1979,Yosef,31,NY,841,0.015
M,1979,Yaakov,29,NY,870,0.014
M,1979,Yisroel,28,NY,890,0.013
M,1979,Yitzchok,26,NY,935,0.012
M,1979,Yehuda,24,NY,987,0.011
M,1979,Yusuf,13,NY,1461,0.006
M,1979,Yves,12,NY,1533,0.006
M,1979,Yehoshua,10,NY,1744,0.005
M,1979,Yusef,9,NY,1851,0.004
M,1979,Yechiel,8,NY,1986,0.004
M,1979,Yakov,7,NY,2168,0.003
M,1979,Yechezkel,6,NY,2405,0.003
M,1979,Yehudah,6,NY,2405,0.003
M,1979,Yitzchak,6,NY,2405,0.003
M,1979,Yonatan,6,NY,2405,0.003
M,1979,Yancy,5,NY,2681,0.002
M,1979,Yecheskel,5,NY,2681,0.002
M,1980,Yoel,120,NY,301,0.056
M,1980,Yisroel,30,NY,836,0.014
M,1980,Yaakov,28,NY,883,0.013
M,1980,Yitzchok,27,NY,903,0.013
M,1980,Yosef,25,NY,957,0.012
M,1980,Yehuda,21,NY,1061,0.01
M,1980,Yakov,16,NY,1279,0.008
M,1980,Yitzchak,15,NY,1330,0.007
M,1980,Yehoshua,13,NY,1455,0.006
M,1980,Yechiel,12,NY,1539,0.006
M,1980,Yusuf,8,NY,2022,0.004
M,1980,Yusef,6,NY,2419,0.003
M,1980,Yves,6,NY,2419,0.003
M,1980,Yechezkel,5,NY,2722,0.002
M,1980,Yisrael,5,NY,2722,0.002
M,1980,Young,5,NY,2722,0.002
M,1980,Yousef,5,NY,2722,0.002
M,1981,Yoel,91,NY,379,0.042
M,1981,Yehuda,46,NY,628,0.021
M,1981,Yosef,43,NY,659,0.02
M,1981,Yisroel,34,NY,771,0.016
M,1981,Yaakov,28,NY,887,0.013
M,1981,Yitzchok,27,NY,907,0.013
M,1981,Yakov,15,NY,1330,0.007
M,1981,Yehoshua,12,NY,1526,0.006
M,1981,Yves,11,NY,1614,0.005
M,1981,Yechiel,10,NY,1721,0.005
M,1981,Yusef,8,NY,1975,0.004
M,1981,Yecheskel,6,NY,2392,0.003
M,1981,Yusuf,6,NY,2392,0.003
M,1981,Yehudah,5,NY,2685,0.002
M,1981,Yitzchak,5,NY,2685,0.002
M,1981,Yonah,5,NY,2685,0.002
M,1981,Yousef,5,NY,2685,0.002
M,1981,Yuri,5,NY,2685,0.002
M,1982,Yoel,81,NY,416,0.037
M,1982,Yehuda,48,NY,629,0.022
M,1982,Yisroel,38,NY,725,0.017
M,1982,Yitzchok,30,NY,872,0.014
M,1982,Yosef,21,NY,1082,0.01
M,1982,Yaakov,18,NY,1188,0.008
M,1982,Yakov,15,NY,1329,0.007
M,1982,Yechiel,13,NY,1457,0.006
M,1982,Yehudah,12,NY,1532,0.005
M,1982,Yochanan,9,NY,1843,0.004
M,1982,Yamil,7,NY,2189,0.003
M,1982,Yeshaya,7,NY,2189,0.003
M,1982,Yitzchak,7,NY,2189,0.003
M,1982,Yusuf,7,NY,2189,0.003
M,1982,Yves,7,NY,2189,0.003
M,1982,Yasin,6,NY,2430,0.003
M,1982,Yehoshua,6,NY,2430,0.003
M,1982,Yechezkel,5,NY,2742,0.002
M,1982,Yonatan,5,NY,2742,0.002
M,1982,Yuri,5,NY,2742,0.002
M,1983,Yoel,59,NY,532,0.027
M,1983,Yisroel,49,NY,610,0.022
M,1983,Yehuda,44,NY,653,0.02
M,1983,Yosef,43,NY,660,0.02
M,1983,Yaakov,30,NY,858,0.014
M,1983,Yitzchok,29,NY,877,0.013
M,1983,Yehoshua,16,NY,1275,0.007
M,1983,Yechiel,11,NY,1636,0.005
M,1983,Yechezkel,9,NY,1850,0.004
M,1983,Yakov,8,NY,2006,0.004
M,1983,Yannick,7,NY,2167,0.003
M,1983,Yusuf,7,NY,2167,0.003
M,1983,Yehudah,6,NY,2396,0.003
M,1983,Yitzchak,6,NY,2396,0.003
M,1983,Yonah,5,NY,2704,0.002
M,1983,Yonatan,5,NY,2704,0.002
M,1983,Yves,5,NY,2704,0.002
M,1984,Yisroel,55,NY,581,0.025
M,1984,Yoel,50,NY,607,0.023
M,1984,Yosef,42,NY,695,0.019
M,1984,Yaakov,37,NY,748,0.017
M,1984,Yitzchok,33,NY,813,0.015
M,1984,Yehuda,32,NY,827,0.014
M,1984,Yakov,17,NY,1245,0.008
M,1984,Yechiel,14,NY,1383,0.006
M,1984,Yitzchak,13,NY,1453,0.006
M,1984,Yusuf,12,NY,1530,0.005
M,1984,Yehoshua,10,NY,1728,0.005
M,1984,Yonatan,9,NY,1868,0.004
M,1984,Yves,9,NY,1868,0.004
M,1984,Yechezkel,7,NY,2191,0.003
M,1984,Yochanan,7,NY,2191,0.003
M,1984,Yancy,6,NY,2449,0.003
M,1984,Yerachmiel,6,NY,2449,0.003
M,1984,Yeshaya,6,NY,2449,0.003
M,1984,Yannick,5,NY,2784,0.002
M,1984,Yisrael,5,NY,2784,0.002
M,1984,Yu,5,NY,2784,0.002
M,1985,Yosef,50,NY,623,0.022
M,1985,Yehuda,47,NY,646,0.021
M,1985,Yoel,47,NY,646,0.021
M,1985,Yitzchok,37,NY,771,0.016
M,1985,Yaakov,35,NY,795,0.015
M,1985,Yisroel,34,NY,811,0.015
M,1985,Yakov,20,NY,1140,0.009
M,1985,Yves,19,NY,1181,0.008
M,1985,Yechiel,14,NY,1446,0.006
M,1985,Yehoshua,14,NY,1446,0.006
M,1985,Yechezkel,12,NY,1596,0.005
M,1985,Yusuf,10,NY,1831,0.004
M,1985,Yannick,9,NY,1944,0.004
M,1985,Yecheskel,7,NY,2316,0.003
M,1985,Yehudah,7,NY,2316,0.003
M,1985,Yonah,7,NY,2316,0.003
M,1985,Yeshaya,6,NY,2545,0.003
M,1985,Yuri,6,NY,2545,0.003
M,1985,Yoseph,5,NY,2864,0.002
M,1985,Yousef,5,NY,2864,0.002
M,1986,Yaakov,70,NY,487,0.03
M,1986,Yehuda,55,NY,594,0.024
M,1986,Yitzchok,42,NY,729,0.018
M,1986,Yosef,41,NY,742,0.018
M,1986,Yoel,39,NY,763,0.017
M,1986,Yisroel,38,NY,775,0.016
M,1986,Yechiel,17,NY,1271,0.007
M,1986,Yakov,16,NY,1341,0.007
M,1986,Yehoshua,12,NY,1634,0.005
M,1986,Yitzchak,11,NY,1725,0.005
M,1986,Yves,11,NY,1725,0.005
M,1986,Yonatan,9,NY,1982,0.004
M,1986,Yancy,8,NY,2153,0.003
M,1986,Yecheskel,8,NY,2153,0.003
M,1986,Yonah,7,NY,2349,0.003
M,1986,Yair,6,NY,2594,0.003
M,1986,Yechezkel,6,NY,2594,0.003
M,1986,Yisrael,6,NY,2594,0.003
M,1986,Yoseph,6,NY,2594,0.003
M,1986,Yan,5,NY,2936,0.002
M,1986,Young,5,NY,2936,0.002
M,1987,Yaakov,67,NY,533,0.028
M,1987,Yosef,48,NY,689,0.02
M,1987,Yehuda,45,NY,718,0.019
M,1987,Yisroel,45,NY,718,0.019
M,1987,Yitzchok,45,NY,718,0.019
M,1987,Yoel,32,NY,887,0.013
M,1987,Yakov,23,NY,1093,0.01
M,1987,Yehoshua,14,NY,1508,0.006
M,1987,Yves,13,NY,1592,0.005
M,1987,Yechiel,11,NY,1784,0.005
M,1987,Yonatan,11,NY,1784,0.005
M,1987,Yitzchak,10,NY,1904,0.004
M,1987,Yehudah,9,NY,2031,0.004
M,1987,Yoseph,9,NY,2031,0.004
M,1987,Yancey,5,NY,3014,0.002
M,1987,Yohan,5,NY,3014,0.002
M,1987,Yusef,5,NY,3014,0.002
M,1987,Yuta,5,NY,3014,0.002
M,1988,Yisroel,55,NY,622,0.023
M,1988,Yosef,54,NY,629,0.022
M,1988,Yehuda,50,NY,678,0.021
M,1988,Yaakov,46,NY,723,0.019
M,1988,Yitzchok,46,NY,723,0.019
M,1988,Yoel,46,NY,723,0.019
M,1988,Yakov,16,NY,1406,0.007
M,1988,Yousef,12,NY,1709,0.005
M,1988,Yusef,10,NY,1950,0.004
M,1988,Yves,10,NY,1950,0.004
M,1988,Yechiel,9,NY,2104,0.004
M,1988,Yehoshua,9,NY,2104,0.004
M,1988,Yusuf,9,NY,2104,0.004
M,1988,Yitzchak,8,NY,2285,0.003
M,1988,Yecheskel,7,NY,2479,0.003
M,1988,Yeshaya,6,NY,2753,0.002
M,1988,Yehudah,5,NY,3145,0.002
M,1989,Yisroel,67,NY,569,0.026
M,1989,Yehuda,58,NY,634,0.023
M,1989,Yosef,56,NY,649,0.022
M,1989,Yaakov,54,NY,673,0.021
M,1989,Yoel,43,NY,773,0.017
M,1989,Yitzchok,40,NY,820,0.016
M,1989,Yakov,21,NY,1248,0.008
M,1989,Yitzchak,15,NY,1560,0.006
M,1989,Yechiel,14,NY,1629,0.006
M,1989,Yehoshua,13,NY,1711,0.005
M,1989,Yusef,13,NY,1711,0.005
M,1989,Yechezkel,9,NY,2200,0.004
M,1989,Yoseph,9,NY,2200,0.004
M,1989,Yusuf,9,NY,2200,0.004
M,1989,Yehudah,6,NY,2906,0.002
M,1989,Yisrael,6,NY,2906,0.002
M,1989,Yonah,6,NY,2906,0.002
M,1989,Yonatan,6,NY,2906,0.002
M,1989,Yousef,6,NY,2906,0.002
M,1989,Yecheskel,5,NY,3322,0.002
M,1989,Yeriel,5,NY,3322,0.002
M,1989,Yuki,5,NY,3322,0.002
M,1989,Yuri,5,NY,3322,0.002
M,1990,Yisroel,57,NY,664,0.022
M,1990,Yosef,49,NY,744,0.019
M,1990,Yitzchok,48,NY,755,0.018
M,1990,Yehuda,45,NY,791,0.017
M,1990,Yaakov,38,NY,880,0.015
M,1990,Yoel,31,NY,994,0.012
M,1990,Yakov,18,NY,1437,0.007
M,1990,Yechiel,17,NY,1487,0.007
M,1990,Yehoshua,12,NY,1863,0.005
M,1990,Yusuf,12,NY,1863,0.005
M,1990,Yannick,10,NY,2103,0.004
M,1990,Yitzchak,10,NY,2103,0.004
M,1990,Yonatan,10,NY,2103,0.004
M,1990,Yeriel,8,NY,2441,0.003
M,1990,Yechezkel,7,NY,2695,0.003
M,1990,Yousef,7,NY,2695,0.003
M,1990,Yves,7,NY,2695,0.003
M,1990,Yancy,6,NY,2974,0.002
M,1990,Yehudah,6,NY,2974,0.002
M,1990,Yeshaya,6,NY,2974,0.002
M,1990,Yisrael,6,NY,2974,0.002
M,1990,Yusef,6,NY,2974,0.002
M,1990,Yidel,5,NY,3396,0.002
M,1990,Yoseph,5,NY,3396,0.002
M,1990,Yossi,5,NY,3396,0.002
M,1991,Yisroel,63,NY,610,0.025
M,1991,Yosef,50,NY,717,0.02
M,1991,Yitzchok,49,NY,725,0.019
M,1991,Yaakov,47,NY,756,0.019
M,1991,Yehuda,47,NY,756,0.019
M,1991,Yakov,32,NY,962,0.013
M,1991,Yoel,27,NY,1096,0.011
M,1991,Yechiel,16,NY,1550,0.006
M,1991,Yehoshua,16,NY,1550,0.006
M,1991,Yitzchak,11,NY,1965,0.004
M,1991,Yusuf,11,NY,1965,0.004
M,1991,Yechezkel,8,NY,2452,0.003
M,1991,Yonatan,8,NY,2452,0.003
M,1991,Yoseph,8,NY,2452,0.003
M,1991,Yair,7,NY,2699,0.003
M,1991,Yecheskel,7,NY,2699,0.003
M,1991,Yisrael,7,NY,2699,0.003
M,1991,Yusef,7,NY,2699,0.003
M,1991,Yves,7,NY,2699,0.003
M,1991,Yancy,6,NY,3005,0.002
M,1991,Yeriel,6,NY,3005,0.002
M,1991,Yeshaya,6,NY,3005,0.002
M,1991,Yochanan,6,NY,3005,0.002
M,1991,Yousef,5,NY,3431,0.002
M,1992,Yisroel,62,NY,611,0.025
M,1992,Yosef,53,NY,691,0.021
M,1992,Yehuda,48,NY,740,0.019
M,1992,Yitzchok,46,NY,759,0.019
M,1992,Yaakov,40,NY,820,0.016
M,1992,Yakov,39,NY,837,0.016
M,1992,Yoel,31,NY,986,0.012
M,1992,Yehoshua,17,NY,1477,0.007
M,1992,Yitzchak,15,NY,1615,0.006
M,1992,Yusuf,11,NY,1981,0.004
M,1992,Yechiel,8,NY,2465,0.003
M,1992,Yonatan,8,NY,2465,0.003
M,1992,Yoseph,8,NY,2465,0.003
M,1992,Yusef,8,NY,2465,0.003
M,1992,Yahya,7,NY,2699,0.003
M,1992,Yechezkel,7,NY,2699,0.003
M,1992,Yaniv,5,NY,3447,0.002
M,1992,Yecheskel,5,NY,3447,0.002
M,1992,Yeshaya,5,NY,3447,0.002
M,1992,Yisrael,5,NY,3447,0.002
M,1992,Yonathan,5,NY,3447,0.002
M,1992,Yuri,5,NY,3447,0.002
M,1992,Yves,5,NY,3447,0.002
M,1993,Yitzchok,67,NY,556,0.028
M,1993,Yosef,65,NY,575,0.027
M,1993,Yehuda,60,NY,611,0.025
M,1993,Yisroel,55,NY,653,0.023
M,1993,Yoel,40,NY,832,0.017
M,1993,Yaakov,29,NY,1025,0.012
M,1993,Yakov,22,NY,1261,0.009
M,1993,Yechiel,20,NY,1341,0.008
M,1993,Yehoshua,20,NY,1341,0.008
M,1993,Yusuf,13,NY,1805,0.005
M,1993,Yousef,11,NY,2009,0.005
M,1993,Yecheskel,9,NY,2305,0.004
M,1993,Yonatan,9,NY,2305,0.004
M,1993,Yehudah,8,NY,2498,0.003
M,1993,Yonah,8,NY,2498,0.003
M,1993,Yidel,7,NY,2720,0.003
M,1993,Yusef,7,NY,2720,0.003
M,1993,Yitzchak,6,NY,3031,0.002
M,1993,Yochanon,6,NY,3031,0.002
M,1993,Yusuke,6,NY,3031,0.002
M,1993,Yannick,5,NY,3428,0.002
M,1993,Yasin,5,NY,3428,0.002
M,1993,Yerachmiel,5,NY,3428,0.002
M,1993,Yeshaya,5,NY,3428,0.002
M,1993,Yisrael,5,NY,3428,0.002
M,1993,Yonathan,5,NY,3428,0.002
M,1993,Yossi,5,NY,3428,0.002
M,1993,Young,5,NY,3428,0.002
M,1993,Yves,5,NY,3428,0.002
M,1994,Yosef,67,NY,546,0.028
M,1994,Yehuda,64,NY,572,0.027
M,1994,Yisroel,61,NY,594,0.026
M,1994,Yitzchok,55,NY,653,0.023
M,1994,Yaakov,49,NY,716,0.021
M,1994,Yoel,39,NY,840,0.016
M,1994,Yakov,37,NY,868,0.016
M,1994,Yechiel,19,NY,1374,0.008
M,1994,Yehoshua,18,NY,1431,0.008
M,1994,Yusef,15,NY,1616,0.006
M,1994,Yeshaya,12,NY,1884,0.005
M,1994,Yitzchak,12,NY,1884,0.005
M,1994,Yonah,12,NY,1884,0.005
M,1994,Yecheskel,11,NY,1999,0.005
M,1994,Yonatan,11,NY,1999,0.005
M,1994,Yusuf,9,NY,2314,0.004
M,1994,Yasin,7,NY,2792,0.003
M,1994,Yousef,7,NY,2792,0.003
M,1994,Youssef,7,NY,2792,0.003
M,1994,Yahya,6,NY,3081,0.003
M,1994,Yancy,5,NY,3475,0.002
M,1994,Yannis,5,NY,3475,0.002
M,1994,Yianni,5,NY,3475,0.002
M,1994,Yidel,5,NY,3475,0.002
M,1994,Yisrael,5,NY,3475,0.002
M,1994,Yochanan,5,NY,3475,0.002
M,1994,Young,5,NY,3475,0.002
M,1994,Yuki,5,NY,3475,0.002
M,1994,Yves,5,NY,3475,0.002
M,1995,Yehuda,65,NY,567,0.028
M,1995,Yitzchok,60,NY,600,0.026
M,1995,Yisroel,55,NY,647,0.024
M,1995,Yosef,55,NY,647,0.024
M,1995,Yaakov,47,NY,722,0.02
M,1995,Yoel,35,NY,911,0.015
M,1995,Yakov,31,NY,980,0.013
M,1995,Yehoshua,19,NY,1370,0.008
M,1995,Yechiel,17,NY,1461,0.007
M,1995,Yitzchak,12,NY,1852,0.005
M,1995,Yisrael,11,NY,1992,0.005
M,1995,Yusuf,10,NY,2138,0.004
M,1995,Yonatan,9,NY,2300,0.004
M,1995,Yusef,9,NY,2300,0.004
M,1995,Yochanan,7,NY,2724,0.003
M,1995,Yousef,7,NY,2724,0.003
M,1995,Yonah,6,NY,3019,0.003
M,1995,Yuri,6,NY,3019,0.003
M,1995,Yaacov,5,NY,3447,0.002
M,1995,Yasin,5,NY,3447,0.002
M,1995,Young,5,NY,3447,0.002
M,1996,Yosef,70,NY,506,0.031
M,1996,Yisroel,65,NY,544,0.029
M,1996,Yehuda,56,NY,617,0.025
M,1996,Yitzchok,50,NY,689,0.022
M,1996,Yakov,35,NY,881,0.016
M,1996,Yaakov,30,NY,996,0.013
M,1996,Yoel,29,NY,1025,0.013
M,1996,Yechiel,24,NY,1166,0.011
M,1996,Yehoshua,24,NY,1166,0.011
M,1996,Yitzchak,15,NY,1611,0.007
M,1996,Yusef,14,NY,1693,0.006
M,1996,Yehudah,11,NY,2001,0.005
M,1996,Yusuf,11,NY,2001,0.005
M,1996,Yan,9,NY,2316,0.004
M,1996,Yash,8,NY,2507,0.004
M,1996,Yonatan,8,NY,2507,0.004
M,1996,Yousef,8,NY,2507,0.004
M,1996,Yisrael,7,NY,2775,0.003
M,1996,Youssef,7,NY,2775,0.003
M,1996,Yasir,6,NY,3070,0.003
M,1996,Yonah,6,NY,3070,0.003
M,1996,Yair,5,NY,3490,0.002
M,1996,Yanni,5,NY,3490,0.002
M,1996,Yecheskel,5,NY,3490,0.002
M,1996,Yida,5,NY,3490,0.002
M,1996,Yidel,5,NY,3490,0.002
M,1996,Youssouf,5,NY,3490,0.002
M,1996,Yovanny,5,NY,3490,0.002
M,1996,Yuval,5,NY,3490,0.002
M,1997,Yisroel,77,NY,472,0.036
M,1997,Yitzchok,61,NY,571,0.028
M,1997,Yehuda,60,NY,582,0.028
M,1997,Yosef,58,NY,606,0.027
M,1997,Yaakov,57,NY,616,0.026
M,1997,Yakov,35,NY,874,0.016
M,1997,Yehoshua,21,NY,1242,0.01
M,1997,Yoel,21,NY,1242,0.01
M,1997,Yehudah,14,NY,1682,0.006
M,1997,Yechiel,13,NY,1764,0.006
M,1997,Yitzchak,12,NY,1852,0.006
M,1997,Yousef,12,NY,1852,0.006
M,1997,Yair,8,NY,2458,0.004
M,1997,Yechezkel,8,NY,2458,0.004
M,1997,Yonatan,8,NY,2458,0.004
M,1997,Yusef,8,NY,2458,0.004
M,1997,Yusuf,8,NY,2458,0.004
M,1997,Yisrael,7,NY,2717,0.003
M,1997,Yahya,6,NY,3028,0.003
M,1997,Yamil,6,NY,3028,0.003
M,1997,Yaw,6,NY,3028,0.003
M,1997,Yianni,6,NY,3028,0.003
M,1997,Yona,6,NY,3028,0.003
M,1997,Youssouf,6,NY,3028,0.003
M,1997,Yanni,5,NY,3443,0.002
M,1997,Yash,5,NY,3443,0.002
M,1997,Yasser,5,NY,3443,0.002
M,1997,Yecheskel,5,NY,3443,0.002
M,1997,Yeshaya,5,NY,3443,0.002
M,1997,Yida,5,NY,3443,0.002
M,1998,Yosef,82,NY,448,0.038
M,1998,Yisroel,72,NY,498,0.033
M,1998,Yehuda,69,NY,520,0.032
M,1998,Yitzchok,53,NY,630,0.025
M,1998,Yakov,46,NY,719,0.021
M,1998,Yaakov,38,NY,832,0.018
M,1998,Yoel,37,NY,850,0.017
M,1998,Yechiel,22,NY,1230,0.01
M,1998,Yousef,18,NY,1416,0.008
M,1998,Yehoshua,17,NY,1480,0.008
M,1998,Yitzchak,15,NY,1631,0.007
M,1998,Yonatan,15,NY,1631,0.007
M,1998,Yusuf,14,NY,1711,0.006
M,1998,Youssef,12,NY,1924,0.006
M,1998,Yasin,11,NY,2051,0.005
M,1998,Yechezkel,11,NY,2051,0.005
M,1998,Yeshaya,11,NY,2051,0.005
M,1998,Yehudah,9,NY,2339,0.004
M,1998,Yoseph,9,NY,2339,0.004
M,1998,Yonah,8,NY,2538,0.004
M,1998,Yecheskel,7,NY,2792,0.003
M,1998,Yidel,7,NY,2792,0.003
M,1998,Yisrael,7,NY,2792,0.003
M,1998,Yair,6,NY,3080,0.003
M,1998,Yancy,6,NY,3080,0.003
M,1998,Yaseen,6,NY,3080,0.003
M,1998,Yerachmiel,6,NY,3080,0.003
M,1998,Yochanan,6,NY,3080,0.003
M,1998,Yusef,6,NY,3080,0.003
M,1998,Yanni,5,NY,3529,0.002
M,1998,Yasser,5,NY,3529,0.002
M,1998,Yohance,5,NY,3529,0.002
M,1998,Yona,5,NY,3529,0.002
M,1998,Yonathan,5,NY,3529,0.002
M,1998,Yovanny,5,NY,3529,0.002
M,1998,Yunus,5,NY,3529,0.002
M,1999,Yosef,101,NY,375,0.047
M,1999,Yehuda,86,NY,433,0.04
M,1999,Yaakov,62,NY,571,0.029
M,1999,Yisroel,59,NY,580,0.028
M,1999,Yitzchok,56,NY,605,0.026
M,1999,Yakov,27,NY,1075,0.013
M,1999,Yehoshua,22,NY,1238,0.01
M,1999,Yechiel,21,NY,1285,0.01
M,1999,Yoel,21,NY,1285,0.01
M,1999,Youssef,18,NY,1421,0.008
M,1999,Yitzchak,17,NY,1483,0.008
M,1999,Yash,14,NY,1711,0.007
M,1999,Yonatan,12,NY,1905,0.006
M,1999,Yousef,11,NY,2018,0.005
M,1999,Yusuf,10,NY,2169,0.005
M,1999,Yasin,9,NY,2321,0.004
M,1999,Yechezkel,9,NY,2321,0.004
M,1999,Yehudah,9,NY,2321,0.004
M,1999,Yeshaya,8,NY,2519,0.004
M,1999,Yahya,7,NY,2770,0.003
M,1999,Yecheskel,7,NY,2770,0.003
M,1999,Yidel,7,NY,2770,0.003
M,1999,Yoseph,7,NY,2770,0.003
M,1999,Yasir,6,NY,3110,0.003
M,1999,Yaw,6,NY,3110,0.003
M,1999,Yekusiel,6,NY,3110,0.003
M,1999,Yisrael,6,NY,3110,0.003
M,1999,Yordi,6,NY,3110,0.003
M,1999,Yair,5,NY,3564,0.002
M,1999,Yamil,5,NY,3564,0.002
M,1999,Yariel,5,NY,3564,0.002
M,1999,Yaseen,5,NY,3564,0.002
M,1999,Yiannis,5,NY,3564,0.002
M,2000,Yosef,81,NY,462,0.038
M,2000,Yisroel,76,NY,488,0.035
M,2000,Yehuda,67,NY,535,0.031
M,2000,Yitzchok,66,NY,541,0.031
M,2000,Yaakov,47,NY,713,0.022
M,2000,Yakov,40,NY,812,0.019
M,2000,Yoel,31,NY,998,0.014
M,2000,Yehoshua,28,NY,1075,0.013
M,2000,Yonatan,21,NY,1288,0.01
M,2000,Yechiel,20,NY,1344,0.009
M,2000,Yitzchak,20,NY,1344,0.009
M,2000,Yusuf,18,NY,1452,0.008
M,2000,Yechezkel,16,NY,1586,0.007
M,2000,Yousef,16,NY,1586,0.007
M,2000,Youssef,15,NY,1668,0.007
M,2000,Yash,14,NY,1746,0.007
M,2000,Yonah,11,NY,2101,0.005
M,2000,Yisrael,10,NY,2248,0.005
M,2000,Yeshaya,9,NY,2429,0.004
M,2000,Yonathan,9,NY,2429,0.004
M,2000,Yahya,8,NY,2655,0.004
M,2000,Yair,8,NY,2655,0.004
M,2000,Yasin,8,NY,2655,0.004
M,2000,Yerachmiel,8,NY,2655,0.004
M,2000,Yoseph,8,NY,2655,0.004
M,2000,Yusef,8,NY,2655,0.004
M,2000,Yu,7,NY,2916,0.003
M,2000,Yassin,6,NY,3236,0.003
M,2000,Yishai,6,NY,3236,0.003
M,2000,Yaacov,5,NY,3661,0.002
M,2000,Yidel,5,NY,3661,0.002
M,2000,Yissochor,5,NY,3661,0.002
M,2000,Yochanan,5,NY,3661,0.002
M,2000,Yona,5,NY,3661,0.002
M,2000,Yousuf,5,NY,3661,0.002
M,2001,Yehuda,100,NY,363,0.048
M,2001,Yosef,75,NY,486,0.036
M,2001,Yitzchok,64,NY,548,0.031
M,2001,Yisroel,61,NY,573,0.029
M,2001,Yaakov,54,NY,628,0.026
M,2001,Yakov,43,NY,776,0.021
M,2001,Yoel,37,NY,872,0.018
M,2001,Yehoshua,29,NY,1030,0.014
M,2001,Youssef,25,NY,1153,0.012
M,2001,Yousef,18,NY,1468,0.009
M,2001,Yusuf,18,NY,1468,0.009
M,2001,Yusef,17,NY,1533,0.008
M,2001,Yechiel,16,NY,1605,0.008
M,2001,Yonatan,16,NY,1605,0.008
M,2001,Yisrael,14,NY,1776,0.007
M,2001,Yitzchak,14,NY,1776,0.007
M,2001,Yahya,12,NY,1986,0.006
M,2001,Yonah,12,NY,1986,0.006
M,2001,Yoseph,10,NY,2258,0.005
M,2001,Yeshaya,9,NY,2440,0.004
M,2001,Yidel,9,NY,2440,0.004
M,2001,Yehudah,8,NY,2664,0.004
M,2001,Yair,7,NY,2930,0.003
M,2001,Yasin,7,NY,2930,0.003
M,2001,Yishai,7,NY,2930,0.003
M,2001,Yochanan,7,NY,2930,0.003
M,2001,Yaseen,6,NY,3257,0.003
M,2001,Yash,6,NY,3257,0.003
M,2001,Youssouf,6,NY,3257,0.003
M,2001,Yaron,5,NY,3738,0.002
M,2001,Yasir,5,NY,3738,0.002
M,2001,Yassin,5,NY,3738,0.002
M,2001,Yerachmiel,5,NY,3738,0.002
M,2001,Yida,5,NY,3738,0.002
M,2001,Yona,5,NY,3738,0.002
M,2001,Yossi,5,NY,3738,0.002
M,2002,Yosef,91,NY,404,0.044
M,2002,Yehuda,84,NY,433,0.041
M,2002,Yitzchok,82,NY,441,0.04
M,2002,Yisroel,64,NY,547,0.031
M,2002,Yaakov,62,NY,563,0.03
M,2002,Yakov,38,NY,842,0.018
M,2002,Yoel,33,NY,934,0.016
M,2002,Yehoshua,30,NY,1005,0.014
M,2002,Yechiel,25,NY,1149,0.012
M,2002,Yusuf,19,NY,1412,0.009
M,2002,Yousef,17,NY,1523,0.008
M,2002,Yitzchak,16,NY,1589,0.008
M,2002,Yonah,15,NY,1667,0.007
M,2002,Yisrael,13,NY,1849,0.006
M,2002,Youssef,13,NY,1849,0.006
M,2002,Yash,12,NY,1957,0.006
M,2002,Yasin,12,NY,1957,0.006
M,2002,Yonatan,11,NY,2091,0.005
M,2002,Yair,10,NY,2254,0.005
M,2002,Yechezkel,9,NY,2432,0.004
M,2002,Yu,9,NY,2432,0.004
M,2002,Yehudah,8,NY,2650,0.004
M,2002,Yoskar,8,NY,2650,0.004
M,2002,Yunus,8,NY,2650,0.004
M,2002,Yusef,8,NY,2650,0.004
M,2002,Yaseen,7,NY,2927,0.003
M,2002,Yuvraj,7,NY,2927,0.003
M,2002,Yael,6,NY,3242,0.003
M,2002,Yahya,6,NY,3242,0.003
M,2002,Yeshaya,6,NY,3242,0.003
M,2002,Yishai,6,NY,3242,0.003
M,2002,Yona,6,NY,3242,0.003
M,2002,Yoni,6,NY,3242,0.003
M,2002,Yoseph,6,NY,3242,0.003
M,2002,Yamil,5,NY,3666,0.002
M,2002,Yasir,5,NY,3666,0.002
M,2002,Yida,5,NY,3666,0.002
M,2002,Yishay,5,NY,3666,0.002
M,2003,Yosef,100,NY,363,0.048
M,2003,Yisroel,93,NY,392,0.044
M,2003,Yehuda,84,NY,430,0.04
M,2003,Yitzchok,66,NY,537,0.031
M,2003,Yaakov,54,NY,641,0.026
M,2003,Yakov,40,NY,833,0.019
M,2003,Yahir,32,NY,1001,0.015
M,2003,Yechiel,26,NY,1159,0.012
M,2003,Yoel,25,NY,1191,0.012
M,2003,Youssef,25,NY,1191,0.012
M,2003,Yehoshua,23,NY,1258,0.011
M,2003,Yusuf,23,NY,1258,0.011
M,2003,Yousef,15,NY,1717,0.007
M,2003,Yair,14,NY,1804,0.007
M,2003,Yehudah,11,NY,2141,0.005
M,2003,Yidel,11,NY,2141,0.005
M,2003,Yonatan,11,NY,2141,0.005
M,2003,Yahya,10,NY,2302,0.005
M,2003,Yonah,10,NY,2302,0.005
M,2003,Yoseph,10,NY,2302,0.005
M,2003,Yash,9,NY,2466,0.004
M,2003,Yeshaya,9,NY,2466,0.004
M,2003,Yasin,8,NY,2685,0.004
M,2003,Yechezkel,8,NY,2685,0.004
M,2003,Yona,8,NY,2685,0.004
M,2003,Yu,8,NY,2685,0.004
M,2003,Yael,7,NY,2938,0.003
M,2003,Yecheskel,7,NY,2938,0.003
M,2003,Yanni,6,NY,3275,0.003
M,2003,Yaseen,6,NY,3275,0.003
M,2003,Yitzchak,6,NY,3275,0.003
M,2003,Yonathan,6,NY,3275,0.003
M,2003,Yossi,6,NY,3275,0.003
M,2003,Yuri,6,NY,3275,0.003
M,2003,Yaacov,5,NY,3762,0.002
M,2003,Yamil,5,NY,3762,0.002
M,2003,Yasir,5,NY,3762,0.002
M,2003,Yassine,5,NY,3762,0.002
M,2003,Yishai,5,NY,3762,0.002
M,2003,Yousif,5,NY,3762,0.002
M,2003,Yusef,5,NY,3762,0.002
M,2004,Yosef,104,NY,351,0.05
M,2004,Yehuda,83,NY,423,0.04
M,2004,Yisroel,81,NY,437,0.039
M,2004,Yitzchok,81,NY,437,0.039
M,2004,Yaakov,52,NY,681,0.025
M,2004,Yakov,46,NY,746,0.022
M,2004,Yoel,33,NY,958,0.016
M,2004,Yahir,30,NY,1033,0.015
M,2004,Yechiel,27,NY,1118,0.013
M,2004,Yehoshua,21,NY,1378,0.01
M,2004,Yusuf,17,NY,1586,0.008
M,2004,Yitzchak,16,NY,1648,0.008
M,2004,Yousef,16,NY,1648,0.008
M,2004,Youssef,15,NY,1720,0.007
M,2004,Yehudah,13,NY,1900,0.006
M,2004,Yandel,12,NY,2023,0.006
M,2004,Yechezkel,12,NY,2023,0.006
M,2004,Yisrael,12,NY,2023,0.006
M,2004,Yair,11,NY,2179,0.005
M,2004,Yasin,11,NY,2179,0.005
M,2004,Yoav,10,NY,2326,0.005
M,2004,Yonah,10,NY,2326,0.005
M,2004,Yeshaya,9,NY,2498,0.004
M,2004,Yash,8,NY,2710,0.004
M,2004,Yidel,8,NY,2710,0.004
M,2004,Yossi,8,NY,2710,0.004
M,2004,Yousuf,8,NY,2710,0.004
M,2004,Yu,8,NY,2710,0.004
M,2004,Yael,7,NY,2985,0.003
M,2004,Yassin,7,NY,2985,0.003
M,2004,Yochanan,7,NY,2985,0.003
M,2004,Yonatan,7,NY,2985,0.003
M,2004,Yamil,6,NY,3344,0.003
M,2004,Yaseen,6,NY,3344,0.003
M,2004,Yecheskel,6,NY,3344,0.003
M,2004,Yahya,5,NY,3777,0.002
M,2004,Yanni,5,NY,3777,0.002
M,2004,Yekusiel,5,NY,3777,0.002
M,2004,Yeshua,5,NY,3777,0.002
M,2004,Yianni,5,NY,3777,0.002
M,2004,Yida,5,NY,3777,0.002
M,2004,Yoskar,5,NY,3777,0.002
M,2004,Yusef,5,NY,3777,0.002
M,2005,Yosef,115,NY,328,0.057
M,2005,Yehuda,111,NY,341,0.055
M,2005,Yisroel,102,NY,364,0.05
M,2005,Yitzchok,82,NY,443,0.04
M,2005,Yakov,60,NY,584,0.03
M,2005,Yaakov,59,NY,592,0.029
M,2005,Yoel,29,NY,1062,0.014
M,2005,Yehoshua,27,NY,1124,0.013
M,2005,Yechiel,24,NY,1229,0.012
M,2005,Yandel,20,NY,1408,0.01
M,2005,Yousef,20,NY,1408,0.01
M,2005,Yitzchak,19,NY,1440,0.009
M,2005,Yusuf,19,NY,1440,0.009
M,2005,Youssef,18,NY,1517,0.009
M,2005,Yahir,16,NY,1656,0.008
M,2005,Yisrael,16,NY,1656,0.008
M,2005,Yechezkel,13,NY,1935,0.006
M,2005,Yonatan,12,NY,2035,0.006
M,2005,Yair,11,NY,2160,0.005
M,2005,Yasin,11,NY,2160,0.005
M,2005,Yaseen,10,NY,2331,0.005
M,2005,Yehudah,9,NY,2517,0.004
M,2005,Yunus,9,NY,2517,0.004
M,2005,Yael,8,NY,2768,0.004
M,2005,Yamil,8,NY,2768,0.004
M,2005,Yariel,8,NY,2768,0.004
M,2005,Yash,8,NY,2768,0.004
M,2005,Yahya,7,NY,3029,0.003
M,2005,Yan,7,NY,3029,0.003
M,2005,Yasir,7,NY,3029,0.003
M,2005,Yecheskel,7,NY,3029,0.003
M,2005,Yida,7,NY,3029,0.003
M,2005,Yossi,7,NY,3029,0.003
M,2005,Yusef,7,NY,3029,0.003
M,2005,Yadiel,6,NY,3354,0.003
M,2005,Yadier,6,NY,3354,0.003
M,2005,Yassin,6,NY,3354,0.003
M,2005,Yeshaya,6,NY,3354,0.003
M,2005,Yidel,6,NY,3354,0.003
M,2005,Yishai,6,NY,3354,0.003
M,2005,Yonah,6,NY,3354,0.003
M,2005,Yonathan,6,NY,3354,0.003
M,2005,Yoseph,6,NY,3354,0.003
M,2005,Yousuf,6,NY,3354,0.003
M,2005,Yanky,5,NY,3811,0.002
M,2005,Yassine,5,NY,3811,0.002
M,2005,Yeshua,5,NY,3811,0.002
M,2005,Yishay,5,NY,3811,0.002
M,2005,Yochanan,5,NY,3811,0.002
M,2005,Yochanon,5,NY,3811,0.002
M,2005,Yomar,5,NY,3811,0.002
M,2005,Younes,5,NY,3811,0.002
M,2005,Yu,5,NY,3811,0.002
M,2005,Yuta,5,NY,3811,0.002
M,2006,Yosef,114,NY,330,0.055
M,2006,Yehuda,99,NY,371,0.048
M,2006,Yisroel,89,NY,412,0.043
M,2006,Yitzchok,89,NY,412,0.043
M,2006,Yaakov,67,NY,537,0.033
M,2006,Yakov,60,NY,594,0.029
M,2006,Yandel,40,NY,865,0.019
M,2006,Yechiel,38,NY,903,0.018
M,2006,Yusuf,32,NY,1033,0.016
M,2006,Yehoshua,28,NY,1134,0.014
M,2006,Youssef,27,NY,1159,0.013
M,2006,Yahir,24,NY,1270,0.012
M,2006,Yisrael,22,NY,1346,0.011
M,2006,Yitzchak,21,NY,1395,0.01
M,2006,Yoel,21,NY,1395,0.01
M,2006,Yael,18,NY,1569,0.009
M,2006,Yair,16,NY,1720,0.008
M,2006,Yonatan,15,NY,1805,0.007
M,2006,Yousef,15,NY,1805,0.007
M,2006,Yadiel,14,NY,1897,0.007
M,2006,Yariel,14,NY,1897,0.007
M,2006,Yaseen,14,NY,1897,0.007
M,2006,Yehudah,13,NY,2011,0.006
M,2006,Yonah,12,NY,2123,0.006
M,2006,Yechezkel,11,NY,2277,0.005
M,2006,Yash,10,NY,2450,0.005
M,2006,Yeshaya,9,NY,2630,0.004
M,2006,Yu,9,NY,2630,0.004
M,2006,Yahya,8,NY,2859,0.004
M,2006,Yasir,8,NY,2859,0.004
M,2006,Yasser,8,NY,2859,0.004
M,2006,Yecheskel,8,NY,2859,0.004
M,2006,Yida,8,NY,2859,0.004
M,2006,Yousif,8,NY,2859,0.004
M,2006,Yan,7,NY,3153,0.003
M,2006,Yasin,7,NY,3153,0.003
M,2006,Yamil,6,NY,3491,0.003
M,2006,Yidel,6,NY,3491,0.003
M,2006,Yoav,6,NY,3491,0.003
M,2006,Yochanan,6,NY,3491,0.003
M,2006,Yona,6,NY,3491,0.003
M,2006,Yunus,6,NY,3491,0.003
M,2006,Yusef,6,NY,3491,0.003
M,2006,Yomar,5,NY,3926,0.002
M,2006,Yordy,5,NY,3926,0.002
M,2006,Yoseph,5,NY,3926,0.002
M,2006,Yossi,5,NY,3926,0.002
M,2006,Youssouf,5,NY,3926,0.002
M,2007,Yosef,131,NY,303,0.063
M,2007,Yisroel,104,NY,355,0.05
M,2007,Yehuda,81,NY,460,0.039
M,2007,Yitzchok,80,NY,465,0.038
M,2007,Yakov,71,NY,533,0.034
M,2007,Yaakov,66,NY,569,0.032
M,2007,Yechiel,38,NY,908,0.018
M,2007,Yoel,38,NY,908,0.018
M,2007,Yandel,32,NY,1050,0.015
M,2007,Yahir,30,NY,1100,0.014
M,2007,Yusuf,29,NY,1123,0.014
M,2007,Yehoshua,26,NY,1234,0.012
M,2007,Yisrael,22,NY,1373,0.011
M,2007,Yousef,22,NY,1373,0.011
M,2007,Yadiel,20,NY,1482,0.01
M,2007,Yitzchak,19,NY,1536,0.009
M,2007,Yechezkel,18,NY,1619,0.009
M,2007,Yair,17,NY,1696,0.008
M,2007,Youssef,16,NY,1749,0.008
M,2007,Yaseen,14,NY,1947,0.007
M,2007,Yehudah,13,NY,2043,0.006
M,2007,Yuvraj,13,NY,2043,0.006
M,2007,Yash,12,NY,2156,0.006
M,2007,Yasin,12,NY,2156,0.006
M,2007,Yecheskel,12,NY,2156,0.006
M,2007,Yonah,12,NY,2156,0.006
M,2007,Yonatan,11,NY,2293,0.005
M,2007,Yurem,11,NY,2293,0.005
M,2007,Yadier,10,NY,2441,0.005
M,2007,Yahya,10,NY,2441,0.005
M,2007,Yusef,10,NY,2441,0.005
M,2007,Yasir,9,NY,2659,0.004
M,2007,Yona,9,NY,2659,0.004
M,2007,Yael,8,NY,2895,0.004
M,2007,Yamil,8,NY,2895,0.004
M,2007,Yariel,8,NY,2895,0.004
M,2007,Yassin,8,NY,2895,0.004
M,2007,Yi,8,NY,2895,0.004
M,2007,Yoav,8,NY,2895,0.004
M,2007,Yeshaya,7,NY,3184,0.003
M,2007,Yidel,7,NY,3184,0.003
M,2007,Yoseph,7,NY,3184,0.003
M,2007,Yaniel,6,NY,3542,0.003
M,2007,Yida,6,NY,3542,0.003
M,2007,Yishai,6,NY,3542,0.003
M,2007,Yahia,5,NY,4042,0.002
M,2007,Yan,5,NY,4042,0.002
M,2007,Yeriel,5,NY,4042,0.002
M,2007,Yerik,5,NY,4042,0.002
M,2007,Yohance,5,NY,4042,0.002
M,2007,Yoscar,5,NY,4042,0.002
M,2007,Yu,5,NY,4042,0.002
M,2007,Yuval,5,NY,4042,0.002
M,2008,Yosef,109,NY,343,0.053
M,2008,Yehuda,102,NY,360,0.05
M,2008,Yisroel,91,NY,412,0.044
M,2008,Yitzchok,70,NY,539,0.034
M,2008,Yakov,67,NY,560,0.033
M,2008,Yaakov,63,NY,601,0.031
M,2008,Yandel,42,NY,843,0.021
M,2008,Yusuf,36,NY,951,0.018
M,2008,Yehoshua,35,NY,979,0.017
M,2008,Yechiel,34,NY,1002,0.017
M,2008,Yahir,30,NY,1108,0.015
M,2008,Yoel,29,NY,1147,0.014
M,2008,Yousef,25,NY,1271,0.012
M,2008,Yadiel,24,NY,1310,0.012
M,2008,Yariel,23,NY,1351,0.011
M,2008,Yisrael,23,NY,1351,0.011
M,2008,Yair,22,NY,1395,0.011
M,2008,Youssef,17,NY,1689,0.008
M,2008,Yehudah,14,NY,1959,0.007
M,2008,Yaseen,13,NY,2073,0.006
M,2008,Yael,12,NY,2177,0.006
M,2008,Yasin,12,NY,2177,0.006
M,2008,Yishai,12,NY,2177,0.006
M,2008,Yusef,12,NY,2177,0.006
M,2008,Yahya,11,NY,2320,0.005
M,2008,Yitzchak,11,NY,2320,0.005
M,2008,Yoav,11,NY,2320,0.005
M,2008,Yida,10,NY,2504,0.005
M,2008,Yonah,10,NY,2504,0.005
M,2008,Yuvraj,10,NY,2504,0.005
M,2008,Yamil,9,NY,2712,0.004
M,2008,Yechezkel,9,NY,2712,0.004
M,2008,Yadier,8,NY,2917,0.004
M,2008,Yeshaya,8,NY,2917,0.004
M,2008,Yomtov,8,NY,2917,0.004
M,2008,Yonatan,8,NY,2917,0.004
M,2008,Yoseph,8,NY,2917,0.004
M,2008,Yassin,7,NY,3238,0.003
M,2008,Yecheskel,7,NY,3238,0.003
M,2008,Yousuf,7,NY,3238,0.003
M,2008,Yannick,6,NY,3603,0.003
M,2008,Yasir,6,NY,3603,0.003
M,2008,Yidel,6,NY,3603,0.003
M,2008,Yissachar,6,NY,3603,0.003
M,2008,Yaacov,5,NY,4051,0.002
M,2008,Yaniel,5,NY,4051,0.002
M,2008,Yanky,5,NY,4051,0.002
M,2008,Yiannis,5,NY,4051,0.002
M,2008,Yochanan,5,NY,4051,0.002
M,2008,Yona,5,NY,4051,0.002
M,2008,Yossi,5,NY,4051,0.002
M,2008,Yuki,5,NY,4051,0.002
M,2008,Yuma,5,NY,4051,0.002
M,2008,Yunus,5,NY,4051,0.002
M,2009,Yosef,140,NY,281,0.069
M,2009,Yisroel,115,NY,334,0.057
M,2009,Yehuda,111,NY,347,0.055
M,2009,Yakov,93,NY,405,0.046
M,2009,Yitzchok,80,NY,472,0.04
M,2009,Yaakov,54,NY,677,0.027
M,2009,Yandel,35,NY,973,0.017
M,2009,Yahir,33,NY,1027,0.016
M,2009,Yadiel,32,NY,1053,0.016
M,2009,Yechiel,31,NY,1077,0.015
M,2009,Yusuf,31,NY,1077,0.015
M,2009,Yehoshua,29,NY,1141,0.014
M,2009,Yoel,29,NY,1141,0.014
M,2009,Yair,23,NY,1385,0.011
M,2009,Yariel,22,NY,1425,0.011
M,2009,Yousef,22,NY,1425,0.011
M,2009,Yisrael,20,NY,1536,0.01
M,2009,Yitzchak,18,NY,1648,0.009
M,2009,Youssef,18,NY,1648,0.009
M,2009,Yonatan,17,NY,1703,0.008
M,2009,Yahya,16,NY,1790,0.008
M,2009,Yonah,16,NY,1790,0.008
M,2009,Yaseen,15,NY,1876,0.007
M,2009,Yasin,14,NY,1967,0.007
M,2009,Yidel,14,NY,1967,0.007
M,2009,Yehudah,13,NY,2075,0.006
M,2009,Youssouf,11,NY,2305,0.005
M,2009,Yash,10,NY,2462,0.005
M,2009,Yerik,10,NY,2462,0.005
M,2009,Yeshaya,10,NY,2462,0.005
M,2009,Yochanan,10,NY,2462,0.005
M,2009,Yusef,10,NY,2462,0.005
M,2009,Yida,9,NY,2681,0.004
M,2009,Yona,9,NY,2681,0.004
M,2009,Yassin,8,NY,2924,0.004
M,2009,Yishai,8,NY,2924,0.004
M,2009,Yuvraj,8,NY,2924,0.004
M,2009,Yamil,7,NY,3219,0.003
M,2009,Yasir,7,NY,3219,0.003
M,2009,Yeriel,7,NY,3219,0.003
M,2009,Yossi,7,NY,3219,0.003
M,2009,Yandiel,6,NY,3583,0.003
M,2009,Yanni,6,NY,3583,0.003
M,2009,Yannick,6,NY,3583,0.003
M,2009,Yecheskel,6,NY,3583,0.003
M,2009,Yechezkel,6,NY,3583,0.003
M,2009,Yonathan,6,NY,3583,0.003
M,2009,Yoseph,6,NY,3583,0.003
M,2009,Yeshua,5,NY,4072,0.002
M,2009,Yoav,5,NY,4072,0.002
M,2009,Yohan,5,NY,4072,0.002
M,2009,Yuri,5,NY,4072,0.002
M,2010,Yosef,140,NY,281,0.07
M,2010,Yisroel,111,NY,336,0.056
M,2010,Yehuda,107,NY,350,0.054
M,2010,Yaakov,83,NY,459,0.042
M,2010,Yitzchok,70,NY,523,0.035
M,2010,Yakov,67,NY,549,0.034
M,2010,Yechiel,38,NY,905,0.019
M,2010,Yusuf,36,NY,951,0.018
M,2010,Yandel,31,NY,1083,0.016
M,2010,Yoel,31,NY,1083,0.016
M,2010,Yehoshua,30,NY,1112,0.015
M,2010,Yaseen,28,NY,1172,0.014
M,2010,Yitzchak,28,NY,1172,0.014
M,2010,Yadiel,27,NY,1199,0.014
M,2010,Yousef,27,NY,1199,0.014
M,2010,Yahir,23,NY,1341,0.012
M,2010,Yisrael,21,NY,1463,0.011
M,2010,Youssef,21,NY,1463,0.011
M,2010,Yariel,19,NY,1572,0.01
M,2010,Yida,18,NY,1636,0.009
M,2010,Yossi,17,NY,1702,0.009
M,2010,Yair,13,NY,2047,0.007
M,2010,Yasin,13,NY,2047,0.007
M,2010,Yecheskel,13,NY,2047,0.007
M,2010,Yechezkel,13,NY,2047,0.007
M,2010,Yona,12,NY,2170,0.006
M,2010,Yonah,12,NY,2170,0.006
M,2010,Yonatan,11,NY,2341,0.006
M,2010,Yash,10,NY,2513,0.005
M,2010,Yehudah,10,NY,2513,0.005
M,2010,Yanky,9,NY,2720,0.005
M,2010,Yeshaya,9,NY,2720,0.005
M,2010,Yoseph,9,NY,2720,0.005
M,2010,Yael,8,NY,2947,0.004
M,2010,Yidel,8,NY,2947,0.004
M,2010,Yishai,8,NY,2947,0.004
M,2010,Yoav,8,NY,2947,0.004
M,2010,Yusef,8,NY,2947,0.004
M,2010,Yassin,7,NY,3219,0.004
M,2010,Yeshua,7,NY,3219,0.004
M,2010,Yuri,7,NY,3219,0.004
M,2010,Yahya,6,NY,3597,0.003
M,2010,Yasir,6,NY,3597,0.003
M,2010,Yousif,6,NY,3597,0.003
M,2010,Yousuf,6,NY,3597,0.003
M,2010,Yuvraj,6,NY,3597,0.003
M,2010,Yahel,5,NY,4059,0.003
M,2010,Yahia,5,NY,4059,0.003
M,2010,Yaniel,5,NY,4059,0.003
M,2010,Yaqub,5,NY,4059,0.003
M,2010,Yerik,5,NY,4059,0.003
M,2010,Yochanon,5,NY,4059,0.003
M,2010,Yohan,5,NY,4059,0.003
M,2010,Yoshua,5,NY,4059,0.003
M,2010,Youssouf,5,NY,4059,0.003
M,2010,Yu,5,NY,4059,0.003
M,2010,Yuki,5,NY,4059,0.003
M,2010,Yusif,5,NY,4059,0.003
M,2010,Yuval,5,NY,4059,0.003
M,2011,Yosef,143,NY,268,0.073
M,2011,Yehuda,118,NY,333,0.06
M,2011,Yisroel,108,NY,365,0.055
M,2011,Yakov,82,NY,462,0.042
M,2011,Yitzchok,71,NY,528,0.036
M,2011,Yaakov,63,NY,569,0.032
M,2011,Yadiel,37,NY,920,0.019
M,2011,Yechiel,36,NY,946,0.018
M,2011,Yusuf,35,NY,966,0.018
M,2011,Yoel,31,NY,1064,0.016
M,2011,Yehoshua,29,NY,1122,0.015
M,2011,Yousef,29,NY,1122,0.015
M,2011,Yisrael,25,NY,1283,0.013
M,2011,Yitzchak,25,NY,1283,0.013
M,2011,Yaseen,24,NY,1334,0.012
M,2011,Yahya,23,NY,1365,0.012
M,2011,Yair,23,NY,1365,0.012
M,2011,Yahir,22,NY,1410,0.011
M,2011,Yandel,22,NY,1410,0.011
M,2011,Youssef,21,NY,1467,0.011
M,2011,Yariel,19,NY,1555,0.01
M,2011,Yerik,18,NY,1620,0.009
M,2011,Yonatan,18,NY,1620,0.009
M,2011,Yida,16,NY,1773,0.008
M,2011,Yehudah,14,NY,1963,0.007
M,2011,Yidel,14,NY,1963,0.007
M,2011,Yonah,14,NY,1963,0.007
M,2011,Yechezkel,13,NY,2073,0.007
M,2011,Yasin,12,NY,2195,0.006
M,2011,Yanuel,11,NY,2325,0.006
M,2011,Yousuf,11,NY,2325,0.006
M,2011,Yaniel,10,NY,2485,0.005
M,2011,Yassin,10,NY,2485,0.005
M,2011,Yecheskel,10,NY,2485,0.005
M,2011,Yamil,9,NY,2669,0.005
M,2011,Yossi,9,NY,2669,0.005
M,2011,Yeshaya,8,NY,2908,0.004
M,2011,Yoseph,8,NY,2908,0.004
M,2011,Yusef,8,NY,2908,0.004
M,2011,Yusif,7,NY,3181,0.004
M,2011,Yael,6,NY,3526,0.003
M,2011,Yekusiel,6,NY,3526,0.003
M,2011,Yeshua,6,NY,3526,0.003
M,2011,Yochanon,6,NY,3526,0.003
M,2011,Yona,6,NY,3526,0.003
M,2011,Yuri,6,NY,3526,0.003
M,2011,Yandiel,5,NY,3992,0.003
M,2011,Yasir,5,NY,3992,0.003
M,2011,Yerachmiel,5,NY,3992,0.003
M,2011,Yeriel,5,NY,3992,0.003
M,2011,Yianni,5,NY,3992,0.003
M,2011,Yishai,5,NY,3992,0.003
M,2011,Younis,5,NY,3992,0.003
M,2011,Youssouf,5,NY,3992,0.003
M,2011,Yussef,5,NY,3992,0.003
M,2012,Yosef,156,NY,251,0.079
M,2012,Yehuda,126,NY,311,0.064
M,2012,Yisroel,119,NY,327,0.061
M,2012,Yitzchok,100,NY,385,0.051
M,2012,Yakov,82,NY,468,0.042
M,2012,Yaakov,71,NY,538,0.036
M,2012,Yusuf,45,NY,773,0.023
M,2012,Yadiel,37,NY,914,0.019
M,2012,Yechiel,36,NY,935,0.018
M,2012,Yoel,36,NY,935,0.018
M,2012,Yahir,27,NY,1203,0.014
M,2012,Yandel,27,NY,1203,0.014
M,2012,Yehoshua,27,NY,1203,0.014
M,2012,Yousef,24,NY,1316,0.012
M,2012,Youssef,22,NY,1406,0.011
M,2012,Yael,20,NY,1508,0.01
M,2012,Yitzchak,20,NY,1508,0.01
M,2012,Yariel,19,NY,1570,0.01
M,2012,Yahya,15,NY,1867,0.008
M,2012,Yaseen,15,NY,1867,0.008
M,2012,Yisrael,15,NY,1867,0.008
M,2012,Yona,15,NY,1867,0.008
M,2012,Yasin,14,NY,1970,0.007
M,2012,Yida,14,NY,1970,0.007
M,2012,Yecheskel,13,NY,2092,0.007
M,2012,Yechezkel,13,NY,2092,0.007
M,2012,Yossi,13,NY,2092,0.007
M,2012,Yaniel,12,NY,2210,0.006
M,2012,Yehudah,12,NY,2210,0.006
M,2012,Yeshaya,12,NY,2210,0.006
M,2012,Yonah,12,NY,2210,0.006
M,2012,Yeshua,11,NY,2340,0.006
M,2012,Yidel,11,NY,2340,0.006
M,2012,Yonatan,11,NY,2340,0.006
M,2012,Yair,10,NY,2509,0.005
M,2012,Yohan,10,NY,2509,0.005
M,2012,Yousif,10,NY,2509,0.005
M,2012,Yassin,9,NY,2708,0.005
M,2012,Yousuf,9,NY,2708,0.005
M,2012,Yanky,8,NY,2941,0.004
M,2012,Yerik,8,NY,2941,0.004
M,2012,Youssouf,8,NY,2941,0.004
M,2012,Yousaf,7,NY,3207,0.004
M,2012,Yunus,7,NY,3207,0.004
M,2012,Yash,6,NY,3559,0.003
M,2012,Yassine,6,NY,3559,0.003
M,2012,Yusef,6,NY,3559,0.003
M,2012,Yuvraj,6,NY,3559,0.003
M,2012,Yadier,5,NY,4040,0.003
M,2012,Yanni,5,NY,4040,0.003
M,2012,Yasir,5,NY,4040,0.003
M,2012,Yassir,5,NY,4040,0.003
M,2012,Yishay,5,NY,4040,0.003
M,2012,Yochanan,5,NY,4040,0.003
M,2012,Yoseph,5,NY,4040,0.003
M,2012,Yusif,5,NY,4040,0.003
M,2013,Yosef,170,NY,235,0.088
M,2013,Yisroel,110,NY,349,0.057
M,2013,Yehuda,107,NY,361,0.055
M,2013,Yitzchok,105,NY,369,0.054
M,2013,Yakov,86,NY,452,0.044
M,2013,Yaakov,74,NY,518,0.038
M,2013,Yusuf,60,NY,627,0.031
M,2013,Yechiel,40,NY,857,0.021
M,2013,Yahir,31,NY,1073,0.016
M,2013,Yehoshua,30,NY,1104,0.015
M,2013,Youssef,30,NY,1104,0.015
M,2013,Yoel,28,NY,1172,0.014
M,2013,Yadiel,26,NY,1237,0.013
M,2013,Yahya,22,NY,1402,0.011
M,2013,Yousef,22,NY,1402,0.011
M,2013,Yassin,21,NY,1450,0.011
M,2013,Yair,20,NY,1492,0.01
M,2013,Yossi,20,NY,1492,0.01
M,2013,Yisrael,16,NY,1766,0.008
M,2013,Yeshaya,15,NY,1839,0.008
M,2013,Yonah,15,NY,1839,0.008
M,2013,Yanky,14,NY,1943,0.007
M,2013,Yasin,14,NY,1943,0.007
M,2013,Yitzchak,14,NY,1943,0.007
M,2013,Yandel,13,NY,2052,0.007
M,2013,Yariel,13,NY,2052,0.007
M,2013,Yeshua,13,NY,2052,0.007
M,2013,Yonatan,13,NY,2052,0.007
M,2013,Yaseen,12,NY,2163,0.006
M,2013,Yechezkel,12,NY,2163,0.006
M,2013,Yael,10,NY,2439,0.005
M,2013,Yuvraj,10,NY,2439,0.005
M,2013,Yehudah,9,NY,2625,0.005
M,2013,Yona,9,NY,2625,0.005
M,2013,Yecheskel,8,NY,2844,0.004
M,2013,Yida,8,NY,2844,0.004
M,2013,Yishai,8,NY,2844,0.004
M,2013,Yusef,8,NY,2844,0.004
M,2013,Yasir,7,NY,3123,0.004
M,2013,Younis,7,NY,3123,0.004
M,2013,Yousif,7,NY,3123,0.004
M,2013,Yunus,7,NY,3123,0.004
M,2013,Yaniel,6,NY,3466,0.003
M,2013,Yerachmiel,6,NY,3466,0.003
M,2013,Yidel,6,NY,3466,0.003
M,2013,Yohan,6,NY,3466,0.003
M,2013,Yossef,6,NY,3466,0.003
M,2013,Yash,5,NY,3918,0.003
M,2013,Yasser,5,NY,3918,0.003
M,2013,Yassine,5,NY,3918,0.003
M,2013,Yazan,5,NY,3918,0.003
M,2013,Yuda,5,NY,3918,0.003
M,2013,Yunior,5,NY,3918,0.003
M,2014,Yosef,162,NY,245,0.083
M,2014,Yisroel,115,NY,344,0.059
M,2014,Yehuda,112,NY,352,0.057
M,2014,Yitzchok,94,NY,415,0.048
M,2014,Yakov,67,NY,576,0.034
M,2014,Yaakov,64,NY,602,0.033
M,2014,Yechiel,58,NY,649,0.03
M,2014,Yusuf,47,NY,764,0.024
M,2014,Youssef,34,NY,1011,0.017
M,2014,Yehoshua,30,NY,1134,0.015
M,2014,Yoel,30,NY,1134,0.015
M,2014,Yousef,29,NY,1157,0.015
M,2014,Yaseen,26,NY,1260,0.013
M,2014,Yadiel,24,NY,1341,0.012
M,2014,Yisrael,24,NY,1341,0.012
M,2014,Yair,21,NY,1471,0.011
M,2014,Yitzchak,21,NY,1471,0.011
M,2014,Yahya,20,NY,1524,0.01
M,2014,Yandel,20,NY,1524,0.01
M,2014,Yossi,19,NY,1589,0.01
M,2014,Yahir,18,NY,1660,0.009
M,2014,Yael,17,NY,1728,0.009
M,2014,Yonatan,17,NY,1728,0.009
M,2014,Yariel,14,NY,1970,0.007
M,2014,Yidel,14,NY,1970,0.007
M,2014,Yasin,13,NY,2094,0.007
M,2014,Yechezkel,12,NY,2213,0.006
M,2014,Yonah,11,NY,2345,0.006
M,2014,Yousuf,11,NY,2345,0.006
M,2014,Yassin,10,NY,2505,0.005
M,2014,Yehudah,10,NY,2505,0.005
M,2014,Yeshaya,10,NY,2505,0.005
M,2014,Yochanan,10,NY,2505,0.005
M,2014,Yuvraj,10,NY,2505,0.005
M,2014,Yasir,9,NY,2674,0.005
M,2014,Yona,9,NY,2674,0.005
M,2014,Yusef,9,NY,2674,0.005
M,2014,Yadier,8,NY,2890,0.004
M,2014,Yazan,8,NY,2890,0.004
M,2014,Yecheskel,8,NY,2890,0.004
M,2014,Yida,8,NY,2890,0.004
M,2014,Yonason,7,NY,3182,0.004
M,2014,Yousaf,7,NY,3182,0.004
M,2014,Yuri,7,NY,3182,0.004
M,2014,Yamir,6,NY,3517,0.003
M,2014,Yan,6,NY,3517,0.003
M,2014,Yaniel,6,NY,3517,0.003
M,2014,Yanky,6,NY,3517,0.003
M,2014,Yasser,6,NY,3517,0.003
M,2014,Yoseph,6,NY,3517,0.003
M,2014,Yuda,6,NY,3517,0.003
M,2014,Yunus,6,NY,3517,0.003
M,2014,Yousif,5,NY,4013,0.003
M,2015,Yosef,158,NY,256,0.081
M,2015,Yisroel,121,NY,323,0.062
M,2015,Yehuda,114,NY,342,0.059
M,2015,Yitzchok,107,NY,369,0.055
M,2015,Yakov,91,NY,431,0.047
M,2015,Yaakov,84,NY,470,0.043
M,2015,Yusuf,59,NY,643,0.03
M,2015,Yechiel,45,NY,783,0.023
M,2015,Yaseen,36,NY,961,0.019
M,2015,Yadiel,29,NY,1136,0.015
M,2015,Yousef,29,NY,1136,0.015
M,2015,Yehoshua,28,NY,1163,0.014
M,2015,Yoel,26,NY,1255,0.013
M,2015,Youssef,25,NY,1290,0.013
M,2015,Yahya,24,NY,1335,0.012
M,2015,Yariel,20,NY,1538,0.01
M,2015,Yahir,19,NY,1597,0.01
M,2015,Yossi,19,NY,1597,0.01
M,2015,Yisrael,17,NY,1716,0.009
M,2015,Yair,15,NY,1870,0.008
M,2015,Yandel,15,NY,1870,0.008
M,2015,Yida,15,NY,1870,0.008
M,2015,Yitzchak,14,NY,1963,0.007
M,2015,Yonatan,14,NY,1963,0.007
M,2015,Yonah,13,NY,2085,0.007
M,2015,Yasin,11,NY,2351,0.006
M,2015,Yidel,11,NY,2351,0.006
M,2015,Yusef,11,NY,2351,0.006
M,2015,Yassin,10,NY,2534,0.005
M,2015,Yechezkel,9,NY,2731,0.005
M,2015,Yehudah,9,NY,2731,0.005
M,2015,Yishai,9,NY,2731,0.005
M,2015,Yousuf,9,NY,2731,0.005
M,2015,Yecheskel,8,NY,2960,0.004
M,2015,Yadier,7,NY,3243,0.004
M,2015,Yaniel,7,NY,3243,0.004
M,2015,Yazan,7,NY,3243,0.004
M,2015,Yoseph,7,NY,3243,0.004
M,2015,Yunus,7,NY,3243,0.004
M,2015,Yael,6,NY,3580,0.003
M,2015,Yanis,6,NY,3580,0.003
M,2015,Yanky,6,NY,3580,0.003
M,2015,Yannick,6,NY,3580,0.003
M,2015,Yasir,6,NY,3580,0.003
M,2015,Yasser,6,NY,3580,0.003
M,2015,Yeshaya,6,NY,3580,0.003
M,2015,Yeshua,6,NY,3580,0.003
M,2015,Yochanan,6,NY,3580,0.003
M,2015,Yuvraj,6,NY,3580,0.003
M,2015,Yash,5,NY,4044,0.003
M,2015,Yerik,5,NY,4044,0.003
M,2015,Yiddy,5,NY,4044,0.003
M,2015,Yona,5,NY,4044,0.003
M,2015,Younis,5,NY,4044,0.003
M,2015,Yousif,5,NY,4044,0.003
M,2015,Yves,5,NY,4044,0.003
M,2016,Yosef,165,NY,228,0.087
M,2016,Yisroel,123,NY,319,0.065
M,2016,Yehuda,119,NY,331,0.063
M,2016,Yitzchok,104,NY,379,0.055
M,2016,Yakov,83,NY,463,0.044
M,2016,Yusuf,72,NY,539,0.038
M,2016,Yaakov,53,NY,701,0.028
M,2016,Yechiel,43,NY,832,0.023
M,2016,Yousef,42,NY,845,0.022
M,2016,Yehoshua,32,NY,1050,0.017
M,2016,Yoel,32,NY,1050,0.017
M,2016,Youssef,31,NY,1080,0.016
M,2016,Yahya,26,NY,1230,0.014
M,2016,Yitzchak,22,NY,1370,0.012
M,2016,Yadiel,20,NY,1473,0.011
M,2016,Yisrael,20,NY,1473,0.011
M,2016,Yaseen,19,NY,1539,0.01
M,2016,Yasin,18,NY,1611,0.009
M,2016,Yonatan,18,NY,1611,0.009
M,2016,Yoandri,13,NY,2090,0.007
M,2016,Yahir,12,NY,2199,0.006
M,2016,Yael,11,NY,2316,0.006
M,2016,Yair,11,NY,2316,0.006
M,2016,Yariel,11,NY,2316,0.006
M,2016,Yassin,11,NY,2316,0.006
M,2016,Yazan,11,NY,2316,0.006
M,2016,Yeshaya,11,NY,2316,0.006
M,2016,Yida,11,NY,2316,0.006
M,2016,Younis,11,NY,2316,0.006
M,2016,Yechezkel,10,NY,2481,0.005
M,2016,Yousuf,10,NY,2481,0.005
M,2016,Yunus,10,NY,2481,0.005
M,2016,Yuvraj,10,NY,2481,0.005
M,2016,Yandel,9,NY,2661,0.005
M,2016,Yonah,9,NY,2661,0.005
M,2016,Yanky,8,NY,2886,0.004
M,2016,Yeshua,8,NY,2886,0.004
M,2016,Yona,8,NY,2886,0.004
M,2016,Yash,7,NY,3158,0.004
M,2016,Yianni,7,NY,3158,0.004
M,2016,Yidel,7,NY,3158,0.004
M,2016,Yusef,7,NY,3158,0.004
M,2016,Yaniel,6,NY,3494,0.003
M,2016,Yassir,6,NY,3494,0.003
M,2016,Yehia,6,NY,3494,0.003
M,2016,Yerachmiel,6,NY,3494,0.003
M,2016,Yishai,6,NY,3494,0.003
M,2016,Yousif,6,NY,3494,0.003
M,2016,Yunis,6,NY,3494,0.003
M,2016,Yuri,6,NY,3494,0.003
M,2016,Yuvaan,6,NY,3494,0.003
M,2016,Yahia,5,NY,3986,0.003
M,2016,Yasir,5,NY,3986,0.003
M,2016,Yeison,5,NY,3986,0.003
M,2016,Yiddy,5,NY,3986,0.003
M,2016,Yusif,5,NY,3986,0.003
M,2017,Yosef,158,NY,237,0.085
M,2017,Yehuda,116,NY,337,0.063
M,2017,Yisroel,111,NY,348,0.06
M,2017,Yitzchok,109,NY,353,0.059
M,2017,Yakov,91,NY,424,0.049
M,2017,Yaakov,64,NY,596,0.035
M,2017,Yusuf,50,NY,724,0.027
M,2017,Yousef,36,NY,942,0.019
M,2017,Yahya,33,NY,1006,0.018
M,2017,Yechiel,32,NY,1036,0.017
M,2017,Yehoshua,32,NY,1036,0.017
M,2017,Yoel,30,NY,1098,0.016
M,2017,Yadiel,29,NY,1132,0.016
M,2017,Yisrael,28,NY,1162,0.015
M,2017,Yaseen,25,NY,1253,0.013
M,2017,Youssef,19,NY,1546,0.01
M,2017,Yair,16,NY,1762,0.009
M,2017,Yasin,16,NY,1762,0.009
M,2017,Yona,16,NY,1762,0.009
M,2017,Yasir,15,NY,1852,0.008
M,2017,Yahir,14,NY,1955,0.008
M,2017,Yariel,13,NY,2067,0.007
M,2017,Yassin,12,NY,2181,0.006
M,2017,Yeshaya,12,NY,2181,0.006
M,2017,Yida,12,NY,2181,0.006
M,2017,Yonatan,12,NY,2181,0.006
M,2017,Yandel,11,NY,2324,0.006
M,2017,Yonah,10,NY,2462,0.005
M,2017,Yunus,10,NY,2462,0.005
M,2017,Yitzchak,9,NY,2646,0.005
M,2017,Yahia,8,NY,2893,0.004
M,2017,Yehudah,8,NY,2893,0.004
M,2017,Younis,8,NY,2893,0.004
M,2017,Yusef,8,NY,2893,0.004
M,2017,Yeshua,7,NY,3148,0.004
M,2017,Yochanan,7,NY,3148,0.004
M,2017,Yunis,7,NY,3148,0.004
M,2017,Yves,7,NY,3148,0.004
M,2017,Yael,6,NY,3467,0.003
M,2017,Yaniel,6,NY,3467,0.003
M,2017,Yaqub,6,NY,3467,0.003
M,2017,Yasser,6,NY,3467,0.003
M,2017,Yassine,6,NY,3467,0.003
M,2017,Yazan,6,NY,3467,0.003
M,2017,Yishai,6,NY,3467,0.003
M,2017,Yitzy,6,NY,3467,0.003
M,2017,Yohan,6,NY,3467,0.003
M,2017,Yoseph,6,NY,3467,0.003
M,2017,Younes,6,NY,3467,0.003
M,2017,Yousif,6,NY,3467,0.003
M,2017,Yousuf,6,NY,3467,0.003
M,2017,Yuvaan,6,NY,3467,0.003
M,2017,Yuvan,6,NY,3467,0.003
M,2017,Yeriel,5,NY,3913,0.003
M,2017,Yuda,5,NY,3913,0.003
M,2018,Yosef,164,NY,224,0.09
M,2018,Yehuda,124,NY,305,0.068
M,2018,Yitzchok,116,NY,327,0.064
M,2018,Yisroel,109,NY,354,0.06
M,2018,Yakov,100,NY,386,0.055
M,2018,Yaakov,80,NY,477,0.044
M,2018,Yusuf,75,NY,510,0.041
M,2018,Yadiel,34,NY,975,0.019
M,2018,Yechiel,32,NY,1032,0.018
M,2018,Youssef,31,NY,1064,0.017
M,2018,Yousef,27,NY,1188,0.015
M,2018,Yoel,25,NY,1263,0.014
M,2018,Yossi,24,NY,1305,0.013
M,2018,Yehoshua,23,NY,1346,0.013
M,2018,Yahya,22,NY,1394,0.012
M,2018,Yitzchak,20,NY,1495,0.011
M,2018,Yaseen,18,NY,1601,0.01
M,2018,Yisrael,17,NY,1670,0.009
M,2018,Yair,16,NY,1738,0.009
M,2018,Yariel,15,NY,1828,0.008
M,2018,Yael,14,NY,1924,0.008
M,2018,Yonah,14,NY,1924,0.008
M,2018,Yanky,12,NY,2154,0.007
M,2018,Yasir,12,NY,2154,0.007
M,2018,Yazan,12,NY,2154,0.007
M,2018,Yousuf,12,NY,2154,0.007
M,2018,Yunus,12,NY,2154,0.007
M,2018,Yahir,11,NY,2291,0.006
M,2018,Yusef,11,NY,2291,0.006
M,2018,Yanis,10,NY,2462,0.005
M,2018,Yasin,10,NY,2462,0.005
M,2018,Yona,10,NY,2462,0.005
M,2018,Yishai,9,NY,2650,0.005
M,2018,Yassin,8,NY,2891,0.004
M,2018,Yehudah,8,NY,2891,0.004
M,2018,Younis,8,NY,2891,0.004
M,2018,Yuvraj,8,NY,2891,0.004
M,2018,Yandel,7,NY,3157,0.004
M,2018,Yonatan,7,NY,3157,0.004
M,2018,Yuri,7,NY,3157,0.004
M,2018,Yan,6,NY,3499,0.003
M,2018,Yanuel,6,NY,3499,0.003
M,2018,Yassen,6,NY,3499,0.003
M,2018,Yerik,6,NY,3499,0.003
M,2018,Yousif,6,NY,3499,0.003
M,2018,Youssouf,6,NY,3499,0.003
M,2018,Yeshua,5,NY,3939,0.003
M,2018,Yohan,5,NY,3939,0.003
M,2018,Yoseph,5,NY,3939,0.003
M,2018,Younes,5,NY,3939,0.003
M,2018,Yunis,5,NY,3939,0.003
M,2019,Yosef,174,NY,208,0.098
M,2019,Yehuda,140,NY,263,0.078
M,2019,Yisroel,131,NY,280,0.073
M,2019,Yitzchok,120,NY,315,0.067
M,2019,Yusuf,86,NY,436,0.048
M,2019,Yakov,83,NY,457,0.047
M,2019,Yaakov,58,NY,631,0.033
M,2019,Yechiel,52,NY,685,0.029
M,2019,Yoel,42,NY,838,0.024
M,2019,Yehoshua,38,NY,903,0.021
M,2019,Yousef,30,NY,1093,0.017
M,2019,Yisrael,27,NY,1183,0.015
M,2019,Youssef,25,NY,1263,0.014
M,2019,Yadiel,23,NY,1339,0.013
M,2019,Yasin,22,NY,1387,0.012
M,2019,Yahya,21,NY,1433,0.012
M,2019,Yitzchak,19,NY,1536,0.011
M,2019,Yossi,19,NY,1536,0.011
M,2019,Yaseen,17,NY,1668,0.01
M,2019,Yonah,17,NY,1668,0.01
M,2019,Yasir,16,NY,1745,0.009
M,2019,Yariel,15,NY,1837,0.008
M,2019,Yonatan,15,NY,1837,0.008
M,2019,Yahir,14,NY,1941,0.008
M,2019,Younis,13,NY,2038,0.007
M,2019,Yeshaya,12,NY,2166,0.007
M,2019,Yael,11,NY,2308,0.006
M,2019,Yechezkel,11,NY,2308,0.006
M,2019,Yousuf,11,NY,2308,0.006
M,2019,Yair,10,NY,2470,0.006
M,2019,Yunus,10,NY,2470,0.006
M,2019,Yanis,9,NY,2672,0.005
M,2019,Yanky,9,NY,2672,0.005
M,2019,Yasser,9,NY,2672,0.005
M,2019,Yassin,9,NY,2672,0.005
M,2019,Yerik,9,NY,2672,0.005
M,2019,Yona,9,NY,2672,0.005
M,2019,Yaqub,8,NY,2889,0.004
M,2019,Yehudah,8,NY,2889,0.004
M,2019,Yaman,7,NY,3136,0.004
M,2019,Yazan,7,NY,3136,0.004
M,2019,Younes,7,NY,3136,0.004
M,2019,Yunis,7,NY,3136,0.004
M,2019,Yusef,7,NY,3136,0.004
M,2019,Yehia,6,NY,3464,0.003
M,2019,Yishai,6,NY,3464,0.003
M,2019,Yochanan,6,NY,3464,0.003
M,2019,Yahia,5,NY,3876,0.003
M,2019,Yandel,5,NY,3876,0.003
M,2019,Yaniel,5,NY,3876,0.003
M,2019,Yanuel,5,NY,3876,0.003
M,2019,Yazen,5,NY,3876,0.003
M,2019,Yerachmiel,5,NY,3876,0.003
M,2019,Yeshua,5,NY,3876,0.003
M,2019,Yiddy,5,NY,3876,0.003
M,2019,Yousif,5,NY,3876,0.003
M,2019,Yusha,5,NY,3876,0.003
M,2019,Yuvraj,5,NY,3876,0.003
M,2020,Yosef,178,NY,190,0.106
M,2020,Yitzchok,123,NY,288,0.074
M,2020,Yehuda,122,NY,291,0.073
M,2020,Yisroel,103,NY,352,0.062
M,2020,Yakov,91,NY,401,0.054
M,2020,Yaakov,71,NY,507,0.042
M,2020,Yusuf,70,NY,518,0.042
M,2020,Yoel,37,NY,896,0.022
M,2020,Yechiel,34,NY,952,0.02
M,2020,Yehoshua,26,NY,1179,0.016
M,2020,Yousef,26,NY,1179,0.016
M,2020,Yasin,25,NY,1222,0.015
M,2020,Yahya,21,NY,1384,0.013
M,2020,Yitzchak,21,NY,1384,0.013
M,2020,Yadiel,19,NY,1487,0.011
M,2020,Yaseen,19,NY,1487,0.011
M,2020,Yisrael,19,NY,1487,0.011
M,2020,Yechezkel,18,NY,1546,0.011
M,2020,Youssef,18,NY,1546,0.011
M,2020,Yousuf,15,NY,1787,0.009
M,2020,Yasir,14,NY,1885,0.008
M,2020,Yahir,13,NY,1994,0.008
M,2020,Yazan,13,NY,1994,0.008
M,2020,Yehudah,11,NY,2261,0.007
M,2020,Yerik,11,NY,2261,0.007
M,2020,Yona,11,NY,2261,0.007
M,2020,Yunus,11,NY,2261,0.007
M,2020,Yair,10,NY,2427,0.006
M,2020,Yeshaya,10,NY,2427,0.006
M,2020,Yishai,10,NY,2427,0.006
M,2020,Younis,10,NY,2427,0.006
M,2020,Yael,9,NY,2607,0.005
M,2020,Yariel,9,NY,2607,0.005
M,2020,Yousif,9,NY,2607,0.005
M,2020,Yochanan,8,NY,2794,0.005
M,2020,Yohan,8,NY,2794,0.005
M,2020,Yonah,8,NY,2794,0.005
M,2020,Yonatan,8,NY,2794,0.005
M,2020,Yidel,7,NY,3048,0.004
M,2020,Yusef,7,NY,3048,0.004
M,2020,Yamil,6,NY,3351,0.004
M,2020,Yandel,6,NY,3351,0.004
M,2020,Yassin,6,NY,3351,0.004
M,2020,Yeison,6,NY,3351,0.004
M,2020,Yeshua,6,NY,3351,0.004
M,2020,Yuri,6,NY,3351,0.004
M,2020,Yamir,5,NY,3737,0.003
M,2020,Yasser,5,NY,3737,0.003
M,2020,Yedidya,5,NY,3737,0.003
M,2020,Yiannis,5,NY,3737,0.003
M,2020,Yidi,5,NY,3737,0.003
M,2020,Yonason,5,NY,3737,0.003
M,2020,Yu,5,NY,3737,0.003
M,2021,Yosef,194,NY,175,0.114
M,2021,Yisroel,123,NY,289,0.072
M,2021,Yitzchok,117,NY,308,0.069
M,2021,Yehuda,116,NY,310,0.068
M,2021,Yusuf,91,NY,398,0.053
M,2021,Yakov,84,NY,434,0.049
M,2021,Yaakov,81,NY,449,0.048
M,2021,Yechiel,39,NY,879,0.023
M,2021,Yousef,36,NY,924,0.021
M,2021,Yoel,35,NY,945,0.021
M,2021,Yehoshua,29,NY,1116,0.017
M,2021,Yossi,29,NY,1116,0.017
M,2021,Yahya,26,NY,1210,0.015
M,2021,Yadiel,24,NY,1290,0.014
M,2021,Youssef,24,NY,1290,0.014
M,2021,Yaseen,20,NY,1490,0.012
M,2021,Yida,20,NY,1490,0.012
M,2021,Yahir,18,NY,1607,0.011
M,2021,Yisrael,18,NY,1607,0.011
M,2021,Yasin,17,NY,1672,0.01
M,2021,Yecheskel,17,NY,1672,0.01
M,2021,Yazan,16,NY,1736,0.009
M,2021,Yitzchak,15,NY,1819,0.009
M,2021,Yeshaya,13,NY,2022,0.008
M,2021,Yona,13,NY,2022,0.008
M,2021,Yael,12,NY,2128,0.007
M,2021,Yasir,12,NY,2128,0.007
M,2021,Yidel,12,NY,2128,0.007
M,2021,Yair,11,NY,2272,0.006
M,2021,Yariel,11,NY,2272,0.006
M,2021,Yonah,11,NY,2272,0.006
M,2021,Yousuf,11,NY,2272,0.006
M,2021,Yunus,11,NY,2272,0.006
M,2021,Younis,10,NY,2446,0.006
M,2021,Yehudah,9,NY,2653,0.005
M,2021,Yerik,9,NY,2653,0.005
M,2021,Yandel,8,NY,2859,0.005
M,2021,Yeshua,8,NY,2859,0.005
M,2021,Yaqub,7,NY,3115,0.004
M,2021,Yechezkel,7,NY,3115,0.004
M,2021,Yishai,7,NY,3115,0.004
M,2021,Yonatan,7,NY,3115,0.004
M,2021,Younes,7,NY,3115,0.004
M,2021,Yanis,6,NY,3466,0.004
M,2021,Yannis,6,NY,3466,0.004
M,2021,Yohan,6,NY,3466,0.004
M,2021,Yahia,5,NY,3890,0.003
M,2021,Yaniel,5,NY,3890,0.003
M,2021,Yuri,5,NY,3890,0.003
M,2021,Yusef,5,NY,3890,0.003
M,2021,Yusif,5,NY,3890,0.003
M,2022,Yosef,170,NY,197,0.102
M,2022,Yehuda,134,NY,253,0.08
M,2022,Yitzchok,133,NY,259,0.08
M,2022,Yisroel,131,NY,263,0.078
M,2022,Yakov,109,NY,329,0.065
M,2022,Yusuf,79,NY,457,0.047
M,2022,Yaakov,65,NY,547,0.039
M,2022,Yechiel,48,NY,730,0.029
M,2022,Yitzchak,38,NY,878,0.023
M,2022,Yossi,37,NY,904,0.022
M,2022,Yoel,31,NY,1058,0.019
M,2022,Yousef,30,NY,1092,0.018
M,2022,Yadiel,27,NY,1186,0.016
M,2022,Yahya,26,NY,1219,0.016
M,2022,Yehoshua,26,NY,1219,0.016
M,2022,Yisrael,26,NY,1219,0.016
M,2022,Yaseen,25,NY,1259,0.015
M,2022,Yazan,24,NY,1292,0.014
M,2022,Yida,23,NY,1325,0.014
M,2022,Yair,18,NY,1595,0.011
M,2022,Yonah,16,NY,1754,0.01
M,2022,Yona,14,NY,1913,0.008
M,2022,Yahir,13,NY,2027,0.008
M,2022,Youssef,13,NY,2027,0.008
M,2022,Yousuf,13,NY,2027,0.008
M,2022,Yael,12,NY,2159,0.007
M,2022,Yasin,12,NY,2159,0.007
M,2022,Yasir,12,NY,2159,0.007
M,2022,Yishai,12,NY,2159,0.007
M,2022,Younis,12,NY,2159,0.007
M,2022,Yeshaya,11,NY,2294,0.007
M,2022,Yonatan,11,NY,2294,0.007
M,2022,Yehudah,10,NY,2448,0.006
M,2022,Yunus,10,NY,2448,0.006
M,2022,Yoseph,9,NY,2625,0.005
M,2022,Yanis,8,NY,2840,0.005
M,2022,Yariel,8,NY,2840,0.005
M,2022,Yash,8,NY,2840,0.005
M,2022,Yerik,8,NY,2840,0.005
M,2022,Yahia,7,NY,3115,0.004
M,2022,Yassin,7,NY,3115,0.004
M,2022,Yecheskel,7,NY,3115,0.004
M,2022,Yeshua,7,NY,3115,0.004
M,2022,Yohan,7,NY,3115,0.004
M,2022,Youssouf,7,NY,3115,0.004
M,2022,Yuvraj,7,NY,3115,0.004
M,2022,Yasiel,6,NY,3455,0.004
M,2022,Yaniel,5,NY,3912,0.003
M,2022,Yianni,5,NY,3912,0.003
M,2022,Younes,5,NY,3912,0.003
M,2022,Yulian,5,NY,3912,0.003
M,2022,Yusef,5,NY,3912,0.003
M,2023,Yosef,188,NY,156,0.115
M,2023,Yehuda,146,NY,225,0.089
M,2023,Yitzchok,122,NY,278,0.075
M,2023,Yisroel,112,NY,309,0.069
M,2023,Yusuf,108,NY,329,0.066
M,2023,Yakov,98,NY,372,0.06
M,2023,Yaakov,82,NY,442,0.05
M,2023,Yechiel,41,NY,830,0.025
M,2023,Yoel,39,NY,862,0.024
M,2023,Yossi,38,NY,882,0.023
M,2023,Yaseen,29,NY,1112,0.018
M,2023,Yahya,28,NY,1152,0.017
M,2023,Yazan,28,NY,1152,0.017
M,2023,Yitzchak,22,NY,1371,0.013
M,2023,Yeshua,21,NY,1422,0.013
M,2023,Yonah,21,NY,1422,0.013
M,2023,Yunus,21,NY,1422,0.013
M,2023,Yida,20,NY,1485,0.012
M,2023,Yisrael,19,NY,1554,0.012
M,2023,Yasin,18,NY,1625,0.011
M,2023,Yadiel,17,NY,1685,0.01
M,2023,Yousef,17,NY,1685,0.01
M,2023,Yousuf,17,NY,1685,0.01
M,2023,Yael,16,NY,1772,0.01
M,2023,Yehoshua,16,NY,1772,0.01
M,2023,Yonatan,15,NY,1838,0.009
M,2023,Yishai,14,NY,1931,0.009
M,2023,Yahir,13,NY,2036,0.008
M,2023,Yehudah,13,NY,2036,0.008
M,2023,Youssef,13,NY,2036,0.008
M,2023,Yeshaya,12,NY,2156,0.007
M,2023,Yiddy,12,NY,2156,0.007
M,2023,Yandel,11,NY,2278,0.007
M,2023,Yasir,10,NY,2446,0.006
M,2023,Yassin,10,NY,2446,0.006
M,2023,Yona,10,NY,2446,0.006
M,2023,Yuri,10,NY,2446,0.006
M,2023,Yariel,9,NY,2615,0.006
M,2023,Yerachmiel,9,NY,2615,0.006
M,2023,Yohan,9,NY,2615,0.006
M,2023,Younis,9,NY,2615,0.006
M,2023,Yasser,8,NY,2825,0.005
M,2023,Younes,8,NY,2825,0.005
M,2023,Yechezkel,7,NY,3068,0.004
M,2023,Yeiden,7,NY,3068,0.004
M,2023,Yerik,7,NY,3068,0.004
M,2023,Yochanan,7,NY,3068,0.004
M,2023,Yusef,7,NY,3068,0.004
M,2023,Yair,5,NY,3848,0.003
M,2023,Yamari,5,NY,3848,0.003
M,2023,Yanuel,5,NY,3848,0.003
M,2023,Yeison,5,NY,3848,0.003
M,2023,Yeriel,5,NY,3848,0.003
M,2023,Yonathan,5,NY,3848,0.003
M,2023,Yousif,5,NY,3848,0.003
M,2023,Youssouf,5,NY,3848,0.003
M,2023,Yuda,5,NY,3848,0.003
M,2023,Yunis,5,NY,3848,0.003
M,2024,Yosef,205,NY,144,0.125
M,2024,Yitzchok,160,NY,195,0.097
M,2024,Yisroel,136,NY,239,0.083
M,2024,Yehuda,135,NY,244,0.082
M,2024,Yakov,130,NY,260,0.079
M,2024,Yusuf,111,NY,315,0.068
M,2024,Yaakov,81,NY,440,0.049
M,2024,Yechiel,48,NY,719,0.029
M,2024,Yahya,40,NY,850,0.024
M,2024,Yazan,36,NY,939,0.022
M,2024,Yossi,34,NY,982,0.021
M,2024,Yousef,29,NY,1111,0.018
M,2024,Yoel,27,NY,1173,0.016
M,2024,Yisrael,26,NY,1212,0.016
M,2024,Yitzchak,23,NY,1336,0.014
M,2024,Yael,22,NY,1377,0.013
M,2024,Yaseen,22,NY,1377,0.013
M,2024,Yadiel,21,NY,1442,0.013
M,2024,Yusef,21,NY,1442,0.013
M,2024,Yehoshua,20,NY,1514,0.012
M,2024,Yida,20,NY,1514,0.012
M,2024,Yunus,20,NY,1514,0.012
M,2024,Yasir,17,NY,1712,0.01
M,2024,Yonah,17,NY,1712,0.01
M,2024,Yeshua,15,NY,1883,0.009
M,2024,Yahir,14,NY,1979,0.009
M,2024,Yasin,14,NY,1979,0.009
M,2024,Yona,14,NY,1979,0.009
M,2024,Younes,14,NY,1979,0.009
M,2024,Yonatan,13,NY,2081,0.008
M,2024,Younis,12,NY,2205,0.007
M,2024,Yousuf,12,NY,2205,0.007
M,2024,Yariel,10,NY,2477,0.006
M,2024,Yeshaya,10,NY,2477,0.006
M,2024,Yair,9,NY,2643,0.005
M,2024,Yaqub,9,NY,2643,0.005
M,2024,Yassin,9,NY,2643,0.005
M,2024,Yohan,9,NY,2643,0.005
M,2024,Youssef,9,NY,2643,0.005
M,2024,Yareth,7,NY,3117,0.004
M,2024,Yasiel,7,NY,3117,0.004
M,2024,Yunis,7,NY,3117,0.004
M,2024,Yahia,6,NY,3457,0.004
M,2024,Yazid,6,NY,3457,0.004
M,2024,Yidel,6,NY,3457,0.004
M,2024,Yishai,6,NY,3457,0.004
M,2024,Yuda,6,NY,3457,0.004
M,2024,Yaman,5,NY,3883,0.003
M,2024,Yanis,5,NY,3883,0.003
M,2024,Yehudah,5,NY,3883,0.003
M,2024,Yoseph,5,NY,3883,0.003
M,2024,Yuri,5,NY,3883,0.003
M,2024,Yuvraj,5,NY,3883,0.003
F,1935,Yvonne,7,DE,105,0.244
F,1936,Yvonne,5,DE,132,0.183
F,1937,Yvonne,9,DE,87,0.291
F,1938,Yvonne,7,DE,115,0.22
F,1939,Yvonne,10,DE,82,0.313
F,1940,Yvonne,5,DE,146,0.146
F,1942,Yvonne,6,DE,164,0.137
F,1946,Yvonne,6,DE,188,0.107
F,1947,Yvonne,8,DE,167,0.124
F,1948,Yvonne,9,DE,153,0.152
F,1949,Yvonne,9,DE,147,0.146
F,1950,Yvonne,12,DE,124,0.188
F,1951,Yvonne,7,DE,203,0.103
F,1952,Yvonne,13,DE,133,0.178
F,1953,Yvonne,8,DE,202,0.104
F,1954,Yvonne,10,DE,176,0.122
F,1955,Yvonne,15,DE,140,0.168
F,1956,Yvonne,13,DE,163,0.138
F,1956,Yolanda,5,DE,309,0.053
F,1957,Yvonne,14,DE,150,0.139
F,1958,Yvonne,6,DE,287,0.061
F,1959,Yvonne,9,DE,236,0.092
F,1960,Yvonne,11,DE,205,0.114
F,1961,Yvonne,9,DE,236,0.092
F,1961,Yvette,6,DE,308,0.061
F,1961,Yolanda,5,DE,339,0.051
F,1962,Yvonne,7,DE,268,0.075
F,1963,Yvette,10,DE,210,0.106
F,1963,Yvonne,9,DE,224,0.095
F,1964,Yvette,10,DE,206,0.108
F,1964,Yvonne,5,DE,327,0.054
F,1965,Yvonne,10,DE,196,0.117
F,1965,Yvette,7,DE,252,0.082
F,1965,Yolanda,5,DE,317,0.059
F,1966,Yvonne,8,DE,215,0.099
F,1967,Yvonne,11,DE,163,0.14
F,1968,Yvette,11,DE,152,0.141
F,1968,Yvonne,10,DE,162,0.128
F,1968,Yolanda,6,DE,261,0.077
F,1969,Yvonne,13,DE,136,0.162
F,1969,Yvette,6,DE,268,0.075
F,1969,Yolanda,5,DE,312,0.062
F,1970,Yolanda,9,DE,197,0.109
F,1970,Yvonne,5,DE,308,0.061
F,1971,Yolanda,9,DE,187,0.117
F,1972,Yolanda,8,DE,192,0.119
F,1972,Yvonne,5,DE,285,0.074
F,1973,Yvette,5,DE,249,0.082
F,1975,Yvonne,6,DE,222,0.1
F,1977,Yolanda,7,DE,198,0.113
F,1978,Yvonne,5,DE,270,0.079
F,1979,Yolanda,5,DE,270,0.077
F,1980,Yvonne,5,DE,278,0.073
F,2004,Yasmin,6,DE,320,0.083
F,2005,Yasmin,9,DE,219,0.126
F,2006,Yasmin,5,DE,378,0.07
F,2012,Yaretzi,6,DE,323,0.097
M,2006,Yahir,8,DE,257,0.113
M,2019,Yasir,5,DE,372,0.089
F,1916,Yvonne,5,WV,634,0.019
F,1919,Yvonne,6,WV,622,0.02
F,1920,Yolanda,6,WV,646,0.018
F,1921,Yvonne,10,WV,498,0.027
F,1922,Yvonne,12,WV,444,0.033
F,1922,Yolanda,5,WV,738,0.014
F,1923,Yvonne,11,WV,505,0.029
F,1924,Yvonne,7,WV,646,0.017
F,1924,Yolanda,6,WV,699,0.015
F,1925,Yvonne,13,WV,434,0.034
F,1925,Yolanda,6,WV,683,0.016
F,1926,Yvonne,17,WV,361,0.045
F,1927,Yvonne,8,WV,580,0.021
F,1928,Yvonne,14,WV,412,0.037
F,1928,Yolanda,6,WV,652,0.016
F,1929,Yvonne,15,WV,379,0.043
F,1929,Yolanda,6,WV,643,0.017
F,1930,Yvonne,18,WV,339,0.051
F,1931,Yvonne,11,WV,439,0.033
F,1932,Yvonne,14,WV,395,0.041
F,1933,Yvonne,17,WV,335,0.053
F,1934,Yvonne,18,WV,347,0.05
F,1935,Yvonne,33,WV,222,0.091
F,1936,Yvonne,74,WV,103,0.204
F,1937,Yvonne,53,WV,151,0.141
F,1938,Yvonne,44,WV,187,0.115
F,1939,Yvonne,54,WV,147,0.143
F,1940,Yvonne,36,WV,214,0.094
F,1941,Yvonne,38,WV,201,0.096
F,1942,Yvonne,25,WV,280,0.06
F,1943,Yvonne,23,WV,294,0.058
F,1944,Yvonne,20,WV,295,0.054
F,1945,Yvonne,19,WV,308,0.053
F,1946,Yvonne,22,WV,311,0.049
F,1947,Yvonne,32,WV,270,0.062
F,1948,Yvonne,30,WV,271,0.061
F,1949,Yvonne,39,WV,216,0.08
F,1950,Yvonne,37,WV,220,0.078
F,1950,Yolanda,7,WV,611,0.015
F,1950,Yvette,5,WV,738,0.011
F,1951,Yvonne,38,WV,214,0.08
F,1952,Yvonne,32,WV,234,0.07
F,1952,Yolanda,6,WV,669,0.013
F,1953,Yvonne,41,WV,203,0.095
F,1953,Yolanda,5,WV,721,0.012
F,1954,Yvonne,30,WV,240,0.069
F,1954,Yolanda,6,WV,650,0.014
F,1955,Yvonne,34,WV,219,0.082
F,1955,Yolanda,5,WV,700,0.012
F,1956,Yvonne,19,WV,321,0.046
F,1956,Yolanda,6,WV,656,0.014
F,1956,Yvette,6,WV,656,0.014
F,1957,Yvonne,31,WV,246,0.075
F,1957,Yolanda,6,WV,655,0.015
F,1958,Yvonne,25,WV,278,0.061
F,1958,Yolanda,5,WV,737,0.012
F,1959,Yvonne,24,WV,287,0.062
F,1959,Yolanda,6,WV,627,0.016
F,1960,Yvonne,22,WV,294,0.061
F,1960,Yolanda,6,WV,618,0.017
F,1960,Yvette,6,WV,618,0.017
F,1961,Yvonne,17,WV,335,0.048
F,1962,Yvonne,19,WV,308,0.056
F,1963,Yvonne,20,WV,289,0.062
F,1963,Yolanda,5,WV,657,0.016
F,1964,Yvonne,21,WV,286,0.065
F,1964,Yvette,11,WV,419,0.034
F,1965,Yvonne,17,WV,302,0.059
F,1965,Yvette,10,WV,417,0.035
F,1965,Yolanda,8,WV,476,0.028
F,1966,Yvonne,14,WV,319,0.052
F,1966,Yvette,7,WV,489,0.026
F,1967,Yvonne,12,WV,342,0.046
F,1967,Yvette,7,WV,468,0.027
F,1968,Yvonne,13,WV,338,0.05
F,1968,Yvette,5,WV,581,0.019
F,1969,Yvonne,9,WV,418,0.035
F,1969,Yvette,6,WV,510,0.024
F,1970,Yvonne,15,WV,318,0.056
F,1970,Yolanda,7,WV,497,0.026
F,1970,Yvette,6,WV,544,0.022
F,1971,Yvonne,9,WV,432,0.033
F,1971,Yolanda,8,WV,466,0.029
F,1972,Yvonne,11,WV,369,0.042
F,1973,Yvonne,13,WV,324,0.053
F,1973,Yolanda,11,WV,366,0.045
F,1974,Yolanda,6,WV,509,0.025
F,1974,Yvonne,5,WV,554,0.021
F,1975,Yolanda,8,WV,436,0.033
F,1976,Yvonne,5,WV,572,0.02
F,1977,Yolanda,6,WV,531,0.023
F,1978,Yvonne,9,WV,409,0.035
F,1979,Yvonne,6,WV,524,0.023
F,1980,Yvonne,5,WV,562,0.019
F,1981,Yvonne,6,WV,503,0.025
F,1982,Yvonne,5,WV,537,0.021
F,1931,Yvonne,5,WY,169,0.164
F,1938,Yvonne,6,WY,156,0.177
F,1940,Yvonne,6,WY,162,0.171
F,1950,Yvonne,6,WY,211,0.107
F,1951,Yvonne,9,WY,162,0.147
F,1952,Yvonne,10,WY,156,0.157
F,1953,Yvonne,8,WY,203,0.118
F,1959,Yvonne,5,WY,293,0.082
F,1960,Yvonne,7,WY,244,0.111
F,1961,Yvonne,12,WY,152,0.187
F,1962,Yvonne,6,WY,250,0.103
F,1964,Yolanda,5,WY,277,0.097
F,1965,Yvonne,5,WY,248,0.109
F,1967,Yvonne,5,WY,216,0.135
F,1969,Yvette,5,WY,228,0.126
F,1970,Yvonne,6,WY,217,0.134
F,1971,Yvette,5,WY,226,0.123
F,1974,Yvonne,5,WY,219,0.118
F,1980,Yolanda,5,WY,300,0.07
F,1982,Yolanda,6,WY,264,0.081
F,1935,Yvonne,5,NV,54,0.724
F,1948,Yvonne,8,NV,86,0.328
F,1950,Yvonne,5,NV,140,0.2
F,1951,Yvonne,6,NV,133,0.214
F,1953,Yvonne,7,NV,129,0.198
F,1955,Yvonne,8,NV,138,0.185
F,1956,Yvonne,11,NV,114,0.231
F,1957,Yvonne,7,NV,177,0.146
F,1958,Yvonne,6,NV,226,0.125
F,1959,Yvonne,9,NV,152,0.184
F,1961,Yvonne,7,NV,223,0.12
F,1962,Yvonne,7,NV,234,0.115
F,1963,Yvonne,18,NV,100,0.268
F,1963,Yvette,6,NV,263,0.089
F,1964,Yvette,9,NV,213,0.127
F,1964,Yolanda,7,NV,256,0.098
F,1964,Yvonne,6,NV,289,0.084
F,1965,Yvonne,18,NV,100,0.266
F,1965,Yvette,5,NV,311,0.074
F,1966,Yvonne,9,NV,185,0.144
F,1966,Yvette,6,NV,248,0.096
F,1967,Yvette,8,NV,200,0.132
F,1967,Yvonne,6,NV,242,0.099
F,1968,Yolanda,9,NV,175,0.151
F,1968,Yvonne,9,NV,175,0.151
F,1968,Yvette,5,NV,290,0.084
F,1969,Yvonne,6,NV,259,0.095
F,1969,Yolanda,5,NV,300,0.079
F,1970,Yvonne,11,NV,168,0.163
F,1970,Yolanda,9,NV,201,0.133
F,1971,Yvonne,10,NV,179,0.149
F,1972,Yolanda,7,NV,211,0.114
F,1973,Yvonne,7,NV,211,0.12
F,1973,Yolanda,6,NV,233,0.103
F,1974,Yolanda,6,NV,233,0.102
F,1975,Yolanda,10,NV,151,0.167
F,1975,Yvonne,6,NV,235,0.1
F,1976,Yolanda,6,NV,246,0.092
F,1978,Yolanda,5,NV,315,0.067
F,1979,Yolanda,5,NV,345,0.058
F,1980,Yolanda,8,NV,248,0.085
F,1981,Yolanda,7,NV,296,0.07
F,1983,Yvonne,5,NV,375,0.049
F,1984,Yvonne,6,NV,334,0.056
F,1985,Yolanda,6,NV,340,0.055
F,1986,Yesenia,5,NV,395,0.044
F,1987,Yesenia,10,NV,236,0.083
F,1988,Yesenia,5,NV,442,0.039
F,1989,Yesenia,7,NV,370,0.05
F,1989,Yvonne,6,NV,425,0.042
F,1989,Yvette,5,NV,490,0.035
F,1990,Yesenia,9,NV,346,0.058
F,1991,Yvonne,8,NV,406,0.049
F,1991,Yesenia,6,NV,507,0.037
F,1991,Yesica,6,NV,507,0.037
F,1991,Yvette,5,NV,573,0.031
F,1992,Yesenia,14,NV,275,0.086
F,1993,Yesenia,21,NV,198,0.13
F,1994,Yesenia,28,NV,161,0.162
F,1994,Yvonne,7,NV,497,0.04
F,1994,Yessica,6,NV,549,0.035
F,1994,Yolanda,6,NV,549,0.035
F,1994,Yasmin,5,NV,634,0.029
F,1995,Yesenia,21,NV,219,0.117
F,1995,Yessenia,7,NV,533,0.039
F,1995,Yadira,5,NV,676,0.028
F,1995,Yasmine,5,NV,676,0.028
F,1996,Yesenia,11,NV,382,0.059
F,1996,Yadira,7,NV,545,0.037
F,1996,Yessenia,7,NV,545,0.037
F,1996,Yolanda,7,NV,545,0.037
F,1996,Yasmine,6,NV,601,0.032
F,1996,Yazmin,6,NV,601,0.032
F,1996,Yvette,6,NV,601,0.032
F,1996,Yvonne,6,NV,601,0.032
F,1997,Yesenia,14,NV,323,0.073
F,1997,Yadira,7,NV,566,0.036
F,1997,Yasmin,6,NV,639,0.031
F,1997,Yessenia,6,NV,639,0.031
F,1997,Yajaira,5,NV,723,0.026
F,1998,Yesenia,22,NV,243,0.108
F,1998,Yasmin,11,NV,442,0.054
F,1998,Yasmine,9,NV,512,0.044
F,1998,Yessenia,7,NV,602,0.034
F,1998,Yajaira,5,NV,774,0.024
F,1998,Yessica,5,NV,774,0.024
F,1998,Yolanda,5,NV,774,0.024
F,1999,Yesenia,29,NV,180,0.138
F,1999,Yessenia,9,NV,533,0.043
F,1999,Yasmin,7,NV,640,0.033
F,1999,Yadira,5,NV,806,0.024
F,1999,Yasmine,5,NV,806,0.024
F,1999,Yuliana,5,NV,806,0.024
F,2000,Yesenia,21,NV,267,0.096
F,2000,Yasmin,8,NV,588,0.037
F,2000,Yadira,7,NV,646,0.032
F,2000,Yamilet,6,NV,719,0.027
F,2000,Yoselin,6,NV,719,0.027
F,2000,Yvette,6,NV,719,0.027
F,2000,Yamileth,5,NV,815,0.023
F,2000,Yolanda,5,NV,815,0.023
F,2001,Yesenia,29,NV,199,0.13
F,2001,Yasmin,11,NV,474,0.049
F,2001,Yamilet,8,NV,595,0.036
F,2001,Yadira,6,NV,743,0.027
F,2001,Yahaira,6,NV,743,0.027
F,2001,Yazmin,6,NV,743,0.027
F,2001,Yasmine,5,NV,839,0.022
F,2002,Yesenia,15,NV,369,0.065
F,2002,Yasmin,9,NV,565,0.039
F,2002,Yoselin,9,NV,565,0.039
F,2002,Yahaira,8,NV,614,0.035
F,2002,Yessica,8,NV,614,0.035
F,2002,Yadira,7,NV,677,0.03
F,2002,Yessenia,7,NV,677,0.03
F,2002,Yuliana,7,NV,677,0.03
F,2002,Yasmine,6,NV,766,0.026
F,2002,Yazmin,6,NV,766,0.026
F,2002,Yareli,5,NV,881,0.022
F,2002,Yulissa,5,NV,881,0.022
F,2003,Yesenia,20,NV,293,0.085
F,2003,Yasmin,11,NV,494,0.047
F,2003,Yazmin,9,NV,580,0.038
F,2003,Yessica,8,NV,624,0.034
F,2003,Yoselin,7,NV,686,0.03
F,2003,Yarely,6,NV,772,0.025
F,2003,Yvette,6,NV,772,0.025
F,2003,Yadira,5,NV,885,0.021
F,2003,Yahaira,5,NV,885,0.021
F,2003,Yamileth,5,NV,885,0.021
F,2003,Yaneli,5,NV,885,0.021
F,2003,Yareli,5,NV,885,0.021
F,2003,Yaritza,5,NV,885,0.021
F,2004,Yesenia,14,NV,425,0.057
F,2004,Yasmin,10,NV,571,0.041
F,2004,Yoselin,9,NV,624,0.037
F,2004,Yadira,7,NV,738,0.028
F,2004,Yareli,7,NV,738,0.028
F,2004,Yuliana,6,NV,816,0.024
F,2004,Yahaira,5,NV,938,0.02
F,2004,Yazmin,5,NV,938,0.02
F,2004,Yvette,5,NV,938,0.02
F,2005,Yadira,12,NV,529,0.046
F,2005,Yazmin,12,NV,529,0.046
F,2005,Yoselin,11,NV,569,0.042
F,2005,Yasmin,10,NV,611,0.038
F,2005,Yareli,9,NV,654,0.034
F,2005,Yesenia,8,NV,706,0.03
F,2005,Yaritza,7,NV,791,0.027
F,2005,Yahaira,6,NV,883,0.023
F,2005,Yamilet,5,NV,1004,0.019
F,2005,Yamileth,5,NV,1004,0.019
F,2005,Yessenia,5,NV,1004,0.019
F,2006,Yesenia,17,NV,413,0.06
F,2006,Yasmin,16,NV,439,0.057
F,2006,Yoselin,9,NV,660,0.032
F,2006,Yuliana,9,NV,660,0.032
F,2006,Yazmin,8,NV,719,0.028
F,2006,Yasmine,7,NV,805,0.025
F,2006,Yvette,7,NV,805,0.025
F,2006,Yadira,6,NV,902,0.021
F,2006,Yolanda,6,NV,902,0.021
F,2006,Yamilet,5,NV,1030,0.018
F,2006,Yamileth,5,NV,1030,0.018
F,2006,Yaretzi,5,NV,1030,0.018
F,2007,Yoselin,20,NV,364,0.07
F,2007,Yesenia,15,NV,470,0.052
F,2007,Yareli,10,NV,643,0.035
F,2007,Yasmin,10,NV,643,0.035
F,2007,Yadira,8,NV,764,0.028
F,2007,Yamileth,7,NV,854,0.024
F,2007,Yarely,7,NV,854,0.024
F,2007,Yaretzi,7,NV,854,0.024
F,2007,Yuridia,7,NV,854,0.024
F,2007,Yazmin,6,NV,956,0.021
F,2007,Yessenia,6,NV,956,0.021
F,2007,Yuliana,6,NV,956,0.021
F,2007,Yahaira,5,NV,1099,0.017
F,2007,Yulissa,5,NV,1099,0.017
F,2008,Yasmin,16,NV,426,0.059
F,2008,Yadira,13,NV,502,0.048
F,2008,Yareli,12,NV,538,0.044
F,2008,Yesenia,10,NV,628,0.037
F,2008,Yazmin,9,NV,676,0.033
F,2008,Yaretzi,8,NV,731,0.029
F,2008,Yoselin,8,NV,731,0.029
F,2008,Yamilet,7,NV,804,0.026
F,2008,Yasmine,7,NV,804,0.026
F,2008,Yuliana,7,NV,804,0.026
F,2008,Yamileth,6,NV,925,0.022
F,2008,Yaritza,5,NV,1053,0.018
F,2008,Yasmeen,5,NV,1053,0.018
F,2008,Yuridia,5,NV,1053,0.018
F,2009,Yaretzi,22,NV,305,0.085
F,2009,Yesenia,15,NV,426,0.058
F,2009,Yareli,11,NV,553,0.043
F,2009,Yadira,8,NV,710,0.031
F,2009,Yuliana,8,NV,710,0.031
F,2009,Yaretzy,7,NV,784,0.027
F,2009,Yaritza,7,NV,784,0.027
F,2009,Yazmin,7,NV,784,0.027
F,2009,Yoselin,6,NV,891,0.023
F,2010,Yaretzi,14,NV,428,0.057
F,2010,Yareli,9,NV,621,0.037
F,2010,Yaritza,9,NV,621,0.037
F,2010,Yesenia,7,NV,780,0.028
F,2010,Yasmin,6,NV,874,0.024
F,2010,Yuliana,6,NV,874,0.024
F,2010,Yamilet,5,NV,1026,0.02
F,2010,Yaretzy,5,NV,1026,0.02
F,2010,Yasmine,5,NV,1026,0.02
F,2010,Yazmin,5,NV,1026,0.02
F,2011,Yaretzi,16,NV,370,0.067
F,2011,Yareli,12,NV,482,0.05
F,2011,Yesenia,8,NV,695,0.034
F,2011,Yuliana,7,NV,769,0.029
F,2011,Yvette,6,NV,868,0.025
F,2011,Yazmin,5,NV,1015,0.021
F,2011,Yoselin,5,NV,1015,0.021
F,2011,Yvonne,5,NV,1015,0.021
F,2012,Yaretzi,14,NV,431,0.059
F,2012,Yarely,7,NV,776,0.03
F,2012,Ysabella,7,NV,776,0.03
F,2012,Yareli,6,NV,875,0.025
F,2012,Yaritza,6,NV,875,0.025
F,2012,Yesenia,6,NV,875,0.025
F,2013,Yaretzi,14,NV,443,0.059
F,2013,Yamileth,9,NV,636,0.038
F,2013,Yareli,8,NV,700,0.034
F,2013,Yaritza,7,NV,751,0.029
F,2013,Yvette,7,NV,751,0.029
F,2013,Yamilet,5,NV,983,0.021
F,2013,Yuliana,5,NV,983,0.021
F,2014,Yaretzi,17,NV,379,0.07
F,2014,Yareli,11,NV,547,0.045
F,2014,Yamileth,7,NV,799,0.029
F,2014,Yamilet,5,NV,1027,0.021
F,2015,Yaretzi,19,NV,333,0.077
F,2015,Yareli,7,NV,791,0.029
F,2015,Yaritza,5,NV,1036,0.02
F,2015,Yazaira,5,NV,1036,0.02
F,2016,Yaretzi,12,NV,517,0.049
F,2016,Yamilet,6,NV,924,0.024
F,2016,Yaretzy,6,NV,924,0.024
F,2016,Yuliana,5,NV,1078,0.02
F,2017,Yaretzi,14,NV,434,0.058
F,2017,Yareli,6,NV,895,0.025
F,2017,Yaretzy,6,NV,895,0.025
F,2017,Yazmin,6,NV,895,0.025
F,2017,Yuliana,5,NV,1034,0.021
F,2018,Yaretzi,12,NV,512,0.05
F,2018,Yareli,6,NV,922,0.025
F,2018,Yara,5,NV,1042,0.021
F,2019,Yaretzi,17,NV,341,0.074
F,2019,Yaritza,7,NV,800,0.03
F,2019,Yareli,6,NV,896,0.026
F,2019,Yuliana,5,NV,1032,0.022
F,2020,Yaretzi,10,NV,563,0.046
F,2020,Yara,8,NV,672,0.037
F,2020,Yuliana,5,NV,996,0.023
F,2021,Yaretzi,10,NV,573,0.046
F,2021,Yuna,6,NV,884,0.028
F,2021,Yareli,5,NV,1014,0.023
F,2022,Yaretzi,13,NV,427,0.062
F,2022,Yara,6,NV,845,0.029
F,2023,Yaretzi,14,NV,391,0.07
F,2023,Yuna,8,NV,671,0.04
F,2023,Yazmin,6,NV,869,0.03
F,2024,Yaretzi,10,NV,541,0.05
F,2024,Yaneli,6,NV,850,0.03
F,2024,Yamileth,5,NV,994,0.025
M,2002,Yahir,6,NV,766,0.026
M,2003,Yahir,17,NV,341,0.072
M,2003,Yair,8,NV,624,0.034
M,2004,Yahir,20,NV,319,0.081
M,2005,Yahir,15,NV,433,0.057
M,2006,Yahir,9,NV,660,0.032
M,2006,Yonathan,6,NV,902,0.021
M,2006,Yair,5,NV,1030,0.018
M,2007,Yahir,16,NV,447,0.056
M,2007,Yair,8,NV,764,0.028
M,2008,Yael,8,NV,731,0.029
M,2008,Yahir,6,NV,925,0.022
M,2008,Yair,5,NV,1053,0.018
M,2008,Yandel,5,NV,1053,0.018
M,2009,Yahir,7,NV,784,0.027
M,2009,Yandel,6,NV,891,0.023
M,2009,Yair,5,NV,1025,0.019
M,2010,Yahir,10,NV,574,0.041
M,2010,Yonathan,5,NV,1026,0.02
M,2011,Yahir,11,NV,525,0.046
M,2012,Yahir,11,NV,525,0.047
M,2013,Yahir,20,NV,317,0.084
M,2013,Yair,7,NV,751,0.029
M,2013,Yusuf,5,NV,983,0.021
M,2014,Yahir,12,NV,506,0.049
M,2015,Yahir,5,NV,1036,0.02
M,2016,Yael,9,NV,660,0.037
M,2016,Yahir,9,NV,660,0.037
M,2018,Yael,5,NV,1042,0.021
M,2018,Yahir,5,NV,1042,0.021
M,2019,Yael,8,NV,710,0.035
M,2019,Yahir,7,NV,800,0.03
M,2024,Yahir,8,NV,672,0.04
M,2024,Yael,6,NV,850,0.03
F,1910,Yetta,15,PA,340,0.033
F,1911,Yolanda,12,PA,412,0.023
F,1911,Yetta,6,PA,585,0.011
F,1912,Yolanda,17,PA,434,0.021
F,1912,Yetta,10,PA,583,0.012
F,1912,Yvonne,5,PA,821,0.006
F,1913,Yolanda,21,PA,397,0.022
F,1913,Yetta,17,PA,453,0.018
F,1914,Yolanda,29,PA,405,0.024
F,1914,Yetta,20,PA,485,0.016
F,1914,Yvonne,6,PA,921,0.005
F,1915,Yolanda,36,PA,410,0.023
F,1915,Yetta,18,PA,596,0.011
F,1915,Yvonne,7,PA,946,0.004
F,1916,Yolanda,53,PA,351,0.033
F,1916,Yetta,22,PA,542,0.014
F,1916,Yvonne,8,PA,881,0.005
F,1917,Yolanda,66,PA,317,0.039
F,1917,Yetta,30,PA,465,0.018
F,1917,Yvonne,11,PA,798,0.006
F,1918,Yolanda,65,PA,330,0.035
F,1918,Yetta,21,PA,592,0.011
F,1918,Yvonne,18,PA,644,0.01
F,1919,Yolanda,62,PA,321,0.036
F,1919,Yetta,26,PA,501,0.015
F,1919,Yvonne,11,PA,794,0.006
F,1920,Yolanda,46,PA,385,0.025
F,1920,Yvonne,19,PA,624,0.01
F,1920,Yetta,12,PA,787,0.007
F,1921,Yolanda,64,PA,336,0.034
F,1921,Yvonne,26,PA,540,0.014
F,1921,Yetta,17,PA,676,0.009
F,1921,Yvette,6,PA,1113,0.003
F,1922,Yolanda,66,PA,328,0.036
F,1922,Yvonne,28,PA,495,0.015
F,1922,Yetta,12,PA,767,0.007
F,1923,Yolanda,94,PA,268,0.051
F,1923,Yvonne,38,PA,433,0.021
F,1923,Yetta,12,PA,776,0.007
F,1924,Yolanda,96,PA,272,0.05
F,1924,Yvonne,35,PA,454,0.018
F,1924,Yetta,10,PA,896,0.005
F,1925,Yolanda,89,PA,279,0.049
F,1925,Yvonne,46,PA,392,0.025
F,1925,Yetta,11,PA,826,0.006
F,1926,Yolanda,70,PA,320,0.039
F,1926,Yvonne,60,PA,348,0.034
F,1926,Yetta,5,PA,1218,0.003
F,1926,Yola,5,PA,1218,0.003
F,1927,Yolanda,62,PA,333,0.034
F,1927,Yvonne,55,PA,352,0.031
F,1927,Yetta,7,PA,1025,0.004
F,1928,Yvonne,61,PA,334,0.036
F,1928,Yolanda,53,PA,360,0.031
F,1928,Yetta,7,PA,1002,0.004
F,1929,Yvonne,64,PA,297,0.039
F,1929,Yolanda,54,PA,336,0.033
F,1930,Yvonne,64,PA,299,0.039
F,1930,Yolanda,37,PA,417,0.023
F,1931,Yvonne,62,PA,302,0.04
F,1931,Yolanda,34,PA,421,0.022
F,1931,Yetta,7,PA,923,0.005
F,1932,Yvonne,68,PA,282,0.046
F,1932,Yolanda,24,PA,495,0.016
F,1933,Yvonne,61,PA,284,0.044
F,1933,Yolanda,15,PA,625,0.011
F,1934,Yvonne,87,PA,237,0.061
F,1934,Yolanda,21,PA,526,0.015
F,1935,Yvonne,137,PA,186,0.095
F,1935,Yolanda,22,PA,515,0.015
F,1936,Yvonne,220,PA,135,0.154
F,1936,Yolanda,26,PA,458,0.018
F,1937,Yvonne,219,PA,137,0.151
F,1937,Yolanda,15,PA,648,0.01
F,1938,Yvonne,175,PA,164,0.116
F,1938,Yolanda,11,PA,781,0.007
F,1939,Yvonne,202,PA,153,0.138
F,1939,Yolanda,8,PA,869,0.005
F,1940,Yvonne,177,PA,165,0.117
F,1940,Yolanda,10,PA,809,0.007
F,1940,Yvette,6,PA,1023,0.004
F,1941,Yvonne,141,PA,197,0.088
F,1941,Yolanda,9,PA,848,0.006
F,1942,Yvonne,134,PA,214,0.073
F,1942,Yolanda,7,PA,1046,0.004
F,1942,Yvette,6,PA,1111,0.003
F,1943,Yvonne,145,PA,203,0.079
F,1943,Yvette,9,PA,923,0.005
F,1943,Yolanda,6,PA,1139,0.003
F,1944,Yvonne,103,PA,238,0.063
F,1944,Yolanda,7,PA,976,0.004
F,1945,Yvonne,122,PA,215,0.076
F,1945,Yolanda,6,PA,1051,0.004
F,1946,Yvonne,158,PA,208,0.078
F,1946,Yolanda,17,PA,694,0.008
F,1947,Yvonne,191,PA,200,0.082
F,1947,Yolanda,14,PA,816,0.006
F,1947,Yvette,8,PA,1112,0.003
F,1948,Yvonne,219,PA,176,0.103
F,1948,Yolanda,16,PA,739,0.007
F,1948,Yvette,6,PA,1211,0.003
F,1949,Yvonne,196,PA,191,0.093
F,1949,Yolanda,15,PA,757,0.007
F,1949,Yvette,9,PA,979,0.004
F,1950,Yvonne,205,PA,196,0.097
F,1950,Yvette,15,PA,764,0.007
F,1950,Yolanda,6,PA,1199,0.003
F,1951,Yvonne,237,PA,182,0.106
F,1951,Yolanda,20,PA,671,0.009
F,1951,Yvette,16,PA,757,0.007
F,1952,Yvonne,215,PA,197,0.094
F,1952,Yolanda,31,PA,569,0.014
F,1952,Yvette,15,PA,806,0.007
F,1953,Yvonne,198,PA,209,0.087
F,1953,Yolanda,27,PA,612,0.012
F,1953,Yvette,20,PA,697,0.009
F,1954,Yvonne,243,PA,188,0.104
F,1954,Yvette,35,PA,546,0.015
F,1954,Yolanda,18,PA,752,0.008
F,1955,Yvonne,175,PA,230,0.075
F,1955,Yolanda,32,PA,572,0.014
F,1955,Yvette,22,PA,689,0.009
F,1956,Yvonne,206,PA,215,0.086
F,1956,Yvette,40,PA,529,0.017
F,1956,Yolanda,27,PA,640,0.011
F,1957,Yvonne,197,PA,224,0.08
F,1957,Yvette,36,PA,572,0.015
F,1957,Yolanda,33,PA,594,0.013
F,1958,Yvonne,188,PA,229,0.079
F,1958,Yvette,43,PA,533,0.018
F,1958,Yolanda,38,PA,572,0.016
F,1959,Yvonne,196,PA,227,0.083
F,1959,Yvette,52,PA,491,0.022
F,1959,Yolanda,33,PA,625,0.014
F,1959,Yolonda,5,PA,1519,0.002
F,1960,Yvonne,205,PA,223,0.089
F,1960,Yvette,80,PA,384,0.035
F,1960,Yolanda,33,PA,618,0.014
F,1961,Yvonne,183,PA,234,0.08
F,1961,Yvette,105,PA,326,0.046
F,1961,Yolanda,39,PA,567,0.017
F,1962,Yvonne,198,PA,212,0.092
F,1962,Yvette,103,PA,322,0.048
F,1962,Yolanda,39,PA,550,0.018
F,1963,Yvonne,149,PA,249,0.071
F,1963,Yvette,103,PA,313,0.049
F,1963,Yolanda,50,PA,489,0.024
F,1964,Yvonne,152,PA,240,0.073
F,1964,Yvette,132,PA,260,0.064
F,1964,Yolanda,43,PA,524,0.021
F,1965,Yvonne,161,PA,220,0.083
F,1965,Yvette,105,PA,292,0.054
F,1965,Yolanda,46,PA,473,0.024
F,1966,Yvonne,128,PA,243,0.069
F,1966,Yvette,109,PA,272,0.059
F,1966,Yolanda,50,PA,459,0.027
F,1966,Yolonda,6,PA,1349,0.003
F,1967,Yvonne,153,PA,207,0.086
F,1967,Yvette,131,PA,238,0.074
F,1967,Yolanda,53,PA,428,0.03
F,1968,Yvonne,136,PA,224,0.078
F,1968,Yolanda,119,PA,246,0.068
F,1968,Yvette,98,PA,279,0.056
F,1968,Yolonda,8,PA,1188,0.005
F,1969,Yvonne,135,PA,232,0.077
F,1969,Yolanda,76,PA,332,0.044
F,1969,Yvette,69,PA,362,0.04
F,1969,Yolonda,6,PA,1415,0.003
F,1970,Yolanda,112,PA,270,0.062
F,1970,Yvonne,109,PA,278,0.061
F,1970,Yvette,80,PA,346,0.044
F,1970,Yolonda,7,PA,1368,0.004
F,1971,Yvonne,121,PA,245,0.072
F,1971,Yolanda,92,PA,298,0.055
F,1971,Yvette,62,PA,390,0.037
F,1971,Yolonda,6,PA,1486,0.004
F,1972,Yvonne,107,PA,251,0.071
F,1972,Yolanda,99,PA,268,0.065
F,1972,Yvette,50,PA,424,0.033
F,1972,Yolonda,9,PA,1137,0.006
F,1972,Yasmeen,5,PA,1565,0.003
F,1973,Yolanda,66,PA,332,0.047
F,1973,Yvonne,63,PA,347,0.044
F,1973,Yvette,39,PA,478,0.028
F,1974,Yvonne,72,PA,310,0.051
F,1974,Yolanda,67,PA,326,0.048
F,1974,Yvette,38,PA,480,0.027
F,1974,Yolonda,7,PA,1289,0.005
F,1975,Yolanda,75,PA,289,0.055
F,1975,Yvonne,52,PA,392,0.038
F,1975,Yvette,35,PA,492,0.026
F,1975,Yasmeen,6,PA,1442,0.004
F,1976,Yvonne,63,PA,328,0.046
F,1976,Yolanda,53,PA,366,0.039
F,1976,Yvette,31,PA,540,0.023
F,1977,Yolanda,51,PA,394,0.036
F,1977,Yvonne,35,PA,488,0.025
F,1977,Yvette,23,PA,646,0.016
F,1977,Yasmin,6,PA,1480,0.004
F,1978,Yolanda,56,PA,368,0.04
F,1978,Yvonne,51,PA,386,0.037
F,1978,Yvette,16,PA,799,0.011
F,1978,Yadira,8,PA,1226,0.006
F,1978,Yasmeen,7,PA,1333,0.005
F,1979,Yolanda,46,PA,427,0.032
F,1979,Yvonne,42,PA,455,0.029
F,1979,Yvette,18,PA,765,0.012
F,1979,Yasmeen,9,PA,1187,0.006
F,1980,Yvonne,42,PA,447,0.029
F,1980,Yolanda,40,PA,465,0.027
F,1980,Yvette,11,PA,1040,0.008
F,1980,Yana,5,PA,1674,0.003
F,1980,Yasmin,5,PA,1674,0.003
F,1980,Yolonda,5,PA,1674,0.003
F,1981,Yolanda,38,PA,483,0.026
F,1981,Yvonne,38,PA,483,0.026
F,1981,Yvette,14,PA,894,0.01
F,1981,Yasmin,6,PA,1483,0.004
F,1981,Yolonda,5,PA,1648,0.003
F,1982,Yvonne,41,PA,460,0.028
F,1982,Yolanda,39,PA,474,0.026
F,1982,Yvette,13,PA,945,0.009
F,1982,Yael,6,PA,1511,0.004
F,1983,Yolanda,28,PA,563,0.019
F,1983,Yvonne,26,PA,585,0.018
F,1983,Yvette,12,PA,950,0.008
F,1983,Yasmin,6,PA,1479,0.004
F,1984,Yolanda,28,PA,574,0.019
F,1984,Yvonne,25,PA,612,0.017
F,1984,Yvette,9,PA,1150,0.006
F,1985,Yolanda,29,PA,562,0.02
F,1985,Yvonne,18,PA,760,0.012
F,1985,Yvette,9,PA,1167,0.006
F,1985,Yolonda,5,PA,1700,0.003
F,1986,Yvonne,29,PA,565,0.02
F,1986,Yolanda,17,PA,812,0.012
F,1986,Yaritza,7,PA,1428,0.005
F,1986,Yesenia,6,PA,1557,0.004
F,1986,Yasmin,5,PA,1735,0.003
F,1986,Yvette,5,PA,1735,0.003
F,1987,Yesenia,47,PA,422,0.032
F,1987,Yolanda,26,PA,630,0.018
F,1987,Yvonne,26,PA,630,0.018
F,1987,Yvette,11,PA,1100,0.007
F,1987,Yessenia,6,PA,1574,0.004
F,1987,Yasmin,5,PA,1784,0.003
F,1988,Yesenia,22,PA,704,0.015
F,1988,Yolanda,22,PA,704,0.015
F,1988,Yvonne,17,PA,846,0.011
F,1988,Yvette,9,PA,1260,0.006
F,1988,Yasmine,7,PA,1469,0.005
F,1988,Yasmeen,5,PA,1820,0.003
F,1988,Yasmin,5,PA,1820,0.003
F,1989,Yolanda,20,PA,792,0.013
F,1989,Yvonne,19,PA,824,0.012
F,1989,Yesenia,12,PA,1102,0.008
F,1989,Yasmeen,11,PA,1159,0.007
F,1989,Yvette,10,PA,1232,0.007
F,1989,Yasmin,8,PA,1433,0.005
F,1990,Yesenia,32,PA,591,0.021
F,1990,Yolanda,15,PA,974,0.01
F,1990,Yvonne,14,PA,1015,0.009
F,1990,Yvette,9,PA,1349,0.006
F,1990,Yasmin,7,PA,1589,0.005
F,1990,Yessenia,7,PA,1589,0.005
F,1990,Yasmine,6,PA,1760,0.004
F,1990,Yajaira,5,PA,1972,0.003
F,1991,Yvonne,15,PA,991,0.01
F,1991,Yolanda,13,PA,1090,0.009
F,1991,Yasmin,11,PA,1198,0.007
F,1991,Yesenia,11,PA,1198,0.007
F,1991,Yasmine,10,PA,1266,0.007
F,1991,Yvette,8,PA,1458,0.005
F,1991,Yasmeen,6,PA,1758,0.004
F,1991,Yahaira,5,PA,1990,0.003
F,1992,Yvonne,16,PA,942,0.011
F,1992,Yolanda,15,PA,983,0.01
F,1992,Yesenia,12,PA,1140,0.008
F,1992,Yasmeen,9,PA,1361,0.006
F,1992,Yasmin,9,PA,1361,0.006
F,1992,Yasmine,8,PA,1460,0.005
F,1992,Yvette,5,PA,2010,0.003
F,1993,Yvonne,14,PA,1046,0.01
F,1993,Yesenia,13,PA,1100,0.009
F,1993,Yasmine,10,PA,1310,0.007
F,1993,Yolanda,10,PA,1310,0.007
F,1993,Yasmin,5,PA,1975,0.004
F,1994,Yvonne,16,PA,950,0.012
F,1994,Yesenia,14,PA,1028,0.01
F,1994,Yasmeen,11,PA,1227,0.008
F,1994,Yasmine,9,PA,1382,0.007
F,1994,Yolanda,9,PA,1382,0.007
F,1994,Yaritza,6,PA,1796,0.004
F,1994,Yasmin,6,PA,1796,0.004
F,1995,Yasmeen,11,PA,1203,0.008
F,1995,Yamilex,8,PA,1449,0.006
F,1995,Yesenia,8,PA,1449,0.006
F,1995,Yvonne,8,PA,1449,0.006
F,1995,Yasmin,7,PA,1580,0.005
F,1995,Yasmine,7,PA,1580,0.005
F,1995,Yolanda,6,PA,1761,0.005
F,1996,Yasmine,20,PA,794,0.016
F,1996,Yasmeen,11,PA,1188,0.009
F,1996,Yasmin,8,PA,1454,0.006
F,1996,Yesenia,7,PA,1600,0.005
F,1996,Yvonne,6,PA,1768,0.005
F,1996,Yamilex,5,PA,1973,0.004
F,1996,Yvette,5,PA,1973,0.004
F,1997,Yasmine,16,PA,922,0.013
F,1997,Yvonne,15,PA,969,0.012
F,1997,Yasmeen,14,PA,1013,0.011
F,1997,Yasmin,9,PA,1372,0.007
F,1997,Yolanda,6,PA,1814,0.005
F,1997,Yadira,5,PA,2011,0.004
F,1997,Yulissa,5,PA,2011,0.004
F,1998,Yasmeen,16,PA,958,0.013
F,1998,Yasmine,12,PA,1158,0.01
F,1998,Yvonne,9,PA,1400,0.007
F,1998,Yolanda,6,PA,1813,0.005
F,1998,Yesenia,5,PA,2042,0.004
F,1999,Yasmeen,14,PA,1055,0.011
F,1999,Yasmine,14,PA,1055,0.011
F,1999,Yolanda,9,PA,1423,0.007
F,1999,Yasmin,8,PA,1520,0.006
F,1999,Yesenia,6,PA,1820,0.005
F,1999,Yamilex,5,PA,2061,0.004
F,2000,Yasmine,14,PA,1075,0.011
F,2000,Yasmeen,8,PA,1594,0.006
F,2000,Yolanda,6,PA,1900,0.005
F,2000,Yvonne,6,PA,1900,0.005
F,2000,Yamilet,5,PA,2135,0.004
F,2001,Yasmin,13,PA,1128,0.011
F,2001,Yesenia,12,PA,1180,0.01
F,2001,Yasmine,11,PA,1240,0.009
F,2001,Yvonne,7,PA,1693,0.006
F,2001,Yasmeen,6,PA,1874,0.005
F,2002,Yasmin,14,PA,1078,0.012
F,2002,Yasmine,14,PA,1078,0.012
F,2002,Yesenia,11,PA,1267,0.009
F,2002,Yasmeen,7,PA,1746,0.006
F,2002,Yolanda,5,PA,2161,0.004
F,2003,Yasmin,16,PA,1022,0.013
F,2003,Yasmine,10,PA,1399,0.008
F,2003,Yasmeen,8,PA,1638,0.007
F,2003,Yvonne,7,PA,1794,0.006
F,2003,Yesenia,6,PA,2014,0.005
F,2003,Yvette,5,PA,2257,0.004
F,2004,Yasmin,15,PA,1060,0.013
F,2004,Yasmine,14,PA,1110,0.012
F,2004,Yasmeen,9,PA,1526,0.008
F,2004,Yesenia,8,PA,1645,0.007
F,2004,Yamilette,7,PA,1800,0.006
F,2004,Yaritza,5,PA,2277,0.004
F,2005,Yasmine,11,PA,1337,0.009
F,2005,Yasmeen,10,PA,1436,0.008
F,2005,Yasmin,8,PA,1697,0.007
F,2005,Yesenia,5,PA,2332,0.004
F,2006,Yasmine,11,PA,1397,0.009
F,2006,Yasmeen,10,PA,1500,0.008
F,2006,Yesenia,9,PA,1610,0.008
F,2006,Yana,8,PA,1747,0.007
F,2006,Yasmin,7,PA,1900,0.006
F,2006,Yarelis,6,PA,2116,0.005
F,2006,Yaritza,6,PA,2116,0.005
F,2006,Yamilet,5,PA,2399,0.004
F,2006,Yolanda,5,PA,2399,0.004
F,2006,Yoselin,5,PA,2399,0.004
F,2006,Yvonne,5,PA,2399,0.004
F,2007,Yasmin,15,PA,1156,0.012
F,2007,Yasmine,10,PA,1535,0.008
F,2007,Yesenia,7,PA,1941,0.006
F,2007,Yadira,6,PA,2189,0.005
F,2007,Yareli,6,PA,2189,0.005
F,2007,Yaritza,6,PA,2189,0.005
F,2007,Yahaira,5,PA,2489,0.004
F,2007,Yana,5,PA,2489,0.004
F,2007,Yasmeen,5,PA,2489,0.004
F,2007,Yazmin,5,PA,2489,0.004
F,2008,Yasmin,11,PA,1454,0.009
F,2008,Yasmeen,9,PA,1659,0.008
F,2008,Yamilet,8,PA,1811,0.007
F,2008,Yarelis,7,PA,2003,0.006
F,2008,Yareli,6,PA,2238,0.005
F,2008,Yana,5,PA,2515,0.004
F,2008,Yazmin,5,PA,2515,0.004
F,2008,Yolanda,5,PA,2515,0.004
F,2008,Yuliana,5,PA,2515,0.004
F,2008,Yuri,5,PA,2515,0.004
F,2009,Yasmin,11,PA,1464,0.009
F,2009,Yara,10,PA,1570,0.009
F,2009,Yasmine,9,PA,1689,0.008
F,2009,Yana,6,PA,2239,0.005
F,2009,Yaritza,6,PA,2239,0.005
F,2009,Yazmin,6,PA,2239,0.005
F,2009,Yamilet,5,PA,2546,0.004
F,2009,Yareli,5,PA,2546,0.004
F,2009,Yaretzi,5,PA,2546,0.004
F,2009,Yarielis,5,PA,2546,0.004
F,2009,Yarieliz,5,PA,2546,0.004
F,2009,Yesenia,5,PA,2546,0.004
F,2010,Yasmin,11,PA,1458,0.01
F,2010,Yasmine,11,PA,1458,0.01
F,2010,Yaretzi,10,PA,1566,0.009
F,2010,Yazmin,10,PA,1566,0.009
F,2010,Yara,8,PA,1804,0.007
F,2010,Yaritza,7,PA,1969,0.006
F,2010,Yana,5,PA,2482,0.004
F,2010,Yanelis,5,PA,2482,0.004
F,2010,Yazmine,5,PA,2482,0.004
F,2011,Yasmin,12,PA,1374,0.011
F,2011,Yuliana,8,PA,1825,0.007
F,2011,Yuri,8,PA,1825,0.007
F,2011,Yasmine,7,PA,1992,0.006
F,2011,Yaretzi,5,PA,2536,0.004
F,2011,Yasmeen,5,PA,2536,0.004
F,2011,Yesenia,5,PA,2536,0.004
F,2011,Yvonne,5,PA,2536,0.004
F,2012,Yasmine,9,PA,1697,0.008
F,2012,Yaretzi,8,PA,1844,0.007
F,2012,Yareli,7,PA,2028,0.006
F,2012,Yamilet,6,PA,2258,0.005
F,2012,Yuliana,6,PA,2258,0.005
F,2012,Yara,5,PA,2562,0.004
F,2012,Yasirah,5,PA,2562,0.004
F,2012,Yasmin,5,PA,2562,0.004
F,2012,Yvonne,5,PA,2562,0.004
F,2013,Yaretzi,7,PA,1980,0.006
F,2013,Yasmine,7,PA,1980,0.006
F,2013,Yana,6,PA,2201,0.005
F,2013,Yuri,6,PA,2201,0.005
F,2013,Yasmin,5,PA,2504,0.004
F,2014,Yaretzi,12,PA,1399,0.011
F,2014,Yasmine,11,PA,1499,0.01
F,2014,Yuri,7,PA,2069,0.006
F,2014,Yasmin,6,PA,2292,0.005
F,2014,Yara,5,PA,2559,0.004
F,2014,Yesenia,5,PA,2559,0.004
F,2015,Yara,8,PA,1870,0.007
F,2015,Yasmin,6,PA,2267,0.005
F,2015,Yasmeen,5,PA,2553,0.004
F,2015,Yasmine,5,PA,2553,0.004
F,2015,Yuri,5,PA,2553,0.004
F,2016,Yara,9,PA,1714,0.008
F,2016,Yuri,9,PA,1714,0.008
F,2016,Yasmin,6,PA,2299,0.005
F,2017,Yuri,13,PA,1367,0.012
F,2017,Yara,12,PA,1435,0.011
F,2017,Yaretzi,8,PA,1876,0.007
F,2017,Yasmin,8,PA,1876,0.007
F,2018,Yara,20,PA,1011,0.019
F,2018,Yasmin,8,PA,1862,0.007
F,2018,Yuna,8,PA,1862,0.007
F,2018,Yuri,8,PA,1862,0.007
F,2018,Yasmeen,7,PA,2095,0.007
F,2018,Yasmine,7,PA,2095,0.007
F,2018,Yamileth,5,PA,2628,0.005
F,2019,Yara,25,PA,842,0.024
F,2019,Yasmin,9,PA,1755,0.009
F,2019,Yuri,8,PA,1910,0.008
F,2019,Yareli,6,PA,2322,0.006
F,2019,Yarelis,6,PA,2322,0.006
F,2019,Yusra,5,PA,2635,0.005
F,2019,Yvonne,5,PA,2635,0.005
F,2020,Yara,23,PA,883,0.022
F,2020,Yuri,22,PA,915,0.022
F,2020,Yasmin,10,PA,1617,0.01
F,2020,Yuna,9,PA,1730,0.009
F,2020,Yareli,6,PA,2296,0.006
F,2020,Yasmeen,6,PA,2296,0.006
F,2020,Yael,5,PA,2600,0.005
F,2020,Yasmina,5,PA,2600,0.005
F,2020,Yasmine,5,PA,2600,0.005
F,2020,Yusra,5,PA,2600,0.005
F,2021,Yara,17,PA,1133,0.016
F,2021,Yasmin,7,PA,2112,0.007
F,2021,Yaretzi,6,PA,2332,0.006
F,2021,Yasmeen,6,PA,2332,0.006
F,2021,Yasmina,6,PA,2332,0.006
F,2021,Yasmine,5,PA,2664,0.005
F,2021,Yuna,5,PA,2664,0.005
F,2021,Yuri,5,PA,2664,0.005
F,2022,Yara,24,PA,878,0.024
F,2022,Yuri,16,PA,1210,0.016
F,2022,Yasmin,13,PA,1408,0.013
F,2022,Yaretzi,8,PA,1931,0.008
F,2022,Yasmina,8,PA,1931,0.008
F,2022,Yasmeen,7,PA,2117,0.007
F,2022,Yasmine,6,PA,2352,0.006
F,2022,Yusra,6,PA,2352,0.006
F,2022,Yazmin,5,PA,2643,0.005
F,2023,Yara,33,PA,674,0.033
F,2023,Yasmina,9,PA,1791,0.009
F,2023,Yuri,9,PA,1791,0.009
F,2023,Yasmin,8,PA,1937,0.008
F,2023,Yasmine,6,PA,2359,0.006
F,2023,Yaretzi,5,PA,2637,0.005
F,2023,Yusra,5,PA,2637,0.005
F,2024,Yara,27,PA,789,0.027
F,2024,Yasmina,12,PA,1458,0.012
F,2024,Yusra,11,PA,1542,0.011
F,2024,Yasmin,9,PA,1764,0.009
F,2024,Yael,5,PA,2617,0.005
F,2024,Yamileth,5,PA,2617,0.005
F,2024,Yasina,5,PA,2617,0.005
F,2024,Yehudis,5,PA,2617,0.005
F,2024,Yuri,5,PA,2617,0.005
M,1970,Yuri,6,PA,1481,0.003
M,1974,Yusuf,5,PA,1557,0.004
M,1975,Yusuf,6,PA,1442,0.004
M,1977,Yusef,11,PA,1017,0.008
M,1977,Yusuf,5,PA,1653,0.004
M,1978,Yusuf,6,PA,1458,0.004
M,1979,Yusuf,5,PA,1678,0.003
M,1981,Yusef,5,PA,1648,0.003
M,1982,Yusef,7,PA,1374,0.005
M,1982,Yuri,5,PA,1678,0.003
M,1983,Yusuf,7,PA,1348,0.005
M,1985,Yusuf,5,PA,1700,0.003
M,1986,Yusuf,8,PA,1305,0.005
M,1994,Yusuf,5,PA,2007,0.004
M,1996,Yusuf,8,PA,1454,0.006
M,1996,Yasir,5,PA,1973,0.004
M,1997,Yusuf,6,PA,1814,0.005
M,1997,Yasir,5,PA,2011,0.004
M,1997,Yusef,5,PA,2011,0.004
M,1998,Yasir,7,PA,1635,0.006
M,1998,Yousef,5,PA,2042,0.004
M,1998,Yusef,5,PA,2042,0.004
M,1999,Yasir,14,PA,1055,0.011
M,1999,Yusuf,9,PA,1423,0.007
M,1999,Yosef,5,PA,2061,0.004
M,1999,Yusef,5,PA,2061,0.004
M,2000,Yasir,11,PA,1255,0.009
M,2000,Yasin,6,PA,1900,0.005
M,2000,Yosef,5,PA,2135,0.004
M,2001,Yasir,8,PA,1539,0.007
M,2001,Yaaseen,6,PA,1874,0.005
M,2002,Yasir,20,PA,833,0.017
M,2002,Yusuf,12,PA,1196,0.01
M,2002,Yahsir,6,PA,1925,0.005
M,2002,Yash,6,PA,1925,0.005
M,2002,Yusef,6,PA,1925,0.005
M,2003,Yash,11,PA,1310,0.009
M,2003,Yasir,10,PA,1399,0.008
M,2003,Yasin,6,PA,2014,0.005
M,2003,Yusuf,5,PA,2257,0.004
M,2004,Yasir,11,PA,1325,0.009
M,2004,Yusuf,10,PA,1414,0.008
M,2004,Yadiel,7,PA,1800,0.006
M,2004,Yandel,5,PA,2277,0.004
M,2004,Yasin,5,PA,2277,0.004
M,2005,Yasir,17,PA,976,0.014
M,2005,Yusuf,11,PA,1337,0.009
M,2005,Yadiel,6,PA,2050,0.005
M,2005,Yahsir,5,PA,2332,0.004
M,2005,Yandel,5,PA,2332,0.004
M,2005,Yaniel,5,PA,2332,0.004
M,2005,Yash,5,PA,2332,0.004
M,2005,Yousef,5,PA,2332,0.004
M,2006,Yasir,21,PA,875,0.018
M,2006,Yandel,9,PA,1610,0.008
M,2006,Yash,7,PA,1900,0.006
M,2006,Yadiel,6,PA,2116,0.005
M,2006,Youssef,6,PA,2116,0.005
M,2006,Yusuf,6,PA,2116,0.005
M,2006,Yosef,5,PA,2399,0.004
M,2007,Yasir,19,PA,967,0.016
M,2007,Yadiel,13,PA,1287,0.011
M,2007,Yusef,10,PA,1535,0.008
M,2007,Yusuf,10,PA,1535,0.008
M,2007,Yandel,8,PA,1785,0.007
M,2007,Yariel,8,PA,1785,0.007
M,2007,Yahir,7,PA,1941,0.006
M,2007,Yosef,6,PA,2189,0.005
M,2007,Yair,5,PA,2489,0.004
M,2007,Yamir,5,PA,2489,0.004
M,2007,Yash,5,PA,2489,0.004
M,2008,Yadiel,23,PA,861,0.019
M,2008,Yandel,18,PA,1026,0.015
M,2008,Yasir,12,PA,1372,0.01
M,2008,Yariel,11,PA,1454,0.009
M,2008,Yusuf,9,PA,1659,0.008
M,2008,Yahsir,8,PA,1811,0.007
M,2008,Yousef,8,PA,1811,0.007
M,2008,Yahir,6,PA,2238,0.005
M,2008,Yusef,6,PA,2238,0.005
M,2008,Yamil,5,PA,2515,0.004
M,2008,Yaniel,5,PA,2515,0.004
M,2008,Yaseen,5,PA,2515,0.004
M,2009,Yadiel,23,PA,836,0.02
M,2009,Yandel,15,PA,1170,0.013
M,2009,Yasir,15,PA,1170,0.013
M,2009,Yariel,13,PA,1315,0.011
M,2009,Yusuf,12,PA,1387,0.01
M,2009,Yahir,9,PA,1689,0.008
M,2009,Yaniel,8,PA,1840,0.007
M,2009,Yash,8,PA,1840,0.007
M,2009,Yahya,7,PA,2006,0.006
M,2009,Yamil,7,PA,2006,0.006
M,2009,Yandiel,7,PA,2006,0.006
M,2009,Yosef,7,PA,2006,0.006
M,2009,Yasin,6,PA,2239,0.005
M,2009,Yomar,5,PA,2546,0.004
M,2009,Yousef,5,PA,2546,0.004
M,2009,Yusef,5,PA,2546,0.004
M,2010,Yadiel,22,PA,862,0.019
M,2010,Yasir,20,PA,929,0.018
M,2010,Yandel,15,PA,1166,0.013
M,2010,Yousef,13,PA,1293,0.011
M,2010,Yariel,9,PA,1669,0.008
M,2010,Yusuf,9,PA,1669,0.008
M,2010,Yahsir,7,PA,1969,0.006
M,2010,Yahir,6,PA,2193,0.005
M,2010,Yahya,6,PA,2193,0.005
M,2010,Yash,6,PA,2193,0.005
M,2010,Yasin,6,PA,2193,0.005
M,2010,Yeshua,6,PA,2193,0.005
M,2011,Yandel,20,PA,946,0.018
M,2011,Yasir,19,PA,978,0.017
M,2011,Yadiel,16,PA,1119,0.014
M,2011,Yariel,12,PA,1374,0.011
M,2011,Yusuf,11,PA,1460,0.01
M,2011,Yahir,7,PA,1992,0.006
M,2011,Yousef,7,PA,1992,0.006
M,2011,Yaseen,6,PA,2227,0.005
M,2011,Yuri,6,PA,2227,0.005
M,2011,Yael,5,PA,2536,0.004
M,2011,Yandiel,5,PA,2536,0.004
M,2011,Yaniel,5,PA,2536,0.004
M,2012,Yasir,19,PA,997,0.017
M,2012,Yadiel,12,PA,1368,0.011
M,2012,Yandel,10,PA,1577,0.009
M,2012,Yusuf,10,PA,1577,0.009
M,2012,Yariel,9,PA,1697,0.008
M,2012,Yaseen,8,PA,1844,0.007
M,2012,Yousef,7,PA,2028,0.006
M,2012,Youssef,7,PA,2028,0.006
M,2012,Yusef,7,PA,2028,0.006
M,2012,Yasin,6,PA,2258,0.005
M,2012,Yahir,5,PA,2562,0.004
M,2012,Yahya,5,PA,2562,0.004
M,2013,Yadiel,15,PA,1154,0.013
M,2013,Yariel,12,PA,1366,0.011
M,2013,Yasir,12,PA,1366,0.011
M,2013,Yousef,11,PA,1449,0.01
M,2013,Yusuf,11,PA,1449,0.01
M,2013,Yael,9,PA,1677,0.008
M,2013,Yahir,8,PA,1822,0.007
M,2013,Yandel,8,PA,1822,0.007
M,2013,Yaseen,7,PA,1980,0.006
M,2013,Yahya,5,PA,2504,0.004
M,2013,Yosef,5,PA,2504,0.004
M,2014,Yusuf,15,PA,1192,0.013
M,2014,Yousef,14,PA,1250,0.012
M,2014,Yandel,13,PA,1317,0.011
M,2014,Yasir,11,PA,1499,0.01
M,2014,Yahir,9,PA,1752,0.008
M,2014,Yariel,8,PA,1890,0.007
M,2014,Yadiel,7,PA,2069,0.006
M,2014,Yasin,7,PA,2069,0.006
M,2014,Youssef,7,PA,2069,0.006
M,2014,Yaniel,6,PA,2292,0.005
M,2014,Yaseen,6,PA,2292,0.005
M,2014,Yusef,6,PA,2292,0.005
M,2014,Yassin,5,PA,2559,0.004
M,2015,Yasir,20,PA,987,0.018
M,2015,Yusuf,18,PA,1069,0.016
M,2015,Yadiel,11,PA,1528,0.01
M,2015,Yandel,10,PA,1619,0.009
M,2015,Yahir,7,PA,2050,0.006
M,2015,Yaseen,7,PA,2050,0.006
M,2015,Yasin,7,PA,2050,0.006
M,2015,Yariel,6,PA,2267,0.005
M,2015,Yuvan,6,PA,2267,0.005
M,2015,Yaniel,5,PA,2553,0.004
M,2015,Yousef,5,PA,2553,0.004
M,2015,Yousif,5,PA,2553,0.004
M,2016,Yusuf,13,PA,1337,0.012
M,2016,Yasir,12,PA,1405,0.011
M,2016,Yaseen,10,PA,1600,0.009
M,2016,Yadiel,9,PA,1714,0.008
M,2016,Yahya,7,PA,2068,0.006
M,2016,Yaniel,7,PA,2068,0.006
M,2016,Yosef,7,PA,2068,0.006
M,2016,Youssef,7,PA,2068,0.006
M,2016,Yusef,6,PA,2299,0.005
M,2016,Yasin,5,PA,2609,0.005
M,2016,Yousef,5,PA,2609,0.005
M,2017,Yasin,16,PA,1193,0.015
M,2017,Yusuf,14,PA,1311,0.013
M,2017,Yahya,12,PA,1435,0.011
M,2017,Yasir,11,PA,1525,0.01
M,2017,Youssef,9,PA,1756,0.008
M,2017,Yadiel,8,PA,1876,0.007
M,2017,Yariel,8,PA,1876,0.007
M,2017,Yuri,8,PA,1876,0.007
M,2017,Yaseen,7,PA,2062,0.006
M,2017,Yuvan,7,PA,2062,0.006
M,2017,Yaniel,6,PA,2321,0.005
M,2017,Yeshua,6,PA,2321,0.005
M,2017,Yosef,6,PA,2321,0.005
M,2017,Yahir,5,PA,2626,0.005
M,2017,Yuvaan,5,PA,2626,0.005
M,2018,Yusuf,19,PA,1052,0.018
M,2018,Yadiel,14,PA,1275,0.013
M,2018,Yasir,14,PA,1275,0.013
M,2018,Yahya,11,PA,1502,0.01
M,2018,Yasin,9,PA,1704,0.008
M,2018,Yaseen,8,PA,1862,0.007
M,2018,Yousef,8,PA,1862,0.007
M,2018,Youssef,8,PA,1862,0.007
M,2018,Yair,6,PA,2348,0.006
M,2018,Yariel,6,PA,2348,0.006
M,2018,Yuri,6,PA,2348,0.006
M,2018,Yehuda,5,PA,2628,0.005
M,2018,Yisroel,5,PA,2628,0.005
M,2019,Yusuf,30,PA,732,0.028
M,2019,Yousef,11,PA,1515,0.01
M,2019,Yadiel,10,PA,1638,0.009
M,2019,Yasir,10,PA,1638,0.009
M,2019,Yariel,9,PA,1755,0.009
M,2019,Yosef,8,PA,1910,0.008
M,2019,Yael,7,PA,2084,0.007
M,2019,Yahya,7,PA,2084,0.007
M,2019,Yaseen,7,PA,2084,0.007
M,2019,Yeshua,7,PA,2084,0.007
M,2019,Youssef,7,PA,2084,0.007
M,2019,Yuri,7,PA,2084,0.007
M,2019,Yaqub,6,PA,2322,0.006
M,2019,Yair,5,PA,2635,0.005
M,2019,Yasin,5,PA,2635,0.005
M,2020,Yusuf,23,PA,883,0.022
M,2020,Yasir,17,PA,1135,0.017
M,2020,Yousef,11,PA,1513,0.011
M,2020,Yadiel,8,PA,1901,0.008
M,2020,Yasin,8,PA,1901,0.008
M,2020,Yahir,7,PA,2062,0.007
M,2020,Yahya,7,PA,2062,0.007
M,2020,Yuri,6,PA,2296,0.006
M,2020,Yadriel,5,PA,2600,0.005
M,2020,Yair,5,PA,2600,0.005
M,2020,Yaniel,5,PA,2600,0.005
M,2020,Yaseen,5,PA,2600,0.005
M,2020,Yosef,5,PA,2600,0.005
M,2020,Yunus,5,PA,2600,0.005
M,2021,Yusuf,20,PA,1007,0.019
M,2021,Yahya,15,PA,1240,0.014
M,2021,Yasin,15,PA,1240,0.014
M,2021,Yadiel,14,PA,1309,0.013
M,2021,Yasir,12,PA,1479,0.012
M,2021,Youssef,10,PA,1653,0.01
M,2021,Yael,8,PA,1944,0.008
M,2021,Yariel,8,PA,1944,0.008
M,2021,Yosef,8,PA,1944,0.008
M,2021,Yaseen,7,PA,2112,0.007
M,2021,Yaakov,6,PA,2332,0.006
M,2021,Yousuf,6,PA,2332,0.006
M,2021,Yahir,5,PA,2664,0.005
M,2021,Yanis,5,PA,2664,0.005
M,2021,Yousef,5,PA,2664,0.005
M,2021,Yulian,5,PA,2664,0.005
M,2021,Yuri,5,PA,2664,0.005
M,2022,Yusuf,20,PA,1022,0.02
M,2022,Yousef,10,PA,1672,0.01
M,2022,Yahya,9,PA,1787,0.009
M,2022,Yasir,9,PA,1787,0.009
M,2022,Yunus,8,PA,1931,0.008
M,2022,Yasin,7,PA,2117,0.007
M,2022,Youssef,7,PA,2117,0.007
M,2022,Yadiel,6,PA,2352,0.006
M,2022,Yaseen,6,PA,2352,0.006
M,2022,Yosef,6,PA,2352,0.006
M,2022,Yanis,5,PA,2643,0.005
M,2022,Yusef,5,PA,2643,0.005
M,2023,Yusuf,26,PA,827,0.026
M,2023,Yasin,11,PA,1561,0.011
M,2023,Yaakov,10,PA,1664,0.01
M,2023,Yousef,9,PA,1791,0.009
M,2023,Yael,8,PA,1937,0.008
M,2023,Yaseen,8,PA,1937,0.008
M,2023,Yasir,8,PA,1937,0.008
M,2023,Yazan,8,PA,1937,0.008
M,2023,Yuri,8,PA,1937,0.008
M,2023,Yadiel,7,PA,2122,0.007
M,2023,Yahya,7,PA,2122,0.007
M,2023,Yosef,7,PA,2122,0.007
M,2023,Yahir,6,PA,2359,0.006
M,2023,Yair,6,PA,2359,0.006
M,2023,Yariel,5,PA,2637,0.005
M,2023,Yasiel,5,PA,2637,0.005
M,2023,Yohan,5,PA,2637,0.005
M,2023,Younes,5,PA,2637,0.005
M,2023,Youssef,5,PA,2637,0.005
M,2024,Yusuf,41,PA,553,0.042
M,2024,Yasir,15,PA,1242,0.015
M,2024,Yael,12,PA,1458,0.012
M,2024,Yousef,12,PA,1458,0.012
M,2024,Yadiel,10,PA,1640,0.01
M,2024,Yahya,10,PA,1640,0.01
M,2024,Yaseen,9,PA,1764,0.009
M,2024,Yehuda,8,PA,1908,0.008
M,2024,Yasin,7,PA,2103,0.007
M,2024,Yosef,7,PA,2103,0.007
M,2024,Yuri,7,PA,2103,0.007
M,2024,Yariel,6,PA,2327,0.006
M,2024,Yetzael,6,PA,2327,0.006
M,2024,Yunus,6,PA,2327,0.006
M,2024,Yisroel,5,PA,2617,0.005
F,1920,Yvonne,9,AR,609,0.024
F,1921,Yvonne,5,AR,896,0.013
F,1922,Yvonne,6,AR,797,0.016
F,1925,Yvonne,10,AR,591,0.025
F,1926,Yvonne,6,AR,776,0.015
F,1928,Yvonne,6,AR,725,0.017
F,1929,Yvonne,6,AR,718,0.017
F,1930,Yvonne,11,AR,521,0.03
F,1931,Yvonne,14,AR,419,0.041
F,1932,Yvonne,8,AR,626,0.022
F,1933,Yvonne,7,AR,649,0.02
F,1934,Yvonne,19,AR,359,0.052
F,1935,Yvonne,27,AR,293,0.072
F,1936,Yvonne,40,AR,197,0.117
F,1937,Yvonne,32,AR,232,0.091
F,1938,Yvonne,36,AR,223,0.098
F,1939,Yvonne,26,AR,284,0.072
F,1940,Yvonne,38,AR,219,0.099
F,1941,Yvonne,21,AR,348,0.053
F,1942,Yvonne,26,AR,311,0.063
F,1943,Yvonne,26,AR,308,0.062
F,1944,Yvonne,13,AR,457,0.033
F,1945,Yvonne,14,AR,418,0.038
F,1946,Yvonne,19,AR,377,0.044
F,1947,Yvonne,21,AR,367,0.044
F,1948,Yvonne,22,AR,350,0.049
F,1948,Yolanda,5,AR,786,0.011
F,1949,Yvonne,30,AR,275,0.067
F,1949,Yolanda,7,AR,667,0.016
F,1950,Yvonne,23,AR,323,0.053
F,1951,Yvonne,24,AR,310,0.056
F,1951,Yolanda,7,AR,641,0.016
F,1952,Yvonne,26,AR,284,0.063
F,1953,Yvonne,32,AR,252,0.079
F,1953,Yolanda,12,AR,473,0.03
F,1954,Yvonne,21,AR,332,0.052
F,1954,Yolanda,11,AR,500,0.027
F,1955,Yvonne,23,AR,302,0.059
F,1955,Yolanda,7,AR,648,0.018
F,1956,Yvonne,21,AR,335,0.054
F,1956,Yolanda,14,AR,440,0.036
F,1956,Yvette,5,AR,777,0.013
F,1957,Yvonne,21,AR,325,0.054
F,1957,Yolanda,8,AR,621,0.021
F,1958,Yvonne,21,AR,324,0.056
F,1958,Yolanda,7,AR,643,0.019
F,1959,Yvonne,16,AR,389,0.043
F,1959,Yolanda,11,AR,509,0.029
F,1960,Yvonne,22,AR,312,0.059
F,1960,Yolanda,10,AR,536,0.027
F,1960,Yvette,7,AR,664,0.019
F,1961,Yvonne,24,AR,300,0.065
F,1961,Yolanda,12,AR,495,0.032
F,1961,Yvette,8,AR,626,0.022
F,1962,Yvonne,23,AR,323,0.062
F,1962,Yolanda,13,AR,460,0.035
F,1962,Yvette,5,AR,777,0.013
F,1963,Yvonne,18,AR,377,0.049
F,1963,Yolanda,12,AR,497,0.032
F,1964,Yvonne,28,AR,268,0.077
F,1964,Yolanda,20,AR,362,0.055
F,1964,Yvette,10,AR,557,0.027
F,1965,Yvonne,25,AR,258,0.078
F,1965,Yolanda,24,AR,271,0.075
F,1965,Yvette,11,AR,481,0.034
F,1966,Yolanda,22,AR,298,0.074
F,1966,Yvonne,14,AR,387,0.047
F,1966,Yvette,12,AR,431,0.04
F,1967,Yolanda,30,AR,212,0.105
F,1967,Yvonne,10,AR,464,0.035
F,1967,Yvette,9,AR,497,0.032
F,1968,Yolanda,38,AR,162,0.136
F,1968,Yvonne,12,AR,421,0.043
F,1968,Yvette,7,AR,577,0.025
F,1968,Yolonda,5,AR,708,0.018
F,1969,Yolanda,40,AR,166,0.139
F,1969,Yvonne,12,AR,420,0.042
F,1969,Yvette,9,AR,497,0.031
F,1969,Yulonda,7,AR,602,0.024
F,1970,Yolanda,46,AR,145,0.155
F,1970,Yvonne,12,AR,435,0.04
F,1970,Yulonda,5,AR,712,0.017
F,1971,Yolanda,56,AR,131,0.188
F,1971,Yvonne,17,AR,354,0.057
F,1971,Yulonda,7,AR,609,0.023
F,1971,Yolonda,6,AR,652,0.02
F,1971,Yvette,6,AR,652,0.02
F,1972,Yolanda,43,AR,152,0.153
F,1972,Yolonda,7,AR,586,0.025
F,1972,Yvonne,7,AR,586,0.025
F,1972,Yvette,6,AR,649,0.021
F,1973,Yolanda,48,AR,133,0.175
F,1973,Yvonne,10,AR,470,0.036
F,1974,Yolanda,38,AR,166,0.134
F,1974,Yvette,6,AR,678,0.021
F,1974,Yolonda,5,AR,739,0.018
F,1974,Yvonne,5,AR,739,0.018
F,1975,Yolanda,58,AR,115,0.211
F,1975,Yvonne,11,AR,446,0.04
F,1975,Yolonda,5,AR,731,0.018
F,1976,Yolanda,43,AR,148,0.158
F,1977,Yolanda,31,AR,194,0.109
F,1977,Yulanda,6,AR,656,0.021
F,1977,Yvonne,5,AR,728,0.018
F,1978,Yolanda,33,AR,172,0.121
F,1978,Yolonda,5,AR,702,0.018
F,1979,Yolanda,26,AR,223,0.09
F,1980,Yolanda,29,AR,207,0.098
F,1980,Yvonne,7,AR,615,0.024
F,1981,Yolanda,25,AR,232,0.089
F,1982,Yolanda,21,AR,264,0.075
F,1983,Yolanda,9,AR,476,0.032
F,1984,Yolanda,10,AR,447,0.036
F,1984,Yvonne,6,AR,623,0.021
F,1985,Yolanda,15,AR,319,0.054
F,1986,Yolanda,6,AR,615,0.022
F,1987,Yolanda,10,AR,422,0.037
F,1988,Yolanda,9,AR,467,0.033
F,1989,Yolanda,11,AR,416,0.04
F,1990,Yolanda,6,AR,686,0.021
F,1991,Yolanda,7,AR,586,0.026
F,1993,Yasmine,8,AR,532,0.031
F,1994,Yasmin,5,AR,776,0.02
F,1997,Yasmine,5,AR,840,0.019
F,1998,Yasmine,6,AR,756,0.023
F,1998,Yesenia,6,AR,756,0.023
F,1999,Yasmine,6,AR,769,0.023
F,2001,Yasmine,5,AR,911,0.019
F,2001,Yesenia,5,AR,911,0.019
F,2001,Yvette,5,AR,911,0.019
F,2002,Yasmin,6,AR,817,0.023
F,2002,Yesenia,6,AR,817,0.023
F,2003,Yesenia,7,AR,739,0.026
F,2003,Yasmin,6,AR,840,0.022
F,2003,Yasmine,6,AR,840,0.022
F,2003,Yoselin,5,AR,963,0.019
F,2004,Yasmin,5,AR,966,0.018
F,2004,Yesenia,5,AR,966,0.018
F,2005,Yadira,8,AR,719,0.029
F,2005,Yareli,8,AR,719,0.029
F,2005,Yasmine,8,AR,719,0.029
F,2005,Yesenia,5,AR,1046,0.018
F,2006,Yasmin,8,AR,744,0.028
F,2006,Yasmine,5,AR,1046,0.018
F,2007,Yasmin,6,AR,946,0.021
F,2007,Yajaira,5,AR,1084,0.018
F,2008,Yareli,5,AR,1081,0.018
F,2008,Yasmine,5,AR,1081,0.018
F,2009,Yasmin,9,AR,681,0.034
F,2009,Yareli,8,AR,750,0.03
F,2009,Yaretzi,5,AR,1066,0.019
F,2011,Yamilet,5,AR,1051,0.019
F,2011,Yaretzi,5,AR,1051,0.019
F,2012,Yaretzi,6,AR,927,0.023
F,2012,Yasmin,6,AR,927,0.023
F,2013,Yaretzi,14,AR,456,0.055
F,2013,Yamilet,5,AR,1066,0.02
F,2018,Yaretzi,5,AR,1083,0.02
F,2019,Yaretzi,7,AR,855,0.029
F,2020,Yaretzi,6,AR,968,0.026
F,2022,Yareli,5,AR,1114,0.022
M,1965,Yul,5,AR,742,0.016
M,1979,Yancey,5,AR,744,0.017
M,2003,Yahir,7,AR,739,0.026
M,2004,Yahir,5,AR,966,0.018
M,2005,Yahir,7,AR,822,0.026
M,2007,Yahir,5,AR,1084,0.018
M,2007,Yair,5,AR,1084,0.018
M,2008,Yahir,5,AR,1081,0.018
M,2011,Yahir,6,AR,916,0.023
M,2012,Yahir,6,AR,927,0.023
M,2018,Yahir,5,AR,1083,0.02
M,2018,Yahya,5,AR,1083,0.02
F,1916,Yvonne,8,NC,712,0.014
F,1918,Yvonne,6,NC,911,0.009
F,1919,Yvonne,6,NC,941,0.009
F,1920,Yvonne,5,NC,1086,0.007
F,1921,Yvonne,12,NC,632,0.017
F,1922,Yvonne,6,NC,984,0.008
F,1923,Yvonne,6,NC,955,0.008
F,1924,Yvonne,9,NC,766,0.012
F,1925,Yvonne,8,NC,812,0.011
F,1926,Yvonne,17,NC,517,0.023
F,1927,Yvonne,6,NC,968,0.008
F,1928,Yvonne,15,NC,556,0.021
F,1929,Yvonne,15,NC,538,0.022
F,1930,Yvonne,17,NC,508,0.025
F,1931,Yvonne,22,NC,435,0.034
F,1932,Yvonne,25,NC,434,0.035
F,1933,Yvonne,14,NC,562,0.021
F,1934,Yvonne,23,NC,446,0.032
F,1935,Yvonne,47,NC,295,0.065
F,1936,Yvonne,68,NC,217,0.098
F,1937,Yvonne,84,NC,191,0.117
F,1938,Yvonne,96,NC,168,0.132
F,1939,Yvonne,91,NC,177,0.125
F,1940,Yvonne,77,NC,202,0.103
F,1941,Yvonne,70,NC,228,0.09
F,1942,Yvonne,65,NC,258,0.078
F,1943,Yvonne,57,NC,283,0.066
F,1944,Yvonne,47,NC,316,0.057
F,1945,Yvonne,63,NC,253,0.077
F,1946,Yvonne,73,NC,242,0.077
F,1946,Yolanda,8,NC,854,0.008
F,1947,Yvonne,69,NC,283,0.065
F,1947,Yolanda,11,NC,774,0.01
F,1948,Yvonne,93,NC,212,0.091
F,1948,Yvette,6,NC,1019,0.006
F,1949,Yvonne,94,NC,208,0.094
F,1949,Yolanda,6,NC,1006,0.006
F,1950,Yvonne,93,NC,208,0.094
F,1950,Yvette,5,NC,1122,0.005
F,1951,Yvonne,126,NC,167,0.122
F,1951,Yolanda,9,NC,876,0.009
F,1951,Yvette,8,NC,923,0.008
F,1952,Yvonne,102,NC,202,0.098
F,1952,Yvette,11,NC,791,0.011
F,1952,Yolanda,9,NC,866,0.009
F,1953,Yvonne,117,NC,180,0.111
F,1953,Yvette,8,NC,925,0.008
F,1953,Yolanda,7,NC,981,0.007
F,1954,Yvonne,118,NC,188,0.111
F,1954,Yolanda,13,NC,750,0.012
F,1955,Yvonne,93,NC,221,0.087
F,1955,Yolanda,19,NC,621,0.018
F,1955,Yvette,7,NC,1029,0.007
F,1956,Yvonne,106,NC,204,0.099
F,1956,Yvette,17,NC,662,0.016
F,1956,Yolanda,16,NC,681,0.015
F,1957,Yvonne,99,NC,215,0.094
F,1957,Yolanda,16,NC,691,0.015
F,1957,Yvette,8,NC,952,0.008
F,1958,Yvonne,84,NC,240,0.083
F,1958,Yolanda,21,NC,600,0.021
F,1958,Yvette,18,NC,658,0.018
F,1959,Yvonne,75,NC,263,0.074
F,1959,Yolanda,20,NC,615,0.02
F,1959,Yvette,9,NC,901,0.009
F,1960,Yvonne,67,NC,297,0.067
F,1960,Yvette,25,NC,545,0.025
F,1960,Yolanda,19,NC,640,0.019
F,1961,Yvonne,64,NC,299,0.063
F,1961,Yvette,30,NC,496,0.03
F,1961,Yolanda,21,NC,605,0.021
F,1962,Yvonne,58,NC,315,0.059
F,1962,Yolanda,23,NC,556,0.023
F,1962,Yvette,23,NC,556,0.023
F,1963,Yvonne,56,NC,330,0.058
F,1963,Yvette,42,NC,394,0.043
F,1963,Yolanda,28,NC,496,0.029
F,1964,Yvonne,66,NC,292,0.069
F,1964,Yvette,40,NC,399,0.042
F,1964,Yolanda,36,NC,426,0.038
F,1965,Yvonne,50,NC,322,0.057
F,1965,Yvette,39,NC,379,0.045
F,1965,Yolanda,31,NC,439,0.035
F,1966,Yvonne,57,NC,286,0.069
F,1966,Yvette,30,NC,432,0.036
F,1966,Yolanda,26,NC,475,0.031
F,1967,Yvonne,50,NC,317,0.061
F,1967,Yolanda,38,NC,379,0.046
F,1967,Yvette,35,NC,393,0.042
F,1967,Yolonda,5,NC,1167,0.006
F,1968,Yolanda,73,NC,220,0.088
F,1968,Yvette,36,NC,394,0.044
F,1968,Yvonne,31,NC,430,0.037
F,1969,Yolanda,96,NC,179,0.115
F,1969,Yvonne,51,NC,314,0.061
F,1969,Yvette,27,NC,471,0.032
F,1970,Yolanda,66,NC,268,0.075
F,1970,Yvonne,31,NC,447,0.035
F,1970,Yvette,29,NC,466,0.033
F,1971,Yolanda,92,NC,193,0.109
F,1971,Yvonne,35,NC,409,0.041
F,1971,Yvette,30,NC,450,0.035
F,1971,Yolonda,6,NC,1112,0.007
F,1972,Yolanda,115,NC,142,0.147
F,1972,Yvonne,28,NC,460,0.036
F,1972,Yvette,12,NC,731,0.015
F,1973,Yolanda,89,NC,179,0.12
F,1973,Yvonne,31,NC,415,0.042
F,1973,Yvette,22,NC,521,0.03
F,1973,Yashica,5,NC,1188,0.007
F,1973,Yolonda,5,NC,1188,0.007
F,1974,Yolanda,96,NC,154,0.132
F,1974,Yvonne,29,NC,433,0.04
F,1974,Yvette,8,NC,906,0.011
F,1974,Youlanda,6,NC,1094,0.008
F,1974,Yolander,5,NC,1206,0.007
F,1975,Yolanda,80,NC,175,0.116
F,1975,Yvette,13,NC,690,0.019
F,1975,Yvonne,12,NC,727,0.017
F,1976,Yolanda,70,NC,189,0.103
F,1976,Yvonne,10,NC,780,0.015
F,1977,Yolanda,66,NC,212,0.092
F,1977,Yvonne,15,NC,636,0.021
F,1977,Yvette,6,NC,1115,0.008
F,1977,Yasmin,5,NC,1256,0.007
F,1977,Yolonda,5,NC,1256,0.007
F,1978,Yolanda,70,NC,195,0.101
F,1978,Yvonne,15,NC,613,0.022
F,1978,Yasmin,7,NC,1013,0.01
F,1978,Yolonda,7,NC,1013,0.01
F,1978,Yashica,6,NC,1111,0.009
F,1978,Yvette,5,NC,1262,0.007
F,1979,Yolanda,62,NC,219,0.088
F,1979,Yvonne,13,NC,683,0.018
F,1979,Yvette,9,NC,862,0.013
F,1979,Yashica,6,NC,1129,0.009
F,1980,Yolanda,55,NC,245,0.077
F,1980,Yvonne,14,NC,647,0.02
F,1980,Yashica,8,NC,927,0.011
F,1980,Yulonda,5,NC,1254,0.007
F,1981,Yolanda,53,NC,245,0.075
F,1981,Yvonne,14,NC,627,0.02
F,1981,Yvette,7,NC,1010,0.01
F,1981,Yolonda,5,NC,1236,0.007
F,1982,Yolanda,55,NC,240,0.076
F,1982,Yvonne,9,NC,849,0.012
F,1982,Yvette,6,NC,1129,0.008
F,1983,Yolanda,41,NC,287,0.057
F,1983,Yvette,6,NC,1112,0.008
F,1984,Yolanda,45,NC,273,0.061
F,1984,Yvette,9,NC,840,0.012
F,1984,Yvonne,6,NC,1086,0.008
F,1985,Yolanda,41,NC,298,0.054
F,1985,Yvonne,6,NC,1189,0.008
F,1986,Yolanda,31,NC,384,0.041
F,1986,Yasmine,5,NC,1339,0.007
F,1987,Yolanda,19,NC,561,0.024
F,1987,Yvonne,13,NC,723,0.017
F,1988,Yolanda,29,NC,411,0.035
F,1988,Yvette,5,NC,1428,0.006
F,1989,Yolanda,18,NC,639,0.021
F,1989,Yvonne,11,NC,889,0.013
F,1989,Yasmine,9,NC,1026,0.01
F,1989,Yasmin,7,NC,1203,0.008
F,1989,Yasmeen,5,NC,1483,0.006
F,1990,Yolanda,15,NC,723,0.017
F,1990,Yasmine,8,NC,1136,0.009
F,1990,Yesenia,5,NC,1559,0.006
F,1991,Yolanda,14,NC,758,0.016
F,1991,Yvonne,7,NC,1240,0.008
F,1991,Yvette,5,NC,1556,0.006
F,1992,Yolanda,21,NC,586,0.024
F,1992,Yasmine,15,NC,730,0.017
F,1992,Yasmeen,8,NC,1176,0.009
F,1992,Yasmin,7,NC,1295,0.008
F,1992,Yvonne,7,NC,1295,0.008
F,1992,Yesenia,5,NC,1636,0.006
F,1993,Yasmine,17,NC,677,0.02
F,1993,Yolanda,15,NC,752,0.018
F,1993,Yasmeen,8,NC,1168,0.01
F,1993,Yasmin,8,NC,1168,0.01
F,1993,Yesenia,8,NC,1168,0.01
F,1994,Yasmine,22,NC,574,0.027
F,1994,Yesenia,11,NC,924,0.013
F,1994,Yasmin,9,NC,1071,0.011
F,1994,Yolanda,8,NC,1168,0.01
F,1994,Yasmeen,6,NC,1410,0.007
F,1995,Yasmine,18,NC,660,0.022
F,1995,Yasmeen,8,NC,1203,0.01
F,1995,Yasmin,6,NC,1456,0.007
F,1995,Yesenia,6,NC,1456,0.007
F,1995,Yesica,6,NC,1456,0.007
F,1995,Yolanda,6,NC,1456,0.007
F,1995,Yvette,5,NC,1657,0.006
F,1995,Yvonne,5,NC,1657,0.006
F,1996,Yasmine,23,NC,578,0.027
F,1996,Yesenia,14,NC,838,0.016
F,1996,Yasmin,10,NC,1072,0.012
F,1996,Yazmin,6,NC,1510,0.007
F,1996,Yadira,5,NC,1684,0.006
F,1997,Yasmine,26,NC,566,0.03
F,1997,Yesenia,20,NC,686,0.023
F,1997,Yasmin,11,NC,1032,0.013
F,1997,Yazmin,9,NC,1200,0.01
F,1997,Yakira,8,NC,1290,0.009
F,1997,Yolanda,8,NC,1290,0.009
F,1997,Yasmeen,6,NC,1534,0.007
F,1997,Yadira,5,NC,1788,0.006
F,1997,Yazmine,5,NC,1788,0.006
F,1997,Yulissa,5,NC,1788,0.006
F,1998,Yesenia,25,NC,614,0.028
F,1998,Yasmine,19,NC,747,0.021
F,1998,Yolanda,10,NC,1176,0.011
F,1998,Yasmin,9,NC,1265,0.01
F,1998,Yulisa,7,NC,1503,0.008
F,1998,Yvonne,7,NC,1503,0.008
F,1998,Yadira,6,NC,1663,0.007
F,1998,Yesica,5,NC,1860,0.006
F,1999,Yasmine,41,NC,420,0.045
F,1999,Yesenia,29,NC,561,0.032
F,1999,Yasmin,12,NC,1047,0.013
F,1999,Yadira,7,NC,1522,0.008
F,1999,Yolanda,7,NC,1522,0.008
F,1999,Yessenia,6,NC,1688,0.007
F,1999,Yajaira,5,NC,1910,0.005
F,1999,Yanet,5,NC,1910,0.005
F,1999,Yenifer,5,NC,1910,0.005
F,1999,Yessica,5,NC,1910,0.005
F,2000,Yesenia,35,NC,511,0.036
F,2000,Yasmine,32,NC,548,0.033
F,2000,Yasmin,24,NC,695,0.025
F,2000,Yamilet,10,NC,1255,0.01
F,2000,Yaquelin,10,NC,1255,0.01
F,2000,Yazmin,10,NC,1255,0.01
F,2000,Yajaira,9,NC,1352,0.009
F,2000,Yasmeen,9,NC,1352,0.009
F,2000,Yolanda,9,NC,1352,0.009
F,2000,Yoselin,9,NC,1352,0.009
F,2000,Yessenia,7,NC,1646,0.007
F,2000,Yulissa,7,NC,1646,0.007
F,2000,Yadira,6,NC,1822,0.006
F,2000,Yamileth,6,NC,1822,0.006
F,2000,Yanet,5,NC,2071,0.005
F,2000,Yesica,5,NC,2071,0.005
F,2000,Yessica,5,NC,2071,0.005
F,2000,Yuri,5,NC,2071,0.005
F,2001,Yasmine,34,NC,539,0.036
F,2001,Yasmin,26,NC,653,0.027
F,2001,Yesenia,26,NC,653,0.027
F,2001,Yadira,18,NC,861,0.019
F,2001,Yesica,11,NC,1176,0.012
F,2001,Yaneli,8,NC,1490,0.008
F,2001,Yaire,7,NC,1623,0.007
F,2001,Yenifer,7,NC,1623,0.007
F,2001,Yessica,7,NC,1623,0.007
F,2001,Yolanda,7,NC,1623,0.007
F,2001,Yuliana,7,NC,1623,0.007
F,2001,Yulisa,7,NC,1623,0.007
F,2001,Yahaira,6,NC,1806,0.006
F,2001,Yamilet,6,NC,1806,0.006
F,2001,Yarely,6,NC,1806,0.006
F,2001,Yasmeen,6,NC,1806,0.006
F,2001,Yoselin,6,NC,1806,0.006
F,2001,Yajaira,5,NC,2088,0.005
F,2001,Yaquelin,5,NC,2088,0.005
F,2001,Yessenia,5,NC,2088,0.005
F,2001,Yuridia,5,NC,2088,0.005
F,2002,Yesenia,32,NC,554,0.034
F,2002,Yasmin,29,NC,594,0.031
F,2002,Yasmine,21,NC,752,0.022
F,2002,Yadira,17,NC,896,0.018
F,2002,Yulisa,9,NC,1361,0.01
F,2002,Yolanda,8,NC,1489,0.009
F,2002,Yamilet,7,NC,1643,0.007
F,2002,Yaritza,7,NC,1643,0.007
F,2002,Yesica,7,NC,1643,0.007
F,2002,Yessica,7,NC,1643,0.007
F,2002,Yoselin,7,NC,1643,0.007
F,2002,Yazmine,6,NC,1838,0.006
F,2002,Yenifer,6,NC,1838,0.006
F,2002,Yessenia,6,NC,1838,0.006
F,2002,Yaquelin,5,NC,2100,0.005
F,2002,Yareli,5,NC,2100,0.005
F,2002,Yvette,5,NC,2100,0.005
F,2003,Yasmin,28,NC,621,0.03
F,2003,Yasmine,28,NC,621,0.03
F,2003,Yesenia,27,NC,643,0.029
F,2003,Yazmine,12,NC,1152,0.013
F,2003,Yoselin,12,NC,1152,0.013
F,2003,Yadira,10,NC,1306,0.011
F,2003,Yulisa,10,NC,1306,0.011
F,2003,Yareli,8,NC,1518,0.008
F,2003,Yesica,8,NC,1518,0.008
F,2003,Yessenia,8,NC,1518,0.008
F,2003,Yolanda,8,NC,1518,0.008
F,2003,Yuliana,8,NC,1518,0.008
F,2003,Yahaira,7,NC,1694,0.007
F,2003,Yamileth,6,NC,1878,0.006
F,2003,Yaira,5,NC,2136,0.005
F,2003,Yaire,5,NC,2136,0.005
F,2003,Yamilet,5,NC,2136,0.005
F,2003,Yaquelin,5,NC,2136,0.005
F,2003,Yessica,5,NC,2136,0.005
F,2004,Yasmin,38,NC,488,0.04
F,2004,Yesenia,20,NC,836,0.021
F,2004,Yasmine,19,NC,866,0.02
F,2004,Yadira,18,NC,901,0.019
F,2004,Yareli,15,NC,1032,0.016
F,2004,Yoselin,12,NC,1205,0.013
F,2004,Yaquelin,11,NC,1274,0.012
F,2004,Yamilet,10,NC,1356,0.01
F,2004,Yazmin,10,NC,1356,0.01
F,2004,Yajaira,9,NC,1462,0.009
F,2004,Yaritza,9,NC,1462,0.009
F,2004,Yolanda,8,NC,1588,0.008
F,2004,Yoselyn,8,NC,1588,0.008
F,2004,Yara,7,NC,1727,0.007
F,2004,Yessenia,7,NC,1727,0.007
F,2004,Yessica,7,NC,1727,0.007
F,2004,Yvette,7,NC,1727,0.007
F,2004,Yahaira,6,NC,1922,0.006
F,2004,Yeimi,6,NC,1922,0.006
F,2004,Yasmeen,5,NC,2168,0.005
F,2004,Yuliana,5,NC,2168,0.005
F,2005,Yasmin,35,NC,543,0.036
F,2005,Yesenia,25,NC,719,0.026
F,2005,Yasmine,24,NC,751,0.025
F,2005,Yoselin,14,NC,1120,0.014
F,2005,Yareli,11,NC,1318,0.011
F,2005,Yazmin,11,NC,1318,0.011
F,2005,Yamileth,10,NC,1415,0.01
F,2005,Yolanda,10,NC,1415,0.01
F,2005,Yuridia,10,NC,1415,0.01
F,2005,Yadira,9,NC,1520,0.009
F,2005,Yaritza,9,NC,1520,0.009
F,2005,Yulisa,9,NC,1520,0.009
F,2005,Yessenia,8,NC,1645,0.008
F,2005,Yahaira,7,NC,1803,0.007
F,2005,Yajaira,7,NC,1803,0.007
F,2005,Yamilet,7,NC,1803,0.007
F,2005,Yasmeen,7,NC,1803,0.007
F,2005,Yanet,5,NC,2239,0.005
F,2005,Yarely,5,NC,2239,0.005
F,2005,Yessica,5,NC,2239,0.005
F,2005,Yuliana,5,NC,2239,0.005
F,2005,Yulissa,5,NC,2239,0.005
F,2006,Yasmin,43,NC,483,0.042
F,2006,Yesenia,22,NC,817,0.022
F,2006,Yasmine,18,NC,967,0.018
F,2006,Yoselin,17,NC,996,0.017
F,2006,Yadira,16,NC,1056,0.016
F,2006,Yuridia,13,NC,1220,0.013
F,2006,Yamilet,12,NC,1291,0.012
F,2006,Yareli,10,NC,1471,0.01
F,2006,Yazmin,9,NC,1587,0.009
F,2006,Yadhira,8,NC,1720,0.008
F,2006,Yaritza,8,NC,1720,0.008
F,2006,Yolanda,8,NC,1720,0.008
F,2006,Yuliana,8,NC,1720,0.008
F,2006,Yajaira,7,NC,1889,0.007
F,2006,Yamileth,6,NC,2086,0.006
F,2006,Yarely,6,NC,2086,0.006
F,2006,Yazmine,6,NC,2086,0.006
F,2006,Yeimi,6,NC,2086,0.006
F,2006,Yaneli,5,NC,2368,0.005
F,2006,Yessenia,5,NC,2368,0.005
F,2006,Yoselyn,5,NC,2368,0.005
F,2006,Yulissa,5,NC,2368,0.005
F,2007,Yasmin,37,NC,553,0.035
F,2007,Yoselin,25,NC,779,0.024
F,2007,Yadira,23,NC,819,0.022
F,2007,Yareli,20,NC,917,0.019
F,2007,Yasmine,18,NC,992,0.017
F,2007,Yesenia,17,NC,1038,0.016
F,2007,Yuridia,17,NC,1038,0.016
F,2007,Yazmin,12,NC,1350,0.012
F,2007,Yuliana,12,NC,1350,0.012
F,2007,Yamilet,10,NC,1534,0.01
F,2007,Yarely,10,NC,1534,0.01
F,2007,Yaritza,10,NC,1534,0.01
F,2007,Yamileth,9,NC,1664,0.009
F,2007,Yara,9,NC,1664,0.009
F,2007,Yoselyn,9,NC,1664,0.009
F,2007,Yaneli,8,NC,1820,0.008
F,2007,Yaquelin,6,NC,2186,0.006
F,2007,Yessenia,6,NC,2186,0.006
F,2007,Yocelin,6,NC,2186,0.006
F,2007,Yulissa,6,NC,2186,0.006
F,2007,Yuri,6,NC,2186,0.006
F,2007,Yahaira,5,NC,2480,0.005
F,2007,Yasmeen,5,NC,2480,0.005
F,2007,Yazmine,5,NC,2480,0.005
F,2007,Yenifer,5,NC,2480,0.005
F,2007,Yvonne,5,NC,2480,0.005
F,2008,Yasmin,33,NC,621,0.032
F,2008,Yareli,23,NC,830,0.022
F,2008,Yoselin,18,NC,994,0.017
F,2008,Yazmin,17,NC,1046,0.016
F,2008,Yamileth,15,NC,1145,0.014
F,2008,Yuridia,14,NC,1224,0.013
F,2008,Yaritza,13,NC,1287,0.013
F,2008,Yazmine,12,NC,1354,0.012
F,2008,Yamilet,10,NC,1552,0.01
F,2008,Yesenia,10,NC,1552,0.01
F,2008,Yaretzi,9,NC,1694,0.009
F,2008,Yasmine,9,NC,1694,0.009
F,2008,Yadira,8,NC,1837,0.008
F,2008,Yaneli,8,NC,1837,0.008
F,2008,Yara,8,NC,1837,0.008
F,2008,Yarely,7,NC,2004,0.007
F,2008,Yajaira,5,NC,2522,0.005
F,2008,Yarel,5,NC,2522,0.005
F,2008,Yessenia,5,NC,2522,0.005
F,2008,Yessica,5,NC,2522,0.005
F,2008,Yuliana,5,NC,2522,0.005
F,2008,Yulissa,5,NC,2522,0.005
F,2009,Yasmin,22,NC,829,0.022
F,2009,Yareli,19,NC,938,0.019
F,2009,Yoselin,18,NC,979,0.018
F,2009,Yazmin,16,NC,1082,0.016
F,2009,Yuliana,15,NC,1149,0.015
F,2009,Yasmine,14,NC,1207,0.014
F,2009,Yaretzi,13,NC,1274,0.013
F,2009,Yesenia,12,NC,1351,0.012
F,2009,Yamilet,10,NC,1541,0.01
F,2009,Yamileth,9,NC,1669,0.009
F,2009,Yaritza,9,NC,1669,0.009
F,2009,Yuridia,9,NC,1669,0.009
F,2009,Yadira,8,NC,1809,0.008
F,2009,Yaneli,8,NC,1809,0.008
F,2009,Yoselyn,7,NC,1987,0.007
F,2009,Yahaira,6,NC,2197,0.006
F,2009,Yarel,6,NC,2197,0.006
F,2009,Yarely,6,NC,2197,0.006
F,2009,Yaretzy,5,NC,2509,0.005
F,2010,Yaretzi,21,NC,845,0.022
F,2010,Yareli,20,NC,888,0.021
F,2010,Yasmin,19,NC,922,0.02
F,2010,Yoselin,17,NC,997,0.018
F,2010,Yamilet,13,NC,1217,0.013
F,2010,Yesenia,13,NC,1217,0.013
F,2010,Yaritza,12,NC,1300,0.012
F,2010,Yamileth,11,NC,1399,0.011
F,2010,Yazmin,10,NC,1509,0.01
F,2010,Yaretzy,8,NC,1770,0.008
F,2010,Yuridia,8,NC,1770,0.008
F,2010,Yessenia,7,NC,1940,0.007
F,2010,Yuliana,7,NC,1940,0.007
F,2010,Yarely,6,NC,2174,0.006
F,2010,Yoselyn,6,NC,2174,0.006
F,2010,Yasmine,5,NC,2464,0.005
F,2010,Yessica,5,NC,2464,0.005
F,2011,Yoselin,22,NC,791,0.023
F,2011,Yasmin,16,NC,1043,0.017
F,2011,Yareli,15,NC,1077,0.016
F,2011,Yazmin,12,NC,1291,0.013
F,2011,Yaretzi,10,NC,1473,0.011
F,2011,Yasmine,10,NC,1473,0.011
F,2011,Yaritza,9,NC,1599,0.009
F,2011,Yamilet,8,NC,1746,0.008
F,2011,Yamileth,8,NC,1746,0.008
F,2011,Yara,8,NC,1746,0.008
F,2011,Yaneli,7,NC,1918,0.007
F,2011,Yaretzy,5,NC,2416,0.005
F,2011,Yazmine,5,NC,2416,0.005
F,2011,Yolanda,5,NC,2416,0.005
F,2011,Yulisa,5,NC,2416,0.005
F,2012,Yaretzi,24,NC,752,0.025
F,2012,Yamileth,17,NC,995,0.018
F,2012,Yareli,16,NC,1053,0.017
F,2012,Yoselin,13,NC,1227,0.014
F,2012,Yasmin,12,NC,1310,0.013
F,2012,Yasmine,11,NC,1382,0.012
F,2012,Yarely,10,NC,1488,0.011
F,2012,Yaritza,10,NC,1488,0.011
F,2012,Yaretzy,8,NC,1749,0.008
F,2012,Yazmin,8,NC,1749,0.008
F,2012,Yoselyn,7,NC,1929,0.007
F,2012,Yuliana,7,NC,1929,0.007
F,2012,Yahaira,6,NC,2141,0.006
F,2012,Yamilet,6,NC,2141,0.006
F,2012,Yaneli,6,NC,2141,0.006
F,2012,Yaritzel,5,NC,2445,0.005
F,2012,Yazmine,5,NC,2445,0.005
F,2012,Yesenia,5,NC,2445,0.005
F,2012,Yolanda,5,NC,2445,0.005
F,2013,Yaretzi,23,NC,798,0.024
F,2013,Yamileth,18,NC,960,0.019
F,2013,Yareli,9,NC,1573,0.01
F,2013,Yamilet,8,NC,1710,0.008
F,2013,Yaretzy,8,NC,1710,0.008
F,2013,Yasmine,8,NC,1710,0.008
F,2013,Yesenia,8,NC,1710,0.008
F,2013,Yoselin,8,NC,1710,0.008
F,2013,Yara,7,NC,1885,0.007
F,2013,Yazmin,7,NC,1885,0.007
F,2013,Yaritza,6,NC,2114,0.006
F,2013,Yuliana,5,NC,2401,0.005
F,2014,Yaretzi,20,NC,904,0.021
F,2014,Yamileth,15,NC,1120,0.015
F,2014,Yasmin,13,NC,1235,0.013
F,2014,Yareli,7,NC,1955,0.007
F,2014,Yarely,7,NC,1955,0.007
F,2014,Yaritza,7,NC,1955,0.007
F,2014,Yoselin,7,NC,1955,0.007
F,2014,Yasmine,6,NC,2199,0.006
F,2014,Yatziri,6,NC,2199,0.006
F,2014,Yazmin,6,NC,2199,0.006
F,2014,Yaneli,5,NC,2465,0.005
F,2014,Yesenia,5,NC,2465,0.005
F,2015,Yaretzi,18,NC,986,0.018
F,2015,Yamileth,15,NC,1126,0.015
F,2015,Yareli,9,NC,1654,0.009
F,2015,Yaritza,8,NC,1818,0.008
F,2015,Yamilet,6,NC,2212,0.006
F,2015,Yarely,6,NC,2212,0.006
F,2015,Yasmeen,5,NC,2510,0.005
F,2015,Yazmin,5,NC,2510,0.005
F,2015,Yoselin,5,NC,2510,0.005
F,2016,Yaretzi,19,NC,975,0.02
F,2016,Yamileth,11,NC,1467,0.011
F,2016,Yareli,11,NC,1467,0.011
F,2016,Yasmin,10,NC,1575,0.01
F,2016,Yoselin,8,NC,1824,0.008
F,2016,Yarely,6,NC,2213,0.006
F,2016,Yaretzy,6,NC,2213,0.006
F,2016,Yazmin,6,NC,2213,0.006
F,2016,Yara,5,NC,2493,0.005
F,2016,Yasmeen,5,NC,2493,0.005
F,2016,Yuliana,5,NC,2493,0.005
F,2017,Yaretzi,27,NC,745,0.028
F,2017,Yamila,10,NC,1563,0.01
F,2017,Yara,10,NC,1563,0.01
F,2017,Yamileth,9,NC,1703,0.009
F,2017,Yuliana,9,NC,1703,0.009
F,2017,Yareli,8,NC,1859,0.008
F,2017,Yaretzy,8,NC,1859,0.008
F,2017,Yasmin,7,NC,2052,0.007
F,2017,Yamilet,6,NC,2269,0.006
F,2017,Yarely,6,NC,2269,0.006
F,2017,Yaritza,6,NC,2269,0.006
F,2017,Yuri,6,NC,2269,0.006
F,2017,Yasmine,5,NC,2559,0.005
F,2017,Yatziri,5,NC,2559,0.005
F,2017,Yazmin,5,NC,2559,0.005
F,2017,Yulissa,5,NC,2559,0.005
F,2018,Yaretzi,17,NC,1069,0.018
F,2018,Yara,14,NC,1224,0.015
F,2018,Yareli,13,NC,1287,0.014
F,2018,Yamileth,10,NC,1567,0.011
F,2018,Yuliana,7,NC,2012,0.007
F,2018,Yuri,7,NC,2012,0.007
F,2018,Yazmin,6,NC,2252,0.006
F,2018,Yamila,5,NC,2533,0.005
F,2018,Yana,5,NC,2533,0.005
F,2018,Yaneli,5,NC,2533,0.005
F,2018,Yaritza,5,NC,2533,0.005
F,2018,Yasmeen,5,NC,2533,0.005
F,2018,Yasmine,5,NC,2533,0.005
F,2018,Yoselin,5,NC,2533,0.005
F,2019,Yaretzi,22,NC,872,0.023
F,2019,Yareli,17,NC,1092,0.018
F,2019,Yara,14,NC,1253,0.015
F,2019,Yasmin,10,NC,1591,0.011
F,2019,Yamileth,9,NC,1725,0.009
F,2019,Yuri,9,NC,1725,0.009
F,2019,Yarely,7,NC,2064,0.007
F,2019,Yameli,5,NC,2594,0.005
F,2019,Yaneli,5,NC,2594,0.005
F,2019,Yaritza,5,NC,2594,0.005
F,2019,Yuna,5,NC,2594,0.005
F,2020,Yaretzi,19,NC,991,0.021
F,2020,Yara,17,NC,1083,0.018
F,2020,Yamileth,11,NC,1470,0.012
F,2020,Yuri,7,NC,2029,0.008
F,2020,Yana,6,NC,2283,0.006
F,2020,Yasmin,6,NC,2283,0.006
F,2020,Yareli,5,NC,2599,0.005
F,2020,Yarely,5,NC,2599,0.005
F,2020,Yaritza,5,NC,2599,0.005
F,2020,Yesenia,5,NC,2599,0.005
F,2020,Yoselin,5,NC,2599,0.005
F,2021,Yaretzi,17,NC,1116,0.018
F,2021,Yareli,14,NC,1314,0.015
F,2021,Yara,13,NC,1385,0.014
F,2021,Yuri,11,NC,1550,0.011
F,2021,Yamileth,8,NC,1948,0.008
F,2021,Yarely,8,NC,1948,0.008
F,2021,Yuliana,8,NC,1948,0.008
F,2021,Yusra,8,NC,1948,0.008
F,2021,Yaritza,6,NC,2349,0.006
F,2021,Yasmin,6,NC,2349,0.006
F,2021,Yoselin,6,NC,2349,0.006
F,2021,Ysabella,6,NC,2349,0.006
F,2021,Yuna,5,NC,2674,0.005
F,2022,Yara,26,NC,823,0.027
F,2022,Yaretzi,15,NC,1265,0.016
F,2022,Yasmin,13,NC,1406,0.013
F,2022,Yareli,12,NC,1492,0.012
F,2022,Yuna,10,NC,1697,0.01
F,2022,Yusra,8,NC,1980,0.008
F,2022,Yelena,7,NC,2179,0.007
F,2022,Yuri,6,NC,2407,0.006
F,2022,Yamileth,5,NC,2703,0.005
F,2022,Yaneli,5,NC,2703,0.005
F,2022,Yasmine,5,NC,2703,0.005
F,2022,Yazmin,5,NC,2703,0.005
F,2022,Yesenia,5,NC,2703,0.005
F,2022,Yuritzi,5,NC,2703,0.005
F,2023,Yaretzi,21,NC,950,0.022
F,2023,Yara,15,NC,1238,0.016
F,2023,Yareli,14,NC,1314,0.015
F,2023,Yuri,10,NC,1670,0.011
F,2023,Yamileth,9,NC,1800,0.009
F,2023,Yasmin,8,NC,1969,0.008
F,2023,Yemaya,8,NC,1969,0.008
F,2023,Yoselin,7,NC,2163,0.007
F,2023,Yulani,7,NC,2163,0.007
F,2023,Yusra,7,NC,2163,0.007
F,2023,Yasmine,6,NC,2389,0.006
F,2023,Yaneli,5,NC,2724,0.005
F,2024,Yashna,15,NC,1265,0.015
F,2024,Yamileth,13,NC,1430,0.013
F,2024,Yara,12,NC,1508,0.012
F,2024,Yareli,12,NC,1508,0.012
F,2024,Yaretzi,12,NC,1508,0.012
F,2024,Yasmine,10,NC,1725,0.01
F,2024,Yuri,10,NC,1725,0.01
F,2024,Yasmin,9,NC,1866,0.009
F,2024,Yuna,7,NC,2175,0.007
F,2024,Yarely,5,NC,2748,0.005
F,2024,Yasmeen,5,NC,2748,0.005
F,2024,Yelena,5,NC,2748,0.005
F,2024,Yohana,5,NC,2748,0.005
M,1914,Yates,7,NC,680,0.016
M,1916,Yates,5,NC,983,0.009
M,1917,Yates,7,NC,803,0.012
M,1918,Yates,6,NC,911,0.009
M,1919,Yates,6,NC,941,0.009
M,1920,Yates,8,NC,799,0.011
M,1921,Yates,8,NC,811,0.011
M,1923,Yates,12,NC,632,0.017
M,1926,Yates,5,NC,1047,0.007
M,1929,York,5,NC,1034,0.007
M,1932,Yates,5,NC,1019,0.007
M,1934,Yates,8,NC,787,0.011
M,1935,Yates,5,NC,995,0.007
M,1936,Yates,5,NC,992,0.007
M,1938,Yates,5,NC,1012,0.007
M,1939,Yates,5,NC,1001,0.007
M,1942,Yates,7,NC,879,0.008
M,1944,Yates,5,NC,1032,0.006
M,1959,Yancey,5,NC,1200,0.005
M,1997,Yovani,5,NC,1788,0.006
M,2000,Yobani,5,NC,2071,0.005
M,2000,Yovani,5,NC,2071,0.005
M,2001,Yoni,8,NC,1490,0.008
M,2001,Yahir,5,NC,2088,0.005
M,2002,Yahir,12,NC,1119,0.013
M,2002,Yonatan,8,NC,1489,0.009
M,2002,Yair,6,NC,1838,0.006
M,2002,Youssef,5,NC,2100,0.005
M,2003,Yahir,64,NC,313,0.068
M,2003,Yair,14,NC,1038,0.015
M,2003,Yousef,5,NC,2136,0.005
M,2004,Yahir,43,NC,436,0.045
M,2004,Yair,8,NC,1588,0.008
M,2004,Yobani,5,NC,2168,0.005
M,2005,Yahir,37,NC,514,0.038
M,2005,Yair,14,NC,1120,0.014
M,2005,Yasin,5,NC,2239,0.005
M,2006,Yahir,34,NC,581,0.033
M,2006,Yair,20,NC,883,0.02
M,2006,Yandel,7,NC,1889,0.007
M,2007,Yahir,31,NC,657,0.03
M,2007,Yair,10,NC,1534,0.01
M,2007,Yurem,10,NC,1534,0.01
M,2007,Yusuf,10,NC,1534,0.01
M,2007,Yael,8,NC,1820,0.008
M,2007,Yandel,8,NC,1820,0.008
M,2007,Yamir,7,NC,1969,0.007
M,2007,Yousef,6,NC,2186,0.006
M,2007,Yusef,6,NC,2186,0.006
M,2007,Yoel,5,NC,2480,0.005
M,2008,Yahir,33,NC,621,0.032
M,2008,Yair,16,NC,1091,0.015
M,2008,Yandel,11,NC,1445,0.011
M,2008,Yurem,11,NC,1445,0.011
M,2008,Yovani,10,NC,1552,0.01
M,2008,Yusuf,8,NC,1837,0.008
M,2008,Yamil,6,NC,2237,0.006
M,2008,Yasir,5,NC,2522,0.005
M,2008,Yousef,5,NC,2522,0.005
M,2009,Yahir,37,NC,545,0.037
M,2009,Yandel,16,NC,1082,0.016
M,2009,Yair,11,NC,1435,0.011
M,2009,Yael,9,NC,1669,0.009
M,2009,Yamil,9,NC,1669,0.009
M,2009,Yusuf,7,NC,1987,0.007
M,2009,Yash,6,NC,2197,0.006
M,2009,Yadiel,5,NC,2509,0.005
M,2009,Yerik,5,NC,2509,0.005
M,2009,Yousef,5,NC,2509,0.005
M,2009,Yovani,5,NC,2509,0.005
M,2010,Yahir,32,NC,602,0.033
M,2010,Yandel,12,NC,1300,0.012
M,2010,Yair,9,NC,1623,0.009
M,2010,Yael,8,NC,1770,0.008
M,2010,Yovani,8,NC,1770,0.008
M,2010,Yusuf,8,NC,1770,0.008
M,2010,Yahya,5,NC,2464,0.005
M,2010,Yoel,5,NC,2464,0.005
M,2010,Yousef,5,NC,2464,0.005
M,2011,Yahir,27,NC,675,0.028
M,2011,Yair,11,NC,1382,0.012
M,2011,Yael,10,NC,1473,0.011
M,2011,Yusuf,10,NC,1473,0.011
M,2011,Yerik,8,NC,1746,0.008
M,2011,Yamir,6,NC,2130,0.006
M,2011,Yosef,6,NC,2130,0.006
M,2011,Yahya,5,NC,2416,0.005
M,2011,Yandel,5,NC,2416,0.005
M,2011,Yaseen,5,NC,2416,0.005
M,2011,Yoel,5,NC,2416,0.005
M,2011,Yousef,5,NC,2416,0.005
M,2012,Yahir,22,NC,808,0.023
M,2012,Yair,12,NC,1310,0.013
M,2012,Yael,9,NC,1605,0.01
M,2012,Yusuf,9,NC,1605,0.01
M,2012,Yadiel,5,NC,2445,0.005
M,2012,Yazan,5,NC,2445,0.005
M,2012,Yusef,5,NC,2445,0.005
M,2013,Yahir,25,NC,753,0.026
M,2013,Yael,10,NC,1454,0.011
M,2013,Yair,8,NC,1710,0.008
M,2013,Yusuf,6,NC,2114,0.006
M,2013,Yadiel,5,NC,2401,0.005
M,2013,Yeray,5,NC,2401,0.005
M,2013,Yeshua,5,NC,2401,0.005
M,2013,Yousef,5,NC,2401,0.005
M,2014,Yahir,21,NC,871,0.022
M,2014,Yael,11,NC,1410,0.011
M,2014,Yusuf,11,NC,1410,0.011
M,2014,Yousef,10,NC,1508,0.01
M,2014,Yair,6,NC,2199,0.006
M,2014,Yahya,5,NC,2465,0.005
M,2014,Yariel,5,NC,2465,0.005
M,2014,Yeshua,5,NC,2465,0.005
M,2014,Yoel,5,NC,2465,0.005
M,2015,Yahir,14,NC,1197,0.014
M,2015,Yousef,9,NC,1654,0.009
M,2015,Yahya,6,NC,2212,0.006
M,2015,Yadiel,5,NC,2510,0.005
M,2015,Yael,5,NC,2510,0.005
M,2015,Youssef,5,NC,2510,0.005
M,2015,Yuri,5,NC,2510,0.005
M,2015,Yusuf,5,NC,2510,0.005
M,2016,Yahir,11,NC,1467,0.011
M,2016,Yadiel,9,NC,1688,0.009
M,2016,Yousef,8,NC,1824,0.008
M,2016,Yahya,7,NC,2003,0.007
M,2016,Youssef,6,NC,2213,0.006
M,2016,Yael,5,NC,2493,0.005
M,2016,Yasin,5,NC,2493,0.005
M,2016,Yates,5,NC,2493,0.005
M,2016,Yazan,5,NC,2493,0.005
M,2016,Yeshua,5,NC,2493,0.005
M,2017,Youssef,10,NC,1563,0.01
M,2017,Yahir,9,NC,1703,0.009
M,2017,Yousef,9,NC,1703,0.009
M,2017,Yusuf,8,NC,1859,0.008
M,2017,Yael,7,NC,2052,0.007
M,2017,Yuri,7,NC,2052,0.007
M,2017,Yair,6,NC,2269,0.006
M,2017,Yadiel,5,NC,2559,0.005
M,2017,Yoel,5,NC,2559,0.005
M,2017,Yuvan,5,NC,2559,0.005
M,2018,Yael,16,NC,1114,0.017
M,2018,Yusuf,13,NC,1287,0.014
M,2018,Yair,10,NC,1567,0.011
M,2018,Yahir,9,NC,1678,0.009
M,2018,Yousef,8,NC,1831,0.008
M,2018,Yoel,6,NC,2252,0.006
M,2018,Yaseen,5,NC,2533,0.005
M,2018,Yasir,5,NC,2533,0.005
M,2018,Yeshua,5,NC,2533,0.005
M,2018,Yuvaan,5,NC,2533,0.005
M,2018,Yuvan,5,NC,2533,0.005
M,2019,Yasir,11,NC,1495,0.012
M,2019,Yahir,9,NC,1725,0.009
M,2019,Yash,7,NC,2064,0.007
M,2019,Yadiel,6,NC,2275,0.006
M,2019,Yeshua,6,NC,2275,0.006
M,2019,Yohan,6,NC,2275,0.006
M,2019,Youssef,6,NC,2275,0.006
M,2019,Yair,5,NC,2594,0.005
M,2019,Yoel,5,NC,2594,0.005
M,2019,Yousef,5,NC,2594,0.005
M,2020,Yahir,8,NC,1848,0.009
M,2020,Yael,7,NC,2029,0.008
M,2020,Yasir,7,NC,2029,0.008
M,2020,Yousef,7,NC,2029,0.008
M,2020,Yuri,6,NC,2283,0.006
M,2020,Yusuf,6,NC,2283,0.006
M,2020,Yaseen,5,NC,2599,0.005
M,2021,Yahir,10,NC,1681,0.01
M,2021,Yadiel,7,NC,2134,0.007
M,2021,Yerik,7,NC,2134,0.007
M,2021,Yousef,7,NC,2134,0.007
M,2021,Yusuf,7,NC,2134,0.007
M,2021,Yasir,6,NC,2349,0.006
M,2021,Yael,5,NC,2674,0.005
M,2021,Yanis,5,NC,2674,0.005
M,2021,Yannis,5,NC,2674,0.005
M,2021,Yosef,5,NC,2674,0.005
M,2022,Yahir,14,NC,1322,0.015
M,2022,Yusuf,10,NC,1697,0.01
M,2022,Yadiel,9,NC,1828,0.009
M,2022,Yousef,9,NC,1828,0.009
M,2022,Yael,8,NC,1980,0.008
M,2022,Yoel,6,NC,2407,0.006
M,2022,Yannis,5,NC,2703,0.005
M,2022,Yeison,5,NC,2703,0.005
M,2022,Yonathan,5,NC,2703,0.005
M,2023,Yahir,12,NC,1478,0.013
M,2023,Yusuf,12,NC,1478,0.013
M,2023,Yuvan,10,NC,1670,0.011
M,2023,Yael,9,NC,1800,0.009
M,2023,Yahya,9,NC,1800,0.009
M,2023,Yazan,9,NC,1800,0.009
M,2023,Yadiel,8,NC,1969,0.008
M,2023,Yasir,8,NC,1969,0.008
M,2023,Yousef,8,NC,1969,0.008
M,2023,Yaseen,7,NC,2163,0.007
M,2023,Yasser,7,NC,2163,0.007
M,2023,Yerik,5,NC,2724,0.005
M,2023,Youssef,5,NC,2724,0.005
M,2023,Yuvaan,5,NC,2724,0.005
M,2024,Yahya,14,NC,1337,0.014
M,2024,Yasir,14,NC,1337,0.014
M,2024,Yahir,13,NC,1430,0.013
M,2024,Yusuf,11,NC,1610,0.011
M,2024,Yuvaan,10,NC,1725,0.01
M,2024,Yeshua,9,NC,1866,0.009
M,2024,Yousef,9,NC,1866,0.009
M,2024,Yadiel,8,NC,2015,0.008
M,2024,Yael,8,NC,2015,0.008
M,2024,Yohan,8,NC,2015,0.008
M,2024,Yuri,8,NC,2015,0.008
M,2024,Yariel,6,NC,2421,0.006
M,2024,Yasiel,6,NC,2421,0.006
M,2024,Yazan,6,NC,2421,0.006
M,2024,Yosiah,6,NC,2421,0.006
M,2024,Yaseen,5,NC,2748,0.005
F,1915,Yetta,6,MD,388,0.028
F,1922,Yolanda,8,MD,389,0.03
F,1922,Yvonne,6,MD,437,0.022
F,1923,Yvonne,7,MD,411,0.026
F,1923,Yolanda,5,MD,494,0.018
F,1924,Yvonne,10,MD,353,0.036
F,1924,Yolanda,6,MD,450,0.022
F,1925,Yvonne,7,MD,407,0.026
F,1925,Yolanda,5,MD,478,0.018
F,1926,Yvonne,5,MD,478,0.019
F,1927,Yvonne,7,MD,415,0.026
F,1927,Yolanda,5,MD,488,0.019
F,1928,Yvonne,5,MD,479,0.019
F,1929,Yvonne,8,MD,367,0.032
F,1930,Yvonne,10,MD,316,0.04
F,1930,Yolanda,5,MD,452,0.02
F,1931,Yvonne,8,MD,350,0.034
F,1932,Yvonne,14,MD,255,0.059
F,1933,Yvonne,6,MD,400,0.027
F,1934,Yvonne,9,MD,326,0.04
F,1935,Yvonne,39,MD,123,0.169
F,1936,Yvonne,46,MD,105,0.205
F,1937,Yvonne,39,MD,129,0.165
F,1938,Yvonne,30,MD,175,0.121
F,1939,Yvonne,36,MD,150,0.147
F,1940,Yvonne,29,MD,183,0.11
F,1941,Yvonne,32,MD,193,0.107
F,1942,Yvonne,32,MD,205,0.089
F,1943,Yvonne,32,MD,229,0.083
F,1944,Yvonne,37,MD,197,0.102
F,1945,Yvonne,41,MD,176,0.114
F,1946,Yvonne,61,MD,149,0.142
F,1946,Yolanda,7,MD,530,0.016
F,1947,Yvonne,63,MD,158,0.127
F,1947,Yolanda,5,MD,690,0.01
F,1948,Yvonne,70,MD,150,0.15
F,1948,Yolanda,7,MD,570,0.015
F,1949,Yvonne,67,MD,146,0.145
F,1949,Yolanda,8,MD,543,0.017
F,1950,Yvonne,93,MD,108,0.197
F,1950,Yolanda,7,MD,577,0.015
F,1950,Yvette,6,MD,617,0.013
F,1951,Yvonne,74,MD,153,0.144
F,1951,Yolanda,10,MD,510,0.02
F,1951,Yvette,10,MD,510,0.02
F,1952,Yvonne,81,MD,141,0.151
F,1952,Yvette,10,MD,532,0.019
F,1952,Yolanda,5,MD,725,0.009
F,1953,Yvonne,75,MD,159,0.136
F,1953,Yolanda,7,MD,639,0.013
F,1953,Yvette,6,MD,695,0.011
F,1954,Yvonne,73,MD,168,0.125
F,1954,Yvette,13,MD,478,0.022
F,1954,Yolanda,10,MD,534,0.017
F,1955,Yvonne,75,MD,175,0.127
F,1955,Yvette,15,MD,456,0.025
F,1955,Yolanda,10,MD,567,0.017
F,1956,Yvonne,74,MD,179,0.121
F,1956,Yvette,34,MD,296,0.056
F,1956,Yolanda,16,MD,444,0.026
F,1957,Yvonne,79,MD,181,0.125
F,1957,Yvette,32,MD,320,0.051
F,1957,Yolanda,19,MD,439,0.03
F,1958,Yvonne,77,MD,182,0.124
F,1958,Yvette,28,MD,350,0.045
F,1958,Yolanda,12,MD,550,0.019
F,1959,Yvonne,85,MD,169,0.134
F,1959,Yvette,35,MD,313,0.055
F,1959,Yolanda,27,MD,364,0.043
F,1960,Yvonne,65,MD,212,0.103
F,1960,Yvette,46,MD,257,0.073
F,1960,Yolanda,25,MD,385,0.04
F,1961,Yvonne,52,MD,245,0.082
F,1961,Yvette,50,MD,253,0.079
F,1961,Yolanda,32,MD,333,0.051
F,1962,Yvonne,65,MD,213,0.107
F,1962,Yvette,54,MD,239,0.089
F,1962,Yolanda,22,MD,413,0.036
F,1963,Yvette,65,MD,211,0.104
F,1963,Yvonne,59,MD,230,0.094
F,1963,Yolanda,34,MD,325,0.054
F,1964,Yvonne,73,MD,186,0.116
F,1964,Yvette,56,MD,228,0.089
F,1964,Yolanda,43,MD,279,0.068
F,1965,Yvette,67,MD,176,0.113
F,1965,Yvonne,62,MD,195,0.105
F,1965,Yolanda,43,MD,268,0.073
F,1966,Yvette,73,MD,161,0.128
F,1966,Yvonne,65,MD,180,0.114
F,1966,Yolanda,37,MD,284,0.065
F,1967,Yvette,54,MD,196,0.099
F,1967,Yvonne,50,MD,211,0.092
F,1967,Yolanda,45,MD,236,0.082
F,1968,Yolanda,69,MD,148,0.13
F,1968,Yvonne,51,MD,202,0.096
F,1968,Yvette,46,MD,220,0.087
F,1968,Yulanda,5,MD,879,0.009
F,1969,Yolanda,56,MD,185,0.105
F,1969,Yvette,44,MD,226,0.082
F,1969,Yvonne,40,MD,250,0.075
F,1969,Yolonda,5,MD,892,0.009
F,1970,Yolanda,58,MD,180,0.109
F,1970,Yvette,39,MD,261,0.073
F,1970,Yvonne,29,MD,341,0.054
F,1971,Yolanda,50,MD,195,0.1
F,1971,Yvonne,35,MD,270,0.07
F,1971,Yvette,26,MD,341,0.052
F,1971,Yolonda,5,MD,904,0.01
F,1972,Yolanda,62,MD,141,0.14
F,1972,Yvonne,26,MD,321,0.059
F,1972,Yvette,22,MD,370,0.05
F,1972,Yolonda,10,MD,569,0.023
F,1973,Yolanda,47,MD,173,0.117
F,1973,Yvonne,20,MD,358,0.05
F,1973,Yvette,18,MD,391,0.045
F,1974,Yolanda,31,MD,251,0.079
F,1974,Yvonne,21,MD,341,0.053
F,1974,Yvette,19,MD,373,0.048
F,1975,Yolanda,35,MD,225,0.091
F,1975,Yvonne,17,MD,381,0.044
F,1975,Yvette,10,MD,544,0.026
F,1976,Yolanda,31,MD,231,0.082
F,1976,Yvonne,19,MD,361,0.05
F,1976,Yvette,8,MD,599,0.021
F,1977,Yolanda,36,MD,221,0.09
F,1977,Yvonne,18,MD,387,0.045
F,1977,Yvette,6,MD,776,0.015
F,1978,Yvonne,17,MD,390,0.043
F,1978,Yolanda,16,MD,410,0.04
F,1978,Yvette,14,MD,449,0.035
F,1979,Yolanda,21,MD,349,0.05
F,1979,Yvonne,11,MD,531,0.026
F,1979,Yvette,10,MD,563,0.024
F,1979,Yasmin,5,MD,872,0.012
F,1980,Yolanda,33,MD,252,0.076
F,1980,Yvette,15,MD,437,0.034
F,1980,Yvonne,12,MD,501,0.028
F,1981,Yolanda,20,MD,369,0.044
F,1981,Yvonne,9,MD,620,0.02
F,1981,Yvette,8,MD,665,0.018
F,1982,Yolanda,19,MD,404,0.04
F,1982,Yvonne,10,MD,592,0.021
F,1982,Yvette,7,MD,732,0.015
F,1983,Yolanda,17,MD,427,0.035
F,1983,Yvonne,13,MD,511,0.027
F,1984,Yolanda,14,MD,484,0.028
F,1984,Yvonne,8,MD,685,0.016
F,1984,Yvette,6,MD,828,0.012
F,1985,Yolanda,10,MD,621,0.019
F,1985,Yvonne,9,MD,667,0.017
F,1985,Yvette,7,MD,781,0.013
F,1986,Yolanda,12,MD,559,0.023
F,1986,Yvette,7,MD,802,0.013
F,1986,Yvonne,5,MD,984,0.009
F,1987,Yolanda,18,MD,446,0.033
F,1987,Yesenia,9,MD,724,0.016
F,1987,Yvonne,8,MD,771,0.015
F,1987,Yvette,5,MD,1032,0.009
F,1988,Yolanda,8,MD,783,0.014
F,1988,Yvonne,5,MD,1084,0.009
F,1989,Yolanda,9,MD,789,0.015
F,1990,Yasmine,7,MD,954,0.011
F,1990,Yesenia,7,MD,954,0.011
F,1990,Yolanda,7,MD,954,0.011
F,1991,Yasmin,9,MD,820,0.015
F,1991,Yvonne,7,MD,965,0.012
F,1991,Yvette,6,MD,1068,0.01
F,1992,Yolanda,10,MD,771,0.017
F,1992,Yasmin,8,MD,905,0.014
F,1992,Yasmine,7,MD,1013,0.012
F,1992,Yael,6,MD,1135,0.01
F,1993,Yasmin,7,MD,964,0.012
F,1993,Yvette,6,MD,1078,0.011
F,1993,Yasmine,5,MD,1228,0.009
F,1994,Yasmin,10,MD,762,0.018
F,1994,Yvette,6,MD,1095,0.011
F,1994,Yesenia,5,MD,1227,0.009
F,1995,Yasmin,9,MD,820,0.017
F,1995,Yolanda,6,MD,1112,0.011
F,1995,Yael,5,MD,1253,0.009
F,1995,Yasmine,5,MD,1253,0.009
F,1996,Yasmin,10,MD,785,0.019
F,1996,Yasmine,10,MD,785,0.019
F,1996,Yesenia,7,MD,1001,0.013
F,1996,Yessica,5,MD,1242,0.009
F,1997,Yasmine,15,MD,572,0.029
F,1997,Yasmin,10,MD,777,0.019
F,1997,Yael,5,MD,1254,0.01
F,1997,Yasmeen,5,MD,1254,0.01
F,1997,Yvonne,5,MD,1254,0.01
F,1998,Yasmine,13,MD,654,0.025
F,1998,Yasmin,9,MD,858,0.017
F,1998,Yesenia,8,MD,935,0.015
F,1998,Yvonne,5,MD,1318,0.01
F,1999,Yasmine,14,MD,640,0.027
F,1999,Yasmin,12,MD,733,0.023
F,1999,Yasmeen,8,MD,983,0.015
F,1999,Yesenia,8,MD,983,0.015
F,1999,Yael,5,MD,1355,0.01
F,2000,Yasmine,13,MD,683,0.024
F,2000,Yolanda,7,MD,1109,0.013
F,2000,Yasmin,5,MD,1395,0.009
F,2000,Yesenia,5,MD,1395,0.009
F,2001,Yasmine,14,MD,658,0.027
F,2001,Yasmin,9,MD,925,0.017
F,2001,Yasmeen,8,MD,1005,0.015
F,2001,Yoselin,5,MD,1404,0.01
F,2002,Yasmin,21,MD,464,0.04
F,2002,Yasmine,11,MD,804,0.021
F,2002,Yesenia,9,MD,934,0.017
F,2002,Yael,5,MD,1415,0.01
F,2003,Yasmine,15,MD,653,0.028
F,2003,Yasmin,9,MD,948,0.017
F,2004,Yasmine,20,MD,517,0.038
F,2004,Yasmin,14,MD,691,0.026
F,2004,Yael,8,MD,1064,0.015
F,2005,Yasmin,15,MD,683,0.028
F,2005,Yasmine,13,MD,775,0.024
F,2005,Yesenia,7,MD,1195,0.013
F,2005,Yolanda,7,MD,1195,0.013
F,2005,Yazmin,6,MD,1340,0.011
F,2005,Yuliana,5,MD,1540,0.009
F,2006,Yasmin,16,MD,670,0.029
F,2006,Yoselin,11,MD,896,0.02
F,2006,Yasmine,10,MD,975,0.018
F,2006,Yazmin,9,MD,1054,0.016
F,2006,Yasmeen,6,MD,1403,0.011
F,2006,Yadira,5,MD,1613,0.009
F,2006,Yvonne,5,MD,1613,0.009
F,2007,Yasmin,9,MD,1087,0.016
F,2007,Yasmine,9,MD,1087,0.016
F,2007,Yadira,7,MD,1296,0.013
F,2007,Yazmin,7,MD,1296,0.013
F,2007,Yoselin,6,MD,1452,0.011
F,2007,Yesenia,5,MD,1664,0.009
F,2007,Yosselyn,5,MD,1664,0.009
F,2008,Yasmin,16,MD,684,0.029
F,2008,Yael,7,MD,1293,0.013
F,2008,Yara,6,MD,1459,0.011
F,2008,Yesenia,5,MD,1661,0.009
F,2009,Yasmin,18,MD,603,0.034
F,2009,Yesenia,8,MD,1150,0.015
F,2009,Yoselin,7,MD,1256,0.013
F,2009,Yuna,6,MD,1428,0.011
F,2009,Yara,5,MD,1652,0.009
F,2009,Yasmine,5,MD,1652,0.009
F,2010,Yaretzi,10,MD,973,0.019
F,2010,Yael,8,MD,1148,0.015
F,2010,Yocheved,6,MD,1413,0.011
F,2010,Yamileth,5,MD,1615,0.01
F,2011,Yasmin,12,MD,838,0.023
F,2011,Yael,7,MD,1253,0.013
F,2011,Yoselin,7,MD,1253,0.013
F,2011,Yuliana,7,MD,1253,0.013
F,2011,Yasmine,6,MD,1401,0.012
F,2012,Yaretzi,10,MD,968,0.019
F,2012,Yasmin,7,MD,1274,0.014
F,2012,Yael,6,MD,1436,0.012
F,2012,Yamileth,6,MD,1436,0.012
F,2012,Yocheved,6,MD,1436,0.012
F,2012,Yasmine,5,MD,1634,0.01
F,2013,Yaretzi,10,MD,961,0.02
F,2013,Yael,7,MD,1261,0.014
F,2013,Yamileth,6,MD,1420,0.012
F,2013,Yasmeen,5,MD,1619,0.01
F,2013,Yasmin,5,MD,1619,0.01
F,2014,Yasmin,7,MD,1293,0.013
F,2014,Yaretzi,6,MD,1451,0.011
F,2014,Yusra,6,MD,1451,0.011
F,2014,Yara,5,MD,1659,0.01
F,2014,Yohanna,5,MD,1659,0.01
F,2015,Yasmin,6,MD,1482,0.012
F,2015,Yara,5,MD,1674,0.01
F,2016,Yael,9,MD,1082,0.017
F,2016,Yasmin,6,MD,1468,0.012
F,2016,Yasmine,6,MD,1468,0.012
F,2016,Yamileth,5,MD,1688,0.01
F,2017,Yara,7,MD,1322,0.014
F,2017,Yael,6,MD,1462,0.012
F,2017,Yocheved,6,MD,1462,0.012
F,2017,Yohanna,6,MD,1462,0.012
F,2017,Yohana,5,MD,1666,0.01
F,2018,Yara,15,MD,759,0.03
F,2018,Yareli,9,MD,1071,0.018
F,2018,Yaretzi,8,MD,1187,0.016
F,2018,Yehudis,8,MD,1187,0.016
F,2018,Yael,7,MD,1328,0.014
F,2018,Yohana,5,MD,1695,0.01
F,2018,Yuna,5,MD,1695,0.01
F,2018,Yuri,5,MD,1695,0.01
F,2019,Yara,19,MD,608,0.039
F,2019,Yaretzi,10,MD,1032,0.021
F,2019,Yareli,8,MD,1217,0.017
F,2019,Yarely,7,MD,1313,0.014
F,2019,Yasmin,7,MD,1313,0.014
F,2019,Yael,5,MD,1678,0.01
F,2019,Yasmine,5,MD,1678,0.01
F,2019,Yehudis,5,MD,1678,0.01
F,2019,Yohanna,5,MD,1678,0.01
F,2019,Yuna,5,MD,1678,0.01
F,2020,Yara,17,MD,662,0.036
F,2020,Yarely,12,MD,878,0.025
F,2020,Yaretzi,10,MD,1021,0.021
F,2020,Yareli,9,MD,1110,0.019
F,2020,Yusra,9,MD,1110,0.019
F,2020,Yasmeen,6,MD,1511,0.013
F,2020,Yasmine,6,MD,1511,0.013
F,2020,Yehudis,6,MD,1511,0.013
F,2020,Yaritza,5,MD,1714,0.011
F,2020,Yvonne,5,MD,1714,0.011
F,2021,Yara,16,MD,691,0.034
F,2021,Yasmin,11,MD,950,0.023
F,2021,Yael,8,MD,1209,0.017
F,2021,Yareli,8,MD,1209,0.017
F,2021,Yohana,7,MD,1339,0.015
F,2021,Yaretzi,5,MD,1717,0.011
F,2022,Yara,16,MD,705,0.034
F,2022,Yaretzi,11,MD,971,0.023
F,2022,Yasmin,10,MD,1047,0.021
F,2022,Yemariam,10,MD,1047,0.021
F,2022,Yareli,9,MD,1134,0.019
F,2022,Yusra,9,MD,1134,0.019
F,2022,Yuri,7,MD,1372,0.015
F,2022,Yasmine,5,MD,1749,0.011
F,2022,Yohanna,5,MD,1749,0.011
F,2023,Yara,15,MD,726,0.034
F,2023,Yareli,8,MD,1166,0.018
F,2023,Yasmin,7,MD,1284,0.016
F,2023,Yuna,7,MD,1284,0.016
F,2023,Yaretzi,6,MD,1466,0.014
F,2023,Yael,5,MD,1675,0.011
F,2023,Yasmine,5,MD,1675,0.011
F,2023,Yesenia,5,MD,1675,0.011
F,2023,Yohanna,5,MD,1675,0.011
F,2023,Yoselin,5,MD,1675,0.011
F,2024,Yara,20,MD,557,0.045
F,2024,Yael,9,MD,1069,0.02
F,2024,Yuri,8,MD,1178,0.018
F,2024,Yari,7,MD,1307,0.016
F,2024,Yana,6,MD,1478,0.014
F,2024,Yusra,6,MD,1478,0.014
F,2024,Yareli,5,MD,1694,0.011
F,2024,Yuna,5,MD,1694,0.011
M,1986,Yaakov,10,MD,638,0.019
M,1987,Yaakov,5,MD,1032,0.009
M,1988,Yaakov,6,MD,964,0.011
M,1989,Yosef,5,MD,1124,0.008
M,1991,Yaakov,6,MD,1068,0.01
M,1995,Yaakov,9,MD,820,0.017
M,1996,Yehuda,8,MD,929,0.015
M,1996,Yaakov,7,MD,1001,0.013
M,1997,Yehuda,5,MD,1254,0.01
M,1998,Yosef,5,MD,1318,0.01
M,1998,Yusuf,5,MD,1318,0.01
M,1999,Yosef,11,MD,788,0.021
M,1999,Yaakov,6,MD,1195,0.011
M,1999,Yehuda,6,MD,1195,0.011
M,2000,Yaakov,5,MD,1395,0.009
M,2000,Yusuf,5,MD,1395,0.009
M,2001,Yaakov,11,MD,795,0.021
M,2001,Yosef,7,MD,1108,0.013
M,2001,Yisrael,5,MD,1404,0.01
M,2001,Yohannes,5,MD,1404,0.01
M,2002,Yosef,9,MD,934,0.017
M,2002,Yehuda,7,MD,1116,0.013
M,2003,Yaakov,9,MD,948,0.017
M,2003,Yosef,9,MD,948,0.017
M,2003,Yusuf,6,MD,1245,0.011
M,2004,Yehuda,9,MD,971,0.017
M,2004,Yusuf,8,MD,1064,0.015
M,2004,Yosef,7,MD,1172,0.013
M,2004,Yash,5,MD,1492,0.009
M,2004,Yoseph,5,MD,1492,0.009
M,2005,Yosef,10,MD,928,0.019
M,2005,Yehuda,7,MD,1195,0.013
M,2005,Yahir,6,MD,1340,0.011
M,2005,Yonatan,5,MD,1540,0.009
M,2005,Yusuf,5,MD,1540,0.009
M,2006,Yehuda,6,MD,1403,0.011
M,2006,Yonatan,6,MD,1403,0.011
M,2006,Yosef,6,MD,1403,0.011
M,2006,Yisroel,5,MD,1613,0.009
M,2007,Yosef,8,MD,1182,0.014
M,2007,Yehuda,7,MD,1296,0.013
M,2007,Yusuf,7,MD,1296,0.013
M,2008,Yehuda,10,MD,979,0.018
M,2008,Yosef,10,MD,979,0.018
M,2008,Yahya,7,MD,1293,0.013
M,2008,Yahir,6,MD,1459,0.011
M,2008,Yonatan,6,MD,1459,0.011
M,2009,Yehuda,9,MD,1046,0.017
M,2009,Yosef,7,MD,1256,0.013
M,2009,Yusuf,7,MD,1256,0.013
M,2009,Yitzchak,5,MD,1652,0.009
M,2009,Yug,5,MD,1652,0.009
M,2010,Yusuf,9,MD,1050,0.017
M,2010,Yosef,8,MD,1148,0.015
M,2010,Yaakov,7,MD,1287,0.013
M,2010,Yonathan,6,MD,1413,0.011
M,2010,Yonatan,5,MD,1615,0.01
M,2010,Yousef,5,MD,1615,0.01
M,2011,Yosef,9,MD,1046,0.017
M,2011,Yusuf,9,MD,1046,0.017
M,2011,Yehuda,7,MD,1253,0.013
M,2011,Yaakov,6,MD,1401,0.012
M,2011,Yadiel,6,MD,1401,0.012
M,2011,Yahir,6,MD,1401,0.012
M,2011,Yousef,6,MD,1401,0.012
M,2012,Yahir,9,MD,1057,0.017
M,2012,Yehuda,9,MD,1057,0.017
M,2012,Yusuf,9,MD,1057,0.017
M,2012,Yosef,8,MD,1150,0.015
M,2012,Yaakov,7,MD,1274,0.014
M,2012,Yahya,5,MD,1634,0.01
M,2012,Yasir,5,MD,1634,0.01
M,2012,Yousuf,5,MD,1634,0.01
M,2013,Yehuda,12,MD,843,0.024
M,2013,Yusuf,12,MD,843,0.024
M,2013,Yaakov,8,MD,1139,0.016
M,2013,Yosef,7,MD,1261,0.014
M,2013,Yair,6,MD,1420,0.012
M,2013,Yahir,5,MD,1619,0.01
M,2013,Yeshaya,5,MD,1619,0.01
M,2014,Yusuf,17,MD,660,0.032
M,2014,Yosef,14,MD,761,0.027
M,2014,Yaakov,8,MD,1178,0.015
M,2014,Yehuda,8,MD,1178,0.015
M,2014,Yannick,6,MD,1451,0.011
M,2014,Yoel,6,MD,1451,0.011
M,2014,Yostin,6,MD,1451,0.011
M,2014,Yousef,6,MD,1451,0.011
M,2014,Youssef,6,MD,1451,0.011
M,2014,Yahir,5,MD,1659,0.01
M,2014,Yaseen,5,MD,1659,0.01
M,2014,Yonatan,5,MD,1659,0.01
M,2014,Yonathan,5,MD,1659,0.01
M,2015,Yosef,17,MD,664,0.033
M,2015,Yusuf,11,MD,941,0.021
M,2015,Yaakov,9,MD,1099,0.017
M,2015,Yaseen,8,MD,1212,0.015
M,2015,Yisrael,7,MD,1328,0.013
M,2015,Yousef,6,MD,1482,0.012
M,2015,Yehuda,5,MD,1674,0.01
M,2016,Yusuf,15,MD,740,0.029
M,2016,Yosef,9,MD,1082,0.017
M,2016,Yehuda,8,MD,1170,0.016
M,2016,Yasin,5,MD,1688,0.01
M,2016,Yitzchak,5,MD,1688,0.01
M,2016,Yoel,5,MD,1688,0.01
M,2017,Yosef,15,MD,729,0.03
M,2017,Yusuf,14,MD,777,0.028
M,2017,Yehuda,9,MD,1122,0.018
M,2017,Yadiel,6,MD,1462,0.012
M,2017,Yaakov,5,MD,1666,0.01
M,2017,Yaseen,5,MD,1666,0.01
M,2017,Yoel,5,MD,1666,0.01
M,2017,Yohannes,5,MD,1666,0.01
M,2017,Yousef,5,MD,1666,0.01
M,2018,Yosef,12,MD,894,0.024
M,2018,Yehuda,9,MD,1071,0.018
M,2018,Yaakov,8,MD,1187,0.016
M,2018,Yusuf,8,MD,1187,0.016
M,2018,Yisroel,7,MD,1328,0.014
M,2018,Yohan,7,MD,1328,0.014
M,2018,Yahya,5,MD,1695,0.01
M,2018,Yoel,5,MD,1695,0.01
M,2019,Yasir,14,MD,759,0.029
M,2019,Yusuf,11,MD,936,0.023
M,2019,Yael,8,MD,1217,0.017
M,2019,Yair,6,MD,1457,0.012
M,2019,Yonatan,6,MD,1457,0.012
M,2019,Yehuda,5,MD,1678,0.01
M,2019,Yisrael,5,MD,1678,0.01
M,2019,Yisroel,5,MD,1678,0.01
M,2019,Yoel,5,MD,1678,0.01
M,2019,Yosef,5,MD,1678,0.01
M,2019,Yunus,5,MD,1678,0.01
M,2020,Yusuf,13,MD,821,0.027
M,2020,Yosef,12,MD,878,0.025
M,2020,Yaakov,8,MD,1226,0.017
M,2020,Yasir,8,MD,1226,0.017
M,2020,Yehuda,8,MD,1226,0.017
M,2020,Yahir,7,MD,1345,0.015
M,2020,Yafet,6,MD,1511,0.013
M,2020,Yahya,6,MD,1511,0.013
M,2020,Yasin,6,MD,1511,0.013
M,2020,Yaseen,5,MD,1714,0.011
M,2020,Yeshua,5,MD,1714,0.011
M,2021,Yehuda,11,MD,950,0.023
M,2021,Yosef,9,MD,1105,0.019
M,2021,Yusuf,9,MD,1105,0.019
M,2021,Yaakov,8,MD,1209,0.017
M,2021,Yerik,6,MD,1494,0.013
M,2021,Yisrael,6,MD,1494,0.013
M,2021,Yitzchak,6,MD,1494,0.013
M,2021,Yadiel,5,MD,1717,0.011
M,2022,Yusuf,14,MD,789,0.03
M,2022,Yahir,8,MD,1240,0.017
M,2022,Yosef,8,MD,1240,0.017
M,2022,Yahya,7,MD,1372,0.015
M,2022,Yaseen,7,MD,1372,0.015
M,2022,Yunus,7,MD,1372,0.015
M,2022,Yaakov,6,MD,1534,0.013
M,2022,Yehuda,6,MD,1534,0.013
M,2022,Yisroel,6,MD,1534,0.013
M,2022,Yair,5,MD,1749,0.011
M,2023,Yusuf,23,MD,484,0.052
M,2023,Yosef,10,MD,995,0.023
M,2023,Yasir,9,MD,1071,0.02
M,2023,Yadiel,8,MD,1166,0.018
M,2023,Yaakov,7,MD,1284,0.016
M,2023,Yahir,7,MD,1284,0.016
M,2023,Yohan,7,MD,1284,0.016
M,2023,Yael,6,MD,1466,0.014
M,2023,Yariel,5,MD,1675,0.011
M,2023,Yasin,5,MD,1675,0.011
M,2023,Yazan,5,MD,1675,0.011
M,2023,Yusef,5,MD,1675,0.011
M,2024,Yehuda,17,MD,652,0.039
M,2024,Yusuf,17,MD,652,0.039
M,2024,Yasir,10,MD,997,0.023
M,2024,Yosef,10,MD,997,0.023
M,2024,Yaakov,7,MD,1307,0.016
M,2024,Yadiel,6,MD,1478,0.014
M,2024,Yahya,6,MD,1478,0.014
M,2024,Yahir,5,MD,1694,0.011
M,2024,Yousuf,5,MD,1694,0.011
M,2024,Yunus,5,MD,1694,0.011
F,1910,Yvonne,11,ME,73,0.445
F,1911,Yvonne,13,ME,81,0.351
F,1912,Yvonne,12,ME,123,0.231
F,1912,Yvette,5,ME,251,0.096
F,1913,Yvonne,16,ME,100,0.274
F,1913,Yvette,13,ME,126,0.223
F,1914,Yvette,17,ME,129,0.197
F,1914,Yvonne,12,ME,190,0.139
F,1915,Yvette,20,ME,135,0.189
F,1915,Yvonne,14,ME,187,0.132
F,1916,Yvette,20,ME,154,0.191
F,1916,Yvonne,19,ME,158,0.182
F,1917,Yvette,25,ME,118,0.222
F,1917,Yvonne,20,ME,152,0.177
F,1918,Yvette,32,ME,100,0.265
F,1918,Yvonne,25,ME,121,0.207
F,1919,Yvette,24,ME,125,0.213
F,1919,Yvonne,18,ME,159,0.16
F,1920,Yvette,26,ME,124,0.206
F,1920,Yvonne,17,ME,188,0.134
F,1921,Yvette,18,ME,183,0.138
F,1921,Yvonne,16,ME,202,0.123
F,1922,Yvette,31,ME,110,0.237
F,1922,Yvonne,17,ME,186,0.13
F,1923,Yvette,36,ME,99,0.28
F,1923,Yvonne,19,ME,173,0.148
F,1924,Yvette,31,ME,118,0.224
F,1924,Yvonne,17,ME,195,0.123
F,1925,Yvette,24,ME,143,0.184
F,1925,Yvonne,18,ME,176,0.138
F,1926,Yvette,23,ME,143,0.183
F,1926,Yvonne,16,ME,190,0.127
F,1926,Yolande,8,ME,299,0.064
F,1927,Yvette,23,ME,139,0.184
F,1927,Yvonne,23,ME,139,0.184
F,1928,Yvette,30,ME,106,0.236
F,1928,Yvonne,12,ME,244,0.094
F,1928,Yolande,6,ME,364,0.047
F,1929,Yvonne,21,ME,149,0.171
F,1929,Yvette,12,ME,226,0.098
F,1929,Yolande,5,ME,375,0.041
F,1930,Yvette,20,ME,159,0.157
F,1930,Yvonne,17,ME,181,0.134
F,1930,Yolande,5,ME,374,0.039
F,1931,Yvette,13,ME,216,0.103
F,1931,Yvonne,13,ME,216,0.103
F,1932,Yvette,15,ME,198,0.116
F,1932,Yvonne,9,ME,279,0.07
F,1933,Yvette,14,ME,196,0.117
F,1933,Yolande,8,ME,286,0.067
F,1933,Yvonne,5,ME,380,0.042
F,1934,Yvonne,17,ME,177,0.135
F,1934,Yvette,13,ME,216,0.104
F,1935,Yvette,9,ME,268,0.072
F,1935,Yvonne,9,ME,268,0.072
F,1936,Yvonne,20,ME,154,0.161
F,1936,Yvette,10,ME,243,0.081
F,1937,Yvette,13,ME,204,0.106
F,1937,Yvonne,13,ME,204,0.106
F,1938,Yvonne,11,ME,231,0.088
F,1938,Yvette,7,ME,317,0.056
F,1939,Yvette,14,ME,200,0.114
F,1939,Yvonne,11,ME,233,0.089
F,1940,Yvonne,10,ME,241,0.08
F,1940,Yvette,9,ME,263,0.072
F,1941,Yvette,10,ME,251,0.076
F,1941,Yvonne,8,ME,292,0.061
F,1942,Yvonne,7,ME,328,0.048
F,1942,Yvette,5,ME,393,0.034
F,1943,Yvonne,6,ME,356,0.038
F,1943,Yvette,5,ME,393,0.032
F,1944,Yvette,8,ME,300,0.054
F,1944,Yvonne,7,ME,324,0.047
F,1945,Yvonne,5,ME,384,0.036
F,1946,Yvonne,5,ME,419,0.029
F,1947,Yvette,10,ME,312,0.048
F,1947,Yvonne,8,ME,359,0.039
F,1948,Yvette,7,ME,366,0.037
F,1948,Yvonne,7,ME,366,0.037
F,1949,Yvonne,11,ME,288,0.058
F,1949,Yvette,5,ME,441,0.026
F,1950,Yvonne,6,ME,389,0.033
F,1951,Yvette,6,ME,400,0.033
F,1951,Yvonne,6,ME,400,0.033
F,1952,Yvonne,14,ME,243,0.074
F,1952,Yvette,7,ME,382,0.037
F,1953,Yvonne,11,ME,279,0.058
F,1953,Yvette,6,ME,405,0.032
F,1954,Yvette,8,ME,357,0.04
F,1954,Yvonne,8,ME,357,0.04
F,1955,Yvonne,13,ME,271,0.066
F,1956,Yvonne,10,ME,312,0.05
F,1957,Yvonne,13,ME,278,0.064
F,1957,Yvette,7,ME,395,0.034
F,1958,Yvonne,8,ME,372,0.039
F,1959,Yvonne,10,ME,325,0.049
F,1959,Yvette,5,ME,481,0.024
F,1960,Yvonne,10,ME,330,0.048
F,1960,Yvette,5,ME,482,0.024
F,1961,Yvonne,11,ME,317,0.052
F,1963,Yvonne,8,ME,367,0.041
F,1964,Yvonne,7,ME,389,0.037
F,1965,Yvonne,6,ME,396,0.034
F,1965,Yvette,5,ME,446,0.029
F,1966,Yvonne,8,ME,331,0.05
F,1966,Yvette,7,ME,360,0.044
F,1967,Yvonne,5,ME,434,0.032
F,1968,Yvonne,6,ME,374,0.041
F,1969,Yvonne,6,ME,373,0.041
F,1971,Yvonne,6,ME,398,0.04
F,1972,Yvonne,8,ME,304,0.058
F,1976,Yvonne,5,ME,369,0.041
F,1980,Yvonne,5,ME,374,0.038
F,2007,Yasmin,5,ME,462,0.051
F,1910,Yvonne,8,CA,240,0.087
F,1912,Yvonne,10,CA,315,0.056
F,1913,Yvonne,21,CA,222,0.095
F,1914,Yvonne,20,CA,256,0.074
F,1914,Yoshiko,10,CA,390,0.037
F,1914,Yolanda,6,CA,558,0.022
F,1915,Yvonne,18,CA,331,0.05
F,1915,Yoneko,8,CA,548,0.022
F,1915,Yolanda,6,CA,652,0.017
F,1915,Yoshiko,6,CA,652,0.017
F,1915,Yoshimi,5,CA,733,0.014
F,1915,Yukiye,5,CA,733,0.014
F,1916,Yvonne,15,CA,384,0.04
F,1916,Yoshiko,13,CA,414,0.035
F,1916,Yolanda,12,CA,435,0.032
F,1916,Yaeko,10,CA,493,0.027
F,1916,Yoshiye,7,CA,616,0.019
F,1916,Yoneko,5,CA,757,0.013
F,1916,Yukiko,5,CA,757,0.013
F,1917,Yvonne,20,CA,336,0.05
F,1917,Yoshiko,14,CA,421,0.035
F,1917,Yukiko,10,CA,526,0.025
F,1917,Yoneko,9,CA,569,0.023
F,1917,Yolanda,7,CA,648,0.018
F,1917,Yasuko,5,CA,778,0.013
F,1918,Yvonne,40,CA,216,0.09
F,1918,Yoshiko,16,CA,401,0.036
F,1918,Yolanda,9,CA,569,0.02
F,1918,Yoneko,8,CA,623,0.018
F,1918,Yukiko,6,CA,758,0.013
F,1919,Yoshiko,30,CA,271,0.066
F,1919,Yvonne,24,CA,328,0.053
F,1919,Yolanda,11,CA,536,0.024
F,1919,Yaeko,9,CA,597,0.02
F,1919,Yoshiye,7,CA,695,0.016
F,1919,Yoneko,5,CA,852,0.011
F,1919,Yukiko,5,CA,852,0.011
F,1920,Yvonne,50,CA,214,0.092
F,1920,Yoshiko,32,CA,300,0.059
F,1920,Yuriko,16,CA,466,0.03
F,1920,Yasuko,12,CA,556,0.022
F,1920,Yoshiye,8,CA,706,0.015
F,1920,Yukiko,7,CA,769,0.013
F,1920,Yoneko,6,CA,845,0.011
F,1920,Yolanda,5,CA,948,0.009
F,1920,Yuri,5,CA,948,0.009
F,1921,Yvonne,49,CA,230,0.083
F,1921,Yoshiko,33,CA,308,0.056
F,1921,Yolanda,13,CA,539,0.022
F,1921,Yoshiye,12,CA,578,0.02
F,1921,Yuriko,11,CA,619,0.019
F,1921,Yaeko,8,CA,764,0.014
F,1921,Yasuko,7,CA,820,0.012
F,1921,Yoshie,6,CA,905,0.01
F,1921,Yoshi,5,CA,1005,0.008
F,1921,Yuki,5,CA,1005,0.008
F,1921,Yukiko,5,CA,1005,0.008
F,1922,Yvonne,51,CA,236,0.084
F,1922,Yoshiko,25,CA,383,0.041
F,1922,Yolanda,17,CA,474,0.028
F,1922,Yuriko,15,CA,513,0.025
F,1922,Yoshiye,12,CA,585,0.02
F,1922,Yoneko,11,CA,612,0.018
F,1922,Yukiko,6,CA,880,0.01
F,1922,Yaeko,5,CA,985,0.008
F,1922,Yasuko,5,CA,985,0.008
F,1922,Yayeko,5,CA,985,0.008
F,1922,Yuri,5,CA,985,0.008
F,1923,Yvonne,64,CA,221,0.094
F,1923,Yoshiko,32,CA,351,0.047
F,1923,Yolanda,21,CA,449,0.031
F,1923,Yuriko,19,CA,476,0.028
F,1923,Yoneko,12,CA,640,0.018
F,1923,Yasuko,9,CA,753,0.013
F,1923,Yaeko,8,CA,806,0.012
F,1923,Yoshiye,8,CA,806,0.012
F,1923,Yukiye,8,CA,806,0.012
F,1923,Yuri,7,CA,889,0.01
F,1923,Yoshie,6,CA,971,0.009
F,1923,Yukiko,5,CA,1068,0.007
F,1924,Yvonne,68,CA,229,0.091
F,1924,Yoshiko,31,CA,382,0.042
F,1924,Yolanda,28,CA,410,0.038
F,1924,Yukiko,10,CA,762,0.013
F,1924,Yoshiye,7,CA,940,0.009
F,1924,Yasuko,6,CA,1026,0.008
F,1924,Yuriko,6,CA,1026,0.008
F,1925,Yvonne,63,CA,236,0.086
F,1925,Yoshiko,34,CA,361,0.046
F,1925,Yolanda,21,CA,473,0.029
F,1925,Yuriko,9,CA,785,0.012
F,1925,Yaeko,6,CA,1007,0.008
F,1925,Yoneko,6,CA,1007,0.008
F,1925,Yayoi,5,CA,1116,0.007
F,1925,Yukiye,5,CA,1116,0.007
F,1926,Yvonne,81,CA,196,0.111
F,1926,Yoshiko,27,CA,409,0.037
F,1926,Yolanda,16,CA,560,0.022
F,1926,Yoneko,7,CA,897,0.01
F,1926,Ysabel,5,CA,1102,0.007
F,1926,Yuriko,5,CA,1102,0.007
F,1926,Yvette,5,CA,1102,0.007
F,1927,Yvonne,84,CA,187,0.113
F,1927,Yolanda,18,CA,529,0.024
F,1927,Yoshiko,18,CA,529,0.024
F,1927,Yuriko,12,CA,677,0.016
F,1927,Yoneko,9,CA,806,0.012
F,1927,Yoshiye,6,CA,1001,0.008
F,1927,Yukiko,6,CA,1001,0.008
F,1928,Yvonne,71,CA,222,0.096
F,1928,Yolanda,23,CA,462,0.031
F,1928,Yoshiko,11,CA,720,0.015
F,1928,Yukiko,8,CA,864,0.011
F,1928,Yoshiye,7,CA,938,0.009
F,1928,Yuri,6,CA,1033,0.008
F,1928,Yvette,6,CA,1033,0.008
F,1928,Yuriko,5,CA,1144,0.007
F,1929,Yvonne,74,CA,214,0.103
F,1929,Yolanda,21,CA,473,0.029
F,1929,Yoshiko,15,CA,571,0.021
F,1929,Ysabel,6,CA,1011,0.008
F,1929,Yasuko,5,CA,1126,0.007
F,1929,Yoshiye,5,CA,1126,0.007
F,1929,Yuriko,5,CA,1126,0.007
F,1930,Yvonne,89,CA,181,0.118
F,1930,Yolanda,16,CA,563,0.021
F,1930,Yoshiko,16,CA,563,0.021
F,1930,Yasuko,6,CA,1005,0.008
F,1930,Yaeko,5,CA,1125,0.007
F,1930,Yoshiye,5,CA,1125,0.007
F,1930,Ysabel,5,CA,1125,0.007
F,1931,Yvonne,93,CA,161,0.13
F,1931,Yolanda,28,CA,409,0.039
F,1931,Yasuko,7,CA,857,0.01
F,1931,Yoko,6,CA,934,0.008
F,1931,Yoshiko,6,CA,934,0.008
F,1932,Yvonne,89,CA,167,0.128
F,1932,Yolanda,18,CA,505,0.026
F,1932,Yoshiko,9,CA,739,0.013
F,1932,Yuriko,9,CA,739,0.013
F,1932,Yoko,8,CA,794,0.012
F,1932,Yukiko,6,CA,920,0.009
F,1933,Yvonne,73,CA,198,0.109
F,1933,Yolanda,18,CA,487,0.027
F,1933,Yoshiko,7,CA,832,0.01
F,1933,Yoko,6,CA,901,0.009
F,1934,Yvonne,103,CA,148,0.148
F,1934,Yolanda,16,CA,533,0.023
F,1934,Yoshiko,8,CA,771,0.011
F,1934,Yoko,5,CA,1021,0.007
F,1935,Yvonne,139,CA,116,0.194
F,1935,Yolanda,27,CA,402,0.038
F,1935,Yoshiko,10,CA,699,0.014
F,1935,Yoko,6,CA,928,0.008
F,1935,Yuriko,5,CA,1035,0.007
F,1936,Yvonne,164,CA,101,0.219
F,1936,Yolanda,38,CA,344,0.051
F,1936,Yoshiko,5,CA,1058,0.007
F,1937,Yvonne,170,CA,118,0.203
F,1937,Yolanda,42,CA,336,0.05
F,1937,Yoshiko,6,CA,1010,0.007
F,1938,Yvonne,167,CA,131,0.182
F,1938,Yolanda,50,CA,312,0.055
F,1938,Yoshiko,8,CA,891,0.009
F,1939,Yvonne,166,CA,130,0.178
F,1939,Yolanda,54,CA,303,0.058
F,1939,Yoshiko,7,CA,967,0.007
F,1939,Ysabel,5,CA,1176,0.005
F,1940,Yvonne,145,CA,152,0.141
F,1940,Yolanda,72,CA,265,0.07
F,1940,Yvette,7,CA,1028,0.007
F,1941,Yvonne,132,CA,180,0.115
F,1941,Yolanda,75,CA,271,0.066
F,1941,Yvette,12,CA,794,0.01
F,1942,Yvonne,162,CA,179,0.114
F,1942,Yolanda,82,CA,289,0.058
F,1943,Yvonne,164,CA,200,0.103
F,1943,Yolanda,105,CA,265,0.066
F,1943,Yvette,16,CA,804,0.01
F,1944,Yvonne,149,CA,219,0.091
F,1944,Yolanda,129,CA,238,0.078
F,1944,Yvette,5,CA,1533,0.003
F,1945,Yolanda,176,CA,201,0.102
F,1945,Yvonne,159,CA,216,0.093
F,1945,Yvette,10,CA,1081,0.006
F,1946,Yolanda,282,CA,150,0.138
F,1946,Yvonne,215,CA,193,0.105
F,1946,Yvette,17,CA,879,0.008
F,1947,Yolanda,333,CA,146,0.143
F,1947,Yvonne,283,CA,178,0.122
F,1947,Yvette,19,CA,892,0.008
F,1948,Yolanda,338,CA,142,0.148
F,1948,Yvonne,287,CA,173,0.125
F,1948,Yvette,22,CA,823,0.01
F,1949,Yolanda,344,CA,140,0.147
F,1949,Yvonne,282,CA,178,0.121
F,1949,Yvette,20,CA,867,0.009
F,1950,Yolanda,324,CA,154,0.138
F,1950,Yvonne,304,CA,162,0.129
F,1950,Yvette,20,CA,887,0.008
F,1950,Yolonda,7,CA,1552,0.003
F,1951,Yolanda,356,CA,147,0.142
F,1951,Yvonne,323,CA,166,0.129
F,1951,Yvette,26,CA,793,0.01
F,1952,Yolanda,391,CA,142,0.144
F,1952,Yvonne,339,CA,168,0.125
F,1952,Yvette,39,CA,669,0.014
F,1953,Yolanda,373,CA,163,0.13
F,1953,Yvonne,358,CA,169,0.125
F,1953,Yvette,35,CA,740,0.012
F,1954,Yolanda,480,CA,128,0.162
F,1954,Yvonne,328,CA,187,0.11
F,1954,Yvette,48,CA,646,0.016
F,1955,Yolanda,490,CA,134,0.161
F,1955,Yvonne,369,CA,179,0.121
F,1955,Yvette,59,CA,591,0.019
F,1956,Yolanda,480,CA,144,0.148
F,1956,Yvonne,398,CA,171,0.123
F,1956,Yvette,62,CA,606,0.019
F,1956,Yolonda,17,CA,1202,0.005
F,1956,Yasmin,7,CA,1897,0.002
F,1957,Yolanda,479,CA,151,0.141
F,1957,Yvonne,400,CA,176,0.118
F,1957,Yvette,82,CA,557,0.024
F,1957,Yolonda,20,CA,1163,0.006
F,1958,Yolanda,519,CA,138,0.154
F,1958,Yvonne,361,CA,203,0.107
F,1958,Yvette,91,CA,524,0.027
F,1958,Yolonda,12,CA,1522,0.004
F,1959,Yolanda,455,CA,161,0.132
F,1959,Yvonne,400,CA,188,0.116
F,1959,Yvette,102,CA,506,0.029
F,1959,Yolonda,13,CA,1491,0.004
F,1959,Yvonnie,5,CA,2471,0.001
F,1960,Yolanda,524,CA,149,0.146
F,1960,Yvonne,443,CA,176,0.124
F,1960,Yvette,158,CA,399,0.044
F,1960,Yolonda,9,CA,1881,0.003
F,1960,Yadira,5,CA,2556,0.001
F,1960,Yulanda,5,CA,2556,0.001
F,1960,Yumi,5,CA,2556,0.001
F,1961,Yvonne,497,CA,158,0.137
F,1961,Yolanda,479,CA,162,0.132
F,1961,Yvette,201,CA,351,0.055
F,1961,Yasmin,5,CA,2652,0.001
F,1962,Yvonne,497,CA,159,0.138
F,1962,Yolanda,446,CA,176,0.124
F,1962,Yvette,275,CA,280,0.076
F,1962,Yolonda,9,CA,1916,0.002
F,1962,Yevette,8,CA,2035,0.002
F,1962,Yasmin,5,CA,2606,0.001
F,1963,Yvonne,474,CA,163,0.131
F,1963,Yolanda,450,CA,169,0.124
F,1963,Yvette,317,CA,239,0.088
F,1963,Yolonda,10,CA,1834,0.003
F,1963,Yevette,9,CA,1935,0.002
F,1963,Yasmin,5,CA,2668,0.001
F,1964,Yolanda,483,CA,154,0.136
F,1964,Yvonne,478,CA,157,0.135
F,1964,Yvette,397,CA,193,0.112
F,1964,Yolonda,7,CA,2273,0.002
F,1964,Yasmin,5,CA,2714,0.001
F,1965,Yvonne,522,CA,136,0.155
F,1965,Yolanda,486,CA,145,0.144
F,1965,Yvette,387,CA,184,0.115
F,1965,Yevette,8,CA,2060,0.002
F,1965,Yolonda,7,CA,2220,0.002
F,1966,Yolanda,435,CA,150,0.136
F,1966,Yvonne,435,CA,150,0.136
F,1966,Yvette,389,CA,174,0.122
F,1966,Yolonda,13,CA,1548,0.004
F,1966,Yasmin,8,CA,2079,0.003
F,1966,Yevette,8,CA,2079,0.003
F,1966,Yesenia,7,CA,2217,0.002
F,1966,Yadira,5,CA,2634,0.002
F,1966,Youlanda,5,CA,2634,0.002
F,1967,Yvonne,451,CA,147,0.141
F,1967,Yvette,442,CA,150,0.139
F,1967,Yolanda,412,CA,165,0.129
F,1967,Yolonda,14,CA,1513,0.004
F,1967,Yevette,11,CA,1756,0.003
F,1967,Yasmin,7,CA,2239,0.002
F,1967,Yadira,6,CA,2435,0.002
F,1967,Yumi,5,CA,2721,0.002
F,1968,Yolanda,463,CA,137,0.144
F,1968,Yvonne,456,CA,141,0.142
F,1968,Yvette,380,CA,167,0.118
F,1968,Yevette,18,CA,1373,0.006
F,1968,Yael,13,CA,1641,0.004
F,1968,Yolonda,11,CA,1820,0.003
F,1968,Yesenia,5,CA,2821,0.002
F,1969,Yolanda,423,CA,159,0.127
F,1969,Yvonne,412,CA,163,0.123
F,1969,Yvette,380,CA,182,0.114
F,1969,Yolonda,10,CA,2007,0.003
F,1969,Yevette,8,CA,2276,0.002
F,1969,Yadira,7,CA,2468,0.002
F,1969,Yumi,7,CA,2468,0.002
F,1969,Yesenia,6,CA,2691,0.002
F,1969,Youlanda,5,CA,2990,0.001
F,1969,Yumiko,5,CA,2990,0.001
F,1970,Yvonne,438,CA,159,0.128
F,1970,Yolanda,423,CA,163,0.124
F,1970,Yvette,370,CA,195,0.108
F,1970,Yesenia,11,CA,1981,0.003
F,1970,Yolonda,11,CA,1981,0.003
F,1970,Yuri,7,CA,2566,0.002
F,1970,Yadira,5,CA,3098,0.001
F,1970,Yevette,5,CA,3098,0.001
F,1970,Yumiko,5,CA,3098,0.001
F,1971,Yolanda,403,CA,157,0.13
F,1971,Yvonne,390,CA,165,0.126
F,1971,Yvette,314,CA,212,0.101
F,1971,Yesenia,88,CA,577,0.028
F,1971,Yadira,15,CA,1617,0.005
F,1971,Yasmin,12,CA,1845,0.004
F,1971,Yolonda,8,CA,2292,0.003
F,1971,Yalonda,6,CA,2717,0.002
F,1971,Yevette,6,CA,2717,0.002
F,1971,Yolando,6,CA,2717,0.002
F,1971,Yana,5,CA,3033,0.002
F,1971,Yasmine,5,CA,3033,0.002
F,1972,Yolanda,341,CA,165,0.119
F,1972,Yvonne,318,CA,183,0.111
F,1972,Yvette,277,CA,218,0.096
F,1972,Yesenia,70,CA,639,0.024
F,1972,Yadira,12,CA,1772,0.004
F,1972,Yolonda,8,CA,2276,0.003
F,1972,Yanira,6,CA,2682,0.002
F,1972,Yecenia,6,CA,2682,0.002
F,1972,Yasmin,5,CA,2979,0.002
F,1973,Yolanda,338,CA,166,0.123
F,1973,Yvonne,299,CA,191,0.109
F,1973,Yvette,254,CA,227,0.092
F,1973,Yesenia,86,CA,534,0.031
F,1973,Yadira,23,CA,1210,0.008
F,1973,Yasmin,11,CA,1871,0.004
F,1973,Yanira,10,CA,1975,0.004
F,1973,Yessenia,9,CA,2101,0.003
F,1973,Yolonda,8,CA,2272,0.003
F,1973,Yevette,7,CA,2445,0.003
F,1973,Yecenia,5,CA,2947,0.002
F,1973,Yumi,5,CA,2947,0.002
F,1974,Yolanda,337,CA,180,0.117
F,1974,Yvonne,300,CA,199,0.105
F,1974,Yvette,238,CA,240,0.083
F,1974,Yesenia,97,CA,506,0.034
F,1974,Yadira,31,CA,1047,0.011
F,1974,Yasmin,12,CA,1814,0.004
F,1974,Yecenia,9,CA,2150,0.003
F,1974,Yessenia,8,CA,2329,0.003
F,1974,Yanira,7,CA,2510,0.002
F,1974,Yolonda,7,CA,2510,0.002
F,1974,Yadhira,5,CA,3044,0.002
F,1974,Yael,5,CA,3044,0.002
F,1974,Yessica,5,CA,3044,0.002
F,1975,Yolanda,307,CA,197,0.106
F,1975,Yvonne,300,CA,203,0.103
F,1975,Yvette,259,CA,233,0.089
F,1975,Yesenia,175,CA,325,0.06
F,1975,Yadira,44,CA,872,0.015
F,1975,Yasmin,13,CA,1786,0.004
F,1975,Yecenia,12,CA,1868,0.004
F,1975,Yanira,11,CA,1979,0.004
F,1975,Ysenia,9,CA,2223,0.003
F,1975,Yolonda,8,CA,2361,0.003
F,1975,Yara,6,CA,2844,0.002
F,1975,Yasmine,6,CA,2844,0.002
F,1975,Yadhira,5,CA,3177,0.002
F,1975,Yajaira,5,CA,3177,0.002
F,1975,Yessenia,5,CA,3177,0.002
F,1975,Yvett,5,CA,3177,0.002
F,1976,Yolanda,317,CA,197,0.105
F,1976,Yvonne,262,CA,235,0.087
F,1976,Yvette,250,CA,252,0.083
F,1976,Yesenia,203,CA,300,0.067
F,1976,Yadira,43,CA,905,0.014
F,1976,Yanira,15,CA,1679,0.005
F,1976,Yasmin,14,CA,1751,0.005
F,1976,Yecenia,11,CA,2044,0.004
F,1976,Yessenia,10,CA,2146,0.003
F,1976,Yolonda,9,CA,2276,0.003
F,1976,Yvett,9,CA,2276,0.003
F,1976,Yana,6,CA,2929,0.002
F,1976,Yessica,6,CA,2929,0.002
F,1977,Yvette,258,CA,252,0.082
F,1977,Yolanda,249,CA,258,0.079
F,1977,Yvonne,247,CA,261,0.078
F,1977,Yesenia,191,CA,319,0.061
F,1977,Yadira,64,CA,727,0.02
F,1977,Yanira,18,CA,1560,0.006
F,1977,Yasmin,15,CA,1750,0.005
F,1977,Yecenia,15,CA,1750,0.005
F,1977,Yessenia,9,CA,2349,0.003
F,1977,Yasmine,7,CA,2735,0.002
F,1977,Yesica,7,CA,2735,0.002
F,1977,Yael,6,CA,3000,0.002
F,1977,Yanet,6,CA,3000,0.002
F,1977,Yasmeen,6,CA,3000,0.002
F,1977,Yicel,6,CA,3000,0.002
F,1977,Yancy,5,CA,3363,0.002
F,1977,Yezenia,5,CA,3363,0.002
F,1977,Yisel,5,CA,3363,0.002
F,1978,Yvonne,275,CA,245,0.085
F,1978,Yolanda,267,CA,253,0.083
F,1978,Yvette,230,CA,287,0.071
F,1978,Yesenia,189,CA,325,0.059
F,1978,Yadira,54,CA,804,0.017
F,1978,Yajaira,33,CA,1095,0.01
F,1978,Yasmin,23,CA,1357,0.007
F,1978,Yanira,18,CA,1582,0.006
F,1978,Yecenia,12,CA,2016,0.004
F,1978,Yisel,12,CA,2016,0.004
F,1978,Yael,11,CA,2118,0.003
F,1978,Yahaira,10,CA,2255,0.003
F,1978,Yasmine,9,CA,2407,0.003
F,1978,Yessica,8,CA,2571,0.002
F,1978,Yanet,6,CA,3050,0.002
F,1978,Yessenia,6,CA,3050,0.002
F,1978,Yolonda,5,CA,3422,0.002
F,1979,Yvonne,299,CA,239,0.087
F,1979,Yolanda,251,CA,284,0.073
F,1979,Yvette,247,CA,290,0.072
F,1979,Yesenia,211,CA,321,0.062
F,1979,Yadira,94,CA,573,0.027
F,1979,Yajaira,38,CA,1032,0.011
F,1979,Yasmin,23,CA,1426,0.007
F,1979,Yahaira,17,CA,1723,0.005
F,1979,Yecenia,15,CA,1857,0.004
F,1979,Yanira,14,CA,1921,0.004
F,1979,Yessica,13,CA,1996,0.004
F,1979,Yanet,12,CA,2102,0.003
F,1979,Yessenia,11,CA,2222,0.003
F,1979,Yasmine,9,CA,2505,0.003
F,1979,Yara,8,CA,2692,0.002
F,1979,Yazmin,8,CA,2692,0.002
F,1979,Yeni,7,CA,2936,0.002
F,1979,Yesica,7,CA,2936,0.002
F,1979,Yovana,7,CA,2936,0.002
F,1979,Yolonda,6,CA,3214,0.002
F,1979,Yobana,5,CA,3590,0.001
F,1980,Yvette,270,CA,272,0.074
F,1980,Yolanda,268,CA,275,0.073
F,1980,Yvonne,257,CA,285,0.07
F,1980,Yesenia,213,CA,330,0.058
F,1980,Yadira,118,CA,523,0.032
F,1980,Yasmin,23,CA,1465,0.006
F,1980,Yara,19,CA,1654,0.005
F,1980,Yecenia,15,CA,1910,0.004
F,1980,Yessenia,15,CA,1910,0.004
F,1980,Yessica,15,CA,1910,0.004
F,1980,Yoana,14,CA,1992,0.004
F,1980,Yajaira,13,CA,2084,0.004
F,1980,Yanira,13,CA,2084,0.004
F,1980,Yasmine,10,CA,2442,0.003
F,1980,Yazmin,9,CA,2593,0.002
F,1980,Yael,8,CA,2786,0.002
F,1980,Yanet,8,CA,2786,0.002
F,1980,Yesica,8,CA,2786,0.002
F,1980,Yahaira,7,CA,3028,0.002
F,1980,Yasmeen,7,CA,3028,0.002
F,1980,Yohana,6,CA,3344,0.002
F,1980,Yen,5,CA,3765,0.001
F,1980,Youa,5,CA,3765,0.001
F,1980,Yuri,5,CA,3765,0.001
F,1980,Yuridia,5,CA,3765,0.001
F,1981,Yolanda,272,CA,277,0.071
F,1981,Yvonne,271,CA,280,0.071
F,1981,Yvette,253,CA,296,0.066
F,1981,Yesenia,233,CA,323,0.061
F,1981,Yadira,95,CA,610,0.025
F,1981,Yuri,28,CA,1314,0.007
F,1981,Yessenia,25,CA,1405,0.007
F,1981,Yanet,21,CA,1566,0.005
F,1981,Yanira,19,CA,1645,0.005
F,1981,Yasmin,19,CA,1645,0.005
F,1981,Yesica,16,CA,1839,0.004
F,1981,Yessica,16,CA,1839,0.004
F,1981,Yajaira,15,CA,1931,0.004
F,1981,Yara,14,CA,2022,0.004
F,1981,Yecenia,14,CA,2022,0.004
F,1981,Yen,11,CA,2352,0.003
F,1981,Yuliana,11,CA,2352,0.003
F,1981,Yael,10,CA,2498,0.003
F,1981,Yoana,9,CA,2651,0.002
F,1981,Yohanna,9,CA,2651,0.002
F,1981,Yasmeen,7,CA,3079,0.002
F,1981,Yezenia,7,CA,3079,0.002
F,1981,Yohana,7,CA,3079,0.002
F,1981,Yumi,7,CA,3079,0.002
F,1981,Yazmin,6,CA,3399,0.002
F,1981,Yeni,6,CA,3399,0.002
F,1981,Yuka,6,CA,3399,0.002
F,1981,Yury,6,CA,3399,0.002
F,1981,Yasmine,5,CA,3828,0.001
F,1981,Yer,5,CA,3828,0.001
F,1981,Yisel,5,CA,3828,0.001
F,1981,Yoko,5,CA,3828,0.001
F,1981,Yuridia,5,CA,3828,0.001
F,1982,Yvette,304,CA,254,0.078
F,1982,Yolanda,235,CA,305,0.06
F,1982,Yvonne,217,CA,332,0.056
F,1982,Yesenia,202,CA,358,0.052
F,1982,Yadira,103,CA,587,0.026
F,1982,Yuri,45,CA,1009,0.012
F,1982,Yasmin,41,CA,1071,0.01
F,1982,Yessenia,33,CA,1211,0.008
F,1982,Yuliana,30,CA,1276,0.008
F,1982,Yanira,27,CA,1358,0.007
F,1982,Yajaira,25,CA,1429,0.006
F,1982,Yessica,25,CA,1429,0.006
F,1982,Yanet,23,CA,1502,0.006
F,1982,Yecenia,16,CA,1871,0.004
F,1982,Yesica,16,CA,1871,0.004
F,1982,Yer,15,CA,1937,0.004
F,1982,Yazmin,13,CA,2162,0.003
F,1982,Yoana,12,CA,2285,0.003
F,1982,Yara,11,CA,2395,0.003
F,1982,Yael,10,CA,2522,0.003
F,1982,Yasmine,9,CA,2707,0.002
F,1982,Yen,9,CA,2707,0.002
F,1982,Ying,8,CA,2912,0.002
F,1982,Yanin,7,CA,3179,0.002
F,1982,Yasmeen,7,CA,3179,0.002
F,1982,Yeni,7,CA,3179,0.002
F,1982,Yanette,6,CA,3500,0.002
F,1982,Yu,5,CA,3933,0.001
F,1982,Yumi,5,CA,3933,0.001
F,1982,Yuriana,5,CA,3933,0.001
F,1983,Yvette,252,CA,295,0.064
F,1983,Yesenia,234,CA,304,0.059
F,1983,Yvonne,226,CA,319,0.057
F,1983,Yolanda,224,CA,323,0.057
F,1983,Yadira,93,CA,617,0.024
F,1983,Yasmin,36,CA,1151,0.009
F,1983,Yuri,33,CA,1207,0.008
F,1983,Yessenia,28,CA,1335,0.007
F,1983,Yanira,25,CA,1427,0.006
F,1983,Yajaira,20,CA,1628,0.005
F,1983,Yuliana,18,CA,1737,0.005
F,1983,Yessica,17,CA,1813,0.004
F,1983,Yanet,16,CA,1883,0.004
F,1983,Yesica,15,CA,1946,0.004
F,1983,Yasmine,13,CA,2146,0.003
F,1983,Yazmin,13,CA,2146,0.003
F,1983,Yuridia,12,CA,2242,0.003
F,1983,Yer,11,CA,2372,0.003
F,1983,Yeni,9,CA,2691,0.002
F,1983,Yara,8,CA,2906,0.002
F,1983,Yen,8,CA,2906,0.002
F,1983,Yael,7,CA,3134,0.002
F,1983,Yaneth,7,CA,3134,0.002
F,1983,Yecenia,7,CA,3134,0.002
F,1983,Yee,7,CA,3134,0.002
F,1983,Yury,7,CA,3134,0.002
F,1983,Yahaira,6,CA,3443,0.002
F,1983,Yumi,6,CA,3443,0.002
F,1983,Ying,5,CA,3914,0.001
F,1983,Yoanna,5,CA,3914,0.001
F,1983,Youa,5,CA,3914,0.001
F,1984,Yvette,228,CA,323,0.056
F,1984,Yesenia,203,CA,357,0.05
F,1984,Yvonne,198,CA,367,0.049
F,1984,Yolanda,186,CA,384,0.046
F,1984,Yadira,87,CA,667,0.021
F,1984,Yasmin,36,CA,1166,0.009
F,1984,Yuri,31,CA,1275,0.008
F,1984,Yajaira,30,CA,1306,0.007
F,1984,Yesica,28,CA,1364,0.007
F,1984,Yanira,25,CA,1448,0.006
F,1984,Yessica,25,CA,1448,0.006
F,1984,Yuliana,24,CA,1498,0.006
F,1984,Yecenia,19,CA,1728,0.005
F,1984,Yessenia,15,CA,1992,0.004
F,1984,Yanet,13,CA,2186,0.003
F,1984,Yoana,13,CA,2186,0.003
F,1984,Yael,12,CA,2291,0.003
F,1984,Yazmin,11,CA,2411,0.003
F,1984,Yasmine,10,CA,2539,0.002
F,1984,Yer,10,CA,2539,0.002
F,1984,Yuridia,10,CA,2539,0.002
F,1984,Yahaira,8,CA,2946,0.002
F,1984,Yen,8,CA,2946,0.002
F,1984,Youa,8,CA,2946,0.002
F,1984,Yury,8,CA,2946,0.002
F,1984,Yalitza,6,CA,3583,0.001
F,1984,Yasmeen,6,CA,3583,0.001
F,1984,Yuki,6,CA,3583,0.001
F,1984,Yaminah,5,CA,4039,0.001
F,1984,Yee,5,CA,4039,0.001
F,1984,Yeni,5,CA,4039,0.001
F,1984,Ying,5,CA,4039,0.001
F,1984,Yizza,5,CA,4039,0.001
F,1985,Yesenia,281,CA,284,0.066
F,1985,Yvette,240,CA,326,0.056
F,1985,Yvonne,203,CA,369,0.048
F,1985,Yolanda,191,CA,391,0.045
F,1985,Yadira,101,CA,627,0.024
F,1985,Yuliana,59,CA,890,0.014
F,1985,Yasmin,50,CA,992,0.012
F,1985,Yajaira,43,CA,1089,0.01
F,1985,Yessenia,32,CA,1295,0.008
F,1985,Yanira,29,CA,1369,0.007
F,1985,Yuri,28,CA,1393,0.007
F,1985,Yesica,25,CA,1494,0.006
F,1985,Yessica,21,CA,1671,0.005
F,1985,Yecenia,15,CA,2053,0.004
F,1985,Yoana,15,CA,2053,0.004
F,1985,Yer,14,CA,2156,0.003
F,1985,Yazmin,13,CA,2268,0.003
F,1985,Yara,12,CA,2388,0.003
F,1985,Yury,12,CA,2388,0.003
F,1985,Yahaira,10,CA,2695,0.002
F,1985,Yael,8,CA,3071,0.002
F,1985,Yanet,8,CA,3071,0.002
F,1985,Yanette,8,CA,3071,0.002
F,1985,Yasmine,7,CA,3371,0.002
F,1985,Yuriana,7,CA,3371,0.002
F,1985,Yen,6,CA,3735,0.001
F,1985,Young,6,CA,3735,0.001
F,1985,Yumi,6,CA,3735,0.001
F,1985,Yajayra,5,CA,4180,0.001
F,1985,Yamileth,5,CA,4180,0.001
F,1985,Yaneth,5,CA,4180,0.001
F,1985,Yang,5,CA,4180,0.001
F,1985,Yaquelin,5,CA,4180,0.001
F,1985,Yasmeen,5,CA,4180,0.001
F,1985,Yoanna,5,CA,4180,0.001
F,1985,Yoshiko,5,CA,4180,0.001
F,1985,Yuridia,5,CA,4180,0.001
F,1986,Yesenia,425,CA,205,0.097
F,1986,Yvette,276,CA,292,0.063
F,1986,Yvonne,205,CA,382,0.047
F,1986,Yolanda,175,CA,428,0.04
F,1986,Yadira,74,CA,777,0.017
F,1986,Yasmin,48,CA,1037,0.011
F,1986,Yessenia,41,CA,1140,0.009
F,1986,Yessica,29,CA,1405,0.007
F,1986,Yomaira,29,CA,1405,0.007
F,1986,Yuri,29,CA,1405,0.007
F,1986,Yanira,26,CA,1496,0.006
F,1986,Yuliana,25,CA,1526,0.006
F,1986,Yajaira,23,CA,1610,0.005
F,1986,Yanet,23,CA,1610,0.005
F,1986,Yesica,22,CA,1659,0.005
F,1986,Yecenia,19,CA,1817,0.004
F,1986,Yazmin,15,CA,2112,0.003
F,1986,Yer,15,CA,2112,0.003
F,1986,Yuridia,13,CA,2312,0.003
F,1986,Yasmine,12,CA,2443,0.003
F,1986,Yoana,12,CA,2443,0.003
F,1986,Yasmeen,10,CA,2770,0.002
F,1986,Yee,10,CA,2770,0.002
F,1986,Yeni,10,CA,2770,0.002
F,1986,Yomayra,8,CA,3214,0.002
F,1986,Youa,8,CA,3214,0.002
F,1986,Yury,8,CA,3214,0.002
F,1986,Yael,7,CA,3506,0.002
F,1986,Yen,7,CA,3506,0.002
F,1986,Yuko,7,CA,3506,0.002
F,1986,Yahaira,6,CA,3851,0.001
F,1986,Yara,6,CA,3851,0.001
F,1986,Yohana,6,CA,3851,0.001
F,1986,Yanai,5,CA,4375,0.001
F,1986,Yaneli,5,CA,4375,0.001
F,1986,Yaneth,5,CA,4375,0.001
F,1986,Ying,5,CA,4375,0.001
F,1986,Yisel,5,CA,4375,0.001
F,1986,Yukiko,5,CA,4375,0.001
F,1986,Yumi,5,CA,4375,0.001
F,1987,Yesenia,860,CA,105,0.189
F,1987,Yvette,302,CA,282,0.067
F,1987,Yvonne,205,CA,394,0.045
F,1987,Yolanda,186,CA,422,0.041
F,1987,Yessenia,107,CA,636,0.024
F,1987,Yadira,101,CA,670,0.022
F,1987,Yasmin,77,CA,791,0.017
F,1987,Yessica,43,CA,1159,0.009
F,1987,Yuri,38,CA,1253,0.008
F,1987,Yanira,33,CA,1340,0.007
F,1987,Yajaira,29,CA,1458,0.006
F,1987,Yesica,29,CA,1458,0.006
F,1987,Yecenia,22,CA,1739,0.005
F,1987,Yazmin,21,CA,1785,0.005
F,1987,Yanet,20,CA,1836,0.004
F,1987,Yuliana,19,CA,1883,0.004
F,1987,Yuridia,17,CA,2020,0.004
F,1987,Yer,16,CA,2102,0.004
F,1987,Yael,13,CA,2385,0.003
F,1987,Yasmine,13,CA,2385,0.003
F,1987,Yahaira,12,CA,2518,0.003
F,1987,Yoana,12,CA,2518,0.003
F,1987,Yasmeen,11,CA,2645,0.002
F,1987,Yara,10,CA,2843,0.002
F,1987,Yelitza,8,CA,3285,0.002
F,1987,Yezenia,7,CA,3596,0.002
F,1987,Yvett,7,CA,3596,0.002
F,1987,Yanett,6,CA,4006,0.001
F,1987,Yen,6,CA,4006,0.001
F,1987,Yeni,6,CA,4006,0.001
F,1987,Yuriana,6,CA,4006,0.001
F,1987,Yaneli,5,CA,4502,0.001
F,1987,Yasmina,5,CA,4502,0.001
F,1987,Yee,5,CA,4502,0.001
F,1987,Yeng,5,CA,4502,0.001
F,1987,Ying,5,CA,4502,0.001
F,1987,Yomaira,5,CA,4502,0.001
F,1987,Yury,5,CA,4502,0.001
F,1988,Yesenia,552,CA,184,0.115
F,1988,Yvette,322,CA,278,0.067
F,1988,Yvonne,213,CA,400,0.044
F,1988,Yolanda,168,CA,470,0.035
F,1988,Yadira,122,CA,593,0.025
F,1988,Yessenia,113,CA,626,0.024
F,1988,Yasmin,50,CA,1097,0.01
F,1988,Yajaira,46,CA,1148,0.01
F,1988,Yessica,41,CA,1239,0.009
F,1988,Yanira,35,CA,1359,0.007
F,1988,Yuri,32,CA,1434,0.007
F,1988,Yesica,28,CA,1572,0.006
F,1988,Yer,25,CA,1669,0.005
F,1988,Yazmin,22,CA,1807,0.005
F,1988,Yuliana,22,CA,1807,0.005
F,1988,Yasmine,21,CA,1864,0.004
F,1988,Yanet,20,CA,1921,0.004
F,1988,Yecenia,18,CA,2047,0.004
F,1988,Yasmeen,14,CA,2413,0.003
F,1988,Yen,14,CA,2413,0.003
F,1988,Yeraldin,14,CA,2413,0.003
F,1988,Yuriko,14,CA,2413,0.003
F,1988,Yahaira,13,CA,2538,0.003
F,1988,Yanine,10,CA,3021,0.002
F,1988,Yuka,10,CA,3021,0.002
F,1988,Yoana,9,CA,3218,0.002
F,1988,Yareli,8,CA,3479,0.002
F,1988,Yomaira,8,CA,3479,0.002
F,1988,Yuridia,8,CA,3479,0.002
F,1988,Yael,7,CA,3805,0.001
F,1988,Yee,6,CA,4194,0.001
F,1988,Ysenia,6,CA,4194,0.001
F,1988,Yurico,6,CA,4194,0.001
F,1988,Yury,6,CA,4194,0.001
F,1988,Yanely,5,CA,4777,0.001
F,1988,Yanin,5,CA,4777,0.001
F,1988,Yeni,5,CA,4777,0.001
F,1988,Yezenia,5,CA,4777,0.001
F,1988,Ying,5,CA,4777,0.001
F,1988,Yukari,5,CA,4777,0.001
F,1988,Yukiko,5,CA,4777,0.001
F,1988,Yumi,5,CA,4777,0.001
F,1988,Yuriana,5,CA,4777,0.001
F,1988,Yvett,5,CA,4777,0.001
F,1989,Yesenia,651,CA,173,0.127
F,1989,Yvette,321,CA,298,0.063
F,1989,Yvonne,217,CA,417,0.042
F,1989,Yolanda,154,CA,532,0.03
F,1989,Yadira,147,CA,553,0.029
F,1989,Yessenia,104,CA,719,0.02
F,1989,Yajaira,98,CA,744,0.019
F,1989,Yasmin,83,CA,840,0.016
F,1989,Yanira,52,CA,1101,0.01
F,1989,Yazmin,41,CA,1292,0.008
F,1989,Yessica,41,CA,1292,0.008
F,1989,Yuliana,35,CA,1421,0.007
F,1989,Yuri,33,CA,1477,0.006
F,1989,Yasmine,31,CA,1536,0.006
F,1989,Yecenia,31,CA,1536,0.006
F,1989,Yahaira,28,CA,1651,0.005
F,1989,Yanet,26,CA,1715,0.005
F,1989,Yoana,21,CA,1961,0.004
F,1989,Yaneli,19,CA,2105,0.004
F,1989,Yer,18,CA,2173,0.004
F,1989,Yasmeen,17,CA,2268,0.003
F,1989,Yesica,17,CA,2268,0.003
F,1989,Yuridia,15,CA,2444,0.003
F,1989,Yara,13,CA,2689,0.003
F,1989,Yael,12,CA,2831,0.002
F,1989,Yaquelin,9,CA,3404,0.002
F,1989,Yuriko,9,CA,3404,0.002
F,1989,Yaneth,8,CA,3664,0.002
F,1989,Yeraldin,8,CA,3664,0.002
F,1989,Yee,7,CA,4042,0.001
F,1989,Yenny,7,CA,4042,0.001
F,1989,Yanina,6,CA,4462,0.001
F,1989,Yareli,6,CA,4462,0.001
F,1989,Yaritza,6,CA,4462,0.001
F,1989,Yoanna,6,CA,4462,0.001
F,1989,Yocelin,6,CA,4462,0.001
F,1989,Yamileth,5,CA,5102,0.001
F,1989,Yancy,5,CA,5102,0.001
F,1989,Yen,5,CA,5102,0.001
F,1989,Yezenia,5,CA,5102,0.001
F,1989,Yomaira,5,CA,5102,0.001
F,1989,Yuriana,5,CA,5102,0.001
F,1990,Yesenia,934,CA,128,0.169
F,1990,Yvette,324,CA,324,0.059
F,1990,Yvonne,255,CA,391,0.046
F,1990,Yolanda,194,CA,490,0.035
F,1990,Yadira,193,CA,493,0.035
F,1990,Yessenia,128,CA,661,0.023
F,1990,Yasmin,106,CA,746,0.019
F,1990,Yessica,62,CA,1051,0.011
F,1990,Yajaira,56,CA,1121,0.01
F,1990,Yanira,50,CA,1202,0.009
F,1990,Yazmin,48,CA,1235,0.009
F,1990,Yuliana,45,CA,1293,0.008
F,1990,Yecenia,39,CA,1420,0.007
F,1990,Yesica,37,CA,1464,0.007
F,1990,Yuri,34,CA,1566,0.006
F,1990,Yuridia,34,CA,1566,0.006
F,1990,Yahaira,31,CA,1657,0.006
F,1990,Yanet,31,CA,1657,0.006
F,1990,Yer,26,CA,1828,0.005
F,1990,Yasmine,23,CA,1960,0.004
F,1990,Yoana,21,CA,2058,0.004
F,1990,Yamilet,19,CA,2199,0.003
F,1990,Yareli,19,CA,2199,0.003
F,1990,Yasmeen,18,CA,2288,0.003
F,1990,Yohana,17,CA,2363,0.003
F,1990,Yaneli,14,CA,2684,0.003
F,1990,Yaneth,14,CA,2684,0.003
F,1990,Yezenia,13,CA,2808,0.002
F,1990,Yara,12,CA,2961,0.002
F,1990,Yael,11,CA,3167,0.002
F,1990,Yee,10,CA,3373,0.002
F,1990,Yoanna,10,CA,3373,0.002
F,1990,Ysamar,10,CA,3373,0.002
F,1990,Yoselin,9,CA,3618,0.002
F,1990,Youa,9,CA,3618,0.002
F,1990,Yanina,8,CA,3930,0.001
F,1990,Yarely,8,CA,3930,0.001
F,1990,Yuriana,8,CA,3930,0.001
F,1990,Yancy,7,CA,4284,0.001
F,1990,Yeng,7,CA,4284,0.001
F,1990,Yliana,7,CA,4284,0.001
F,1990,Yuriko,7,CA,4284,0.001
F,1990,Yanely,6,CA,4773,0.001
F,1990,Yasaman,6,CA,4773,0.001
F,1990,Yasamin,6,CA,4773,0.001
F,1990,Ying,6,CA,4773,0.001
F,1990,Yuka,6,CA,4773,0.001
F,1990,Yunuen,6,CA,4773,0.001
F,1990,Yamileth,5,CA,5365,0.001
F,1990,Yaquelin,5,CA,5365,0.001
F,1990,Yenny,5,CA,5365,0.001
F,1990,Yoshiko,5,CA,5365,0.001
F,1990,Ysenia,5,CA,5365,0.001
F,1990,Yu,5,CA,5365,0.001
F,1990,Yuridiana,5,CA,5365,0.001
F,1990,Yuritzy,5,CA,5365,0.001
F,1990,Yury,5,CA,5365,0.001
F,1990,Yvanna,5,CA,5365,0.001
F,1991,Yesenia,835,CA,150,0.152
F,1991,Yvette,381,CA,291,0.069
F,1991,Yvonne,238,CA,412,0.043
F,1991,Yadira,187,CA,501,0.034
F,1991,Yolanda,153,CA,574,0.028
F,1991,Yessenia,117,CA,709,0.021
F,1991,Yasmin,112,CA,730,0.02
F,1991,Yajaira,79,CA,908,0.014
F,1991,Yessica,77,CA,926,0.014
F,1991,Yesica,60,CA,1078,0.011
F,1991,Yazmin,58,CA,1101,0.011
F,1991,Yanira,48,CA,1234,0.009
F,1991,Yuliana,40,CA,1403,0.007
F,1991,Yuri,37,CA,1475,0.007
F,1991,Yasmine,32,CA,1633,0.006
F,1991,Yanet,28,CA,1763,0.005
F,1991,Yahaira,24,CA,1919,0.004
F,1991,Yecenia,21,CA,2085,0.004
F,1991,Yoana,21,CA,2085,0.004
F,1991,Yuridia,20,CA,2152,0.004
F,1991,Yael,19,CA,2231,0.003
F,1991,Yaneli,19,CA,2231,0.003
F,1991,Yareli,19,CA,2231,0.003
F,1991,Yanely,16,CA,2479,0.003
F,1991,Yara,14,CA,2697,0.003
F,1991,Yamilet,13,CA,2853,0.002
F,1991,Yasmeen,13,CA,2853,0.002
F,1991,Yer,13,CA,2853,0.002
F,1991,Yezenia,12,CA,2985,0.002
F,1991,Yamileth,11,CA,3166,0.002
F,1991,Yaneth,11,CA,3166,0.002
F,1991,Yanina,11,CA,3166,0.002
F,1991,Yuriko,11,CA,3166,0.002
F,1991,Yanelly,10,CA,3369,0.002
F,1991,Yoselin,10,CA,3369,0.002
F,1991,Yanette,9,CA,3626,0.002
F,1991,Yarely,8,CA,3929,0.001
F,1991,Yeni,8,CA,3929,0.001
F,1991,Yohana,8,CA,3929,0.001
F,1991,Yasamin,7,CA,4304,0.001
F,1991,Yee,7,CA,4304,0.001
F,1991,Yeng,7,CA,4304,0.001
F,1991,Yennifer,7,CA,4304,0.001
F,1991,Ysenia,7,CA,4304,0.001
F,1991,Yuritzy,7,CA,4304,0.001
F,1991,Yevette,6,CA,4773,0.001
F,1991,Yisel,6,CA,4773,0.001
F,1991,Youa,6,CA,4773,0.001
F,1991,Yvett,6,CA,4773,0.001
F,1991,Yakira,5,CA,5375,0.001
F,1991,Yohanna,5,CA,5375,0.001
F,1991,Yomaira,5,CA,5375,0.001
F,1991,Ysabel,5,CA,5375,0.001
F,1991,Yunuen,5,CA,5375,0.001
F,1991,Yurico,5,CA,5375,0.001
F,1992,Yesenia,889,CA,135,0.164
F,1992,Yvette,328,CA,328,0.061
F,1992,Yvonne,266,CA,384,0.049
F,1992,Yadira,201,CA,472,0.037
F,1992,Yolanda,188,CA,495,0.035
F,1992,Yessenia,132,CA,638,0.024
F,1992,Yasmin,126,CA,667,0.023
F,1992,Yessica,68,CA,985,0.013
F,1992,Yazmin,55,CA,1125,0.01
F,1992,Yajaira,50,CA,1194,0.009
F,1992,Yanira,49,CA,1213,0.009
F,1992,Yoselin,41,CA,1370,0.008
F,1992,Yuliana,38,CA,1424,0.007
F,1992,Yesica,37,CA,1454,0.007
F,1992,Yanet,36,CA,1478,0.007
F,1992,Yasmeen,35,CA,1503,0.006
F,1992,Yasmine,32,CA,1582,0.006
F,1992,Yaritza,30,CA,1671,0.006
F,1992,Yecenia,24,CA,1923,0.004
F,1992,Yareli,22,CA,2038,0.004
F,1992,Yer,22,CA,2038,0.004
F,1992,Yahaira,21,CA,2099,0.004
F,1992,Yuri,21,CA,2099,0.004
F,1992,Yarely,20,CA,2161,0.004
F,1992,Yamilet,13,CA,2835,0.002
F,1992,Yara,13,CA,2835,0.002
F,1992,Yoseline,13,CA,2835,0.002
F,1992,Yuridia,13,CA,2835,0.002
F,1992,Yael,12,CA,3012,0.002
F,1992,Yaneli,12,CA,3012,0.002
F,1992,Yenifer,11,CA,3193,0.002
F,1992,Yezenia,11,CA,3193,0.002
F,1992,Yoana,11,CA,3193,0.002
F,1992,Yee,10,CA,3405,0.002
F,1992,Yeng,10,CA,3405,0.002
F,1992,Yoanna,10,CA,3405,0.002
F,1992,Yamileth,9,CA,3663,0.002
F,1992,Yaneth,9,CA,3663,0.002
F,1992,Yaquelin,9,CA,3663,0.002
F,1992,Yocelyn,9,CA,3663,0.002
F,1992,Yohana,9,CA,3663,0.002
F,1992,Yovana,9,CA,3663,0.002
F,1992,Yanely,8,CA,3967,0.001
F,1992,Yanette,8,CA,3967,0.001
F,1992,Yasaman,8,CA,3967,0.001
F,1992,Yazmine,8,CA,3967,0.001
F,1992,Yenny,8,CA,3967,0.001
F,1992,Yocelin,8,CA,3967,0.001
F,1992,Yanett,7,CA,4339,0.001
F,1992,Yasamin,7,CA,4339,0.001
F,1992,Yeni,7,CA,4339,0.001
F,1992,Yuriko,7,CA,4339,0.001
F,1992,Yanelly,6,CA,4826,0.001
F,1992,Yenia,6,CA,4826,0.001
F,1992,Ying,6,CA,4826,0.001
F,1992,Ysabel,6,CA,4826,0.001
F,1992,Yvett,6,CA,4826,0.001
F,1992,Yadria,5,CA,5424,0.001
F,1992,Yajayra,5,CA,5424,0.001
F,1992,Yaminah,5,CA,5424,0.001
F,1992,Yancy,5,CA,5424,0.001
F,1992,Yennifer,5,CA,5424,0.001
F,1992,Yoselyn,5,CA,5424,0.001
F,1992,Yosselin,5,CA,5424,0.001
F,1992,Yunuen,5,CA,5424,0.001
F,1993,Yesenia,736,CA,152,0.14
F,1993,Yvette,293,CA,354,0.056
F,1993,Yvonne,209,CA,454,0.04
F,1993,Yadira,205,CA,461,0.039
F,1993,Yolanda,184,CA,499,0.035
F,1993,Yaritza,172,CA,516,0.033
F,1993,Yasmin,158,CA,547,0.03
F,1993,Yessenia,143,CA,595,0.027
F,1993,Yazmin,91,CA,824,0.017
F,1993,Yajaira,69,CA,979,0.013
F,1993,Yessica,61,CA,1056,0.012
F,1993,Yasmine,56,CA,1115,0.011
F,1993,Yoselin,54,CA,1147,0.01
F,1993,Yanira,44,CA,1307,0.008
F,1993,Yasmeen,44,CA,1307,0.008
F,1993,Yesica,44,CA,1307,0.008
F,1993,Yaneli,36,CA,1484,0.007
F,1993,Yareli,32,CA,1608,0.006
F,1993,Yahaira,31,CA,1639,0.006
F,1993,Yanet,31,CA,1639,0.006
F,1993,Yoana,23,CA,1960,0.004
F,1993,Yanely,21,CA,2072,0.004
F,1993,Yuliana,20,CA,2138,0.004
F,1993,Yuridia,17,CA,2382,0.003
F,1993,Yarely,16,CA,2479,0.003
F,1993,Yecenia,16,CA,2479,0.003
F,1993,Yer,15,CA,2578,0.003
F,1993,Yuri,14,CA,2697,0.003
F,1993,Yara,13,CA,2836,0.002
F,1993,Yazmine,13,CA,2836,0.002
F,1993,Yocelin,13,CA,2836,0.002
F,1993,Yamilet,12,CA,3005,0.002
F,1993,Yovanna,12,CA,3005,0.002
F,1993,Yovana,11,CA,3172,0.002
F,1993,Yaneth,10,CA,3363,0.002
F,1993,Yoseline,10,CA,3363,0.002
F,1993,Yoselyn,10,CA,3363,0.002
F,1993,Yarelyn,9,CA,3583,0.002
F,1993,Yisel,9,CA,3583,0.002
F,1993,Yoandra,9,CA,3583,0.002
F,1993,Yohana,9,CA,3583,0.002
F,1993,Yael,8,CA,3906,0.002
F,1993,Yaquelin,8,CA,3906,0.002
F,1993,Yunuen,8,CA,3906,0.002
F,1993,Yang,7,CA,4273,0.001
F,1993,Yasaman,7,CA,4273,0.001
F,1993,Yeni,7,CA,4273,0.001
F,1993,Yocelyn,7,CA,4273,0.001
F,1993,Youa,7,CA,4273,0.001
F,1993,Ysabella,7,CA,4273,0.001
F,1993,Yanelly,6,CA,4750,0.001
F,1993,Yanina,6,CA,4750,0.001
F,1993,Yenifer,6,CA,4750,0.001
F,1993,Yenny,6,CA,4750,0.001
F,1993,Yeraldin,6,CA,4750,0.001
F,1993,Yoanna,6,CA,4750,0.001
F,1993,Yohanna,6,CA,4750,0.001
F,1993,Yosselin,6,CA,4750,0.001
F,1993,Ysabel,6,CA,4750,0.001
F,1993,Yuritzy,6,CA,4750,0.001
F,1993,Yury,6,CA,4750,0.001
F,1993,Yajayra,5,CA,5394,0.001
F,1993,Yanette,5,CA,5394,0.001
F,1993,Yarissa,5,CA,5394,0.001
F,1993,Yarithza,5,CA,5394,0.001
F,1993,Yarixa,5,CA,5394,0.001
F,1993,Yasamin,5,CA,5394,0.001
F,1993,Yasmina,5,CA,5394,0.001
F,1993,Yennifer,5,CA,5394,0.001
F,1993,Yevette,5,CA,5394,0.001
F,1993,Yobana,5,CA,5394,0.001
F,1993,Yoko,5,CA,5394,0.001
F,1993,Yosselyn,5,CA,5394,0.001
F,1993,Yudith,5,CA,5394,0.001
F,1993,Yuna,5,CA,5394,0.001
F,1994,Yesenia,746,CA,141,0.146
F,1994,Yvette,276,CA,361,0.054
F,1994,Yvonne,196,CA,468,0.038
F,1994,Yadira,171,CA,523,0.034
F,1994,Yolanda,137,CA,602,0.027
F,1994,Yasmin,136,CA,605,0.027
F,1994,Yazmin,123,CA,645,0.024
F,1994,Yessenia,123,CA,645,0.024
F,1994,Yajaira,80,CA,882,0.016
F,1994,Yessica,64,CA,1014,0.013
F,1994,Yaritza,60,CA,1052,0.012
F,1994,Yasmine,52,CA,1148,0.01
F,1994,Yasmeen,47,CA,1232,0.009
F,1994,Yoselin,46,CA,1250,0.009
F,1994,Yanira,41,CA,1344,0.008
F,1994,Yanet,34,CA,1515,0.007
F,1994,Yareli,32,CA,1570,0.006
F,1994,Yesica,32,CA,1570,0.006
F,1994,Yuliana,31,CA,1608,0.006
F,1994,Yecenia,29,CA,1681,0.006
F,1994,Yahaira,27,CA,1767,0.005
F,1994,Yoana,27,CA,1767,0.005
F,1994,Yaneli,25,CA,1855,0.005
F,1994,Yarely,20,CA,2115,0.004
F,1994,Yarima,17,CA,2362,0.003
F,1994,Yer,17,CA,2362,0.003
F,1994,Yuri,17,CA,2362,0.003
F,1994,Yanely,14,CA,2670,0.003
F,1994,Yaquelin,14,CA,2670,0.003
F,1994,Yoseline,14,CA,2670,0.003
F,1994,Yara,13,CA,2812,0.003
F,1994,Yohana,13,CA,2812,0.003
F,1994,Yuridia,13,CA,2812,0.003
F,1994,Yocelyn,12,CA,2965,0.002
F,1994,Yaneth,11,CA,3128,0.002
F,1994,Yoselyn,11,CA,3128,0.002
F,1994,Yajayra,10,CA,3323,0.002
F,1994,Yenifer,10,CA,3323,0.002
F,1994,Yael,9,CA,3584,0.002
F,1994,Yanel,9,CA,3584,0.002
F,1994,Yocelin,9,CA,3584,0.002
F,1994,Ysabel,9,CA,3584,0.002
F,1994,Yamilet,8,CA,3882,0.002
F,1994,Yanelly,8,CA,3882,0.002
F,1994,Ysabella,8,CA,3882,0.002
F,1994,Ysenia,8,CA,3882,0.002
F,1994,Yazmine,7,CA,4252,0.001
F,1994,Yen,7,CA,4252,0.001
F,1994,Yennifer,7,CA,4252,0.001
F,1994,Yezenia,7,CA,4252,0.001
F,1994,Yuka,7,CA,4252,0.001
F,1994,Yamileth,6,CA,4720,0.001
F,1994,Yaricza,6,CA,4720,0.001
F,1994,Yudith,6,CA,4720,0.001
F,1994,Yunuen,6,CA,4720,0.001
F,1994,Yuriko,6,CA,4720,0.001
F,1994,Yanina,5,CA,5372,0.001
F,1994,Yicel,5,CA,5372,0.001
F,1994,Yomaira,5,CA,5372,0.001
F,1994,Yovana,5,CA,5372,0.001
F,1994,Yu,5,CA,5372,0.001
F,1994,Yusra,5,CA,5372,0.001
F,1995,Yesenia,692,CA,154,0.14
F,1995,Yvette,235,CA,412,0.048
F,1995,Yadira,189,CA,480,0.038
F,1995,Yvonne,186,CA,487,0.038
F,1995,Yasmin,150,CA,565,0.03
F,1995,Yolanda,132,CA,607,0.027
F,1995,Yessenia,112,CA,693,0.023
F,1995,Yessica,73,CA,920,0.015
F,1995,Yazmin,69,CA,950,0.014
F,1995,Yajaira,65,CA,993,0.013
F,1995,Yasmine,57,CA,1067,0.012
F,1995,Yasmeen,50,CA,1161,0.01
F,1995,Yahaira,49,CA,1175,0.01
F,1995,Yareli,46,CA,1226,0.009
F,1995,Yoselin,42,CA,1307,0.008
F,1995,Yaritza,35,CA,1474,0.007
F,1995,Yesica,35,CA,1474,0.007
F,1995,Yanet,34,CA,1510,0.007
F,1995,Yanira,30,CA,1622,0.006
F,1995,Yaneli,26,CA,1774,0.005
F,1995,Yamilex,24,CA,1876,0.005
F,1995,Yoana,24,CA,1876,0.005
F,1995,Yarely,19,CA,2165,0.004
F,1995,Yomira,19,CA,2165,0.004
F,1995,Yanely,18,CA,2248,0.004
F,1995,Yer,18,CA,2248,0.004
F,1995,Yuri,16,CA,2391,0.003
F,1995,Yamilet,15,CA,2478,0.003
F,1995,Yecenia,15,CA,2478,0.003
F,1995,Yara,14,CA,2598,0.003
F,1995,Yazmine,13,CA,2736,0.003
F,1995,Yuliana,12,CA,2874,0.002
F,1995,Yoseline,11,CA,3050,0.002
F,1995,Yuridia,11,CA,3050,0.002
F,1995,Yunuen,10,CA,3259,0.002
F,1995,Yaquelin,9,CA,3519,0.002
F,1995,Yenifer,9,CA,3519,0.002
F,1995,Yanelly,8,CA,3799,0.002
F,1995,Yuritzi,8,CA,3799,0.002
F,1995,Yohana,7,CA,4169,0.001
F,1995,Yoselyn,7,CA,4169,0.001
F,1995,Yael,6,CA,4607,0.001
F,1995,Yalitza,6,CA,4607,0.001
F,1995,Yaneth,6,CA,4607,0.001
F,1995,Yezenia,6,CA,4607,0.001
F,1995,Yocelin,6,CA,4607,0.001
F,1995,Yoceline,6,CA,4607,0.001
F,1995,Yocelyn,6,CA,4607,0.001
F,1995,Yajayra,5,CA,5230,0.001
F,1995,Yamileth,5,CA,5230,0.001
F,1995,Yared,5,CA,5230,0.001
F,1995,Yarelli,5,CA,5230,0.001
F,1995,Yasaman,5,CA,5230,0.001
F,1995,Yeimi,5,CA,5230,0.001
F,1995,Yen,5,CA,5230,0.001
F,1995,Yeni,5,CA,5230,0.001
F,1995,Yissel,5,CA,5230,0.001
F,1995,Yoanna,5,CA,5230,0.001
F,1995,Young,5,CA,5230,0.001
F,1995,Yovanna,5,CA,5230,0.001
F,1995,Yuki,5,CA,5230,0.001
F,1995,Yvanna,5,CA,5230,0.001
F,1996,Yesenia,665,CA,161,0.138
F,1996,Yvette,219,CA,418,0.045
F,1996,Yvonne,178,CA,496,0.037
F,1996,Yasmin,169,CA,512,0.035
F,1996,Yadira,134,CA,595,0.028
F,1996,Yessenia,125,CA,627,0.026
F,1996,Yolanda,115,CA,666,0.024
F,1996,Yasmine,95,CA,770,0.02
F,1996,Yajaira,86,CA,814,0.018
F,1996,Yamilex,73,CA,927,0.015
F,1996,Yazmin,70,CA,950,0.014
F,1996,Yoselin,54,CA,1103,0.011
F,1996,Yasmeen,51,CA,1147,0.011
F,1996,Yessica,51,CA,1147,0.011
F,1996,Yahaira,42,CA,1297,0.009
F,1996,Yaritza,40,CA,1342,0.008
F,1996,Yareli,36,CA,1444,0.007
F,1996,Yesica,32,CA,1547,0.007
F,1996,Yaneli,25,CA,1807,0.005
F,1996,Yanet,23,CA,1907,0.005
F,1996,Yarely,22,CA,1967,0.005
F,1996,Yomira,22,CA,1967,0.005
F,1996,Yuliana,19,CA,2149,0.004
F,1996,Yamilet,18,CA,2219,0.004
F,1996,Yamileth,18,CA,2219,0.004
F,1996,Yalitza,17,CA,2304,0.004
F,1996,Yanely,17,CA,2304,0.004
F,1996,Yenifer,17,CA,2304,0.004
F,1996,Yanira,16,CA,2405,0.003
F,1996,Yajayra,15,CA,2500,0.003
F,1996,Yaquelin,15,CA,2500,0.003
F,1996,Yecenia,14,CA,2603,0.003
F,1996,Yocelyn,14,CA,2603,0.003
F,1996,Yoselyn,14,CA,2603,0.003
F,1996,Yoana,13,CA,2735,0.003
F,1996,Yoseline,13,CA,2735,0.003
F,1996,Yuridia,12,CA,2891,0.002
F,1996,Yulissa,11,CA,3058,0.002
F,1996,Yuri,11,CA,3058,0.002
F,1996,Yuka,10,CA,3266,0.002
F,1996,Yanitza,9,CA,3500,0.002
F,1996,Yaqueline,9,CA,3500,0.002
F,1996,Yelena,9,CA,3500,0.002
F,1996,Yoceline,9,CA,3500,0.002
F,1996,Ysabel,9,CA,3500,0.002
F,1996,Ysabella,9,CA,3500,0.002
F,1996,Yara,8,CA,3767,0.002
F,1996,Yazmine,8,CA,3767,0.002
F,1996,Yohana,8,CA,3767,0.002
F,1996,Yosselin,8,CA,3767,0.002
F,1996,Yanelly,7,CA,4093,0.001
F,1996,Yilda,7,CA,4093,0.001
F,1996,Yocelyne,7,CA,4093,0.001
F,1996,Yovana,7,CA,4093,0.001
F,1996,Yvonna,7,CA,4093,0.001
F,1996,Yahayra,6,CA,4540,0.001
F,1996,Yancy,6,CA,4540,0.001
F,1996,Yaneth,6,CA,4540,0.001
F,1996,Yocelin,6,CA,4540,0.001
F,1996,Yael,5,CA,5186,0.001
F,1996,Yamile,5,CA,5186,0.001
F,1996,Yasaman,5,CA,5186,0.001
F,1996,Yeni,5,CA,5186,0.001
F,1996,Yer,5,CA,5186,0.001
F,1996,Ysabelle,5,CA,5186,0.001
F,1996,Yusra,5,CA,5186,0.001
F,1997,Yesenia,563,CA,192,0.12
F,1997,Yulissa,182,CA,479,0.039
F,1997,Yvette,169,CA,497,0.036
F,1997,Yasmin,165,CA,503,0.035
F,1997,Yadira,144,CA,561,0.031
F,1997,Yvonne,133,CA,605,0.028
F,1997,Yolanda,125,CA,630,0.027
F,1997,Yasmine,114,CA,674,0.024
F,1997,Yessenia,113,CA,679,0.024
F,1997,Yulisa,76,CA,863,0.016
F,1997,Yajaira,70,CA,911,0.015
F,1997,Yasmeen,63,CA,981,0.013
F,1997,Yazmin,52,CA,1124,0.011
F,1997,Yessica,43,CA,1279,0.009
F,1997,Yoselin,42,CA,1294,0.009
F,1997,Yahaira,39,CA,1347,0.008
F,1997,Yareli,32,CA,1520,0.007
F,1997,Yaritza,32,CA,1520,0.007
F,1997,Yaneli,28,CA,1644,0.006
F,1997,Yanet,27,CA,1680,0.006
F,1997,Yazmine,26,CA,1714,0.006
F,1997,Yuliana,25,CA,1770,0.005
F,1997,Yanira,23,CA,1870,0.005
F,1997,Yesica,21,CA,1993,0.004
F,1997,Yuliza,20,CA,2053,0.004
F,1997,Yamilet,19,CA,2135,0.004
F,1997,Yenifer,19,CA,2135,0.004
F,1997,Yocelyn,19,CA,2135,0.004
F,1997,Yamilex,18,CA,2219,0.004
F,1997,Yaquelin,18,CA,2219,0.004
F,1997,Yamileth,17,CA,2306,0.004
F,1997,Yuri,16,CA,2383,0.003
F,1997,Yanely,15,CA,2480,0.003
F,1997,Yecenia,14,CA,2617,0.003
F,1997,Yara,13,CA,2746,0.003
F,1997,Yael,11,CA,3034,0.002
F,1997,Yuridia,11,CA,3034,0.002
F,1997,Ysabel,10,CA,3236,0.002
F,1997,Yanitza,9,CA,3481,0.002
F,1997,Yarely,9,CA,3481,0.002
F,1997,Yoanna,9,CA,3481,0.002
F,1997,Yaneth,8,CA,3773,0.002
F,1997,Yocelin,8,CA,3773,0.002
F,1997,Yoselyn,8,CA,3773,0.002
F,1997,Yisel,7,CA,4099,0.001
F,1997,Yoana,7,CA,4099,0.001
F,1997,Yajayra,6,CA,4510,0.001
F,1997,Yalitza,6,CA,4510,0.001
F,1997,Yana,6,CA,4510,0.001
F,1997,Yanelly,6,CA,4510,0.001
F,1997,Yarelin,6,CA,4510,0.001
F,1997,Yazmeen,6,CA,4510,0.001
F,1997,Ynez,6,CA,4510,0.001
F,1997,Yomira,6,CA,4510,0.001
F,1997,Yailyn,5,CA,5104,0.001
F,1997,Yancy,5,CA,5104,0.001
F,1997,Yanelli,5,CA,5104,0.001
F,1997,Yasaman,5,CA,5104,0.001
F,1997,Yeni,5,CA,5104,0.001
F,1997,Yennifer,5,CA,5104,0.001
F,1997,Yer,5,CA,5104,0.001
F,1997,Yissel,5,CA,5104,0.001
F,1997,Ymani,5,CA,5104,0.001
F,1997,Yohana,5,CA,5104,0.001
F,1997,Yoseline,5,CA,5104,0.001
F,1997,Ysabella,5,CA,5104,0.001
F,1997,Yudith,5,CA,5104,0.001
F,1997,Yulianna,5,CA,5104,0.001
F,1997,Yumi,5,CA,5104,0.001
F,1997,Yuritza,5,CA,5104,0.001
F,1997,Yuritzy,5,CA,5104,0.001
F,1997,Yvanna,5,CA,5104,0.001
F,1998,Yesenia,472,CA,226,0.102
F,1998,Yvette,184,CA,457,0.04
F,1998,Yasmin,141,CA,575,0.03
F,1998,Yasmine,115,CA,670,0.025
F,1998,Yadira,111,CA,685,0.024
F,1998,Yessenia,103,CA,725,0.022
F,1998,Yvonne,99,CA,751,0.021
F,1998,Yolanda,82,CA,842,0.018
F,1998,Yajaira,71,CA,913,0.015
F,1998,Yulissa,57,CA,1069,0.012
F,1998,Yazmin,56,CA,1083,0.012
F,1998,Yasmeen,50,CA,1153,0.011
F,1998,Yareli,46,CA,1228,0.01
F,1998,Yulisa,43,CA,1285,0.009
F,1998,Yessica,42,CA,1312,0.009
F,1998,Yahaira,39,CA,1367,0.008
F,1998,Yoselin,32,CA,1531,0.007
F,1998,Yaritza,31,CA,1562,0.007
F,1998,Yesica,27,CA,1702,0.006
F,1998,Yaneli,25,CA,1782,0.005
F,1998,Yanet,23,CA,1885,0.005
F,1998,Yanira,23,CA,1885,0.005
F,1998,Yarely,22,CA,1941,0.005
F,1998,Yanely,19,CA,2148,0.004
F,1998,Yazmine,19,CA,2148,0.004
F,1998,Yelitza,17,CA,2313,0.004
F,1998,Yuliana,17,CA,2313,0.004
F,1998,Yenifer,16,CA,2407,0.003
F,1998,Yisel,16,CA,2407,0.003
F,1998,Yecenia,15,CA,2477,0.003
F,1998,Yaquelin,13,CA,2721,0.003
F,1998,Yoseline,13,CA,2721,0.003
F,1998,Yuri,13,CA,2721,0.003
F,1998,Yamilex,12,CA,2881,0.003
F,1998,Yuridia,12,CA,2881,0.003
F,1998,Yailin,11,CA,3072,0.002
F,1998,Yamilet,11,CA,3072,0.002
F,1998,Yara,11,CA,3072,0.002
F,1998,Yocelin,11,CA,3072,0.002
F,1998,Ysabel,11,CA,3072,0.002
F,1998,Yoana,10,CA,3273,0.002
F,1998,Yocelyn,10,CA,3273,0.002
F,1998,Ysabella,10,CA,3273,0.002
F,1998,Yuliza,10,CA,3273,0.002
F,1998,Yael,9,CA,3500,0.002
F,1998,Yoselyn,9,CA,3500,0.002
F,1998,Yunuen,9,CA,3500,0.002
F,1998,Yaneth,8,CA,3782,0.002
F,1998,Yuka,8,CA,3782,0.002
F,1998,Yamileth,7,CA,4128,0.002
F,1998,Yarelly,7,CA,4128,0.002
F,1998,Yissel,7,CA,4128,0.002
F,1998,Yalitza,6,CA,4560,0.001
F,1998,Yanelli,6,CA,4560,0.001
F,1998,Yanelly,6,CA,4560,0.001
F,1998,Yareth,6,CA,4560,0.001
F,1998,Yasaman,6,CA,4560,0.001
F,1998,Yer,6,CA,4560,0.001
F,1998,Yohana,6,CA,4560,0.001
F,1998,Yomira,6,CA,4560,0.001
F,1998,Ysabelle,6,CA,4560,0.001
F,1998,Yvonna,6,CA,4560,0.001
F,1998,Yailyn,5,CA,5145,0.001
F,1998,Yannely,5,CA,5145,0.001
F,1998,Yareni,5,CA,5145,0.001
F,1998,Yoanna,5,CA,5145,0.001
F,1998,Yovana,5,CA,5145,0.001
F,1998,Yvanna,5,CA,5145,0.001
F,1999,Yesenia,475,CA,222,0.103
F,1999,Yasmin,159,CA,522,0.035
F,1999,Yvette,140,CA,581,0.03
F,1999,Yasmine,109,CA,695,0.024
F,1999,Yadira,97,CA,753,0.021
F,1999,Yvonne,78,CA,851,0.017
F,1999,Yessenia,75,CA,877,0.016
F,1999,Yolanda,72,CA,908,0.016
F,1999,Yajaira,57,CA,1052,0.012
F,1999,Yazmin,51,CA,1137,0.011
F,1999,Yasmeen,48,CA,1182,0.01
F,1999,Yahaira,45,CA,1228,0.01
F,1999,Yulissa,45,CA,1228,0.01
F,1999,Yessica,41,CA,1307,0.009
F,1999,Yareli,38,CA,1392,0.008
F,1999,Yoselin,36,CA,1448,0.008
F,1999,Yaritza,32,CA,1559,0.007
F,1999,Yaneli,24,CA,1860,0.005
F,1999,Yarely,22,CA,1952,0.005
F,1999,Yulisa,22,CA,1952,0.005
F,1999,Yesica,21,CA,2010,0.005
F,1999,Yuliana,21,CA,2010,0.005
F,1999,Yanet,20,CA,2066,0.004
F,1999,Yamileth,17,CA,2312,0.004
F,1999,Yazmine,17,CA,2312,0.004
F,1999,Yailin,16,CA,2388,0.003
F,1999,Yaquelin,16,CA,2388,0.003
F,1999,Yara,16,CA,2388,0.003
F,1999,Yisel,16,CA,2388,0.003
F,1999,Yecenia,15,CA,2501,0.003
F,1999,Yamilex,14,CA,2621,0.003
F,1999,Ysabel,14,CA,2621,0.003
F,1999,Yael,11,CA,3064,0.002
F,1999,Yamilet,11,CA,3064,0.002
F,1999,Yanira,11,CA,3064,0.002
F,1999,Yenifer,11,CA,3064,0.002
F,1999,Yissel,11,CA,3064,0.002
F,1999,Yoana,11,CA,3064,0.002
F,1999,Yocelyn,11,CA,3064,0.002
F,1999,Yoselyn,11,CA,3064,0.002
F,1999,Ysabella,11,CA,3064,0.002
F,1999,Yanely,9,CA,3517,0.002
F,1999,Yelitza,9,CA,3517,0.002
F,1999,Yoseline,9,CA,3517,0.002
F,1999,Yuliza,9,CA,3517,0.002
F,1999,Yoanna,8,CA,3804,0.002
F,1999,Yocelin,8,CA,3804,0.002
F,1999,Yakelin,7,CA,4132,0.002
F,1999,Yanelly,7,CA,4132,0.002
F,1999,Yuritzi,7,CA,4132,0.002
F,1999,Yalitza,6,CA,4594,0.001
F,1999,Yazmeen,6,CA,4594,0.001
F,1999,Yoceline,6,CA,4594,0.001
F,1999,Ysenia,6,CA,4594,0.001
F,1999,Yuri,6,CA,4594,0.001
F,1999,Yvanna,6,CA,4594,0.001
F,1999,Yana,5,CA,5264,0.001
F,1999,Yasemin,5,CA,5264,0.001
F,1999,Yaxeni,5,CA,5264,0.001
F,1999,Yennifer,5,CA,5264,0.001
F,1999,Yezenia,5,CA,5264,0.001
F,1999,Yohana,5,CA,5264,0.001
F,1999,Yudith,5,CA,5264,0.001
F,1999,Yuka,5,CA,5264,0.001
F,1999,Yulianna,5,CA,5264,0.001
F,1999,Yuritzy,5,CA,5264,0.001
F,2000,Yesenia,457,CA,243,0.097
F,2000,Yasmin,180,CA,479,0.038
F,2000,Yvette,159,CA,534,0.034
F,2000,Yadira,99,CA,768,0.021
F,2000,Yvonne,95,CA,779,0.02
F,2000,Yasmine,90,CA,806,0.019
F,2000,Yamilet,71,CA,937,0.015
F,2000,Yessenia,70,CA,942,0.015
F,2000,Yolanda,68,CA,957,0.014
F,2000,Yajaira,64,CA,1003,0.014
F,2000,Yareli,61,CA,1032,0.013
F,2000,Yazmin,52,CA,1139,0.011
F,2000,Yahaira,46,CA,1255,0.01
F,2000,Yamile,46,CA,1255,0.01
F,2000,Yoselin,44,CA,1295,0.009
F,2000,Yasmeen,43,CA,1318,0.009
F,2000,Yulissa,38,CA,1425,0.008
F,2000,Yulisa,37,CA,1447,0.008
F,2000,Yaritza,36,CA,1473,0.008
F,2000,Yarely,32,CA,1595,0.007
F,2000,Yaneli,30,CA,1657,0.006
F,2000,Yuliana,30,CA,1657,0.006
F,2000,Yamileth,29,CA,1697,0.006
F,2000,Yessica,28,CA,1731,0.006
F,2000,Yanira,25,CA,1865,0.005
F,2000,Yaquelin,24,CA,1915,0.005
F,2000,Yisel,21,CA,2085,0.004
F,2000,Yazmine,19,CA,2227,0.004
F,2000,Yanely,18,CA,2301,0.004
F,2000,Yatzari,18,CA,2301,0.004
F,2000,Yoana,18,CA,2301,0.004
F,2000,Yanet,17,CA,2382,0.004
F,2000,Yara,17,CA,2382,0.004
F,2000,Ysabel,17,CA,2382,0.004
F,2000,Yesica,16,CA,2479,0.003
F,2000,Yamilex,14,CA,2692,0.003
F,2000,Yocelin,14,CA,2692,0.003
F,2000,Yoseline,14,CA,2692,0.003
F,2000,Yenifer,13,CA,2804,0.003
F,2000,Ysabella,13,CA,2804,0.003
F,2000,Yocelyn,12,CA,2950,0.003
F,2000,Yailin,11,CA,3138,0.002
F,2000,Yoselyn,11,CA,3138,0.002
F,2000,Yuliza,11,CA,3138,0.002
F,2000,Yuri,11,CA,3138,0.002
F,2000,Yanelli,10,CA,3366,0.002
F,2000,Yael,8,CA,3902,0.002
F,2000,Yelitza,8,CA,3902,0.002
F,2000,Yoanna,8,CA,3902,0.002
F,2000,Yulianna,8,CA,3902,0.002
F,2000,Yunuen,8,CA,3902,0.002
F,2000,Yajayra,7,CA,4305,0.001
F,2000,Yamila,7,CA,4305,0.001
F,2000,Yazmeen,7,CA,4305,0.001
F,2000,Yliana,7,CA,4305,0.001
F,2000,Yovana,7,CA,4305,0.001
F,2000,Yuritza,7,CA,4305,0.001
F,2000,Yakelin,6,CA,4773,0.001
F,2000,Yamilett,6,CA,4773,0.001
F,2000,Yaneth,6,CA,4773,0.001
F,2000,Yecenia,6,CA,4773,0.001
F,2000,Yelena,6,CA,4773,0.001
F,2000,Yennifer,6,CA,4773,0.001
F,2000,Yosselin,6,CA,4773,0.001
F,2000,Ysabelle,6,CA,4773,0.001
F,2000,Yuna,6,CA,4773,0.001
F,2000,Yadhira,5,CA,5396,0.001
F,2000,Yanelly,5,CA,5396,0.001
F,2000,Yaqueline,5,CA,5396,0.001
F,2000,Yaquelyn,5,CA,5396,0.001
F,2000,Yareth,5,CA,5396,0.001
F,2000,Yasamin,5,CA,5396,0.001
F,2000,Yen,5,CA,5396,0.001
F,2000,Yomara,5,CA,5396,0.001
F,2000,Yudith,5,CA,5396,0.001
F,2000,Yuma,5,CA,5396,0.001
F,2000,Yuridia,5,CA,5396,0.001
F,2000,Yuritzi,5,CA,5396,0.001
F,2000,Yvanna,5,CA,5396,0.001
F,2001,Yesenia,383,CA,279,0.082
F,2001,Yasmin,181,CA,476,0.039
F,2001,Yvette,157,CA,534,0.034
F,2001,Yuliana,125,CA,637,0.027
F,2001,Yasmine,103,CA,744,0.022
F,2001,Yadira,102,CA,751,0.022
F,2001,Yazmin,86,CA,854,0.018
F,2001,Yajaira,79,CA,887,0.017
F,2001,Yvonne,67,CA,981,0.014
F,2001,Yessenia,61,CA,1051,0.013
F,2001,Yulissa,61,CA,1051,0.013
F,2001,Yolanda,56,CA,1103,0.012
F,2001,Yoselin,56,CA,1103,0.012
F,2001,Yahaira,54,CA,1129,0.012
F,2001,Yareli,54,CA,1129,0.012
F,2001,Yamilet,50,CA,1188,0.011
F,2001,Yaritza,44,CA,1306,0.009
F,2001,Yessica,39,CA,1412,0.008
F,2001,Yaire,38,CA,1433,0.008
F,2001,Yasmeen,38,CA,1433,0.008
F,2001,Yaneli,36,CA,1501,0.008
F,2001,Yarely,33,CA,1580,0.007
F,2001,Yulisa,32,CA,1625,0.007
F,2001,Yamileth,28,CA,1776,0.006
F,2001,Yesica,28,CA,1776,0.006
F,2001,Yaquelin,24,CA,1956,0.005
F,2001,Yanet,23,CA,2000,0.005
F,2001,Yoana,23,CA,2000,0.005
F,2001,Yamile,22,CA,2050,0.005
F,2001,Yanira,22,CA,2050,0.005
F,2001,Yara,21,CA,2127,0.004
F,2001,Ysabel,20,CA,2182,0.004
F,2001,Yanely,18,CA,2342,0.004
F,2001,Yazmine,18,CA,2342,0.004
F,2001,Yulianna,17,CA,2416,0.004
F,2001,Yael,16,CA,2517,0.003
F,2001,Yoselyn,16,CA,2517,0.003
F,2001,Yovana,16,CA,2517,0.003
F,2001,Yelitza,14,CA,2757,0.003
F,2001,Ysabella,14,CA,2757,0.003
F,2001,Yamilex,12,CA,3062,0.003
F,2001,Yocelin,12,CA,3062,0.003
F,2001,Yuriana,12,CA,3062,0.003
F,2001,Yenifer,11,CA,3247,0.002
F,2001,Yoseline,11,CA,3247,0.002
F,2001,Yuliza,11,CA,3247,0.002
F,2001,Yuri,11,CA,3247,0.002
F,2001,Yusra,11,CA,3247,0.002
F,2001,Yadhira,10,CA,3453,0.002
F,2001,Yocelyn,10,CA,3453,0.002
F,2001,Yuridia,10,CA,3453,0.002
F,2001,Yakelin,9,CA,3691,0.002
F,2001,Yatzari,9,CA,3691,0.002
F,2001,Yanelly,8,CA,3975,0.002
F,2001,Yaneth,8,CA,3975,0.002
F,2001,Yisel,8,CA,3975,0.002
F,2001,Yoanna,8,CA,3975,0.002
F,2001,Ysabelle,8,CA,3975,0.002
F,2001,Yailin,7,CA,4339,0.001
F,2001,Yaqueline,7,CA,4339,0.001
F,2001,Yasamin,7,CA,4339,0.001
F,2001,Yazmeen,7,CA,4339,0.001
F,2001,Ynez,7,CA,4339,0.001
F,2001,Yohana,7,CA,4339,0.001
F,2001,Yaira,6,CA,4797,0.001
F,2001,Yanelli,6,CA,4797,0.001
F,2001,Yaslin,6,CA,4797,0.001
F,2001,Yeimi,6,CA,4797,0.001
F,2001,Yennifer,6,CA,4797,0.001
F,2001,Yezenia,6,CA,4797,0.001
F,2001,Yissel,6,CA,4797,0.001
F,2001,Yobana,6,CA,4797,0.001
F,2001,Yovanna,6,CA,4797,0.001
F,2001,Yuna,6,CA,4797,0.001
F,2001,Yunuen,6,CA,4797,0.001
F,2001,Yuritzy,6,CA,4797,0.001
F,2001,Yahayra,5,CA,5410,0.001
F,2001,Yairis,5,CA,5410,0.001
F,2001,Yamila,5,CA,5410,0.001
F,2001,Yamilette,5,CA,5410,0.001
F,2001,Yana,5,CA,5410,0.001
F,2001,Yareth,5,CA,5410,0.001
F,2001,Yaretzi,5,CA,5410,0.001
F,2001,Yecenia,5,CA,5410,0.001
F,2001,Yenny,5,CA,5410,0.001
F,2001,Yuritzi,5,CA,5410,0.001
F,2001,Yuvia,5,CA,5410,0.001
F,2002,Yesenia,363,CA,291,0.078
F,2002,Yasmin,164,CA,510,0.035
F,2002,Yvette,144,CA,578,0.031
F,2002,Yadira,111,CA,716,0.024
F,2002,Yareli,85,CA,853,0.018
F,2002,Yasmine,84,CA,857,0.018
F,2002,Yvonne,83,CA,863,0.018
F,2002,Yuliana,74,CA,917,0.016
F,2002,Yessenia,67,CA,974,0.014
F,2002,Yazmin,65,CA,1003,0.014
F,2002,Yajaira,60,CA,1051,0.013
F,2002,Yolanda,56,CA,1096,0.012
F,2002,Yahaira,50,CA,1190,0.011
F,2002,Yoselin,40,CA,1413,0.009
F,2002,Yaritza,39,CA,1443,0.008
F,2002,Yasmeen,39,CA,1443,0.008
F,2002,Yaire,36,CA,1526,0.008
F,2002,Ysabella,34,CA,1583,0.007
F,2002,Yazmine,33,CA,1605,0.007
F,2002,Yessica,30,CA,1699,0.006
F,2002,Yamilet,28,CA,1780,0.006
F,2002,Yulissa,28,CA,1780,0.006
F,2002,Yulianna,26,CA,1875,0.006
F,2002,Yanet,21,CA,2165,0.004
F,2002,Yamileth,20,CA,2223,0.004
F,2002,Yarely,20,CA,2223,0.004
F,2002,Yulisa,20,CA,2223,0.004
F,2002,Yara,17,CA,2463,0.004
F,2002,Yaneli,16,CA,2553,0.003
F,2002,Yanira,16,CA,2553,0.003
F,2002,Yenifer,16,CA,2553,0.003
F,2002,Yadhira,15,CA,2663,0.003
F,2002,Yael,15,CA,2663,0.003
F,2002,Yanely,15,CA,2663,0.003
F,2002,Yaquelin,15,CA,2663,0.003
F,2002,Yesica,15,CA,2663,0.003
F,2002,Yisel,15,CA,2663,0.003
F,2002,Yoselyn,15,CA,2663,0.003
F,2002,Yamile,14,CA,2785,0.003
F,2002,Yoana,13,CA,2932,0.003
F,2002,Yuri,13,CA,2932,0.003
F,2002,Yuvia,13,CA,2932,0.003
F,2002,Yocelyn,12,CA,3101,0.003
F,2002,Yuliza,12,CA,3101,0.003
F,2002,Yaneth,11,CA,3263,0.002
F,2002,Yamilex,10,CA,3483,0.002
F,2002,Yana,10,CA,3483,0.002
F,2002,Yuritzi,10,CA,3483,0.002
F,2002,Yamila,8,CA,3992,0.002
F,2002,Yanelly,8,CA,3992,0.002
F,2002,Yelena,8,CA,3992,0.002
F,2002,Yelitza,8,CA,3992,0.002
F,2002,Yoseline,8,CA,3992,0.002
F,2002,Yovana,8,CA,3992,0.002
F,2002,Ysabel,8,CA,3992,0.002
F,2002,Yuridia,8,CA,3992,0.002
F,2002,Yaira,7,CA,4353,0.001
F,2002,Yazmeen,7,CA,4353,0.001
F,2002,Yecenia,7,CA,4353,0.001
F,2002,Yocelin,7,CA,4353,0.001
F,2002,Yuna,7,CA,4353,0.001
F,2002,Yunuen,7,CA,4353,0.001
F,2002,Yuritza,7,CA,4353,0.001
F,2002,Yailin,6,CA,4843,0.001
F,2002,Yajahira,6,CA,4843,0.001
F,2002,Yanelli,6,CA,4843,0.001
F,2002,Yaretzy,6,CA,4843,0.001
F,2002,Yasamin,6,CA,4843,0.001
F,2002,Yosselin,6,CA,4843,0.001
F,2002,Yuritzy,6,CA,4843,0.001
F,2002,Yajayra,5,CA,5472,0.001
F,2002,Yareth,5,CA,5472,0.001
F,2002,Yeni,5,CA,5472,0.001
F,2002,Yliana,5,CA,5472,0.001
F,2002,Ymani,5,CA,5472,0.001
F,2002,Yohana,5,CA,5472,0.001
F,2002,Ysabelle,5,CA,5472,0.001
F,2002,Yulitza,5,CA,5472,0.001
F,2002,Yuriana,5,CA,5472,0.001
F,2002,Yusra,5,CA,5472,0.001
F,2002,Yvanna,5,CA,5472,0.001
F,2003,Yesenia,317,CA,326,0.066
F,2003,Yasmin,171,CA,508,0.036
F,2003,Yadira,154,CA,552,0.032
F,2003,Yvette,115,CA,703,0.024
F,2003,Yazmin,103,CA,753,0.022
F,2003,Yuliana,99,CA,782,0.021
F,2003,Yahaira,98,CA,789,0.021
F,2003,Yareli,86,CA,852,0.018
F,2003,Yasmine,86,CA,852,0.018
F,2003,Yoselin,76,CA,926,0.016
F,2003,Yvonne,71,CA,971,0.015
F,2003,Yessenia,70,CA,983,0.015
F,2003,Yajaira,55,CA,1156,0.012
F,2003,Yulissa,52,CA,1201,0.011
F,2003,Yaritza,47,CA,1281,0.01
F,2003,Yolanda,46,CA,1298,0.01
F,2003,Yasmeen,39,CA,1474,0.008
F,2003,Yarely,37,CA,1526,0.008
F,2003,Yulisa,34,CA,1609,0.007
F,2003,Ysabella,33,CA,1647,0.007
F,2003,Yamilet,30,CA,1744,0.006
F,2003,Yessica,30,CA,1744,0.006
F,2003,Yaneli,27,CA,1864,0.006
F,2003,Yazmine,27,CA,1864,0.006
F,2003,Yanira,26,CA,1915,0.005
F,2003,Yaire,25,CA,1975,0.005
F,2003,Yamileth,25,CA,1975,0.005
F,2003,Yanely,21,CA,2197,0.004
F,2003,Yanet,19,CA,2350,0.004
F,2003,Yoana,19,CA,2350,0.004
F,2003,Yara,18,CA,2435,0.004
F,2003,Yelena,18,CA,2435,0.004
F,2003,Yoselyn,18,CA,2435,0.004
F,2003,Yaquelin,17,CA,2517,0.004
F,2003,Yulianna,17,CA,2517,0.004
F,2003,Yadhira,16,CA,2611,0.003
F,2003,Yesica,15,CA,2714,0.003
F,2003,Yoseline,15,CA,2714,0.003
F,2003,Yuridia,13,CA,2989,0.003
F,2003,Yamilex,12,CA,3156,0.003
F,2003,Ysabel,12,CA,3156,0.003
F,2003,Yamila,11,CA,3347,0.002
F,2003,Yamile,11,CA,3347,0.002
F,2003,Yaneth,10,CA,3552,0.002
F,2003,Yatziri,10,CA,3552,0.002
F,2003,Yenifer,9,CA,3811,0.002
F,2003,Yisel,9,CA,3811,0.002
F,2003,Yocelyn,9,CA,3811,0.002
F,2003,Ysabelle,9,CA,3811,0.002
F,2003,Yahayra,8,CA,4107,0.002
F,2003,Yailin,8,CA,4107,0.002
F,2003,Yaira,8,CA,4107,0.002
F,2003,Yennifer,8,CA,4107,0.002
F,2003,Yissel,8,CA,4107,0.002
F,2003,Yohana,8,CA,4107,0.002
F,2003,Yuri,8,CA,4107,0.002
F,2003,Yuritzi,8,CA,4107,0.002
F,2003,Yael,7,CA,4477,0.001
F,2003,Yahira,7,CA,4477,0.001
F,2003,Yocelin,7,CA,4477,0.001
F,2003,Yui,7,CA,4477,0.001
F,2003,Yuki,7,CA,4477,0.001
F,2003,Yzabella,7,CA,4477,0.001
F,2003,Yamilette,6,CA,4999,0.001
F,2003,Yana,6,CA,4999,0.001
F,2003,Yasmina,6,CA,4999,0.001
F,2003,Yazmeen,6,CA,4999,0.001
F,2003,Yenny,6,CA,4999,0.001
F,2003,Yoanna,6,CA,4999,0.001
F,2003,Yohanna,6,CA,4999,0.001
F,2003,Yunuen,6,CA,4999,0.001
F,2003,Yahir,5,CA,5613,0.001
F,2003,Yajayra,5,CA,5613,0.001
F,2003,Yakelin,5,CA,5613,0.001
F,2003,Yanelli,5,CA,5613,0.001
F,2003,Yanitza,5,CA,5613,0.001
F,2003,Yarissa,5,CA,5613,0.001
F,2003,Yecenia,5,CA,5613,0.001
F,2003,Yerania,5,CA,5613,0.001
F,2003,Yuka,5,CA,5613,0.001
F,2003,Yumi,5,CA,5613,0.001
F,2003,Yuna,5,CA,5613,0.001
F,2003,Yuvia,5,CA,5613,0.001
F,2004,Yesenia,305,CA,329,0.063
F,2004,Yasmin,204,CA,454,0.042
F,2004,Yadira,156,CA,560,0.032
F,2004,Yvette,150,CA,574,0.031
F,2004,Yareli,117,CA,696,0.024
F,2004,Yuliana,94,CA,819,0.02
F,2004,Yasmine,86,CA,866,0.018
F,2004,Yvonne,77,CA,936,0.016
F,2004,Yazmin,75,CA,952,0.016
F,2004,Yajaira,74,CA,960,0.015
F,2004,Yoselin,74,CA,960,0.015
F,2004,Yahaira,70,CA,1004,0.015
F,2004,Yessenia,68,CA,1017,0.014
F,2004,Yolanda,57,CA,1156,0.012
F,2004,Yaritza,53,CA,1209,0.011
F,2004,Yarely,52,CA,1225,0.011
F,2004,Yulissa,47,CA,1307,0.01
F,2004,Yamilet,41,CA,1426,0.009
F,2004,Yulisa,39,CA,1478,0.008
F,2004,Yaretzi,36,CA,1567,0.007
F,2004,Yadhira,35,CA,1600,0.007
F,2004,Yaneli,32,CA,1695,0.007
F,2004,Yessica,31,CA,1733,0.006
F,2004,Yamileth,26,CA,1943,0.005
F,2004,Yoselyn,26,CA,1943,0.005
F,2004,Yasmeen,25,CA,1987,0.005
F,2004,Yazmine,25,CA,1987,0.005
F,2004,Yanira,24,CA,2034,0.005
F,2004,Ysabella,24,CA,2034,0.005
F,2004,Yesica,23,CA,2097,0.005
F,2004,Yael,22,CA,2159,0.005
F,2004,Yanet,20,CA,2301,0.004
F,2004,Yocelin,20,CA,2301,0.004
F,2004,Yara,19,CA,2377,0.004
F,2004,Yaquelin,18,CA,2451,0.004
F,2004,Yoana,16,CA,2668,0.003
F,2004,Yuna,15,CA,2774,0.003
F,2004,Yana,14,CA,2906,0.003
F,2004,Yulianna,14,CA,2906,0.003
F,2004,Yuri,14,CA,2906,0.003
F,2004,Yanely,13,CA,3040,0.003
F,2004,Yocelyn,13,CA,3040,0.003
F,2004,Ysabel,13,CA,3040,0.003
F,2004,Yuliza,13,CA,3040,0.003
F,2004,Yaire,12,CA,3196,0.002
F,2004,Yelitza,11,CA,3387,0.002
F,2004,Yaretzy,10,CA,3612,0.002
F,2004,Yohana,10,CA,3612,0.002
F,2004,Yuritzi,10,CA,3612,0.002
F,2004,Yamile,9,CA,3875,0.002
F,2004,Yaneth,9,CA,3875,0.002
F,2004,Yenifer,9,CA,3875,0.002
F,2004,Yoseline,9,CA,3875,0.002
F,2004,Yuki,9,CA,3875,0.002
F,2004,Yamila,8,CA,4191,0.002
F,2004,Yanitza,8,CA,4191,0.002
F,2004,Yeraldin,8,CA,4191,0.002
F,2004,Yisel,8,CA,4191,0.002
F,2004,Yoanna,8,CA,4191,0.002
F,2004,Yuritza,8,CA,4191,0.002
F,2004,Yzabella,8,CA,4191,0.002
F,2004,Yamna,7,CA,4553,0.001
F,2004,Yanelly,7,CA,4553,0.001
F,2004,Yareni,7,CA,4553,0.001
F,2004,Yovana,7,CA,4553,0.001
F,2004,Yunuen,7,CA,4553,0.001
F,2004,Yuriana,7,CA,4553,0.001
F,2004,Yuridia,7,CA,4553,0.001
F,2004,Yuritzy,7,CA,4553,0.001
F,2004,Yailin,6,CA,5082,0.001
F,2004,Yajayra,6,CA,5082,0.001
F,2004,Yakelin,6,CA,5082,0.001
F,2004,Yalitza,6,CA,5082,0.001
F,2004,Yamilett,6,CA,5082,0.001
F,2004,Yamilex,6,CA,5082,0.001
F,2004,Yasmina,6,CA,5082,0.001
F,2004,Yazlin,6,CA,5082,0.001
F,2004,Yazmeen,6,CA,5082,0.001
F,2004,Yecenia,6,CA,5082,0.001
F,2004,Yeimi,6,CA,5082,0.001
F,2004,Yelena,6,CA,5082,0.001
F,2004,Ysabelle,6,CA,5082,0.001
F,2004,Yarelli,5,CA,5784,0.001
F,2004,Yaslin,5,CA,5784,0.001
F,2004,Yasmen,5,CA,5784,0.001
F,2004,Yatziri,5,CA,5784,0.001
F,2004,Yatziry,5,CA,5784,0.001
F,2004,Yeira,5,CA,5784,0.001
F,2004,Yezenia,5,CA,5784,0.001
F,2004,Yomara,5,CA,5784,0.001
F,2004,Yukari,5,CA,5784,0.001
F,2004,Yvett,5,CA,5784,0.001
F,2005,Yesenia,244,CA,406,0.05
F,2005,Yasmin,187,CA,502,0.039
F,2005,Yadira,174,CA,524,0.036
F,2005,Yvette,132,CA,653,0.027
F,2005,Yareli,108,CA,756,0.022
F,2005,Yazmin,100,CA,792,0.021
F,2005,Yahaira,85,CA,899,0.018
F,2005,Yuliana,77,CA,957,0.016
F,2005,Yasmine,68,CA,1040,0.014
F,2005,Yoselin,66,CA,1062,0.014
F,2005,Yajaira,65,CA,1069,0.013
F,2005,Yamilet,63,CA,1091,0.013
F,2005,Yaritza,63,CA,1091,0.013
F,2005,Yuridia,59,CA,1138,0.012
F,2005,Yvonne,59,CA,1138,0.012
F,2005,Yolanda,56,CA,1173,0.012
F,2005,Yessenia,55,CA,1198,0.011
F,2005,Yarely,50,CA,1277,0.01
F,2005,Yaneli,45,CA,1376,0.009
F,2005,Yamileth,43,CA,1428,0.009
F,2005,Yadhira,39,CA,1512,0.008
F,2005,Yessica,39,CA,1512,0.008
F,2005,Yulissa,38,CA,1541,0.008
F,2005,Yaretzi,31,CA,1757,0.006
F,2005,Ysabella,30,CA,1802,0.006
F,2005,Yulisa,30,CA,1802,0.006
F,2005,Yasmeen,27,CA,1932,0.006
F,2005,Yaquelin,22,CA,2204,0.005
F,2005,Yara,21,CA,2272,0.004
F,2005,Yazmine,21,CA,2272,0.004
F,2005,Yanet,19,CA,2428,0.004
F,2005,Yesica,19,CA,2428,0.004
F,2005,Yanira,18,CA,2517,0.004
F,2005,Yoseline,17,CA,2601,0.004
F,2005,Yoselyn,17,CA,2601,0.004
F,2005,Yuna,15,CA,2819,0.003
F,2005,Yamile,14,CA,2951,0.003
F,2005,Yana,13,CA,3119,0.003
F,2005,Yanely,13,CA,3119,0.003
F,2005,Yenifer,13,CA,3119,0.003
F,2005,Yuliza,13,CA,3119,0.003
F,2005,Yamila,12,CA,3277,0.002
F,2005,Yanelly,12,CA,3277,0.002
F,2005,Ysabel,12,CA,3277,0.002
F,2005,Yaretzy,11,CA,3497,0.002
F,2005,Yeimi,11,CA,3497,0.002
F,2005,Yulianna,11,CA,3497,0.002
F,2005,Yuri,11,CA,3497,0.002
F,2005,Yuvia,11,CA,3497,0.002
F,2005,Yajayra,10,CA,3726,0.002
F,2005,Yelena,10,CA,3726,0.002
F,2005,Yoana,10,CA,3726,0.002
F,2005,Yocelin,10,CA,3726,0.002
F,2005,Yanelli,9,CA,3962,0.002
F,2005,Yanitza,9,CA,3962,0.002
F,2005,Yarisbel,9,CA,3962,0.002
F,2005,Yocelyn,9,CA,3962,0.002
F,2005,Yunuen,9,CA,3962,0.002
F,2005,Yuriana,9,CA,3962,0.002
F,2005,Yahira,8,CA,4333,0.002
F,2005,Yoanna,8,CA,4333,0.002
F,2005,Yuki,8,CA,4333,0.002
F,2005,Yuritzi,8,CA,4333,0.002
F,2005,Yaire,7,CA,4763,0.001
F,2005,Yatziry,7,CA,4763,0.001
F,2005,Yliana,7,CA,4763,0.001
F,2005,Yui,7,CA,4763,0.001
F,2005,Yuritza,7,CA,4763,0.001
F,2005,Yzabella,7,CA,4763,0.001
F,2005,Yael,6,CA,5278,0.001
F,2005,Yaira,6,CA,5278,0.001
F,2005,Yamilett,6,CA,5278,0.001
F,2005,Yamilex,6,CA,5278,0.001
F,2005,Yaribeth,6,CA,5278,0.001
F,2005,Yazmeen,6,CA,5278,0.001
F,2005,Yeni,6,CA,5278,0.001
F,2005,Yohana,6,CA,5278,0.001
F,2005,Yovana,6,CA,5278,0.001
F,2005,Yulia,6,CA,5278,0.001
F,2005,Yuritzy,6,CA,5278,0.001
F,2005,Yusra,6,CA,5278,0.001
F,2005,Yalitza,5,CA,5941,0.001
F,2005,Yaneth,5,CA,5941,0.001
F,2005,Yanette,5,CA,5941,0.001
F,2005,Yanina,5,CA,5941,0.001
F,2005,Yareni,5,CA,5941,0.001
F,2005,Yareth,5,CA,5941,0.001
F,2005,Yatana,5,CA,5941,0.001
F,2005,Yatziri,5,CA,5941,0.001
F,2005,Yelitza,5,CA,5941,0.001
F,2005,Yennifer,5,CA,5941,0.001
F,2005,Yohanna,5,CA,5941,0.001
F,2005,Yoltzin,5,CA,5941,0.001
F,2005,Ytzel,5,CA,5941,0.001
F,2005,Yulitza,5,CA,5941,0.001
F,2005,Yumi,5,CA,5941,0.001
F,2005,Yuridiana,5,CA,5941,0.001
F,2006,Yesenia,224,CA,435,0.045
F,2006,Yasmin,211,CA,460,0.043
F,2006,Yadira,139,CA,628,0.028
F,2006,Yareli,125,CA,683,0.025
F,2006,Yaretzi,118,CA,715,0.024
F,2006,Yvette,118,CA,715,0.024
F,2006,Yazmin,96,CA,830,0.019
F,2006,Yoselin,93,CA,859,0.019
F,2006,Yahaira,77,CA,983,0.016
F,2006,Yuliana,75,CA,1002,0.015
F,2006,Yolanda,69,CA,1058,0.014
F,2006,Yuridia,66,CA,1094,0.013
F,2006,Yadhira,65,CA,1105,0.013
F,2006,Yamilet,65,CA,1105,0.013
F,2006,Yaretzy,65,CA,1105,0.013
F,2006,Yasmine,63,CA,1133,0.013
F,2006,Yaritza,61,CA,1155,0.012
F,2006,Yajaira,60,CA,1167,0.012
F,2006,Yarely,57,CA,1203,0.012
F,2006,Yulissa,57,CA,1203,0.012
F,2006,Yvonne,50,CA,1319,0.01
F,2006,Yessenia,42,CA,1479,0.008
F,2006,Yamileth,41,CA,1499,0.008
F,2006,Yaneli,37,CA,1594,0.007
F,2006,Yessica,33,CA,1726,0.007
F,2006,Yoselyn,29,CA,1894,0.006
F,2006,Yara,27,CA,1989,0.005
F,2006,Yoseline,27,CA,1989,0.005
F,2006,Yocelin,26,CA,2036,0.005
F,2006,Ysabella,26,CA,2036,0.005
F,2006,Yasmeen,25,CA,2087,0.005
F,2006,Yulisa,25,CA,2087,0.005
F,2006,Yazmine,21,CA,2337,0.004
F,2006,Yulianna,21,CA,2337,0.004
F,2006,Yuri,21,CA,2337,0.004
F,2006,Yana,19,CA,2522,0.004
F,2006,Yanet,17,CA,2707,0.003
F,2006,Yaquelin,17,CA,2707,0.003
F,2006,Yesica,16,CA,2814,0.003
F,2006,Yocelyn,16,CA,2814,0.003
F,2006,Yael,15,CA,2923,0.003
F,2006,Yamile,15,CA,2923,0.003
F,2006,Yelena,15,CA,2923,0.003
F,2006,Yoana,15,CA,2923,0.003
F,2006,Yeimi,14,CA,3072,0.003
F,2006,Yanira,13,CA,3244,0.003
F,2006,Yaretsi,13,CA,3244,0.003
F,2006,Yatziri,13,CA,3244,0.003
F,2006,Yisel,13,CA,3244,0.003
F,2006,Yuna,13,CA,3244,0.003
F,2006,Yuritzi,13,CA,3244,0.003
F,2006,Yenifer,12,CA,3439,0.002
F,2006,Ysabel,12,CA,3439,0.002
F,2006,Yahira,11,CA,3629,0.002
F,2006,Yamila,11,CA,3629,0.002
F,2006,Yosselin,11,CA,3629,0.002
F,2006,Yuriana,10,CA,3843,0.002
F,2006,Yanely,9,CA,4086,0.002
F,2006,Yarethzy,9,CA,4086,0.002
F,2006,Yunuen,9,CA,4086,0.002
F,2006,Yareni,8,CA,4427,0.002
F,2006,Yaretsy,8,CA,4427,0.002
F,2006,Yelitza,8,CA,4427,0.002
F,2006,Yeraldin,8,CA,4427,0.002
F,2006,Ysabelle,8,CA,4427,0.002
F,2006,Yuliza,8,CA,4427,0.002
F,2006,Yajayra,7,CA,4836,0.001
F,2006,Yamilett,7,CA,4836,0.001
F,2006,Yarethzi,7,CA,4836,0.001
F,2006,Yarexi,7,CA,4836,0.001
F,2006,Yecenia,7,CA,4836,0.001
F,2006,Yuritzy,7,CA,4836,0.001
F,2006,Yusra,7,CA,4836,0.001
F,2006,Yamilette,6,CA,5369,0.001
F,2006,Yamilex,6,CA,5369,0.001
F,2006,Yanelly,6,CA,5369,0.001
F,2006,Yaneth,6,CA,5369,0.001
F,2006,Yaris,6,CA,5369,0.001
F,2006,Yennifer,6,CA,5369,0.001
F,2006,Yoanna,6,CA,5369,0.001
F,2006,Yohana,6,CA,5369,0.001
F,2006,Yakelin,5,CA,6076,0.001
F,2006,Yanitza,5,CA,6076,0.001
F,2006,Yarelly,5,CA,6076,0.001
F,2006,Yareth,5,CA,6076,0.001
F,2006,Yarisbel,5,CA,6076,0.001
F,2006,Yatziry,5,CA,6076,0.001
F,2006,Yazmeen,5,CA,6076,0.001
F,2006,Yoali,5,CA,6076,0.001
F,2006,Yohanna,5,CA,6076,0.001
F,2006,Yosselyn,5,CA,6076,0.001
F,2006,Yudith,5,CA,6076,0.001
F,2006,Yuki,5,CA,6076,0.001
F,2006,Yuli,5,CA,6076,0.001
F,2006,Yzabel,5,CA,6076,0.001
F,2007,Yesenia,192,CA,496,0.039
F,2007,Yasmin,190,CA,500,0.038
F,2007,Yoselin,170,CA,536,0.034
F,2007,Yareli,159,CA,565,0.032
F,2007,Yadira,142,CA,620,0.029
F,2007,Yuliana,105,CA,783,0.021
F,2007,Yaretzi,99,CA,816,0.02
F,2007,Yvette,89,CA,884,0.018
F,2007,Yazmin,88,CA,892,0.018
F,2007,Yamilet,69,CA,1059,0.014
F,2007,Yasmine,68,CA,1070,0.014
F,2007,Yahaira,66,CA,1099,0.013
F,2007,Yuridia,65,CA,1115,0.013
F,2007,Yvonne,65,CA,1115,0.013
F,2007,Yarely,61,CA,1167,0.012
F,2007,Yara,57,CA,1236,0.011
F,2007,Yaritza,56,CA,1250,0.011
F,2007,Yulissa,52,CA,1317,0.01
F,2007,Yessenia,48,CA,1382,0.01
F,2007,Yajaira,46,CA,1416,0.009
F,2007,Yolanda,44,CA,1466,0.009
F,2007,Yoselyn,44,CA,1466,0.009
F,2007,Yamileth,43,CA,1490,0.009
F,2007,Ysabella,39,CA,1604,0.008
F,2007,Yulianna,32,CA,1820,0.006
F,2007,Yocelin,31,CA,1870,0.006
F,2007,Yoseline,31,CA,1870,0.006
F,2007,Yaneli,30,CA,1907,0.006
F,2007,Yessica,29,CA,1947,0.006
F,2007,Yadhira,24,CA,2195,0.005
F,2007,Yocelyn,23,CA,2260,0.005
F,2007,Yamile,21,CA,2396,0.004
F,2007,Yulisa,21,CA,2396,0.004
F,2007,Yana,20,CA,2486,0.004
F,2007,Yasmeen,20,CA,2486,0.004
F,2007,Yazmine,20,CA,2486,0.004
F,2007,Yesica,19,CA,2578,0.004
F,2007,Yaquelin,18,CA,2653,0.004
F,2007,Yaretzy,17,CA,2746,0.003
F,2007,Yuritzi,17,CA,2746,0.003
F,2007,Yanely,15,CA,2978,0.003
F,2007,Yuna,15,CA,2978,0.003
F,2007,Yuri,15,CA,2978,0.003
F,2007,Yanira,13,CA,3308,0.003
F,2007,Yatziri,13,CA,3308,0.003
F,2007,Yanet,12,CA,3450,0.002
F,2007,Yoana,12,CA,3450,0.002
F,2007,Yakelin,11,CA,3659,0.002
F,2007,Yelena,11,CA,3659,0.002
F,2007,Ysabel,11,CA,3659,0.002
F,2007,Yudith,11,CA,3659,0.002
F,2007,Yumalay,11,CA,3659,0.002
F,2007,Yael,10,CA,3902,0.002
F,2007,Yanelly,10,CA,3902,0.002
F,2007,Yelitza,10,CA,3902,0.002
F,2007,Yenifer,10,CA,3902,0.002
F,2007,Ysabelle,10,CA,3902,0.002
F,2007,Yuriana,10,CA,3902,0.002
F,2007,Yzabella,10,CA,3902,0.002
F,2007,Yamila,9,CA,4183,0.002
F,2007,Yatziry,9,CA,4183,0.002
F,2007,Yoceline,9,CA,4183,0.002
F,2007,Yahira,8,CA,4526,0.002
F,2007,Yarelli,8,CA,4526,0.002
F,2007,Yuliza,8,CA,4526,0.002
F,2007,Yamilette,7,CA,4936,0.001
F,2007,Yareni,7,CA,4936,0.001
F,2007,Yareth,7,CA,4936,0.001
F,2007,Yeimi,7,CA,4936,0.001
F,2007,Yoanna,7,CA,4936,0.001
F,2007,Yosselin,7,CA,4936,0.001
F,2007,Ytzel,7,CA,4936,0.001
F,2007,Yaqueline,6,CA,5491,0.001
F,2007,Yazmeen,6,CA,5491,0.001
F,2007,Yeneisy,6,CA,5491,0.001
F,2007,Yoltzin,6,CA,5491,0.001
F,2007,Yulia,6,CA,5491,0.001
F,2007,Yumalai,6,CA,5491,0.001
F,2007,Yumi,6,CA,5491,0.001
F,2007,Yunuen,6,CA,5491,0.001
F,2007,Yaira,5,CA,6229,0.001
F,2007,Yamilett,5,CA,6229,0.001
F,2007,Yamilex,5,CA,6229,0.001
F,2007,Yanell,5,CA,6229,0.001
F,2007,Yaretsi,5,CA,6229,0.001
F,2007,Yaris,5,CA,6229,0.001
F,2007,Yaritzi,5,CA,6229,0.001
F,2007,Yashvi,5,CA,6229,0.001
F,2007,Yaslin,5,CA,6229,0.001
F,2007,Yasmen,5,CA,6229,0.001
F,2007,Yeimy,5,CA,6229,0.001
F,2007,Yohanna,5,CA,6229,0.001
F,2007,Yolette,5,CA,6229,0.001
F,2007,Yudany,5,CA,6229,0.001
F,2007,Yuki,5,CA,6229,0.001
F,2007,Yuritza,5,CA,6229,0.001
F,2007,Yuritzy,5,CA,6229,0.001
F,2007,Yzabel,5,CA,6229,0.001
F,2008,Yaretzi,200,CA,487,0.041
F,2008,Yesenia,156,CA,582,0.032
F,2008,Yasmin,147,CA,603,0.03
F,2008,Yareli,141,CA,625,0.029
F,2008,Yadira,120,CA,696,0.025
F,2008,Yoselin,112,CA,738,0.023
F,2008,Yaritza,106,CA,774,0.022
F,2008,Yuliana,95,CA,848,0.02
F,2008,Yazmin,90,CA,881,0.019
F,2008,Yvette,85,CA,926,0.018
F,2008,Yamilet,67,CA,1092,0.014
F,2008,Yahaira,63,CA,1136,0.013
F,2008,Yasmine,62,CA,1148,0.013
F,2008,Yuridia,59,CA,1191,0.012
F,2008,Yarely,56,CA,1236,0.012
F,2008,Yvonne,56,CA,1236,0.012
F,2008,Yamileth,47,CA,1414,0.01
F,2008,Yessenia,46,CA,1436,0.01
F,2008,Yaretzy,39,CA,1605,0.008
F,2008,Yajaira,35,CA,1733,0.007
F,2008,Yulissa,34,CA,1769,0.007
F,2008,Yaneli,32,CA,1847,0.007
F,2008,Yolanda,29,CA,1949,0.006
F,2008,Yoselyn,27,CA,2042,0.006
F,2008,Yadhira,25,CA,2141,0.005
F,2008,Ysabella,24,CA,2190,0.005
F,2008,Yuri,24,CA,2190,0.005
F,2008,Yanely,23,CA,2262,0.005
F,2008,Yara,23,CA,2262,0.005
F,2008,Yocelin,23,CA,2262,0.005
F,2008,Yuna,23,CA,2262,0.005
F,2008,Yessica,21,CA,2413,0.004
F,2008,Yazmine,20,CA,2481,0.004
F,2008,Yamile,19,CA,2556,0.004
F,2008,Yulianna,17,CA,2756,0.004
F,2008,Yelena,15,CA,3013,0.003
F,2008,Yoseline,15,CA,3013,0.003
F,2008,Yulisa,15,CA,3013,0.003
F,2008,Yasmeen,14,CA,3151,0.003
F,2008,Yuvia,14,CA,3151,0.003
F,2008,Yael,13,CA,3327,0.003
F,2008,Yocelyn,13,CA,3327,0.003
F,2008,Yanira,12,CA,3515,0.002
F,2008,Yarel,12,CA,3515,0.002
F,2008,Yuritzi,12,CA,3515,0.002
F,2008,Yenifer,11,CA,3724,0.002
F,2008,Yoanna,11,CA,3724,0.002
F,2008,Yailin,10,CA,3942,0.002
F,2008,Yaquelin,10,CA,3942,0.002
F,2008,Yesica,10,CA,3942,0.002
F,2008,Yana,9,CA,4192,0.002
F,2008,Yanitza,9,CA,4192,0.002
F,2008,Yarelly,9,CA,4192,0.002
F,2008,Yatziry,9,CA,4192,0.002
F,2008,Yena,9,CA,4192,0.002
F,2008,Yuritzy,9,CA,4192,0.002
F,2008,Yakelin,8,CA,4523,0.002
F,2008,Yanet,8,CA,4523,0.002
F,2008,Ytzel,8,CA,4523,0.002
F,2008,Yudith,8,CA,4523,0.002
F,2008,Yumi,8,CA,4523,0.002
F,2008,Yahira,7,CA,4919,0.001
F,2008,Yakira,7,CA,4919,0.001
F,2008,Yaneth,7,CA,4919,0.001
F,2008,Yaslin,7,CA,4919,0.001
F,2008,Yazlin,7,CA,4919,0.001
F,2008,Yazmeen,7,CA,4919,0.001
F,2008,Yelitza,7,CA,4919,0.001
F,2008,Yoana,7,CA,4919,0.001
F,2008,Ysabelle,7,CA,4919,0.001
F,2008,Yuriana,7,CA,4919,0.001
F,2008,Yuritza,7,CA,4919,0.001
F,2008,Yusra,7,CA,4919,0.001
F,2008,Yaindhi,6,CA,5442,0.001
F,2008,Yamilett,6,CA,5442,0.001
F,2008,Yamilette,6,CA,5442,0.001
F,2008,Yamilex,6,CA,5442,0.001
F,2008,Yanelly,6,CA,5442,0.001
F,2008,Yennifer,6,CA,5442,0.001
F,2008,Ysabel,6,CA,5442,0.001
F,2008,Yuki,6,CA,5442,0.001
F,2008,Yumalay,6,CA,5442,0.001
F,2008,Yakeline,5,CA,6168,0.001
F,2008,Yamila,5,CA,6168,0.001
F,2008,Yamna,5,CA,6168,0.001
F,2008,Yarelli,5,CA,6168,0.001
F,2008,Yareni,5,CA,6168,0.001
F,2008,Yarethzy,5,CA,6168,0.001
F,2008,Yaritzi,5,CA,6168,0.001
F,2008,Yashica,5,CA,6168,0.001
F,2008,Yashika,5,CA,6168,0.001
F,2008,Yatziri,5,CA,6168,0.001
F,2008,Yen,5,CA,6168,0.001
F,2008,Yeni,5,CA,6168,0.001
F,2008,Yenna,5,CA,6168,0.001
F,2008,Yeraldin,5,CA,6168,0.001
F,2008,Yesmin,5,CA,6168,0.001
F,2008,Yexalen,5,CA,6168,0.001
F,2008,Yisel,5,CA,6168,0.001
F,2008,Yissel,5,CA,6168,0.001
F,2008,Yuridiana,5,CA,6168,0.001
F,2009,Yaretzi,195,CA,477,0.042
F,2009,Yesenia,159,CA,554,0.035
F,2009,Yareli,150,CA,570,0.033
F,2009,Yasmin,107,CA,729,0.023
F,2009,Yuliana,93,CA,827,0.02
F,2009,Yoselin,79,CA,937,0.017
F,2009,Yadira,78,CA,947,0.017
F,2009,Yaritza,75,CA,972,0.016
F,2009,Yvette,69,CA,1030,0.015
F,2009,Yazmin,64,CA,1095,0.014
F,2009,Yarely,60,CA,1151,0.013
F,2009,Yamilet,59,CA,1168,0.013
F,2009,Yamileth,49,CA,1356,0.011
F,2009,Yuridia,47,CA,1406,0.01
F,2009,Yahaira,45,CA,1456,0.01
F,2009,Yolanda,44,CA,1485,0.01
F,2009,Yessenia,36,CA,1689,0.008
F,2009,Yaneli,34,CA,1747,0.007
F,2009,Yaretzy,34,CA,1747,0.007
F,2009,Yasmine,31,CA,1847,0.007
F,2009,Ysabella,29,CA,1924,0.006
F,2009,Yuna,29,CA,1924,0.006
F,2009,Yvonne,29,CA,1924,0.006
F,2009,Yajaira,27,CA,2020,0.006
F,2009,Yara,26,CA,2079,0.006
F,2009,Yoselyn,25,CA,2136,0.005
F,2009,Yulianna,25,CA,2136,0.005
F,2009,Yazmine,22,CA,2315,0.005
F,2009,Yulisa,22,CA,2315,0.005
F,2009,Yulissa,22,CA,2315,0.005
F,2009,Yadhira,20,CA,2459,0.004
F,2009,Yarel,19,CA,2540,0.004
F,2009,Yessica,19,CA,2540,0.004
F,2009,Yuri,19,CA,2540,0.004
F,2009,Yanira,18,CA,2631,0.004
F,2009,Yael,17,CA,2723,0.004
F,2009,Yaquelin,17,CA,2723,0.004
F,2009,Yocelyn,17,CA,2723,0.004
F,2009,Yamile,16,CA,2833,0.003
F,2009,Yanely,15,CA,2966,0.003
F,2009,Yoana,15,CA,2966,0.003
F,2009,Yoseline,14,CA,3114,0.003
F,2009,Yasmeen,13,CA,3240,0.003
F,2009,Yocelin,11,CA,3661,0.002
F,2009,Yanet,10,CA,3863,0.002
F,2009,Yailin,9,CA,4139,0.002
F,2009,Yeraldin,9,CA,4139,0.002
F,2009,Yesica,9,CA,4139,0.002
F,2009,Ytzel,9,CA,4139,0.002
F,2009,Yuritzy,9,CA,4139,0.002
F,2009,Yalitza,8,CA,4474,0.002
F,2009,Yamila,8,CA,4474,0.002
F,2009,Yareni,8,CA,4474,0.002
F,2009,Ysabel,8,CA,4474,0.002
F,2009,Yusra,8,CA,4474,0.002
F,2009,Yana,7,CA,4894,0.002
F,2009,Yanelly,7,CA,4894,0.002
F,2009,Yelena,7,CA,4894,0.002
F,2009,Yohana,7,CA,4894,0.002
F,2009,Yuriana,7,CA,4894,0.002
F,2009,Yuritzi,7,CA,4894,0.002
F,2009,Yaneth,6,CA,5437,0.001
F,2009,Yaslin,6,CA,5437,0.001
F,2009,Yeimi,6,CA,5437,0.001
F,2009,Yeira,6,CA,5437,0.001
F,2009,Yisel,6,CA,5437,0.001
F,2009,Yudith,6,CA,5437,0.001
F,2009,Yzabella,6,CA,5437,0.001
F,2009,Yannis,5,CA,6149,0.001
F,2009,Yarelli,5,CA,6149,0.001
F,2009,Yarethzy,5,CA,6149,0.001
F,2009,Yarisbeth,5,CA,6149,0.001
F,2009,Yatziri,5,CA,6149,0.001
F,2009,Yazlin,5,CA,6149,0.001
F,2009,Yehudis,5,CA,6149,0.001
F,2009,Yexalen,5,CA,6149,0.001
F,2009,Yosselin,5,CA,6149,0.001
F,2009,Ysabelle,5,CA,6149,0.001
F,2009,Yumiko,5,CA,6149,0.001
F,2009,Yuritza,5,CA,6149,0.001
F,2009,Yuvia,5,CA,6149,0.001
F,2010,Yaretzi,337,CA,271,0.076
F,2010,Yareli,167,CA,515,0.038
F,2010,Yasmin,101,CA,769,0.023
F,2010,Yesenia,101,CA,769,0.023
F,2010,Yvette,79,CA,916,0.018
F,2010,Yaritza,74,CA,962,0.017
F,2010,Yuliana,74,CA,962,0.017
F,2010,Yadira,69,CA,1007,0.016
F,2010,Yoselin,62,CA,1101,0.014
F,2010,Yamileth,60,CA,1128,0.013
F,2010,Yazmin,56,CA,1190,0.013
F,2010,Yamilet,54,CA,1225,0.012
F,2010,Yaretzy,45,CA,1405,0.01
F,2010,Yarely,44,CA,1432,0.01
F,2010,Yahaira,40,CA,1538,0.009
F,2010,Yaneli,37,CA,1620,0.008
F,2010,Yulissa,34,CA,1725,0.008
F,2010,Yuna,33,CA,1767,0.007
F,2010,Yolanda,31,CA,1826,0.007
F,2010,Ysabella,31,CA,1826,0.007
F,2010,Yvonne,30,CA,1870,0.007
F,2010,Yoselyn,29,CA,1905,0.007
F,2010,Yessenia,28,CA,1962,0.006
F,2010,Yuridia,28,CA,1962,0.006
F,2010,Yajaira,27,CA,2005,0.006
F,2010,Yara,26,CA,2042,0.006
F,2010,Yasmine,25,CA,2090,0.006
F,2010,Yulianna,18,CA,2584,0.004
F,2010,Yarel,17,CA,2685,0.004
F,2010,Yana,16,CA,2805,0.004
F,2010,Yasmeen,16,CA,2805,0.004
F,2010,Yessica,16,CA,2805,0.004
F,2010,Yanely,15,CA,2917,0.003
F,2010,Yoana,14,CA,3050,0.003
F,2010,Yocelyn,14,CA,3050,0.003
F,2010,Yoseline,14,CA,3050,0.003
F,2010,Yael,13,CA,3218,0.003
F,2010,Yailin,13,CA,3218,0.003
F,2010,Yazmine,13,CA,3218,0.003
F,2010,Yocelin,13,CA,3218,0.003
F,2010,Yulisa,13,CA,3218,0.003
F,2010,Yzabella,13,CA,3218,0.003
F,2010,Yamile,12,CA,3387,0.003
F,2010,Yanet,12,CA,3387,0.003
F,2010,Yusra,12,CA,3387,0.003
F,2010,Yamila,11,CA,3575,0.002
F,2010,Yelitza,11,CA,3575,0.002
F,2010,Yunuen,11,CA,3575,0.002
F,2010,Yuri,10,CA,3853,0.002
F,2010,Yareni,9,CA,4110,0.002
F,2010,Yuritzi,9,CA,4110,0.002
F,2010,Yanira,8,CA,4439,0.002
F,2010,Yatzil,8,CA,4439,0.002
F,2010,Yatziri,8,CA,4439,0.002
F,2010,Yesica,8,CA,4439,0.002
F,2010,Yuki,8,CA,4439,0.002
F,2010,Yvanna,8,CA,4439,0.002
F,2010,Yanelly,7,CA,4860,0.002
F,2010,Yaquelin,7,CA,4860,0.002
F,2010,Yazlin,7,CA,4860,0.002
F,2010,Yeira,7,CA,4860,0.002
F,2010,Yoanna,7,CA,4860,0.002
F,2010,Yaneth,6,CA,5397,0.001
F,2010,Yarelie,6,CA,5397,0.001
F,2010,Yeva,6,CA,5397,0.001
F,2010,Ytzel,6,CA,5397,0.001
F,2010,Yulia,6,CA,5397,0.001
F,2010,Yuritzy,6,CA,5397,0.001
F,2010,Yaira,5,CA,6075,0.001
F,2010,Yakelin,5,CA,6075,0.001
F,2010,Yamilex,5,CA,6075,0.001
F,2010,Yaremi,5,CA,6075,0.001
F,2010,Yari,5,CA,6075,0.001
F,2010,Yaritzi,5,CA,6075,0.001
F,2010,Yaslin,5,CA,6075,0.001
F,2010,Yasmina,5,CA,6075,0.001
F,2010,Yatziry,5,CA,6075,0.001
F,2010,Yen,5,CA,6075,0.001
F,2010,Yenifer,5,CA,6075,0.001
F,2010,Yennifer,5,CA,6075,0.001
F,2010,Yeraldin,5,CA,6075,0.001
F,2010,Yeslin,5,CA,6075,0.001
F,2010,Yizel,5,CA,6075,0.001
F,2010,Yosselin,5,CA,6075,0.001
F,2010,Ysabel,5,CA,6075,0.001
F,2010,Yui,5,CA,6075,0.001
F,2010,Yulie,5,CA,6075,0.001
F,2011,Yaretzi,307,CA,295,0.07
F,2011,Yareli,127,CA,635,0.029
F,2011,Yasmin,77,CA,920,0.018
F,2011,Yuliana,72,CA,964,0.016
F,2011,Yaritza,67,CA,1023,0.015
F,2011,Yamilet,66,CA,1037,0.015
F,2011,Yazmin,65,CA,1056,0.015
F,2011,Yesenia,63,CA,1078,0.014
F,2011,Yamileth,62,CA,1093,0.014
F,2011,Yvette,61,CA,1109,0.014
F,2011,Yoselin,60,CA,1124,0.014
F,2011,Yarely,56,CA,1182,0.013
F,2011,Yadira,52,CA,1253,0.012
F,2011,Yahaira,47,CA,1344,0.011
F,2011,Yaretzy,47,CA,1344,0.011
F,2011,Yolanda,42,CA,1469,0.01
F,2011,Yara,33,CA,1727,0.008
F,2011,Yasmine,28,CA,1926,0.006
F,2011,Yessenia,27,CA,1971,0.006
F,2011,Yuna,27,CA,1971,0.006
F,2011,Yaneli,26,CA,2024,0.006
F,2011,Yulissa,25,CA,2066,0.006
F,2011,Yvonne,25,CA,2066,0.006
F,2011,Yoselyn,24,CA,2120,0.005
F,2011,Yuridia,23,CA,2192,0.005
F,2011,Yanely,22,CA,2266,0.005
F,2011,Yajaira,21,CA,2324,0.005
F,2011,Yasmeen,21,CA,2324,0.005
F,2011,Yessica,19,CA,2494,0.004
F,2011,Yazmine,18,CA,2582,0.004
F,2011,Ysabella,18,CA,2582,0.004
F,2011,Yarel,17,CA,2679,0.004
F,2011,Yatziri,16,CA,2781,0.004
F,2011,Yamila,15,CA,2904,0.003
F,2011,Yanet,15,CA,2904,0.003
F,2011,Yulianna,15,CA,2904,0.003
F,2011,Yocelin,14,CA,3027,0.003
F,2011,Yorley,14,CA,3027,0.003
F,2011,Yael,13,CA,3163,0.003
F,2011,Yana,13,CA,3163,0.003
F,2011,Yocelyn,13,CA,3163,0.003
F,2011,Yuri,13,CA,3163,0.003
F,2011,Yuritzi,13,CA,3163,0.003
F,2011,Yadhira,12,CA,3343,0.003
F,2011,Yaneth,12,CA,3343,0.003
F,2011,Yelena,11,CA,3551,0.003
F,2011,Yzabella,10,CA,3816,0.002
F,2011,Yamile,9,CA,4068,0.002
F,2011,Yareni,9,CA,4068,0.002
F,2011,Ysabel,9,CA,4068,0.002
F,2011,Yanira,8,CA,4396,0.002
F,2011,Yatzil,8,CA,4396,0.002
F,2011,Yeimi,8,CA,4396,0.002
F,2011,Yeraldin,8,CA,4396,0.002
F,2011,Yoseline,8,CA,4396,0.002
F,2011,Yui,8,CA,4396,0.002
F,2011,Yulisa,8,CA,4396,0.002
F,2011,Yanelly,7,CA,4804,0.002
F,2011,Yaquelin,7,CA,4804,0.002
F,2011,Yetzali,7,CA,4804,0.002
F,2011,Yarelli,6,CA,5326,0.001
F,2011,Yissel,6,CA,5326,0.001
F,2011,Yohana,6,CA,5326,0.001
F,2011,Ytzel,6,CA,5326,0.001
F,2011,Yuki,6,CA,5326,0.001
F,2011,Yumi,6,CA,5326,0.001
F,2011,Yusra,6,CA,5326,0.001
F,2011,Yahira,5,CA,5974,0.001
F,2011,Yailin,5,CA,5974,0.001
F,2011,Yamilett,5,CA,5974,0.001
F,2011,Yanessa,5,CA,5974,0.001
F,2011,Yarelie,5,CA,5974,0.001
F,2011,Yarelly,5,CA,5974,0.001
F,2011,Yaretzie,5,CA,5974,0.001
F,2011,Yaritzel,5,CA,5974,0.001
F,2011,Yatziry,5,CA,5974,0.001
F,2011,Yeslin,5,CA,5974,0.001
F,2011,Ysabelle,5,CA,5974,0.001
F,2011,Yuli,5,CA,5974,0.001
F,2011,Yuriana,5,CA,5974,0.001
F,2011,Yuritza,5,CA,5974,0.001
F,2012,Yaretzi,357,CA,263,0.081
F,2012,Yareli,123,CA,668,0.028
F,2012,Yasmin,80,CA,926,0.018
F,2012,Yesenia,79,CA,934,0.018
F,2012,Yamileth,69,CA,1032,0.016
F,2012,Yaretzy,61,CA,1124,0.014
F,2012,Yuliana,60,CA,1141,0.014
F,2012,Yaritza,59,CA,1152,0.013
F,2012,Yazmin,52,CA,1271,0.012
F,2012,Yarely,51,CA,1288,0.012
F,2012,Yvette,51,CA,1288,0.012
F,2012,Yamilet,48,CA,1341,0.011
F,2012,Yadira,45,CA,1408,0.01
F,2012,Yoselin,45,CA,1408,0.01
F,2012,Yahaira,36,CA,1652,0.008
F,2012,Yolanda,36,CA,1652,0.008
F,2012,Yvonne,36,CA,1652,0.008
F,2012,Yaneli,34,CA,1715,0.008
F,2012,Yara,31,CA,1814,0.007
F,2012,Yulissa,24,CA,2142,0.005
F,2012,Yuna,23,CA,2200,0.005
F,2012,Ysabella,22,CA,2274,0.005
F,2012,Yasmine,21,CA,2344,0.005
F,2012,Yuridia,20,CA,2422,0.005
F,2012,Yatziri,19,CA,2519,0.004
F,2012,Yael,18,CA,2607,0.004
F,2012,Yocelin,18,CA,2607,0.004
F,2012,Yatziry,16,CA,2784,0.004
F,2012,Yessenia,16,CA,2784,0.004
F,2012,Yoselyn,16,CA,2784,0.004
F,2012,Yarel,15,CA,2919,0.003
F,2012,Yajaira,14,CA,3038,0.003
F,2012,Yulianna,14,CA,3038,0.003
F,2012,Yana,13,CA,3203,0.003
F,2012,Yasmeen,13,CA,3203,0.003
F,2012,Yorley,13,CA,3203,0.003
F,2012,Yuritzi,13,CA,3203,0.003
F,2012,Yanely,12,CA,3371,0.003
F,2012,Yanilen,12,CA,3371,0.003
F,2012,Yzabella,12,CA,3371,0.003
F,2012,Yumi,11,CA,3558,0.003
F,2012,Yuri,11,CA,3558,0.003
F,2012,Yatzil,10,CA,3793,0.002
F,2012,Yessica,9,CA,4041,0.002
F,2012,Yoana,9,CA,4041,0.002
F,2012,Yohana,9,CA,4041,0.002
F,2012,Yui,9,CA,4041,0.002
F,2012,Yulisa,9,CA,4041,0.002
F,2012,Yanira,8,CA,4396,0.002
F,2012,Yetzali,8,CA,4396,0.002
F,2012,Yuki,8,CA,4396,0.002
F,2012,Yulia,8,CA,4396,0.002
F,2012,Yuritzy,8,CA,4396,0.002
F,2012,Yuvia,8,CA,4396,0.002
F,2012,Yvanna,8,CA,4396,0.002
F,2012,Yareth,7,CA,4827,0.002
F,2012,Yashvi,7,CA,4827,0.002
F,2012,Yeimi,7,CA,4827,0.002
F,2012,Yocelyn,7,CA,4827,0.002
F,2012,Yaiza,6,CA,5342,0.001
F,2012,Yanelli,6,CA,5342,0.001
F,2012,Yanelly,6,CA,5342,0.001
F,2012,Yanet,6,CA,5342,0.001
F,2012,Yarelie,6,CA,5342,0.001
F,2012,Yareni,6,CA,5342,0.001
F,2012,Yaritzi,6,CA,5342,0.001
F,2012,Yasmina,6,CA,5342,0.001
F,2012,Yelitza,6,CA,5342,0.001
F,2012,Yisel,6,CA,5342,0.001
F,2012,Yoseline,6,CA,5342,0.001
F,2012,Yuhan,6,CA,5342,0.001
F,2012,Yuritza,6,CA,5342,0.001
F,2012,Yusra,6,CA,5342,0.001
F,2012,Yamilett,5,CA,6048,0.001
F,2012,Yaneth,5,CA,6048,0.001
F,2012,Yaretzie,5,CA,6048,0.001
F,2012,Yazmine,5,CA,6048,0.001
F,2012,Yelena,5,CA,6048,0.001
F,2012,Yena,5,CA,6048,0.001
F,2012,Yeraldin,5,CA,6048,0.001
F,2012,Ysabel,5,CA,6048,0.001
F,2012,Yu,5,CA,6048,0.001
F,2012,Yuli,5,CA,6048,0.001
F,2012,Yuliet,5,CA,6048,0.001
F,2012,Yunuen,5,CA,6048,0.001
F,2012,Yuriana,5,CA,6048,0.001
F,2012,Yuval,5,CA,6048,0.001
F,2013,Yaretzi,319,CA,292,0.074
F,2013,Yareli,113,CA,701,0.026
F,2013,Yamileth,76,CA,964,0.018
F,2013,Yaretzy,68,CA,1034,0.016
F,2013,Yesenia,68,CA,1034,0.016
F,2013,Yasmin,65,CA,1076,0.015
F,2013,Yaritza,61,CA,1128,0.014
F,2013,Yuliana,54,CA,1230,0.012
F,2013,Yoselin,52,CA,1257,0.012
F,2013,Yadira,44,CA,1417,0.01
F,2013,Yamilet,41,CA,1485,0.009
F,2013,Yvette,40,CA,1509,0.009
F,2013,Yarely,38,CA,1579,0.009
F,2013,Yaneli,33,CA,1734,0.008
F,2013,Yvonne,32,CA,1772,0.007
F,2013,Yulissa,31,CA,1813,0.007
F,2013,Yara,30,CA,1859,0.007
F,2013,Yolanda,30,CA,1859,0.007
F,2013,Yuna,26,CA,2036,0.006
F,2013,Yahaira,25,CA,2091,0.006
F,2013,Yasmine,24,CA,2144,0.006
F,2013,Yazmin,22,CA,2269,0.005
F,2013,Ysabella,19,CA,2481,0.004
F,2013,Yuri,19,CA,2481,0.004
F,2013,Yasmeen,17,CA,2663,0.004
F,2013,Yatziri,17,CA,2663,0.004
F,2013,Yessenia,16,CA,2750,0.004
F,2013,Yajaira,15,CA,2867,0.003
F,2013,Yana,15,CA,2867,0.003
F,2013,Yael,14,CA,2993,0.003
F,2013,Yanet,13,CA,3136,0.003
F,2013,Yarel,13,CA,3136,0.003
F,2013,Ysabelle,13,CA,3136,0.003
F,2013,Yulianna,13,CA,3136,0.003
F,2013,Yoselyn,12,CA,3313,0.003
F,2013,Yohana,11,CA,3493,0.003
F,2013,Yeimi,10,CA,3722,0.002
F,2013,Yessica,10,CA,3722,0.002
F,2013,Yuridia,10,CA,3722,0.002
F,2013,Yazmine,9,CA,4003,0.002
F,2013,Yelitza,9,CA,4003,0.002
F,2013,Yusra,9,CA,4003,0.002
F,2013,Yanelli,8,CA,4300,0.002
F,2013,Yanelly,8,CA,4300,0.002
F,2013,Yanely,8,CA,4300,0.002
F,2013,Yazlin,8,CA,4300,0.002
F,2013,Yuki,8,CA,4300,0.002
F,2013,Yaneth,7,CA,4734,0.002
F,2013,Yanilen,7,CA,4734,0.002
F,2013,Yanira,7,CA,4734,0.002
F,2013,Yaritzi,7,CA,4734,0.002
F,2013,Yatziry,7,CA,4734,0.002
F,2013,Yocelin,7,CA,4734,0.002
F,2013,Yocelyn,7,CA,4734,0.002
F,2013,Yui,7,CA,4734,0.002
F,2013,Yulisa,7,CA,4734,0.002
F,2013,Yuritzi,7,CA,4734,0.002
F,2013,Yasmina,6,CA,5243,0.001
F,2013,Yatzil,6,CA,5243,0.001
F,2013,Yeila,6,CA,5243,0.001
F,2013,Yelena,6,CA,5243,0.001
F,2013,Yena,6,CA,5243,0.001
F,2013,Yulia,6,CA,5243,0.001
F,2013,Yumi,6,CA,5243,0.001
F,2013,Yamile,5,CA,5917,0.001
F,2013,Yareni,5,CA,5917,0.001
F,2013,Yareth,5,CA,5917,0.001
F,2013,Yaritzy,5,CA,5917,0.001
F,2013,Yeimy,5,CA,5917,0.001
F,2013,Yeraldin,5,CA,5917,0.001
F,2013,Yizel,5,CA,5917,0.001
F,2013,Yohanna,5,CA,5917,0.001
F,2013,Yuli,5,CA,5917,0.001
F,2013,Yunuen,5,CA,5917,0.001
F,2013,Yzabella,5,CA,5917,0.001
F,2014,Yaretzi,285,CA,329,0.065
F,2014,Yareli,105,CA,759,0.024
F,2014,Yamileth,79,CA,942,0.018
F,2014,Yaritza,59,CA,1177,0.013
F,2014,Yuliana,55,CA,1245,0.012
F,2014,Yasmin,52,CA,1301,0.012
F,2014,Yoselin,45,CA,1434,0.01
F,2014,Yaretzy,44,CA,1454,0.01
F,2014,Yesenia,43,CA,1479,0.01
F,2014,Yamilet,41,CA,1527,0.009
F,2014,Yvette,41,CA,1527,0.009
F,2014,Yaneli,39,CA,1583,0.009
F,2014,Yolanda,39,CA,1583,0.009
F,2014,Yvonne,38,CA,1626,0.009
F,2014,Yazmin,34,CA,1747,0.008
F,2014,Yarely,31,CA,1852,0.007
F,2014,Yulissa,30,CA,1895,0.007
F,2014,Yuna,28,CA,1986,0.006
F,2014,Yadira,25,CA,2128,0.006
F,2014,Yatziri,24,CA,2175,0.005
F,2014,Yasmine,22,CA,2291,0.005
F,2014,Yahaira,19,CA,2521,0.004
F,2014,Yanely,17,CA,2698,0.004
F,2014,Yara,17,CA,2698,0.004
F,2014,Yael,15,CA,2940,0.003
F,2014,Yasmeen,14,CA,3066,0.003
F,2014,Yana,13,CA,3218,0.003
F,2014,Yessenia,13,CA,3218,0.003
F,2014,Yareni,12,CA,3389,0.003
F,2014,Yulianna,12,CA,3389,0.003
F,2014,Ysabella,11,CA,3571,0.002
F,2014,Yatzil,10,CA,3791,0.002
F,2014,Yazaira,10,CA,3791,0.002
F,2014,Yuridia,10,CA,3791,0.002
F,2014,Yazmine,9,CA,4072,0.002
F,2014,Yessica,9,CA,4072,0.002
F,2014,Yetzali,9,CA,4072,0.002
F,2014,Yocelyn,9,CA,4072,0.002
F,2014,Yumi,9,CA,4072,0.002
F,2014,Yuri,9,CA,4072,0.002
F,2014,Yanelli,8,CA,4425,0.002
F,2014,Yelena,8,CA,4425,0.002
F,2014,Yoselyn,8,CA,4425,0.002
F,2014,Yuki,8,CA,4425,0.002
F,2014,Yulia,8,CA,4425,0.002
F,2014,Yuritzi,8,CA,4425,0.002
F,2014,Yatziry,7,CA,4838,0.002
F,2014,Yoana,7,CA,4838,0.002
F,2014,Yuritza,7,CA,4838,0.002
F,2014,Yailin,6,CA,5349,0.001
F,2014,Yaiza,6,CA,5349,0.001
F,2014,Yajaira,6,CA,5349,0.001
F,2014,Yamila,6,CA,5349,0.001
F,2014,Yanet,6,CA,5349,0.001
F,2014,Yaslin,6,CA,5349,0.001
F,2014,Yasmina,6,CA,5349,0.001
F,2014,Yohana,6,CA,5349,0.001
F,2014,Yoyo,6,CA,5349,0.001
F,2014,Ysabelle,6,CA,5349,0.001
F,2014,Yui,6,CA,5349,0.001
F,2014,Yzabella,6,CA,5349,0.001
F,2014,Yalitza,5,CA,6004,0.001
F,2014,Yancy,5,CA,6004,0.001
F,2014,Yaquelin,5,CA,6004,0.001
F,2014,Yaritzi,5,CA,6004,0.001
F,2014,Yeilin,5,CA,6004,0.001
F,2014,Yeimi,5,CA,6004,0.001
F,2014,Yelitza,5,CA,6004,0.001
F,2014,Yeva,5,CA,6004,0.001
F,2014,Yihan,5,CA,6004,0.001
F,2014,Yilia,5,CA,6004,0.001
F,2014,Yoanna,5,CA,6004,0.001
F,2014,Yohanna,5,CA,6004,0.001
F,2014,Yuriana,5,CA,6004,0.001
F,2014,Yuritzy,5,CA,6004,0.001
F,2014,Yusra,5,CA,6004,0.001
F,2015,Yaretzi,236,CA,383,0.055
F,2015,Yareli,79,CA,921,0.018
F,2015,Yamileth,72,CA,994,0.017
F,2015,Yaretzy,55,CA,1240,0.013
F,2015,Yaritza,54,CA,1258,0.013
F,2015,Yesenia,47,CA,1405,0.011
F,2015,Yvette,43,CA,1485,0.01
F,2015,Yasmin,41,CA,1535,0.01
F,2015,Yolanda,38,CA,1619,0.009
F,2015,Yazmin,37,CA,1645,0.009
F,2015,Yuliana,36,CA,1675,0.008
F,2015,Yuna,35,CA,1697,0.008
F,2015,Yaneli,34,CA,1720,0.008
F,2015,Yoselin,34,CA,1720,0.008
F,2015,Yulissa,31,CA,1804,0.007
F,2015,Yvonne,31,CA,1804,0.007
F,2015,Yadira,29,CA,1898,0.007
F,2015,Yara,28,CA,1947,0.006
F,2015,Yatziri,27,CA,1988,0.006
F,2015,Yazaira,26,CA,2038,0.006
F,2015,Yamilet,25,CA,2078,0.006
F,2015,Yarely,23,CA,2205,0.005
F,2015,Yasmeen,20,CA,2428,0.005
F,2015,Yana,19,CA,2516,0.004
F,2015,Yasmine,18,CA,2600,0.004
F,2015,Yuri,17,CA,2691,0.004
F,2015,Ysabella,16,CA,2800,0.004
F,2015,Yareni,15,CA,2911,0.003
F,2015,Yessenia,15,CA,2911,0.003
F,2015,Yuridia,15,CA,2911,0.003
F,2015,Yulianna,14,CA,3047,0.003
F,2015,Yael,13,CA,3187,0.003
F,2015,Yanely,13,CA,3187,0.003
F,2015,Yatzil,13,CA,3187,0.003
F,2015,Yuritzi,12,CA,3363,0.003
F,2015,Yatziry,11,CA,3572,0.003
F,2015,Yui,11,CA,3572,0.003
F,2015,Yetzali,10,CA,3783,0.002
F,2015,Yanet,9,CA,4063,0.002
F,2015,Yaritzi,9,CA,4063,0.002
F,2015,Yasmina,9,CA,4063,0.002
F,2015,Yelitza,9,CA,4063,0.002
F,2015,Yaiza,8,CA,4355,0.002
F,2015,Yajaira,8,CA,4355,0.002
F,2015,Yocelin,8,CA,4355,0.002
F,2015,Yumi,8,CA,4355,0.002
F,2015,Yusra,8,CA,4355,0.002
F,2015,Yahaira,7,CA,4761,0.002
F,2015,Yazleen,7,CA,4761,0.002
F,2015,Yessica,7,CA,4761,0.002
F,2015,Ysabelle,7,CA,4761,0.002
F,2015,Yaneth,6,CA,5278,0.001
F,2015,Yaquelin,6,CA,5278,0.001
F,2015,Yeimy,6,CA,5278,0.001
F,2015,Yena,6,CA,5278,0.001
F,2015,Yohana,6,CA,5278,0.001
F,2015,Yoselyn,6,CA,5278,0.001
F,2015,Yudith,6,CA,5278,0.001
F,2015,Yanira,5,CA,5947,0.001
F,2015,Yanna,5,CA,5947,0.001
F,2015,Yashvi,5,CA,5947,0.001
F,2015,Yelena,5,CA,5947,0.001
F,2015,Yuki,5,CA,5947,0.001
F,2016,Yaretzi,227,CA,390,0.053
F,2016,Yareli,85,CA,895,0.02
F,2016,Yamileth,66,CA,1089,0.015
F,2016,Yaritza,53,CA,1258,0.012
F,2016,Yuliana,51,CA,1310,0.012
F,2016,Yesenia,45,CA,1429,0.011
F,2016,Yuna,40,CA,1571,0.009
F,2016,Yaretzy,39,CA,1598,0.009
F,2016,Yasmin,37,CA,1655,0.009
F,2016,Yamilet,33,CA,1762,0.008
F,2016,Yvonne,32,CA,1797,0.007
F,2016,Yazmin,29,CA,1907,0.007
F,2016,Yaneli,28,CA,1953,0.007
F,2016,Yarely,28,CA,1953,0.007
F,2016,Yara,27,CA,2005,0.006
F,2016,Yoselin,27,CA,2005,0.006
F,2016,Yulissa,26,CA,2053,0.006
F,2016,Yvette,26,CA,2053,0.006
F,2016,Yatziri,25,CA,2110,0.006
F,2016,Yurani,25,CA,2110,0.006
F,2016,Yolanda,23,CA,2224,0.005
F,2016,Yuri,20,CA,2452,0.005
F,2016,Yamila,19,CA,2521,0.004
F,2016,Yahaira,18,CA,2613,0.004
F,2016,Yulianna,18,CA,2613,0.004
F,2016,Yasmine,16,CA,2805,0.004
F,2016,Yuritzi,15,CA,2930,0.004
F,2016,Yadira,14,CA,3065,0.003
F,2016,Yajaira,14,CA,3065,0.003
F,2016,Yasmeen,13,CA,3216,0.003
F,2016,Yaiza,12,CA,3380,0.003
F,2016,Yanely,12,CA,3380,0.003
F,2016,Yelena,12,CA,3380,0.003
F,2016,Yusra,12,CA,3380,0.003
F,2016,Yael,11,CA,3559,0.003
F,2016,Yui,11,CA,3559,0.003
F,2016,Yatzil,10,CA,3782,0.002
F,2016,Yelitza,10,CA,3782,0.002
F,2016,Yetzali,10,CA,3782,0.002
F,2016,Yilia,10,CA,3782,0.002
F,2016,Ysabella,10,CA,3782,0.002
F,2016,Yuki,10,CA,3782,0.002
F,2016,Yumi,10,CA,3782,0.002
F,2016,Yana,9,CA,4090,0.002
F,2016,Yatziry,9,CA,4090,0.002
F,2016,Yessenia,9,CA,4090,0.002
F,2016,Yocelyn,9,CA,4090,0.002
F,2016,Yanet,8,CA,4375,0.002
F,2016,Yareni,8,CA,4375,0.002
F,2016,Yanira,7,CA,4736,0.002
F,2016,Yilin,7,CA,4736,0.002
F,2016,Yzabella,7,CA,4736,0.002
F,2016,Yohana,6,CA,5253,0.001
F,2016,Yoselyn,6,CA,5253,0.001
F,2016,Yumna,6,CA,5253,0.001
F,2016,Yutong,6,CA,5253,0.001
F,2016,Yalitza,5,CA,5882,0.001
F,2016,Yanelly,5,CA,5882,0.001
F,2016,Yashvi,5,CA,5882,0.001
F,2016,Yasmina,5,CA,5882,0.001
F,2016,Yazmine,5,CA,5882,0.001
F,2016,Yeraldin,5,CA,5882,0.001
F,2016,Yessica,5,CA,5882,0.001
F,2016,Yeva,5,CA,5882,0.001
F,2016,Yousra,5,CA,5882,0.001
F,2016,Ytzel,5,CA,5882,0.001
F,2016,Yudith,5,CA,5882,0.001
F,2016,Yurany,5,CA,5882,0.001
F,2017,Yaretzi,244,CA,355,0.059
F,2017,Yareli,82,CA,907,0.02
F,2017,Yamileth,48,CA,1348,0.012
F,2017,Yaritza,43,CA,1440,0.01
F,2017,Yuliana,43,CA,1440,0.01
F,2017,Yaretzy,41,CA,1500,0.01
F,2017,Yvette,37,CA,1597,0.009
F,2017,Yuna,34,CA,1694,0.008
F,2017,Yolanda,33,CA,1725,0.008
F,2017,Yasmin,32,CA,1759,0.008
F,2017,Yesenia,31,CA,1801,0.008
F,2017,Yoselin,30,CA,1840,0.007
F,2017,Yamila,29,CA,1882,0.007
F,2017,Yaneli,29,CA,1882,0.007
F,2017,Yatziri,28,CA,1928,0.007
F,2017,Yazmin,28,CA,1928,0.007
F,2017,Yara,27,CA,1979,0.007
F,2017,Yarely,27,CA,1979,0.007
F,2017,Yamilet,26,CA,2028,0.006
F,2017,Yulissa,26,CA,2028,0.006
F,2017,Yvonne,20,CA,2403,0.005
F,2017,Yadira,19,CA,2488,0.005
F,2017,Yasmine,19,CA,2488,0.005
F,2017,Yusra,18,CA,2577,0.004
F,2017,Yahaira,16,CA,2793,0.004
F,2017,Yasmeen,16,CA,2793,0.004
F,2017,Yurani,16,CA,2793,0.004
F,2017,Yael,14,CA,3017,0.003
F,2017,Yana,14,CA,3017,0.003
F,2017,Yatzil,14,CA,3017,0.003
F,2017,Yoselyn,14,CA,3017,0.003
F,2017,Yuri,13,CA,3173,0.003
F,2017,Yuritzi,13,CA,3173,0.003
F,2017,Ysabella,10,CA,3716,0.002
F,2017,Yatziry,9,CA,3980,0.002
F,2017,Yessenia,9,CA,3980,0.002
F,2017,Yuleimy,9,CA,3980,0.002
F,2017,Yuritzy,9,CA,3980,0.002
F,2017,Yaneth,8,CA,4303,0.002
F,2017,Yelena,8,CA,4303,0.002
F,2017,Yilia,8,CA,4303,0.002
F,2017,Ysabelle,8,CA,4303,0.002
F,2017,Yulianna,8,CA,4303,0.002
F,2017,Yuriana,8,CA,4303,0.002
F,2017,Yajaira,7,CA,4682,0.002
F,2017,Yanely,7,CA,4682,0.002
F,2017,Yanet,7,CA,4682,0.002
F,2017,Yeva,7,CA,4682,0.002
F,2017,Yohana,7,CA,4682,0.002
F,2017,Yuridia,7,CA,4682,0.002
F,2017,Yanelly,6,CA,5163,0.001
F,2017,Yashika,6,CA,5163,0.001
F,2017,Yaslin,6,CA,5163,0.001
F,2017,Yelitza,6,CA,5163,0.001
F,2017,Yocelin,6,CA,5163,0.001
F,2017,Ysabel,6,CA,5163,0.001
F,2017,Yui,6,CA,5163,0.001
F,2017,Yuli,6,CA,5163,0.001
F,2017,Yumi,6,CA,5163,0.001
F,2017,Yaquelin,5,CA,5821,0.001
F,2017,Yasna,5,CA,5821,0.001
F,2017,Yetzali,5,CA,5821,0.001
F,2017,Yinuo,5,CA,5821,0.001
F,2017,Ynez,5,CA,5821,0.001
F,2017,Yohanna,5,CA,5821,0.001
F,2017,Yoyo,5,CA,5821,0.001
F,2017,Yue,5,CA,5821,0.001
F,2017,Yuki,5,CA,5821,0.001
F,2017,Yuriko,5,CA,5821,0.001
F,2017,Yvanna,5,CA,5821,0.001
F,2017,Yzabella,5,CA,5821,0.001
F,2017,Yzabelle,5,CA,5821,0.001
F,2018,Yaretzi,215,CA,382,0.054
F,2018,Yareli,85,CA,859,0.021
F,2018,Yamileth,69,CA,1014,0.017
F,2018,Yara,59,CA,1136,0.015
F,2018,Yuliana,50,CA,1282,0.013
F,2018,Yaritza,42,CA,1427,0.011
F,2018,Yuna,38,CA,1527,0.01
F,2018,Yesenia,36,CA,1583,0.009
F,2018,Yazmin,34,CA,1661,0.009
F,2018,Yaretzy,33,CA,1701,0.008
F,2018,Yvonne,33,CA,1701,0.008
F,2018,Yolanda,29,CA,1835,0.007
F,2018,Yamila,28,CA,1874,0.007
F,2018,Yatziri,27,CA,1916,0.007
F,2018,Yaneli,25,CA,2025,0.006
F,2018,Yvette,25,CA,2025,0.006
F,2018,Yasmin,23,CA,2150,0.006
F,2018,Yamilet,21,CA,2281,0.005
F,2018,Yoselin,21,CA,2281,0.005
F,2018,Yadira,20,CA,2366,0.005
F,2018,Yarely,19,CA,2441,0.005
F,2018,Yusra,18,CA,2531,0.005
F,2018,Ysabella,17,CA,2621,0.004
F,2018,Yahaira,15,CA,2844,0.004
F,2018,Yael,14,CA,2985,0.004
F,2018,Yulissa,14,CA,2985,0.004
F,2018,Yuritzi,13,CA,3136,0.003
F,2018,Yanely,12,CA,3292,0.003
F,2018,Yatzil,12,CA,3292,0.003
F,2018,Yatziry,12,CA,3292,0.003
F,2018,Yana,11,CA,3494,0.003
F,2018,Yasmeen,11,CA,3494,0.003
F,2018,Yasmine,11,CA,3494,0.003
F,2018,Yelitza,11,CA,3494,0.003
F,2018,Yurani,11,CA,3494,0.003
F,2018,Yareni,10,CA,3730,0.003
F,2018,Yulianna,10,CA,3730,0.003
F,2018,Yaritzi,9,CA,4006,0.002
F,2018,Yessica,9,CA,4006,0.002
F,2018,Yetzali,9,CA,4006,0.002
F,2018,Yoselyn,9,CA,4006,0.002
F,2018,Yashvi,8,CA,4277,0.002
F,2018,Yena,8,CA,4277,0.002
F,2018,Yuri,8,CA,4277,0.002
F,2018,Yocheved,7,CA,4641,0.002
F,2018,Yuki,7,CA,4641,0.002
F,2018,Yanira,6,CA,5132,0.002
F,2018,Yemaya,6,CA,5132,0.002
F,2018,Yohana,6,CA,5132,0.002
F,2018,Ysabel,6,CA,5132,0.002
F,2018,Yuridia,6,CA,5132,0.002
F,2018,Yanet,5,CA,5734,0.001
F,2018,Yeimi,5,CA,5734,0.001
F,2018,Yocelin,5,CA,5734,0.001
F,2018,Yousra,5,CA,5734,0.001
F,2019,Yaretzi,223,CA,363,0.058
F,2019,Yareli,92,CA,790,0.024
F,2019,Yaritza,69,CA,1015,0.018
F,2019,Yamileth,59,CA,1146,0.015
F,2019,Yara,44,CA,1394,0.011
F,2019,Yarely,42,CA,1435,0.011
F,2019,Yalitza,39,CA,1499,0.01
F,2019,Yuna,33,CA,1678,0.009
F,2019,Yamilet,32,CA,1719,0.008
F,2019,Yasmin,32,CA,1719,0.008
F,2019,Yuliana,30,CA,1796,0.008
F,2019,Yvette,29,CA,1832,0.007
F,2019,Yaretzy,27,CA,1924,0.007
F,2019,Yulissa,24,CA,2074,0.006
F,2019,Yesenia,23,CA,2134,0.006
F,2019,Yolanda,23,CA,2134,0.006
F,2019,Yazmin,21,CA,2264,0.005
F,2019,Yoselin,21,CA,2264,0.005
F,2019,Yvonne,21,CA,2264,0.005
F,2019,Yaneli,20,CA,2339,0.005
F,2019,Yuri,20,CA,2339,0.005
F,2019,Yael,19,CA,2434,0.005
F,2019,Yusra,19,CA,2434,0.005
F,2019,Yatziri,18,CA,2535,0.005
F,2019,Yana,17,CA,2638,0.004
F,2019,Ysabella,16,CA,2755,0.004
F,2019,Yadira,15,CA,2870,0.004
F,2019,Yamila,15,CA,2870,0.004
F,2019,Yasmine,15,CA,2870,0.004
F,2019,Yeimy,12,CA,3285,0.003
F,2019,Yameli,11,CA,3487,0.003
F,2019,Yasmeen,11,CA,3487,0.003
F,2019,Yessenia,11,CA,3487,0.003
F,2019,Yuki,11,CA,3487,0.003
F,2019,Yahaira,9,CA,3956,0.002
F,2019,Yaneth,9,CA,3956,0.002
F,2019,Yanet,8,CA,4251,0.002
F,2019,Yareni,8,CA,4251,0.002
F,2019,Yetzali,8,CA,4251,0.002
F,2019,Yiyi,8,CA,4251,0.002
F,2019,Yohana,8,CA,4251,0.002
F,2019,Yulianna,8,CA,4251,0.002
F,2019,Yanira,7,CA,4615,0.002
F,2019,Yelena,7,CA,4615,0.002
F,2019,Yuritzi,7,CA,4615,0.002
F,2019,Yaiza,6,CA,5059,0.002
F,2019,Yarishna,6,CA,5059,0.002
F,2019,Yatzil,6,CA,5059,0.002
F,2019,Yelitza,6,CA,5059,0.002
F,2019,Yohanna,6,CA,5059,0.002
F,2019,Yumi,6,CA,5059,0.002
F,2019,Yani,5,CA,5700,0.001
F,2019,Yashika,5,CA,5700,0.001
F,2019,Yasmina,5,CA,5700,0.001
F,2019,Yatziry,5,CA,5700,0.001
F,2019,Yazlyn,5,CA,5700,0.001
F,2019,Yulieth,5,CA,5700,0.001
F,2019,Yulisa,5,CA,5700,0.001
F,2019,Yurani,5,CA,5700,0.001
F,2019,Yuridia,5,CA,5700,0.001
F,2019,Yzabella,5,CA,5700,0.001
F,2020,Yaretzi,182,CA,414,0.05
F,2020,Yareli,83,CA,837,0.023
F,2020,Yamileth,77,CA,890,0.021
F,2020,Yara,54,CA,1171,0.015
F,2020,Yaritza,42,CA,1407,0.012
F,2020,Yuna,37,CA,1529,0.01
F,2020,Yasmin,35,CA,1586,0.01
F,2020,Yamilet,34,CA,1612,0.009
F,2020,Yuliana,31,CA,1708,0.009
F,2020,Yvette,31,CA,1708,0.009
F,2020,Yaneli,29,CA,1785,0.008
F,2020,Yesenia,28,CA,1825,0.008
F,2020,Yarely,27,CA,1859,0.007
F,2020,Yaretzy,22,CA,2148,0.006
F,2020,Yazmin,22,CA,2148,0.006
F,2020,Yoselin,22,CA,2148,0.006
F,2020,Yolanda,21,CA,2238,0.006
F,2020,Yusra,20,CA,2312,0.006
F,2020,Yulissa,17,CA,2539,0.005
F,2020,Yvonne,17,CA,2539,0.005
F,2020,Yana,16,CA,2659,0.004
F,2020,Yasmine,15,CA,2785,0.004
F,2020,Yadira,14,CA,2928,0.004
F,2020,Yael,13,CA,3080,0.004
F,2020,Yalitza,13,CA,3080,0.004
F,2020,Yatziri,13,CA,3080,0.004
F,2020,Yurani,12,CA,3246,0.003
F,2020,Yaneth,11,CA,3426,0.003
F,2020,Yuri,11,CA,3426,0.003
F,2020,Yasmeen,10,CA,3635,0.003
F,2020,Yeimi,10,CA,3635,0.003
F,2020,Yetzali,10,CA,3635,0.003
F,2020,Yahaira,9,CA,3877,0.002
F,2020,Yajaira,9,CA,3877,0.002
F,2020,Yareni,9,CA,3877,0.002
F,2020,Yohana,9,CA,3877,0.002
F,2020,Yameli,8,CA,4165,0.002
F,2020,Yazlyn,8,CA,4165,0.002
F,2020,Ysabella,8,CA,4165,0.002
F,2020,Yuridia,8,CA,4165,0.002
F,2020,Yazlin,7,CA,4504,0.002
F,2020,Yelena,7,CA,4504,0.002
F,2020,Yoatzi,7,CA,4504,0.002
F,2020,Ysabel,7,CA,4504,0.002
F,2020,Yuki,7,CA,4504,0.002
F,2020,Yuli,7,CA,4504,0.002
F,2020,Yumi,7,CA,4504,0.002
F,2020,Yamila,6,CA,4960,0.002
F,2020,Yessenia,6,CA,4960,0.002
F,2020,Yeva,6,CA,4960,0.002
F,2020,Yiyi,6,CA,4960,0.002
F,2020,Yoselyn,6,CA,4960,0.002
F,2020,Yui,6,CA,4960,0.002
F,2020,Yulianna,6,CA,4960,0.002
F,2020,Yanely,5,CA,5625,0.001
F,2020,Yashika,5,CA,5625,0.001
F,2020,Yatzil,5,CA,5625,0.001
F,2020,Yessica,5,CA,5625,0.001
F,2020,Yulieth,5,CA,5625,0.001
F,2020,Yulisa,5,CA,5625,0.001
F,2020,Yuxi,5,CA,5625,0.001
F,2021,Yaretzi,157,CA,479,0.043
F,2021,Yareli,82,CA,857,0.023
F,2021,Yamileth,63,CA,1058,0.017
F,2021,Yara,54,CA,1190,0.015
F,2021,Yuna,41,CA,1454,0.011
F,2021,Yvette,33,CA,1685,0.009
F,2021,Yamilet,32,CA,1719,0.009
F,2021,Yasmin,31,CA,1753,0.009
F,2021,Yazmin,31,CA,1753,0.009
F,2021,Yaritza,27,CA,1920,0.007
F,2021,Yesenia,25,CA,2029,0.007
F,2021,Yuliana,24,CA,2084,0.007
F,2021,Yarely,23,CA,2141,0.006
F,2021,Yaneli,22,CA,2199,0.006
F,2021,Yulissa,21,CA,2269,0.006
F,2021,Yasmine,19,CA,2425,0.005
F,2021,Yael,18,CA,2521,0.005
F,2021,Yusra,17,CA,2606,0.005
F,2021,Yvonne,17,CA,2606,0.005
F,2021,Yadira,15,CA,2832,0.004
F,2021,Yaretzy,14,CA,2937,0.004
F,2021,Yelena,14,CA,2937,0.004
F,2021,Yana,13,CA,3078,0.004
F,2021,Yasmeen,12,CA,3239,0.003
F,2021,Yatziri,12,CA,3239,0.003
F,2021,Yolanda,12,CA,3239,0.003
F,2021,Yessenia,11,CA,3432,0.003
F,2021,Yoselin,11,CA,3432,0.003
F,2021,Yuri,11,CA,3432,0.003
F,2021,Yalitza,10,CA,3624,0.003
F,2021,Yahaira,9,CA,3896,0.002
F,2021,Yamila,9,CA,3896,0.002
F,2021,Yeva,9,CA,3896,0.002
F,2021,Yulianna,9,CA,3896,0.002
F,2021,Yumi,9,CA,3896,0.002
F,2021,Yeimy,8,CA,4219,0.002
F,2021,Ysabel,8,CA,4219,0.002
F,2021,Ysabella,8,CA,4219,0.002
F,2021,Yajaira,7,CA,4585,0.002
F,2021,Yelitza,7,CA,4585,0.002
F,2021,Yessica,7,CA,4585,0.002
F,2021,Yaiza,6,CA,5051,0.002
F,2021,Yanet,6,CA,5051,0.002
F,2021,Yaneth,6,CA,5051,0.002
F,2021,Yanira,6,CA,5051,0.002
F,2021,Yazlyn,6,CA,5051,0.002
F,2021,Yetzali,6,CA,5051,0.002
F,2021,Yoana,6,CA,5051,0.002
F,2021,Yuki,6,CA,5051,0.002
F,2021,Yanelli,5,CA,5679,0.001
F,2021,Yari,5,CA,5679,0.001
F,2021,Yashika,5,CA,5679,0.001
F,2021,Yatzil,5,CA,5679,0.001
F,2021,Yaxeni,5,CA,5679,0.001
F,2021,Yazlin,5,CA,5679,0.001
F,2021,Yeilin,5,CA,5679,0.001
F,2021,Yeimi,5,CA,5679,0.001
F,2021,Yoatzi,5,CA,5679,0.001
F,2021,Yocelin,5,CA,5679,0.001
F,2021,Yoselyn,5,CA,5679,0.001
F,2021,Yue,5,CA,5679,0.001
F,2021,Yzabella,5,CA,5679,0.001
F,2022,Yaretzi,186,CA,401,0.051
F,2022,Yareli,92,CA,772,0.025
F,2022,Yamileth,76,CA,913,0.021
F,2022,Yara,66,CA,1039,0.018
F,2022,Yuna,55,CA,1193,0.015
F,2022,Yaritza,42,CA,1449,0.012
F,2022,Yamilet,33,CA,1697,0.009
F,2022,Yarely,33,CA,1697,0.009
F,2022,Yuliana,33,CA,1697,0.009
F,2022,Yoselin,31,CA,1775,0.009
F,2022,Yvette,31,CA,1775,0.009
F,2022,Yasmin,28,CA,1876,0.008
F,2022,Yelena,28,CA,1876,0.008
F,2022,Yusra,27,CA,1917,0.007
F,2022,Yailin,22,CA,2207,0.006
F,2022,Yana,22,CA,2207,0.006
F,2022,Yvonne,21,CA,2288,0.006
F,2022,Yatziri,20,CA,2361,0.006
F,2022,Yesenia,20,CA,2361,0.006
F,2022,Yulissa,20,CA,2361,0.006
F,2022,Yael,19,CA,2448,0.005
F,2022,Yaneli,19,CA,2448,0.005
F,2022,Yamila,18,CA,2559,0.005
F,2022,Yazmin,18,CA,2559,0.005
F,2022,Yaretzy,17,CA,2651,0.005
F,2022,Yohana,15,CA,2883,0.004
F,2022,Yetzali,13,CA,3175,0.004
F,2022,Ysabella,13,CA,3175,0.004
F,2022,Yulianna,13,CA,3175,0.004
F,2022,Yaneth,12,CA,3309,0.003
F,2022,Yuri,12,CA,3309,0.003
F,2022,Yadira,11,CA,3498,0.003
F,2022,Yasmeen,11,CA,3498,0.003
F,2022,Yasmine,10,CA,3698,0.003
F,2022,Yumi,10,CA,3698,0.003
F,2022,Yahritza,9,CA,3947,0.002
F,2022,Yoselyn,9,CA,3947,0.002
F,2022,Yumna,9,CA,3947,0.002
F,2022,Yanet,8,CA,4258,0.002
F,2022,Yasna,8,CA,4258,0.002
F,2022,Yeimy,8,CA,4258,0.002
F,2022,Yelitza,8,CA,4258,0.002
F,2022,Yurani,8,CA,4258,0.002
F,2022,Yalitza,7,CA,4612,0.002
F,2022,Yareni,7,CA,4612,0.002
F,2022,Yohanna,7,CA,4612,0.002
F,2022,Yahaira,6,CA,5098,0.002
F,2022,Yalda,6,CA,5098,0.002
F,2022,Yanay,6,CA,5098,0.002
F,2022,Yanelli,6,CA,5098,0.002
F,2022,Yatzil,6,CA,5098,0.002
F,2022,Yazlin,6,CA,5098,0.002
F,2022,Yemaya,6,CA,5098,0.002
F,2022,Yolanda,6,CA,5098,0.002
F,2022,Yuli,6,CA,5098,0.002
F,2022,Yazmine,5,CA,5761,0.001
F,2022,Yeimi,5,CA,5761,0.001
F,2022,Yiyi,5,CA,5761,0.001
F,2022,Yosra,5,CA,5761,0.001
F,2022,Yui,5,CA,5761,0.001
F,2022,Yulia,5,CA,5761,0.001
F,2022,Yulisa,5,CA,5761,0.001
F,2022,Yuritzi,5,CA,5761,0.001
F,2023,Yaretzi,164,CA,437,0.048
F,2023,Yareli,91,CA,753,0.026
F,2023,Yamileth,84,CA,809,0.024
F,2023,Yara,73,CA,931,0.021
F,2023,Yaritza,43,CA,1388,0.012
F,2023,Yasmin,39,CA,1477,0.011
F,2023,Yuna,39,CA,1477,0.011
F,2023,Yaneli,34,CA,1614,0.01
F,2023,Yesenia,33,CA,1652,0.01
F,2023,Yatziri,32,CA,1694,0.009
F,2023,Yvette,28,CA,1848,0.008
F,2023,Yazmin,27,CA,1888,0.008
F,2023,Yamilet,26,CA,1944,0.008
F,2023,Yusra,26,CA,1944,0.008
F,2023,Yarely,24,CA,2033,0.007
F,2023,Yuliana,23,CA,2096,0.007
F,2023,Yoselin,22,CA,2154,0.006
F,2023,Yailin,20,CA,2303,0.006
F,2023,Yana,19,CA,2378,0.006
F,2023,Yelitza,19,CA,2378,0.006
F,2023,Yael,18,CA,2477,0.005
F,2023,Yvonne,18,CA,2477,0.005
F,2023,Yulissa,16,CA,2661,0.005
F,2023,Yaretzy,15,CA,2779,0.004
F,2023,Yasmeen,15,CA,2779,0.004
F,2023,Yasmine,15,CA,2779,0.004
F,2023,Yelena,12,CA,3222,0.003
F,2023,Yolanda,12,CA,3222,0.003
F,2023,Yaneth,10,CA,3639,0.003
F,2023,Yatzil,10,CA,3639,0.003
F,2023,Yeimy,10,CA,3639,0.003
F,2023,Yuki,10,CA,3639,0.003
F,2023,Yuri,10,CA,3639,0.003
F,2023,Yuritzi,10,CA,3639,0.003
F,2023,Yahaira,9,CA,3886,0.003
F,2023,Yahritza,9,CA,3886,0.003
F,2023,Yadira,8,CA,4216,0.002
F,2023,Yeva,8,CA,4216,0.002
F,2023,Yulianna,8,CA,4216,0.002
F,2023,Yulieth,8,CA,4216,0.002
F,2023,Yanely,7,CA,4581,0.002
F,2023,Yasna,7,CA,4581,0.002
F,2023,Yessenia,7,CA,4581,0.002
F,2023,Yessica,7,CA,4581,0.002
F,2023,Yohana,7,CA,4581,0.002
F,2023,Yulitza,7,CA,4581,0.002
F,2023,Yumi,7,CA,4581,0.002
F,2023,Yumna,7,CA,4581,0.002
F,2023,Yali,6,CA,5014,0.002
F,2023,Yalitza,6,CA,5014,0.002
F,2023,Yamilett,6,CA,5014,0.002
F,2023,Yanira,6,CA,5014,0.002
F,2023,Yazlyn,6,CA,5014,0.002
F,2023,Yiyi,6,CA,5014,0.002
F,2023,Yohanna,6,CA,5014,0.002
F,2023,Yurani,6,CA,5014,0.002
F,2023,Yameiry,5,CA,5617,0.001
F,2023,Yazmine,5,CA,5617,0.001
F,2023,Yeilin,5,CA,5617,0.001
F,2023,Yetzali,5,CA,5617,0.001
F,2023,Ysabel,5,CA,5617,0.001
F,2023,Yuridia,5,CA,5617,0.001
F,2023,Yvanna,5,CA,5617,0.001
F,2024,Yaretzi,101,CA,682,0.029
F,2024,Yareli,91,CA,742,0.026
F,2024,Yara,81,CA,851,0.024
F,2024,Yuna,73,CA,927,0.021
F,2024,Yamileth,69,CA,970,0.02
F,2024,Yasmin,28,CA,1832,0.008
F,2024,Yaneli,27,CA,1879,0.008
F,2024,Yamilet,26,CA,1933,0.008
F,2024,Yazmin,26,CA,1933,0.008
F,2024,Yael,24,CA,2035,0.007
F,2024,Yesenia,23,CA,2101,0.007
F,2024,Yulissa,23,CA,2101,0.007
F,2024,Yusra,23,CA,2101,0.007
F,2024,Yvette,20,CA,2291,0.006
F,2024,Yana,19,CA,2366,0.006
F,2024,Yasmine,19,CA,2366,0.006
F,2024,Yuliana,19,CA,2366,0.006
F,2024,Yoselin,18,CA,2443,0.005
F,2024,Yolanda,17,CA,2537,0.005
F,2024,Yelena,16,CA,2647,0.005
F,2024,Yarely,15,CA,2770,0.004
F,2024,Yatziri,15,CA,2770,0.004
F,2024,Yeimy,15,CA,2770,0.004
F,2024,Yashna,14,CA,2911,0.004
F,2024,Yaretzy,13,CA,3053,0.004
F,2024,Yasmeen,13,CA,3053,0.004
F,2024,Yumi,13,CA,3053,0.004
F,2024,Yaneth,12,CA,3226,0.003
F,2024,Yailin,11,CA,3426,0.003
F,2024,Yuri,11,CA,3426,0.003
F,2024,Yesbeth,10,CA,3636,0.003
F,2024,Yuki,10,CA,3636,0.003
F,2024,Yulieth,10,CA,3636,0.003
F,2024,Yamila,9,CA,3899,0.003
F,2024,Yashika,9,CA,3899,0.003
F,2024,Yatzil,9,CA,3899,0.003
F,2024,Yvonne,9,CA,3899,0.003
F,2024,Yadira,8,CA,4207,0.002
F,2024,Ynez,8,CA,4207,0.002
F,2024,Yashvi,7,CA,4551,0.002
F,2024,Yazlin,7,CA,4551,0.002
F,2024,Yelitza,7,CA,4551,0.002
F,2024,Yoali,7,CA,4551,0.002
F,2024,Yohana,7,CA,4551,0.002
F,2024,Yui,7,CA,4551,0.002
F,2024,Yuridia,7,CA,4551,0.002
F,2024,Yuritzi,7,CA,4551,0.002
F,2024,Yuxi,7,CA,4551,0.002
F,2024,Yarin,6,CA,5020,0.002
F,2024,Yaslin,6,CA,5020,0.002
F,2024,Yazlyn,6,CA,5020,0.002
F,2024,Yesly,6,CA,5020,0.002
F,2024,Yeva,6,CA,5020,0.002
F,2024,Ysabella,6,CA,5020,0.002
F,2024,Yaeli,5,CA,5619,0.001
F,2024,Yamilett,5,CA,5619,0.001
F,2024,Yanely,5,CA,5619,0.001
F,2024,Yannis,5,CA,5619,0.001
F,2024,Yasna,5,CA,5619,0.001
F,2024,Yoatzi,5,CA,5619,0.001
F,2024,Yoselyn,5,CA,5619,0.001
F,2024,Yulia,5,CA,5619,0.001
F,2024,Yurani,5,CA,5619,0.001
M,1913,Yoshio,9,CA,393,0.041
M,1914,Yoshio,11,CA,370,0.041
M,1915,Yoshio,18,CA,331,0.05
M,1915,Yukio,7,CA,607,0.02
M,1916,Yoshio,24,CA,294,0.064
M,1916,Yutaka,7,CA,616,0.019
M,1917,Yoshio,16,CA,389,0.04
M,1917,Yutaka,8,CA,605,0.02
M,1917,Yukio,6,CA,706,0.015
M,1918,Yoshio,24,CA,315,0.054
M,1918,Yukio,8,CA,623,0.018
M,1918,Yasuo,7,CA,671,0.016
M,1918,Yoshiharu,6,CA,758,0.013
M,1919,Yoshio,19,CA,387,0.042
M,1919,Yukio,9,CA,597,0.02
M,1919,Yasuo,7,CA,695,0.016
M,1919,Yutaka,6,CA,761,0.013
M,1920,Yoshio,20,CA,403,0.037
M,1920,Yukio,10,CA,617,0.018
M,1920,Yutaka,9,CA,656,0.017
M,1920,Ygnacio,5,CA,948,0.009
M,1921,Yoshio,22,CA,396,0.037
M,1921,Yutaka,11,CA,619,0.019
M,1921,Yasuo,5,CA,1005,0.008
M,1921,Ysidro,5,CA,1005,0.008
M,1921,Yukio,5,CA,1005,0.008
M,1922,Yoshio,24,CA,392,0.039
M,1922,Yukio,14,CA,537,0.023
M,1922,Yasuo,7,CA,790,0.011
M,1922,Yutaka,7,CA,790,0.011
M,1922,Yoshiaki,6,CA,880,0.01
M,1922,Yoneo,5,CA,985,0.008
M,1922,Yoshiro,5,CA,985,0.008
M,1923,Yoshio,15,CA,561,0.022
M,1923,Yukio,8,CA,806,0.012
M,1923,Yutaka,8,CA,806,0.012
M,1923,Yoneo,6,CA,971,0.009
M,1923,Yoshito,6,CA,971,0.009
M,1924,Yoshio,18,CA,531,0.024
M,1924,Ygnacio,8,CA,871,0.011
M,1924,Yutaka,8,CA,871,0.011
M,1924,Yoneo,6,CA,1026,0.008
M,1924,Yoshiharu,6,CA,1026,0.008
M,1924,Yoshiyuki,6,CA,1026,0.008
M,1924,Ysidro,6,CA,1026,0.008
M,1924,Ysabel,5,CA,1142,0.007
M,1925,Yoshio,16,CA,557,0.022
M,1925,Ysidro,10,CA,733,0.014
M,1925,Yukio,10,CA,733,0.014
M,1925,Ygnacio,7,CA,916,0.01
M,1925,Yoshiaki,7,CA,916,0.01
M,1925,Yutaka,7,CA,916,0.01
M,1926,Yoshio,18,CA,517,0.025
M,1926,Yutaka,7,CA,897,0.01
M,1926,Yasuo,5,CA,1102,0.007
M,1926,Yoshiaki,5,CA,1102,0.007
M,1926,Yukio,5,CA,1102,0.007
M,1927,Yoshio,14,CA,616,0.019
M,1927,Ygnacio,10,CA,755,0.013
M,1927,Yutaka,5,CA,1116,0.007
M,1928,Yukio,8,CA,864,0.011
M,1928,Yutaka,6,CA,1033,0.008
M,1928,Yoshiaki,5,CA,1144,0.007
M,1928,Yoshio,5,CA,1144,0.007
M,1928,Ysidro,5,CA,1144,0.007
M,1929,Yoshio,14,CA,604,0.019
M,1929,Yukio,10,CA,736,0.014
M,1929,Ygnacio,8,CA,859,0.011
M,1929,Ysidro,7,CA,925,0.01
M,1930,Yoshio,11,CA,710,0.015
M,1930,Ygnacio,8,CA,852,0.011
M,1930,Yukio,6,CA,1005,0.008
M,1930,Ysidro,5,CA,1125,0.007
M,1931,Yukio,10,CA,710,0.014
M,1931,Yoshio,6,CA,934,0.008
M,1931,Ysmael,6,CA,934,0.008
M,1931,Ysidro,5,CA,1052,0.007
M,1931,Yutaka,5,CA,1052,0.007
M,1932,Yoshio,8,CA,794,0.012
M,1932,Yukio,5,CA,1019,0.007
M,1933,Yoshio,8,CA,766,0.012
M,1934,Ygnacio,7,CA,842,0.01
M,1934,Yoshio,6,CA,908,0.009
M,1934,Ysidro,5,CA,1021,0.007
M,1935,Ygnacio,6,CA,928,0.008
M,1937,Ygnacio,5,CA,1126,0.006
M,1937,Ysidro,5,CA,1126,0.006
M,1943,Ygnacio,6,CA,1398,0.004
M,1944,Ysidro,8,CA,1179,0.005
M,1946,Ysidro,5,CA,1717,0.002
M,1947,Ysidro,6,CA,1663,0.003
M,1949,Ysidro,5,CA,1834,0.002
M,1952,Ysidro,8,CA,1541,0.003
M,1953,Ysidro,6,CA,1893,0.002
M,1956,Ysidro,5,CA,2284,0.002
M,1958,Ysidro,5,CA,2397,0.001
M,1959,Yancy,9,CA,1801,0.003
M,1960,Yancy,7,CA,2129,0.002
M,1961,Ysidro,7,CA,2203,0.002
M,1961,Yvonne,5,CA,2652,0.001
M,1963,Yale,6,CA,2396,0.002
M,1964,York,7,CA,2273,0.002
M,1964,Yul,5,CA,2714,0.001
M,1965,Ysidro,7,CA,2220,0.002
M,1966,Yancy,8,CA,2079,0.003
M,1966,Ysidro,5,CA,2634,0.002
M,1967,Ysidro,7,CA,2239,0.002
M,1967,Yusef,6,CA,2435,0.002
M,1968,Yancy,8,CA,2192,0.002
M,1968,Ysidro,7,CA,2355,0.002
M,1968,Yolanda,6,CA,2549,0.002
M,1968,Young,5,CA,2821,0.002
M,1969,Yancy,6,CA,2691,0.002
M,1969,Ysidro,6,CA,2691,0.002
M,1970,Yancy,9,CA,2229,0.003
M,1970,Yuri,8,CA,2387,0.002
M,1971,Ysidro,9,CA,2147,0.003
M,1971,Yuri,6,CA,2717,0.002
M,1972,Yancy,9,CA,2115,0.003
M,1972,Young,6,CA,2682,0.002
M,1972,Ysidro,6,CA,2682,0.002
M,1972,Yuri,6,CA,2682,0.002
M,1972,Yusef,5,CA,2979,0.002
M,1973,Yohance,9,CA,2101,0.003
M,1973,Young,5,CA,2947,0.002
M,1973,Ysidro,5,CA,2947,0.002
M,1974,Young,6,CA,2740,0.002
M,1974,Yvan,5,CA,3044,0.002
M,1975,Yusef,7,CA,2574,0.002
M,1975,Yancy,6,CA,2844,0.002
M,1975,Ysidro,6,CA,2844,0.002
M,1975,Yolanda,5,CA,3177,0.002
M,1975,Yusuf,5,CA,3177,0.002
M,1976,Yuri,9,CA,2276,0.003
M,1976,Yusef,8,CA,2435,0.003
M,1976,Ysidro,7,CA,2647,0.002
M,1976,Yancey,5,CA,3260,0.002
M,1976,Yancy,5,CA,3260,0.002
M,1976,Yolanda,5,CA,3260,0.002
M,1977,Ysidro,9,CA,2349,0.003
M,1977,Yancy,6,CA,3000,0.002
M,1977,Yuri,5,CA,3363,0.002
M,1978,Yong,5,CA,3422,0.002
M,1978,Young,5,CA,3422,0.002
M,1979,Young,6,CA,3214,0.002
M,1979,Ysidro,6,CA,3214,0.002
M,1979,Yvonne,6,CA,3214,0.002
M,1979,Yale,5,CA,3590,0.001
M,1980,Yusuf,9,CA,2593,0.002
M,1980,Ysidro,7,CA,3028,0.002
M,1980,Yusef,7,CA,3028,0.002
M,1980,Ygnacio,6,CA,3344,0.002
M,1981,Young,10,CA,2498,0.003
M,1981,Yuri,8,CA,2850,0.002
M,1981,Ygnacio,6,CA,3399,0.002
M,1981,Yousef,5,CA,3828,0.001
M,1981,Yuval,5,CA,3828,0.001
M,1982,Ysidro,8,CA,2912,0.002
M,1982,Yancy,7,CA,3179,0.002
M,1982,Yesenia,7,CA,3179,0.002
M,1982,Yoshio,6,CA,3500,0.002
M,1982,Young,6,CA,3500,0.002
M,1982,Yuji,6,CA,3500,0.002
M,1982,Yair,5,CA,3933,0.001
M,1983,Yeng,10,CA,2520,0.003
M,1983,Ying,8,CA,2906,0.002
M,1983,Yousef,8,CA,2906,0.002
M,1983,Yannick,6,CA,3443,0.002
M,1983,Yesenia,6,CA,3443,0.002
M,1983,Yusuf,6,CA,3443,0.002
M,1983,Yang,5,CA,3914,0.001
M,1983,Yer,5,CA,3914,0.001
M,1983,Yosef,5,CA,3914,0.001
M,1983,Young,5,CA,3914,0.001
M,1983,Yovani,5,CA,3914,0.001
M,1983,Yuri,5,CA,3914,0.001
M,1983,Yvan,5,CA,3914,0.001
M,1984,Young,10,CA,2539,0.002
M,1984,Yusuf,10,CA,2539,0.002
M,1984,Yer,9,CA,2710,0.002
M,1984,Yancy,7,CA,3245,0.002
M,1984,Yeng,7,CA,3245,0.002
M,1984,Yee,6,CA,3583,0.001
M,1984,Yesenia,6,CA,3583,0.001
M,1984,Yousef,6,CA,3583,0.001
M,1984,Yair,5,CA,4039,0.001
M,1984,Yan,5,CA,4039,0.001
M,1984,Yao,5,CA,4039,0.001
M,1984,Yasir,5,CA,4039,0.001
M,1984,Yoni,5,CA,4039,0.001
M,1984,Yusef,5,CA,4039,0.001
M,1985,Yesenia,11,CA,2536,0.003
M,1985,Yee,9,CA,2871,0.002
M,1985,Yer,9,CA,2871,0.002
M,1985,Yaniv,7,CA,3371,0.002
M,1985,Yannick,6,CA,3735,0.001
M,1985,Yosef,6,CA,3735,0.001
M,1985,Yu,6,CA,3735,0.001
M,1985,Yancy,5,CA,4180,0.001
M,1985,Yeng,5,CA,4180,0.001
M,1985,Ying,5,CA,4180,0.001
M,1985,Yonathan,5,CA,4180,0.001
M,1985,Yoni,5,CA,4180,0.001
M,1985,Yoshio,5,CA,4180,0.001
M,1985,Young,5,CA,4180,0.001
M,1985,Ysidro,5,CA,4180,0.001
M,1985,Yuri,5,CA,4180,0.001
M,1985,Yusef,5,CA,4180,0.001
M,1985,Yusuf,5,CA,4180,0.001
M,1986,Yeng,10,CA,2770,0.002
M,1986,Yer,8,CA,3214,0.002
M,1986,Yonatan,8,CA,3214,0.002
M,1986,Yousef,8,CA,3214,0.002
M,1986,Yosef,7,CA,3506,0.002
M,1986,Young,7,CA,3506,0.002
M,1986,Yancy,6,CA,3851,0.001
M,1986,Yee,6,CA,3851,0.001
M,1986,Yesenia,5,CA,4375,0.001
M,1986,Yovany,5,CA,4375,0.001
M,1986,Yusef,5,CA,4375,0.001
M,1986,Yusuf,5,CA,4375,0.001
M,1987,Yesenia,18,CA,1958,0.004
M,1987,Yeng,8,CA,3285,0.002
M,1987,Ying,7,CA,3596,0.002
M,1987,Yousef,6,CA,4006,0.001
M,1987,Yusuf,6,CA,4006,0.001
M,1987,Yan,5,CA,4502,0.001
M,1987,Yancy,5,CA,4502,0.001
M,1987,Yee,5,CA,4502,0.001
M,1987,Yonatan,5,CA,4502,0.001
M,1987,Yonathan,5,CA,4502,0.001
M,1987,Yosef,5,CA,4502,0.001
M,1988,Yesenia,17,CA,2122,0.004
M,1988,Yang,11,CA,2837,0.002
M,1988,Young,8,CA,3479,0.002
M,1988,Yusef,8,CA,3479,0.002
M,1988,Yusuf,8,CA,3479,0.002
M,1988,Yeng,7,CA,3805,0.001
M,1988,Yovani,7,CA,3805,0.001
M,1988,Yonatan,6,CA,4194,0.001
M,1988,Yousef,6,CA,4194,0.001
M,1988,Yu,6,CA,4194,0.001
M,1988,Yuji,6,CA,4194,0.001
M,1988,Yvette,6,CA,4194,0.001
M,1988,Yamil,5,CA,4777,0.001
M,1988,Yobani,5,CA,4777,0.001
M,1988,Yong,5,CA,4777,0.001
M,1988,Yoni,5,CA,4777,0.001
M,1988,Yosef,5,CA,4777,0.001
M,1989,Yesenia,14,CA,2566,0.003
M,1989,Young,12,CA,2831,0.002
M,1989,Yusef,11,CA,2981,0.002
M,1989,Yusuf,11,CA,2981,0.002
M,1989,Yeng,9,CA,3404,0.002
M,1989,Yosef,8,CA,3664,0.002
M,1989,Ying,7,CA,4042,0.001
M,1989,Yee,6,CA,4462,0.001
M,1989,Yer,6,CA,4462,0.001
M,1989,Yousef,6,CA,4462,0.001
M,1989,Yovani,6,CA,4462,0.001
M,1989,Yuri,6,CA,4462,0.001
M,1989,Yaniv,5,CA,5102,0.001
M,1989,Yobani,5,CA,5102,0.001
M,1989,Yoni,5,CA,5102,0.001
M,1989,Yuuki,5,CA,5102,0.001
M,1990,Yesenia,14,CA,2684,0.003
M,1990,Yeng,12,CA,2961,0.002
M,1990,Yousef,12,CA,2961,0.002
M,1990,Yehuda,9,CA,3618,0.002
M,1990,Yonathan,9,CA,3618,0.002
M,1990,Yosef,9,CA,3618,0.002
M,1990,Young,9,CA,3618,0.002
M,1990,Yovani,9,CA,3618,0.002
M,1990,Yang,8,CA,3930,0.001
M,1990,Yonatan,8,CA,3930,0.001
M,1990,Yoni,8,CA,3930,0.001
M,1990,Yair,7,CA,4284,0.001
M,1990,Yama,7,CA,4284,0.001
M,1990,Yia,7,CA,4284,0.001
M,1990,Yobani,6,CA,4773,0.001
M,1990,Yusef,6,CA,4773,0.001
M,1990,Yan,5,CA,5365,0.001
M,1990,Yee,5,CA,5365,0.001
M,1990,Yehoshua,5,CA,5365,0.001
M,1990,Yen,5,CA,5365,0.001
M,1990,Yessenia,5,CA,5365,0.001
M,1990,Ying,5,CA,5365,0.001
M,1990,Yony,5,CA,5365,0.001
M,1990,Yovanni,5,CA,5365,0.001
M,1990,Yovany,5,CA,5365,0.001
M,1990,Yu,5,CA,5365,0.001
M,1990,Yuri,5,CA,5365,0.001
M,1990,Yusuf,5,CA,5365,0.001
M,1990,Yusuke,5,CA,5365,0.001
M,1990,Yuta,5,CA,5365,0.001
M,1991,Yovani,17,CA,2399,0.003
M,1991,Yeng,16,CA,2479,0.003
M,1991,Yee,14,CA,2697,0.003
M,1991,Young,11,CA,3166,0.002
M,1991,Yobani,10,CA,3369,0.002
M,1991,Yosef,10,CA,3369,0.002
M,1991,Yair,9,CA,3626,0.002
M,1991,Yancy,8,CA,3929,0.001
M,1991,Yusef,8,CA,3929,0.001
M,1991,Yesenia,7,CA,4304,0.001
M,1991,Yusuf,7,CA,4304,0.001
M,1991,Yannick,6,CA,4773,0.001
M,1991,Yonathan,5,CA,5375,0.001
M,1991,Yousef,5,CA,5375,0.001
M,1991,Yovanni,5,CA,5375,0.001
M,1991,Yovany,5,CA,5375,0.001
M,1991,Yvan,5,CA,5375,0.001
M,1992,Yeng,16,CA,2481,0.003
M,1992,Yovani,11,CA,3193,0.002
M,1992,Yusuke,11,CA,3193,0.002
M,1992,Yang,10,CA,3405,0.002
M,1992,Yesenia,10,CA,3405,0.002
M,1992,Young,10,CA,3405,0.002
M,1992,Yair,9,CA,3663,0.002
M,1992,Yovanni,8,CA,3967,0.001
M,1992,Ysidro,8,CA,3967,0.001
M,1992,Yobani,7,CA,4339,0.001
M,1992,Yonatan,7,CA,4339,0.001
M,1992,Yoni,7,CA,4339,0.001
M,1992,Yosef,7,CA,4339,0.001
M,1992,Yannick,6,CA,4826,0.001
M,1992,Yehuda,6,CA,4826,0.001
M,1992,Yoseph,6,CA,4826,0.001
M,1992,Yovany,6,CA,4826,0.001
M,1992,Yusuf,6,CA,4826,0.001
M,1992,Yadira,5,CA,5424,0.001
M,1992,Yama,5,CA,5424,0.001
M,1992,Yonathan,5,CA,5424,0.001
M,1992,Yousef,5,CA,5424,0.001
M,1992,Yuki,5,CA,5424,0.001
M,1993,Yeng,20,CA,2138,0.004
M,1993,Yosef,15,CA,2578,0.003
M,1993,Yovani,15,CA,2578,0.003
M,1993,Yesenia,12,CA,3005,0.002
M,1993,Yovany,12,CA,3005,0.002
M,1993,Yusuf,11,CA,3172,0.002
M,1993,Yousef,10,CA,3363,0.002
M,1993,Yonathan,9,CA,3583,0.002
M,1993,Yoni,9,CA,3583,0.002
M,1993,Yobani,8,CA,3906,0.002
M,1993,Yoel,8,CA,3906,0.002
M,1993,Yonatan,8,CA,3906,0.002
M,1993,Yair,7,CA,4273,0.001
M,1993,Yadira,6,CA,4750,0.001
M,1993,Yao,6,CA,4750,0.001
M,1993,Yaseen,6,CA,4750,0.001
M,1993,Yong,6,CA,4750,0.001
M,1993,Yordi,5,CA,5394,0.001
M,1993,Yoshio,5,CA,5394,0.001
M,1993,Yousif,5,CA,5394,0.001
M,1993,Yousuf,5,CA,5394,0.001
M,1993,Yusef,5,CA,5394,0.001
M,1993,Yuta,5,CA,5394,0.001
M,1994,Young,19,CA,2192,0.004
M,1994,Yonatan,15,CA,2560,0.003
M,1994,Yovani,14,CA,2670,0.003
M,1994,Yeng,10,CA,3323,0.002
M,1994,Yesenia,10,CA,3323,0.002
M,1994,Yobani,10,CA,3323,0.002
M,1994,Ysidro,10,CA,3323,0.002
M,1994,Yosef,9,CA,3584,0.002
M,1994,Yousef,9,CA,3584,0.002
M,1994,Youssef,8,CA,3882,0.002
M,1994,Yusuf,8,CA,3882,0.002
M,1994,Yazan,7,CA,4252,0.001
M,1994,Yusef,7,CA,4252,0.001
M,1994,Yair,6,CA,4720,0.001
M,1994,Yanni,6,CA,4720,0.001
M,1994,Yer,6,CA,4720,0.001
M,1994,Yoni,6,CA,4720,0.001
M,1994,Yuta,6,CA,4720,0.001
M,1994,Yael,5,CA,5372,0.001
M,1994,Ying,5,CA,5372,0.001
M,1994,Yoel,5,CA,5372,0.001
M,1995,Yovani,15,CA,2478,0.003
M,1995,Yonatan,12,CA,2874,0.002
M,1995,Yousef,12,CA,2874,0.002
M,1995,Yesenia,11,CA,3050,0.002
M,1995,Yosef,11,CA,3050,0.002
M,1995,Yeng,9,CA,3519,0.002
M,1995,Yobani,9,CA,3519,0.002
M,1995,Yair,8,CA,3799,0.002
M,1995,Yash,8,CA,3799,0.002
M,1995,Yusuf,8,CA,3799,0.002
M,1995,Yuma,7,CA,4169,0.001
M,1995,Yanni,6,CA,4607,0.001
M,1995,Yehuda,6,CA,4607,0.001
M,1995,Yoni,6,CA,4607,0.001
M,1995,Yannick,5,CA,5230,0.001
M,1995,Yazan,5,CA,5230,0.001
M,1995,Ying,5,CA,5230,0.001
M,1995,Yobany,5,CA,5230,0.001
M,1995,Yonah,5,CA,5230,0.001
M,1995,Yonathan,5,CA,5230,0.001
M,1995,Yoshio,5,CA,5230,0.001
M,1995,Yusef,5,CA,5230,0.001
M,1996,Yonatan,21,CA,2027,0.004
M,1996,Yusuf,17,CA,2304,0.004
M,1996,Yobani,15,CA,2500,0.003
M,1996,Yonathan,14,CA,2603,0.003
M,1996,Yousef,14,CA,2603,0.003
M,1996,Yovani,12,CA,2891,0.002
M,1996,Yovany,10,CA,3266,0.002
M,1996,Yash,9,CA,3500,0.002
M,1996,Yuki,9,CA,3500,0.002
M,1996,Yair,8,CA,3767,0.002
M,1996,Yoel,7,CA,4093,0.001
M,1996,Yoseph,7,CA,4093,0.001
M,1996,Yael,6,CA,4540,0.001
M,1996,Yee,6,CA,4540,0.001
M,1996,Yobany,6,CA,4540,0.001
M,1996,Yonah,6,CA,4540,0.001
M,1996,Yosef,6,CA,4540,0.001
M,1996,Young,6,CA,4540,0.001
M,1996,Youssef,6,CA,4540,0.001
M,1996,Yusef,6,CA,4540,0.001
M,1996,Yuta,6,CA,4540,0.001
M,1996,Yoni,5,CA,5186,0.001
M,1996,Yousif,5,CA,5186,0.001
M,1996,Yovanny,5,CA,5186,0.001
M,1996,Yuji,5,CA,5186,0.001
M,1997,Yovani,16,CA,2383,0.003
M,1997,Yonatan,14,CA,2617,0.003
M,1997,Young,13,CA,2746,0.003
M,1997,Yousef,12,CA,2883,0.003
M,1997,Yash,11,CA,3034,0.002
M,1997,Yobani,11,CA,3034,0.002
M,1997,Yosef,9,CA,3481,0.002
M,1997,Yusuf,9,CA,3481,0.002
M,1997,Yael,8,CA,3773,0.002
M,1997,Yair,8,CA,3773,0.002
M,1997,Yuri,8,CA,3773,0.002
M,1997,Yeng,6,CA,4510,0.001
M,1997,Yisroel,6,CA,4510,0.001
M,1997,Yahya,5,CA,5104,0.001
M,1997,Yared,5,CA,5104,0.001
M,1997,Yoel,5,CA,5104,0.001
M,1997,Yonathan,5,CA,5104,0.001
M,1997,Yovany,5,CA,5104,0.001
M,1997,Yusef,5,CA,5104,0.001
M,1997,Yvan,5,CA,5104,0.001
M,1998,Yusuf,19,CA,2148,0.004
M,1998,Yonatan,17,CA,2313,0.004
M,1998,Yousef,17,CA,2313,0.004
M,1998,Yovani,15,CA,2477,0.003
M,1998,Youssef,13,CA,2721,0.003
M,1998,Yash,12,CA,2881,0.003
M,1998,Yael,11,CA,3072,0.002
M,1998,Yobani,9,CA,3500,0.002
M,1998,Young,7,CA,4128,0.002
M,1998,Yovanni,7,CA,4128,0.002
M,1998,Yuki,7,CA,4128,0.002
M,1998,Yair,6,CA,4560,0.001
M,1998,Yancy,6,CA,4560,0.001
M,1998,Yonathan,6,CA,4560,0.001
M,1998,Yosef,6,CA,4560,0.001
M,1998,Yanni,5,CA,5145,0.001
M,1998,Yaseen,5,CA,5145,0.001
M,1998,Yehuda,5,CA,5145,0.001
M,1998,Yeison,5,CA,5145,0.001
M,1998,Yeng,5,CA,5145,0.001
M,1998,Yusuke,5,CA,5145,0.001
M,1998,Yvan,5,CA,5145,0.001
M,1999,Yusuf,21,CA,2010,0.005
M,1999,Yousef,17,CA,2312,0.004
M,1999,Yonatan,14,CA,2621,0.003
M,1999,Yael,13,CA,2745,0.003
M,1999,Yash,10,CA,3274,0.002
M,1999,Yosef,10,CA,3274,0.002
M,1999,Young,10,CA,3274,0.002
M,1999,Yovani,10,CA,3274,0.002
M,1999,Youssef,9,CA,3517,0.002
M,1999,Yovany,9,CA,3517,0.002
M,1999,Yusef,9,CA,3517,0.002
M,1999,Yair,8,CA,3804,0.002
M,1999,Yoel,8,CA,3804,0.002
M,1999,Yousuf,8,CA,3804,0.002
M,1999,Yanni,7,CA,4132,0.002
M,1999,Yaakov,6,CA,4594,0.001
M,1999,Yehuda,6,CA,4594,0.001
M,1999,Yordi,6,CA,4594,0.001
M,1999,Yasin,5,CA,5264,0.001
M,1999,Yasser,5,CA,5264,0.001
M,1999,Yonathan,5,CA,5264,0.001
M,1999,Yuuki,5,CA,5264,0.001
M,2000,Yair,18,CA,2301,0.004
M,2000,Yousef,16,CA,2479,0.003
M,2000,Yovani,15,CA,2578,0.003
M,2000,Yash,14,CA,2692,0.003
M,2000,Yonatan,14,CA,2692,0.003
M,2000,Yonathan,14,CA,2692,0.003
M,2000,Yusuf,14,CA,2692,0.003
M,2000,Yosef,12,CA,2950,0.003
M,2000,Yuki,11,CA,3138,0.002
M,2000,Youssef,9,CA,3603,0.002
M,2000,Yobani,8,CA,3902,0.002
M,2000,Ysidro,7,CA,4305,0.001
M,2000,Yael,6,CA,4773,0.001
M,2000,Yahya,6,CA,4773,0.001
M,2000,Yaseen,6,CA,4773,0.001
M,2000,Yordi,6,CA,4773,0.001
M,2000,Yuma,6,CA,4773,0.001
M,2000,Yusef,6,CA,4773,0.001
M,2000,Yahir,5,CA,5396,0.001
M,2000,Yamil,5,CA,5396,0.001
M,2000,Yarden,5,CA,5396,0.001
M,2000,Yasser,5,CA,5396,0.001
M,2000,Yeng,5,CA,5396,0.001
M,2000,Yoel,5,CA,5396,0.001
M,2000,Yoni,5,CA,5396,0.001
M,2001,Yusuf,38,CA,1433,0.008
M,2001,Yash,24,CA,1956,0.005
M,2001,Yovani,19,CA,2263,0.004
M,2001,Yair,16,CA,2517,0.003
M,2001,Yonatan,16,CA,2517,0.003
M,2001,Yousef,16,CA,2517,0.003
M,2001,Yosef,15,CA,2632,0.003
M,2001,Yonathan,11,CA,3247,0.002
M,2001,Yuta,9,CA,3691,0.002
M,2001,Yahya,8,CA,3975,0.002
M,2001,Yaseen,8,CA,3975,0.002
M,2001,Yazan,8,CA,3975,0.002
M,2001,Youssef,8,CA,3975,0.002
M,2001,Yael,7,CA,4339,0.001
M,2001,Yovany,7,CA,4339,0.001
M,2001,Yuvraj,7,CA,4339,0.001
M,2001,Yafet,6,CA,4797,0.001
M,2001,Yahir,6,CA,4797,0.001
M,2001,Yobani,6,CA,4797,0.001
M,2001,Yordi,6,CA,4797,0.001
M,2001,Yovanni,6,CA,4797,0.001
M,2001,Yusef,6,CA,4797,0.001
M,2001,Yasser,5,CA,5410,0.001
M,2002,Yahir,137,CA,604,0.029
M,2002,Yash,29,CA,1740,0.006
M,2002,Yair,24,CA,1963,0.005
M,2002,Yosef,18,CA,2373,0.004
M,2002,Yousef,17,CA,2463,0.004
M,2002,Yonatan,16,CA,2553,0.003
M,2002,Yusuf,16,CA,2553,0.003
M,2002,Yael,12,CA,3101,0.003
M,2002,Yovani,11,CA,3263,0.002
M,2002,Yoel,9,CA,3696,0.002
M,2002,Youssef,9,CA,3696,0.002
M,2002,Yusef,9,CA,3696,0.002
M,2002,Yaakov,7,CA,4353,0.001
M,2002,Yasin,7,CA,4353,0.001
M,2002,Yasir,7,CA,4353,0.001
M,2002,Yobani,7,CA,4353,0.001
M,2002,Yohan,6,CA,4843,0.001
M,2002,Yonathan,6,CA,4843,0.001
M,2002,Yoni,6,CA,4843,0.001
M,2002,Yovany,6,CA,4843,0.001
M,2002,Yuto,6,CA,4843,0.001
M,2002,Yuvraj,6,CA,4843,0.001
M,2002,Yahya,5,CA,5472,0.001
M,2002,Yazan,5,CA,5472,0.001
M,2002,Yobany,5,CA,5472,0.001
M,2003,Yahir,426,CA,255,0.089
M,2003,Yair,87,CA,844,0.018
M,2003,Yovani,29,CA,1788,0.006
M,2003,Yael,24,CA,2023,0.005
M,2003,Yash,24,CA,2023,0.005
M,2003,Yusuf,19,CA,2350,0.004
M,2003,Youssef,15,CA,2714,0.003
M,2003,Yonatan,14,CA,2831,0.003
M,2003,Yousef,14,CA,2831,0.003
M,2003,Yuvraj,12,CA,3156,0.003
M,2003,Yaseen,10,CA,3552,0.002
M,2003,Yovany,10,CA,3552,0.002
M,2003,Yosef,9,CA,3811,0.002
M,2003,Yousuf,9,CA,3811,0.002
M,2003,Yovanni,8,CA,4107,0.002
M,2003,Yehuda,7,CA,4477,0.001
M,2003,Yoni,7,CA,4477,0.001
M,2003,Yovanny,7,CA,4477,0.001
M,2003,Yahel,6,CA,4999,0.001
M,2003,Yanni,6,CA,4999,0.001
M,2003,Yasir,6,CA,4999,0.001
M,2003,Yonathan,6,CA,4999,0.001
M,2003,Yuri,6,CA,4999,0.001
M,2003,Yuto,6,CA,4999,0.001
M,2003,Yaakov,5,CA,5613,0.001
M,2003,Yancy,5,CA,5613,0.001
M,2003,Yared,5,CA,5613,0.001
M,2003,Yeshua,5,CA,5613,0.001
M,2003,Yoan,5,CA,5613,0.001
M,2003,Yobani,5,CA,5613,0.001
M,2003,Yordi,5,CA,5613,0.001
M,2003,Yulian,5,CA,5613,0.001
M,2004,Yahir,295,CA,343,0.061
M,2004,Yair,65,CA,1059,0.014
M,2004,Yael,46,CA,1340,0.01
M,2004,Yash,29,CA,1813,0.006
M,2004,Yousef,24,CA,2034,0.005
M,2004,Yusuf,19,CA,2377,0.004
M,2004,Yosef,16,CA,2668,0.003
M,2004,Yovani,16,CA,2668,0.003
M,2004,Yonatan,15,CA,2774,0.003
M,2004,Yousuf,15,CA,2774,0.003
M,2004,Yaseen,10,CA,3612,0.002
M,2004,Yoel,10,CA,3612,0.002
M,2004,Yordi,10,CA,3612,0.002
M,2004,Yeshua,9,CA,3875,0.002
M,2004,Youssef,9,CA,3875,0.002
M,2004,Yovany,9,CA,3875,0.002
M,2004,Yusef,8,CA,4191,0.002
M,2004,Yahya,7,CA,4553,0.001
M,2004,Yamil,7,CA,4553,0.001
M,2004,Yasir,7,CA,4553,0.001
M,2004,Yonathan,7,CA,4553,0.001
M,2004,Yoni,7,CA,4553,0.001
M,2004,Yovanni,7,CA,4553,0.001
M,2004,Yuvraj,7,CA,4553,0.001
M,2004,Yaakov,6,CA,5082,0.001
M,2004,Yan,6,CA,5082,0.001
M,2004,Yasin,6,CA,5082,0.001
M,2004,Yobani,6,CA,5082,0.001
M,2004,Yehuda,5,CA,5784,0.001
M,2004,Yisrael,5,CA,5784,0.001
M,2004,Yohann,5,CA,5784,0.001
M,2004,Yuki,5,CA,5784,0.001
M,2005,Yahir,221,CA,435,0.046
M,2005,Yair,74,CA,977,0.015
M,2005,Yael,46,CA,1355,0.009
M,2005,Yonatan,27,CA,1932,0.006
M,2005,Yash,25,CA,2035,0.005
M,2005,Yovani,25,CA,2035,0.005
M,2005,Yusuf,23,CA,2144,0.005
M,2005,Yosef,20,CA,2345,0.004
M,2005,Yeshua,17,CA,2601,0.004
M,2005,Yousef,17,CA,2601,0.004
M,2005,Yasir,16,CA,2713,0.003
M,2005,Yobani,14,CA,2951,0.003
M,2005,Yordi,12,CA,3277,0.002
M,2005,Yovany,10,CA,3726,0.002
M,2005,Yuvraj,10,CA,3726,0.002
M,2005,Yahya,9,CA,3962,0.002
M,2005,Yoel,9,CA,3962,0.002
M,2005,Yohan,9,CA,3962,0.002
M,2005,Yonathan,9,CA,3962,0.002
M,2005,Yasin,8,CA,4333,0.002
M,2005,Yovanni,8,CA,4333,0.002
M,2005,Yusef,8,CA,4333,0.002
M,2005,Yaakov,7,CA,4763,0.001
M,2005,Yamil,7,CA,4763,0.001
M,2005,Yisroel,7,CA,4763,0.001
M,2005,Yoni,7,CA,4763,0.001
M,2005,Yousif,7,CA,4763,0.001
M,2005,Youssef,7,CA,4763,0.001
M,2005,Yovanny,7,CA,4763,0.001
M,2005,Yandel,6,CA,5278,0.001
M,2005,Yaseen,6,CA,5278,0.001
M,2005,Yoseph,6,CA,5278,0.001
M,2005,Yousuf,6,CA,5278,0.001
M,2005,Yuki,6,CA,5278,0.001
M,2005,Yulian,6,CA,5278,0.001
M,2005,Yehuda,5,CA,5941,0.001
M,2005,Yuto,5,CA,5941,0.001
M,2005,Yvan,5,CA,5941,0.001
M,2006,Yahir,205,CA,473,0.041
M,2006,Yair,73,CA,1020,0.015
M,2006,Yael,46,CA,1394,0.009
M,2006,Yandel,41,CA,1499,0.008
M,2006,Yusuf,31,CA,1801,0.006
M,2006,Yash,27,CA,1989,0.005
M,2006,Yovani,22,CA,2275,0.004
M,2006,Yasir,21,CA,2337,0.004
M,2006,Yeshua,19,CA,2522,0.004
M,2006,Yousef,19,CA,2522,0.004
M,2006,Yonatan,18,CA,2609,0.004
M,2006,Yosef,16,CA,2814,0.003
M,2006,Yuvraj,15,CA,2923,0.003
M,2006,Yoel,13,CA,3244,0.003
M,2006,Yusef,13,CA,3244,0.003
M,2006,Yonathan,12,CA,3439,0.002
M,2006,Yordi,12,CA,3439,0.002
M,2006,Yahya,9,CA,4086,0.002
M,2006,Yaseen,9,CA,4086,0.002
M,2006,Yohan,9,CA,4086,0.002
M,2006,Youssef,9,CA,4086,0.002
M,2006,Yoni,8,CA,4427,0.002
M,2006,Yousuf,8,CA,4427,0.002
M,2006,Yovanny,8,CA,4427,0.002
M,2006,Yovany,8,CA,4427,0.002
M,2006,Yehuda,7,CA,4836,0.001
M,2006,Yobani,7,CA,4836,0.001
M,2006,Yoseph,7,CA,4836,0.001
M,2006,Yuri,7,CA,4836,0.001
M,2006,Yoav,6,CA,5369,0.001
M,2006,Yovanni,6,CA,5369,0.001
M,2006,Yuki,6,CA,5369,0.001
M,2006,Yaakov,5,CA,6076,0.001
M,2006,Yandell,5,CA,6076,0.001
M,2006,Yasin,5,CA,6076,0.001
M,2006,Yassin,5,CA,6076,0.001
M,2006,Yerik,5,CA,6076,0.001
M,2006,Yishai,5,CA,6076,0.001
M,2006,Yisroel,5,CA,6076,0.001
M,2006,Yuta,5,CA,6076,0.001
M,2007,Yahir,185,CA,512,0.037
M,2007,Yair,68,CA,1070,0.014
M,2007,Yael,58,CA,1222,0.012
M,2007,Yandel,45,CA,1436,0.009
M,2007,Yurem,43,CA,1490,0.009
M,2007,Yash,29,CA,1947,0.006
M,2007,Yusuf,26,CA,2089,0.005
M,2007,Yovani,22,CA,2317,0.004
M,2007,Yonatan,20,CA,2486,0.004
M,2007,Yaseen,16,CA,2869,0.003
M,2007,Yonathan,16,CA,2869,0.003
M,2007,Yuvraj,16,CA,2869,0.003
M,2007,Yousef,15,CA,2978,0.003
M,2007,Yosef,14,CA,3126,0.003
M,2007,Yeshua,12,CA,3450,0.002
M,2007,Yohan,12,CA,3450,0.002
M,2007,Youssef,11,CA,3659,0.002
M,2007,Yahya,10,CA,3902,0.002
M,2007,Yamil,10,CA,3902,0.002
M,2007,Yovany,10,CA,3902,0.002
M,2007,Yuri,10,CA,3902,0.002
M,2007,Yusef,10,CA,3902,0.002
M,2007,Yadier,9,CA,4183,0.002
M,2007,Yehuda,9,CA,4183,0.002
M,2007,Yobani,9,CA,4183,0.002
M,2007,Yoel,9,CA,4183,0.002
M,2007,Yahel,8,CA,4526,0.002
M,2007,Yerik,8,CA,4526,0.002
M,2007,Yared,7,CA,4936,0.001
M,2007,Yasir,7,CA,4936,0.001
M,2007,Yehoshua,7,CA,4936,0.001
M,2007,Yasin,6,CA,5491,0.001
M,2007,Yazan,6,CA,5491,0.001
M,2007,Yul,6,CA,5491,0.001
M,2007,Yuta,6,CA,5491,0.001
M,2007,Yuto,6,CA,5491,0.001
M,2007,Yakov,5,CA,6229,0.001
M,2007,Yan,5,CA,6229,0.001
M,2007,Yanni,5,CA,6229,0.001
M,2007,Yisroel,5,CA,6229,0.001
M,2007,Yoni,5,CA,6229,0.001
M,2007,Yordi,5,CA,6229,0.001
M,2007,Yovanni,5,CA,6229,0.001
M,2007,Yunior,5,CA,6229,0.001
M,2007,Yuval,5,CA,6229,0.001
M,2008,Yahir,162,CA,565,0.034
M,2008,Yandel,62,CA,1148,0.013
M,2008,Yael,59,CA,1191,0.012
M,2008,Yair,54,CA,1269,0.011
M,2008,Yurem,50,CA,1348,0.01
M,2008,Yusuf,26,CA,2081,0.005
M,2008,Yash,24,CA,2190,0.005
M,2008,Yovani,24,CA,2190,0.005
M,2008,Yahel,22,CA,2328,0.005
M,2008,Yosef,22,CA,2328,0.005
M,2008,Yosgart,22,CA,2328,0.005
M,2008,Yuvraj,19,CA,2556,0.004
M,2008,Yeshua,18,CA,2657,0.004
M,2008,Yaseen,17,CA,2756,0.004
M,2008,Yousef,17,CA,2756,0.004
M,2008,Yusef,17,CA,2756,0.004
M,2008,Yoel,15,CA,3013,0.003
M,2008,Yonatan,15,CA,3013,0.003
M,2008,Yonathan,14,CA,3151,0.003
M,2008,Yobani,11,CA,3724,0.002
M,2008,Yahya,10,CA,3942,0.002
M,2008,Yasir,10,CA,3942,0.002
M,2008,Yoshua,10,CA,3942,0.002
M,2008,Youssef,10,CA,3942,0.002
M,2008,Yehuda,9,CA,4192,0.002
M,2008,Yerik,9,CA,4192,0.002
M,2008,Yosgar,9,CA,4192,0.002
M,2008,Yohan,8,CA,4523,0.002
M,2008,Yovanni,8,CA,4523,0.002
M,2008,Yuri,7,CA,4919,0.001
M,2008,Yamil,6,CA,5442,0.001
M,2008,Yamir,6,CA,5442,0.001
M,2008,Yanixan,6,CA,5442,0.001
M,2008,Yasin,6,CA,5442,0.001
M,2008,Yordi,6,CA,5442,0.001
M,2008,Yoseph,6,CA,5442,0.001
M,2008,Yaakov,5,CA,6168,0.001
M,2008,Yadiel,5,CA,6168,0.001
M,2008,Yannis,5,CA,6168,0.001
M,2008,Yaqub,5,CA,6168,0.001
M,2008,Yared,5,CA,6168,0.001
M,2008,Yazid,5,CA,6168,0.001
M,2008,Yobany,5,CA,6168,0.001
M,2008,Yoshi,5,CA,6168,0.001
M,2008,Yovanny,5,CA,6168,0.001
M,2008,Yuki,5,CA,6168,0.001
M,2008,Yuren,5,CA,6168,0.001
M,2008,Yuval,5,CA,6168,0.001
M,2009,Yahir,167,CA,535,0.036
M,2009,Yandel,81,CA,917,0.018
M,2009,Yael,52,CA,1300,0.011
M,2009,Yair,49,CA,1356,0.011
M,2009,Yusuf,36,CA,1689,0.008
M,2009,Yousef,28,CA,1974,0.006
M,2009,Yosef,24,CA,2179,0.005
M,2009,Yosgart,24,CA,2179,0.005
M,2009,Yash,23,CA,2237,0.005
M,2009,Yurem,23,CA,2237,0.005
M,2009,Yovani,18,CA,2631,0.004
M,2009,Yerik,16,CA,2833,0.003
M,2009,Yoel,14,CA,3114,0.003
M,2009,Yonathan,14,CA,3114,0.003
M,2009,Yahel,13,CA,3240,0.003
M,2009,Yasir,13,CA,3240,0.003
M,2009,Yeshua,13,CA,3240,0.003
M,2009,Yosgar,13,CA,3240,0.003
M,2009,Yahya,12,CA,3434,0.003
M,2009,Yamil,10,CA,3863,0.002
M,2009,Yaseen,10,CA,3863,0.002
M,2009,Yonatan,10,CA,3863,0.002
M,2009,Yaakov,9,CA,4139,0.002
M,2009,Youssef,9,CA,4139,0.002
M,2009,Yovanni,9,CA,4139,0.002
M,2009,Yuki,9,CA,4139,0.002
M,2009,Yuvraj,9,CA,4139,0.002
M,2009,Yazan,8,CA,4474,0.002
M,2009,Yehuda,8,CA,4474,0.002
M,2009,Yuta,8,CA,4474,0.002
M,2009,Yadiel,7,CA,4894,0.002
M,2009,Yanixan,7,CA,4894,0.002
M,2009,Yohan,7,CA,4894,0.002
M,2009,Yoshi,7,CA,4894,0.002
M,2009,Yousif,7,CA,4894,0.002
M,2009,Yovany,7,CA,4894,0.002
M,2009,Yamir,6,CA,5437,0.001
M,2009,Yannick,6,CA,5437,0.001
M,2009,Yobani,6,CA,5437,0.001
M,2009,Yul,6,CA,5437,0.001
M,2009,Yusef,6,CA,5437,0.001
M,2009,Yisroel,5,CA,6149,0.001
M,2009,Yoltzin,5,CA,6149,0.001
M,2009,Yordi,5,CA,6149,0.001
M,2009,Yoshua,5,CA,6149,0.001
M,2010,Yahir,127,CA,641,0.029
M,2010,Yael,55,CA,1208,0.012
M,2010,Yandel,55,CA,1208,0.012
M,2010,Yusuf,50,CA,1299,0.011
M,2010,Yair,43,CA,1456,0.01
M,2010,Yousef,28,CA,1962,0.006
M,2010,Yeshua,23,CA,2221,0.005
M,2010,Yovani,20,CA,2431,0.004
M,2010,Yash,18,CA,2584,0.004
M,2010,Yonathan,18,CA,2584,0.004
M,2010,Yerik,17,CA,2685,0.004
M,2010,Yosef,17,CA,2685,0.004
M,2010,Yaseen,15,CA,2917,0.003
M,2010,Yuvraj,15,CA,2917,0.003
M,2010,Yonatan,14,CA,3050,0.003
M,2010,Yoel,13,CA,3218,0.003
M,2010,Yadiel,12,CA,3387,0.003
M,2010,Yahya,12,CA,3387,0.003
M,2010,Yohan,12,CA,3387,0.003
M,2010,Yamil,11,CA,3575,0.002
M,2010,Yehuda,10,CA,3853,0.002
M,2010,Yosgart,10,CA,3853,0.002
M,2010,Yousif,10,CA,3853,0.002
M,2010,Youssef,10,CA,3853,0.002
M,2010,Yusef,10,CA,3853,0.002
M,2010,Yovanni,9,CA,4110,0.002
M,2010,Yovany,9,CA,4110,0.002
M,2010,Yazan,8,CA,4439,0.002
M,2010,Yousuf,8,CA,4439,0.002
M,2010,Yassin,7,CA,4860,0.002
M,2010,Yurem,7,CA,4860,0.002
M,2010,Yared,6,CA,5397,0.001
M,2010,Yazid,6,CA,5397,0.001
M,2010,Yisroel,6,CA,5397,0.001
M,2010,Yobani,6,CA,5397,0.001
M,2010,Yovanny,6,CA,5397,0.001
M,2010,Yuvan,6,CA,5397,0.001
M,2010,Yaakov,5,CA,6075,0.001
M,2010,Yasir,5,CA,6075,0.001
M,2010,Yordi,5,CA,6075,0.001
M,2010,Yosgar,5,CA,6075,0.001
M,2010,Yosuf,5,CA,6075,0.001
M,2010,Yug,5,CA,6075,0.001
M,2011,Yahir,143,CA,579,0.033
M,2011,Yael,47,CA,1344,0.011
M,2011,Yair,42,CA,1469,0.01
M,2011,Yusuf,40,CA,1521,0.009
M,2011,Yandel,32,CA,1765,0.007
M,2011,Yerik,24,CA,2120,0.005
M,2011,Yeshua,23,CA,2192,0.005
M,2011,Yuvraj,23,CA,2192,0.005
M,2011,Yosef,22,CA,2266,0.005
M,2011,Yovani,21,CA,2324,0.005
M,2011,Yousef,20,CA,2401,0.005
M,2011,Yaseen,19,CA,2494,0.004
M,2011,Youssef,17,CA,2679,0.004
M,2011,Yoel,15,CA,2904,0.003
M,2011,Yash,14,CA,3027,0.003
M,2011,Yusef,14,CA,3027,0.003
M,2011,Yohan,13,CA,3163,0.003
M,2011,Yurem,13,CA,3163,0.003
M,2011,Yovanni,12,CA,3343,0.003
M,2011,Yadiel,11,CA,3551,0.003
M,2011,Yahel,10,CA,3816,0.002
M,2011,Yobani,10,CA,3816,0.002
M,2011,Yonatan,10,CA,3816,0.002
M,2011,Yonathan,10,CA,3816,0.002
M,2011,Yousif,10,CA,3816,0.002
M,2011,Yuvan,10,CA,3816,0.002
M,2011,Yaakov,9,CA,4068,0.002
M,2011,Yousuf,9,CA,4068,0.002
M,2011,Yanuel,8,CA,4396,0.002
M,2011,Yasir,8,CA,4396,0.002
M,2011,Yehoshua,7,CA,4804,0.002
M,2011,Yosgart,7,CA,4804,0.002
M,2011,Yuri,7,CA,4804,0.002
M,2011,Yamil,6,CA,5326,0.001
M,2011,Yehuda,6,CA,5326,0.001
M,2011,Yahya,5,CA,5974,0.001
M,2011,Yakov,5,CA,5974,0.001
M,2011,Yanni,5,CA,5974,0.001
M,2011,Yared,5,CA,5974,0.001
M,2011,Yariel,5,CA,5974,0.001
M,2011,Yohann,5,CA,5974,0.001
M,2011,Yuma,5,CA,5974,0.001
M,2012,Yahir,108,CA,730,0.025
M,2012,Yael,52,CA,1271,0.012
M,2012,Yusuf,42,CA,1476,0.01
M,2012,Yousef,37,CA,1618,0.008
M,2012,Yair,36,CA,1652,0.008
M,2012,Yeshua,26,CA,2036,0.006
M,2012,Yandel,22,CA,2274,0.005
M,2012,Yosef,22,CA,2274,0.005
M,2012,Yahel,21,CA,2344,0.005
M,2012,Yash,18,CA,2607,0.004
M,2012,Yovani,16,CA,2784,0.004
M,2012,Yuvraj,16,CA,2784,0.004
M,2012,Yerik,15,CA,2919,0.003
M,2012,Yahya,14,CA,3038,0.003
M,2012,Youssef,14,CA,3038,0.003
M,2012,Yaseen,12,CA,3371,0.003
M,2012,Yohan,12,CA,3371,0.003
M,2012,Yadiel,10,CA,3793,0.002
M,2012,Yannick,10,CA,3793,0.002
M,2012,Yoel,10,CA,3793,0.002
M,2012,Yousuf,10,CA,3793,0.002
M,2012,Yovanni,9,CA,4041,0.002
M,2012,Yazan,8,CA,4396,0.002
M,2012,Yisrael,8,CA,4396,0.002
M,2012,Yousif,8,CA,4396,0.002
M,2012,Yurem,8,CA,4396,0.002
M,2012,Yared,7,CA,4827,0.002
M,2012,Yasser,7,CA,4827,0.002
M,2012,Yehuda,7,CA,4827,0.002
M,2012,Yusef,7,CA,4827,0.002
M,2012,Yuto,7,CA,4827,0.002
M,2012,Yamil,6,CA,5342,0.001
M,2012,Yariel,6,CA,5342,0.001
M,2012,Yanuel,5,CA,6048,0.001
M,2012,Yaqub,5,CA,6048,0.001
M,2012,Yareth,5,CA,6048,0.001
M,2012,Yasin,5,CA,6048,0.001
M,2012,Yegor,5,CA,6048,0.001
M,2012,Yerick,5,CA,6048,0.001
M,2012,Yisroel,5,CA,6048,0.001
M,2012,Yonatan,5,CA,6048,0.001
M,2012,Yonathan,5,CA,6048,0.001
M,2012,Yoni,5,CA,6048,0.001
M,2012,Yoshua,5,CA,6048,0.001
M,2012,Yovany,5,CA,6048,0.001
M,2013,Yahir,111,CA,711,0.026
M,2013,Yael,52,CA,1257,0.012
M,2013,Yusuf,44,CA,1417,0.01
M,2013,Yair,37,CA,1614,0.009
M,2013,Yeshua,31,CA,1813,0.007
M,2013,Yousef,27,CA,1977,0.006
M,2013,Youssef,25,CA,2091,0.006
M,2013,Yosef,24,CA,2144,0.006
M,2013,Yaseen,21,CA,2335,0.005
M,2013,Yash,18,CA,2561,0.004
M,2013,Yoel,18,CA,2561,0.004
M,2013,Yahya,17,CA,2663,0.004
M,2013,Yadiel,16,CA,2750,0.004
M,2013,Yasiel,15,CA,2867,0.003
M,2013,Yohan,15,CA,2867,0.003
M,2013,Yuvraj,15,CA,2867,0.003
M,2013,Yandel,13,CA,3136,0.003
M,2013,Yahel,12,CA,3313,0.003
M,2013,Yobani,10,CA,3722,0.002
M,2013,Yuvan,10,CA,3722,0.002
M,2013,Yousif,9,CA,4003,0.002
M,2013,Yazan,8,CA,4300,0.002
M,2013,Yeray,8,CA,4300,0.002
M,2013,Yerik,8,CA,4300,0.002
M,2013,Yovani,8,CA,4300,0.002
M,2013,Yuma,8,CA,4300,0.002
M,2013,Yurem,8,CA,4300,0.002
M,2013,Yuto,8,CA,4300,0.002
M,2013,Yarel,7,CA,4734,0.002
M,2013,Yareth,7,CA,4734,0.002
M,2013,Yaakov,6,CA,5243,0.001
M,2013,Yasin,6,CA,5243,0.001
M,2013,Yaziel,6,CA,5243,0.001
M,2013,Yehoshua,6,CA,5243,0.001
M,2013,Yonatan,6,CA,5243,0.001
M,2013,Yonathan,6,CA,5243,0.001
M,2013,Yoni,6,CA,5243,0.001
M,2013,Yordi,6,CA,5243,0.001
M,2013,Yusef,6,CA,5243,0.001
M,2013,Yago,5,CA,5917,0.001
M,2013,Yahshua,5,CA,5917,0.001
M,2013,Yamir,5,CA,5917,0.001
M,2013,Yisrael,5,CA,5917,0.001
M,2013,Yisroel,5,CA,5917,0.001
M,2013,Yousuf,5,CA,5917,0.001
M,2013,Yovanni,5,CA,5917,0.001
M,2013,Yovany,5,CA,5917,0.001
M,2013,Yuki,5,CA,5917,0.001
M,2014,Yahir,100,CA,794,0.023
M,2014,Yusuf,58,CA,1193,0.013
M,2014,Yair,46,CA,1416,0.01
M,2014,Yael,45,CA,1434,0.01
M,2014,Yousef,39,CA,1583,0.009
M,2014,Yosef,29,CA,1945,0.007
M,2014,Yeshua,27,CA,2031,0.006
M,2014,Youssef,23,CA,2231,0.005
M,2014,Yuvraj,21,CA,2363,0.005
M,2014,Yasiel,20,CA,2439,0.005
M,2014,Yahel,17,CA,2698,0.004
M,2014,Yaseen,17,CA,2698,0.004
M,2014,Yandel,16,CA,2803,0.004
M,2014,Yonatan,14,CA,3066,0.003
M,2014,Yovani,14,CA,3066,0.003
M,2014,Yadiel,12,CA,3389,0.003
M,2014,Yoel,12,CA,3389,0.003
M,2014,Yusef,12,CA,3389,0.003
M,2014,Yousif,11,CA,3571,0.002
M,2014,Yurem,11,CA,3571,0.002
M,2014,Yasir,10,CA,3791,0.002
M,2014,Yuma,10,CA,3791,0.002
M,2014,Yash,9,CA,4072,0.002
M,2014,Yohan,9,CA,4072,0.002
M,2014,Yahya,8,CA,4425,0.002
M,2014,Yamil,8,CA,4425,0.002
M,2014,Yazan,8,CA,4425,0.002
M,2014,Yerik,8,CA,4425,0.002
M,2014,Yichen,8,CA,4425,0.002
M,2014,Yousuf,8,CA,4425,0.002
M,2014,Yuvan,8,CA,4425,0.002
M,2014,Yadier,7,CA,4838,0.002
M,2014,Yaakov,6,CA,5349,0.001
M,2014,Yanis,6,CA,5349,0.001
M,2014,Yanni,6,CA,5349,0.001
M,2014,Yareth,6,CA,5349,0.001
M,2014,Yariel,6,CA,5349,0.001
M,2014,Yehuda,6,CA,5349,0.001
M,2014,Yonathan,6,CA,5349,0.001
M,2014,Yuri,6,CA,5349,0.001
M,2014,Yamato,5,CA,6004,0.001
M,2014,Yamir,5,CA,6004,0.001
M,2014,Yannis,5,CA,6004,0.001
M,2014,Yared,5,CA,6004,0.001
M,2014,Yassin,5,CA,6004,0.001
M,2014,Yeray,5,CA,6004,0.001
M,2014,Yihan,5,CA,6004,0.001
M,2014,Yoseph,5,CA,6004,0.001
M,2015,Yahir,77,CA,940,0.018
M,2015,Yusuf,63,CA,1109,0.015
M,2015,Yael,44,CA,1464,0.01
M,2015,Yousef,38,CA,1619,0.009
M,2015,Yair,32,CA,1776,0.007
M,2015,Yuvraj,24,CA,2140,0.006
M,2015,Youssef,23,CA,2205,0.005
M,2015,Yosef,20,CA,2428,0.005
M,2015,Yahya,19,CA,2516,0.004
M,2015,Yeshua,19,CA,2516,0.004
M,2015,Yaseen,17,CA,2691,0.004
M,2015,Yoel,15,CA,2911,0.003
M,2015,Yousif,14,CA,3047,0.003
M,2015,Yohan,13,CA,3187,0.003
M,2015,Yousuf,13,CA,3187,0.003
M,2015,Yuvan,13,CA,3187,0.003
M,2015,Yadiel,12,CA,3363,0.003
M,2015,Yash,12,CA,3363,0.003
M,2015,Yasiel,12,CA,3363,0.003
M,2015,Yasir,12,CA,3363,0.003
M,2015,Yeray,12,CA,3363,0.003
M,2015,Yusef,12,CA,3363,0.003
M,2015,Yahel,11,CA,3572,0.003
M,2015,Yerik,11,CA,3572,0.003
M,2015,Yandel,10,CA,3783,0.002
M,2015,Yonatan,10,CA,3783,0.002
M,2015,Yannick,9,CA,4063,0.002
M,2015,Yareth,9,CA,4063,0.002
M,2015,Yasin,9,CA,4063,0.002
M,2015,Yazan,9,CA,4063,0.002
M,2015,Yadier,8,CA,4355,0.002
M,2015,Yasser,8,CA,4355,0.002
M,2015,Yuvaan,8,CA,4355,0.002
M,2015,Yehuda,7,CA,4761,0.002
M,2015,Yovani,7,CA,4761,0.002
M,2015,Yovany,7,CA,4761,0.002
M,2015,Yug,7,CA,4761,0.002
M,2015,Yaakov,6,CA,5278,0.001
M,2015,Yassin,6,CA,5278,0.001
M,2015,Yi,6,CA,5278,0.001
M,2015,Yuma,6,CA,5278,0.001
M,2015,Yisrael,5,CA,5947,0.001
M,2015,Yonael,5,CA,5947,0.001
M,2015,Yonathan,5,CA,5947,0.001
M,2015,Yovanny,5,CA,5947,0.001
M,2015,Yuan,5,CA,5947,0.001
M,2015,Yuki,5,CA,5947,0.001
M,2015,Yurem,5,CA,5947,0.001
M,2015,Yuri,5,CA,5947,0.001
M,2016,Yahir,75,CA,1004,0.018
M,2016,Yusuf,75,CA,1004,0.018
M,2016,Yeshua,39,CA,1598,0.009
M,2016,Yael,38,CA,1629,0.009
M,2016,Yousef,34,CA,1734,0.008
M,2016,Yair,32,CA,1797,0.007
M,2016,Yuvraj,27,CA,2005,0.006
M,2016,Yuvan,26,CA,2053,0.006
M,2016,Yaseen,25,CA,2110,0.006
M,2016,Yoel,22,CA,2295,0.005
M,2016,Yahya,19,CA,2521,0.004
M,2016,Yosef,19,CA,2521,0.004
M,2016,Yash,17,CA,2699,0.004
M,2016,Yoandri,17,CA,2699,0.004
M,2016,Youssef,15,CA,2930,0.004
M,2016,Yandel,14,CA,3065,0.003
M,2016,Yonatan,13,CA,3216,0.003
M,2016,Yuvaan,13,CA,3216,0.003
M,2016,Yadiel,11,CA,3559,0.003
M,2016,Yasiel,11,CA,3559,0.003
M,2016,Yehuda,11,CA,3559,0.003
M,2016,Yovani,11,CA,3559,0.003
M,2016,Yasin,10,CA,3782,0.002
M,2016,Yazan,10,CA,3782,0.002
M,2016,Yerik,10,CA,3782,0.002
M,2016,Yadier,9,CA,4090,0.002
M,2016,Yonathan,9,CA,4090,0.002
M,2016,Yousif,9,CA,4090,0.002
M,2016,Yahel,8,CA,4375,0.002
M,2016,Yeray,8,CA,4375,0.002
M,2016,Yohan,8,CA,4375,0.002
M,2016,Yusef,8,CA,4375,0.002
M,2016,Yago,7,CA,4736,0.002
M,2016,Yareth,7,CA,4736,0.002
M,2016,Yasir,7,CA,4736,0.002
M,2016,Yassin,7,CA,4736,0.002
M,2016,Yug,7,CA,4736,0.002
M,2016,Yaakov,6,CA,5253,0.001
M,2016,Yakov,6,CA,5253,0.001
M,2016,Yamir,6,CA,5253,0.001
M,2016,Yichen,6,CA,5253,0.001
M,2016,Yuki,6,CA,5253,0.001
M,2016,Yahia,5,CA,5882,0.001
M,2016,Yaman,5,CA,5882,0.001
M,2016,Yarel,5,CA,5882,0.001
M,2016,Yehoshua,5,CA,5882,0.001
M,2016,Yifan,5,CA,5882,0.001
M,2016,Younis,5,CA,5882,0.001
M,2016,Yuma,5,CA,5882,0.001
M,2016,Yunis,5,CA,5882,0.001
M,2016,Yurem,5,CA,5882,0.001
M,2017,Yahir,62,CA,1111,0.015
M,2017,Yusuf,55,CA,1228,0.013
M,2017,Yael,36,CA,1632,0.009
M,2017,Yair,34,CA,1694,0.008
M,2017,Yousef,30,CA,1840,0.007
M,2017,Yeshua,26,CA,2028,0.006
M,2017,Yahya,23,CA,2188,0.006
M,2017,Yuvaan,21,CA,2316,0.005
M,2017,Yohan,20,CA,2403,0.005
M,2017,Yuvan,20,CA,2403,0.005
M,2017,Yosef,19,CA,2488,0.005
M,2017,Yoel,18,CA,2577,0.004
M,2017,Yasiel,17,CA,2686,0.004
M,2017,Youssef,17,CA,2686,0.004
M,2017,Yuvraj,17,CA,2686,0.004
M,2017,Yash,16,CA,2793,0.004
M,2017,Yichen,12,CA,3314,0.003
M,2017,Yousuf,12,CA,3314,0.003
M,2017,Yadiel,11,CA,3517,0.003
M,2017,Yunus,11,CA,3517,0.003
M,2017,Yandel,10,CA,3716,0.002
M,2017,Yousif,10,CA,3716,0.002
M,2017,Yaakov,9,CA,3980,0.002
M,2017,Yadier,9,CA,3980,0.002
M,2017,Yaseen,9,CA,3980,0.002
M,2017,Yazan,9,CA,3980,0.002
M,2017,Yuri,9,CA,3980,0.002
M,2017,Yannick,8,CA,4303,0.002
M,2017,Yareth,8,CA,4303,0.002
M,2017,Yariel,8,CA,4303,0.002
M,2017,Yehuda,8,CA,4303,0.002
M,2017,Yusef,8,CA,4303,0.002
M,2017,Yahia,7,CA,4682,0.002
M,2017,Yan,7,CA,4682,0.002
M,2017,Yisroel,7,CA,4682,0.002
M,2017,Yago,6,CA,5163,0.001
M,2017,Yared,6,CA,5163,0.001
M,2017,Yassin,6,CA,5163,0.001
M,2017,Yonatan,6,CA,5163,0.001
M,2017,Younis,6,CA,5163,0.001
M,2017,Yovani,6,CA,5163,0.001
M,2017,Yacoub,5,CA,5821,0.001
M,2017,Yamil,5,CA,5821,0.001
M,2017,Yamir,5,CA,5821,0.001
M,2017,Yasin,5,CA,5821,0.001
M,2017,Yasmani,5,CA,5821,0.001
M,2017,Yehoshua,5,CA,5821,0.001
M,2017,Yonas,5,CA,5821,0.001
M,2017,Yovanni,5,CA,5821,0.001
M,2017,Yulian,5,CA,5821,0.001
M,2017,Yvan,5,CA,5821,0.001
M,2017,Yves,5,CA,5821,0.001
M,2018,Yahir,65,CA,1057,0.016
M,2018,Yusuf,48,CA,1317,0.012
M,2018,Yael,46,CA,1347,0.012
M,2018,Yasiel,35,CA,1619,0.009
M,2018,Yuvraj,29,CA,1835,0.007
M,2018,Yousef,28,CA,1874,0.007
M,2018,Yaseen,27,CA,1916,0.007
M,2018,Yuvaan,27,CA,1916,0.007
M,2018,Yair,25,CA,2025,0.006
M,2018,Yoel,25,CA,2025,0.006
M,2018,Yeshua,23,CA,2150,0.006
M,2018,Yosef,21,CA,2281,0.005
M,2018,Youssef,18,CA,2531,0.005
M,2018,Yuvan,18,CA,2531,0.005
M,2018,Yohan,15,CA,2844,0.004
M,2018,Yi,12,CA,3292,0.003
M,2018,Yadiel,11,CA,3494,0.003
M,2018,Yousif,11,CA,3494,0.003
M,2018,Yusef,11,CA,3494,0.003
M,2018,Yahya,10,CA,3730,0.003
M,2018,Yash,10,CA,3730,0.003
M,2018,Yisrael,10,CA,3730,0.003
M,2018,Yonatan,10,CA,3730,0.003
M,2018,Yuri,10,CA,3730,0.003
M,2018,Yahel,9,CA,4006,0.002
M,2018,Yasir,9,CA,4006,0.002
M,2018,Yurem,9,CA,4006,0.002
M,2018,Yanni,8,CA,4277,0.002
M,2018,Yasin,8,CA,4277,0.002
M,2018,Yerik,8,CA,4277,0.002
M,2018,Yousuf,8,CA,4277,0.002
M,2018,Yunus,8,CA,4277,0.002
M,2018,Yazan,7,CA,4641,0.002
M,2018,Yishai,7,CA,4641,0.002
M,2018,Yago,6,CA,5132,0.002
M,2018,Yandel,6,CA,5132,0.002
M,2018,Yaziel,6,CA,5132,0.002
M,2018,Yichen,6,CA,5132,0.002
M,2018,Yonathan,6,CA,5132,0.002
M,2018,Yug,6,CA,5132,0.002
M,2018,Yasmani,5,CA,5734,0.001
M,2018,Yehuda,5,CA,5734,0.001
M,2018,Younes,5,CA,5734,0.001
M,2018,Yovani,5,CA,5734,0.001
M,2018,Yuto,5,CA,5734,0.001
M,2018,Yuven,5,CA,5734,0.001
M,2019,Yousef,52,CA,1247,0.013
M,2019,Yahir,48,CA,1313,0.012
M,2019,Yusuf,43,CA,1411,0.011
M,2019,Yair,31,CA,1755,0.008
M,2019,Yuvaan,31,CA,1755,0.008
M,2019,Yael,30,CA,1796,0.008
M,2019,Yuvraj,25,CA,2016,0.006
M,2019,Yasiel,24,CA,2074,0.006
M,2019,Yoel,23,CA,2134,0.006
M,2019,Yahya,21,CA,2264,0.005
M,2019,Yaseen,19,CA,2434,0.005
M,2019,Yasir,19,CA,2434,0.005
M,2019,Yerik,17,CA,2638,0.004
M,2019,Yeshua,17,CA,2638,0.004
M,2019,Yosef,17,CA,2638,0.004
M,2019,Youssef,17,CA,2638,0.004
M,2019,Yasin,16,CA,2755,0.004
M,2019,Yousuf,16,CA,2755,0.004
M,2019,Yadiel,14,CA,2993,0.004
M,2019,Yuvan,13,CA,3127,0.003
M,2019,Yonathan,11,CA,3487,0.003
M,2019,Yunus,11,CA,3487,0.003
M,2019,Yurem,11,CA,3487,0.003
M,2019,Yohan,10,CA,3715,0.003
M,2019,Yariel,9,CA,3956,0.002
M,2019,Yash,9,CA,3956,0.002
M,2019,Yago,8,CA,4251,0.002
M,2019,Yandel,8,CA,4251,0.002
M,2019,Yasser,8,CA,4251,0.002
M,2019,Yonatan,8,CA,4251,0.002
M,2019,Yuri,8,CA,4251,0.002
M,2019,Yusef,8,CA,4251,0.002
M,2019,Yaakov,7,CA,4615,0.002
M,2019,Yan,7,CA,4615,0.002
M,2019,Yovani,7,CA,4615,0.002
M,2019,Yahia,6,CA,5059,0.002
M,2019,Yanis,6,CA,5059,0.002
M,2019,Yareth,6,CA,5059,0.002
M,2019,Yassin,6,CA,5059,0.002
M,2019,Yi,6,CA,5059,0.002
M,2019,Yichen,6,CA,5059,0.002
M,2019,Yisrael,6,CA,5059,0.002
M,2019,Yves,6,CA,5059,0.002
M,2019,Yakov,5,CA,5700,0.001
M,2019,Yann,5,CA,5700,0.001
M,2019,Yiyang,5,CA,5700,0.001
M,2019,Yoshi,5,CA,5700,0.001
M,2019,Yousaf,5,CA,5700,0.001
M,2019,Yovany,5,CA,5700,0.001
M,2019,Yug,5,CA,5700,0.001
M,2019,Yuki,5,CA,5700,0.001
M,2019,Yuma,5,CA,5700,0.001
M,2019,Yuvin,5,CA,5700,0.001
M,2020,Yael,55,CA,1159,0.015
M,2020,Yusuf,54,CA,1171,0.015
M,2020,Yahir,52,CA,1210,0.014
M,2020,Yousef,33,CA,1640,0.009
M,2020,Yahya,25,CA,1974,0.007
M,2020,Yuvraj,24,CA,2034,0.007
M,2020,Yair,22,CA,2148,0.006
M,2020,Yuvaan,20,CA,2312,0.006
M,2020,Yerik,19,CA,2373,0.005
M,2020,Yaseen,17,CA,2539,0.005
M,2020,Yeshua,16,CA,2659,0.004
M,2020,Yousuf,16,CA,2659,0.004
M,2020,Yadiel,15,CA,2785,0.004
M,2020,Yash,15,CA,2785,0.004
M,2020,Yosef,15,CA,2785,0.004
M,2020,Yoel,14,CA,2928,0.004
M,2020,Yuvan,14,CA,2928,0.004
M,2020,Yazan,13,CA,3080,0.004
M,2020,Yasin,12,CA,3246,0.003
M,2020,Yasiel,11,CA,3426,0.003
M,2020,Yuri,11,CA,3426,0.003
M,2020,Yichen,10,CA,3635,0.003
M,2020,Youssef,10,CA,3635,0.003
M,2020,Yurem,10,CA,3635,0.003
M,2020,Yisrael,8,CA,4165,0.002
M,2020,Yousif,8,CA,4165,0.002
M,2020,Yug,8,CA,4165,0.002
M,2020,Yasir,7,CA,4504,0.002
M,2020,Yehoshua,7,CA,4504,0.002
M,2020,Yusef,7,CA,4504,0.002
M,2020,Yaakov,6,CA,4960,0.002
M,2020,Yandel,6,CA,4960,0.002
M,2020,Yared,6,CA,4960,0.002
M,2020,Yariel,6,CA,4960,0.002
M,2020,Yi,6,CA,4960,0.002
M,2020,Yonatan,6,CA,4960,0.002
M,2020,Yovani,6,CA,4960,0.002
M,2020,Yulian,6,CA,4960,0.002
M,2020,Yahshua,5,CA,5625,0.001
M,2020,Yaman,5,CA,5625,0.001
M,2020,Yan,5,CA,5625,0.001
M,2020,Yannis,5,CA,5625,0.001
M,2020,Yaziel,5,CA,5625,0.001
M,2020,Yehuda,5,CA,5625,0.001
M,2020,Younes,5,CA,5625,0.001
M,2020,Younis,5,CA,5625,0.001
M,2020,Yunus,5,CA,5625,0.001
M,2021,Yahir,55,CA,1169,0.015
M,2021,Yusuf,49,CA,1285,0.013
M,2021,Yael,43,CA,1407,0.012
M,2021,Yousef,28,CA,1882,0.008
M,2021,Yadiel,22,CA,2199,0.006
M,2021,Yair,22,CA,2199,0.006
M,2021,Yuvraj,21,CA,2269,0.006
M,2021,Yoel,20,CA,2341,0.005
M,2021,Yuvaan,19,CA,2425,0.005
M,2021,Yahya,18,CA,2521,0.005
M,2021,Yosef,17,CA,2606,0.005
M,2021,Yaseen,16,CA,2722,0.004
M,2021,Yasiel,16,CA,2722,0.004
M,2021,Yerik,16,CA,2722,0.004
M,2021,Yeshua,15,CA,2832,0.004
M,2021,Yash,13,CA,3078,0.004
M,2021,Yasir,13,CA,3078,0.004
M,2021,Youssef,12,CA,3239,0.003
M,2021,Yohan,11,CA,3432,0.003
M,2021,Yusef,11,CA,3432,0.003
M,2021,Yasin,9,CA,3896,0.002
M,2021,Yunus,9,CA,3896,0.002
M,2021,Yazan,8,CA,4219,0.002
M,2021,Yaakov,7,CA,4585,0.002
M,2021,Yared,7,CA,4585,0.002
M,2021,Yehuda,7,CA,4585,0.002
M,2021,Yisroel,7,CA,4585,0.002
M,2021,Yousif,7,CA,4585,0.002
M,2021,Yovani,7,CA,4585,0.002
M,2021,Yuri,7,CA,4585,0.002
M,2021,Yadier,6,CA,5051,0.002
M,2021,Yahia,6,CA,5051,0.002
M,2021,Yehoshua,6,CA,5051,0.002
M,2021,Yonatan,6,CA,5051,0.002
M,2021,Younis,6,CA,5051,0.002
M,2021,Yousuf,6,CA,5051,0.002
M,2021,Yago,5,CA,5679,0.001
M,2021,Yannis,5,CA,5679,0.001
M,2021,Yeison,5,CA,5679,0.001
M,2021,Yoshua,5,CA,5679,0.001
M,2021,Younes,5,CA,5679,0.001
M,2021,Yurem,5,CA,5679,0.001
M,2021,Yuvan,5,CA,5679,0.001
M,2021,Yuvin,5,CA,5679,0.001
M,2022,Yusuf,60,CA,1114,0.017
M,2022,Yahir,52,CA,1238,0.014
M,2022,Yael,49,CA,1295,0.014
M,2022,Yousef,27,CA,1917,0.007
M,2022,Youssef,22,CA,2207,0.006
M,2022,Yair,21,CA,2288,0.006
M,2022,Yuvraj,20,CA,2361,0.006
M,2022,Yohan,19,CA,2448,0.005
M,2022,Yuri,19,CA,2448,0.005
M,2022,Yuvaan,19,CA,2448,0.005
M,2022,Yadiel,18,CA,2559,0.005
M,2022,Yosef,18,CA,2559,0.005
M,2022,Yahya,17,CA,2651,0.005
M,2022,Yeshua,17,CA,2651,0.005
M,2022,Yusef,17,CA,2651,0.005
M,2022,Yaseen,15,CA,2883,0.004
M,2022,Yousuf,15,CA,2883,0.004
M,2022,Yash,13,CA,3175,0.004
M,2022,Yasin,13,CA,3175,0.004
M,2022,Yazan,11,CA,3498,0.003
M,2022,Yasir,10,CA,3698,0.003
M,2022,Yoel,10,CA,3698,0.003
M,2022,Yug,10,CA,3698,0.003
M,2022,Yasiel,9,CA,3947,0.002
M,2022,Yehuda,9,CA,3947,0.002
M,2022,Younes,9,CA,3947,0.002
M,2022,Yunus,9,CA,3947,0.002
M,2022,Yousif,8,CA,4258,0.002
M,2022,Yaakov,7,CA,4612,0.002
M,2022,Yahia,7,CA,4612,0.002
M,2022,Yaziel,7,CA,4612,0.002
M,2022,Yeison,7,CA,4612,0.002
M,2022,Yonatan,7,CA,4612,0.002
M,2022,Yurem,7,CA,4612,0.002
M,2022,Yuto,7,CA,4612,0.002
M,2022,Yuvan,7,CA,4612,0.002
M,2022,Yuvin,7,CA,4612,0.002
M,2022,Yago,6,CA,5098,0.002
M,2022,Yaqub,6,CA,5098,0.002
M,2022,Yareth,6,CA,5098,0.002
M,2022,Yerik,6,CA,5098,0.002
M,2022,Yi,6,CA,5098,0.002
M,2022,Yadier,5,CA,5761,0.001
M,2022,Yadriel,5,CA,5761,0.001
M,2022,Yanis,5,CA,5761,0.001
M,2022,Yariel,5,CA,5761,0.001
M,2022,Yazid,5,CA,5761,0.001
M,2022,Yeferson,5,CA,5761,0.001
M,2022,Yehoshua,5,CA,5761,0.001
M,2022,Yeray,5,CA,5761,0.001
M,2022,Yichen,5,CA,5761,0.001
M,2022,Yoshi,5,CA,5761,0.001
M,2022,Yosiah,5,CA,5761,0.001
M,2022,Younis,5,CA,5761,0.001
M,2022,Yovani,5,CA,5761,0.001
M,2023,Yusuf,69,CA,967,0.02
M,2023,Yael,68,CA,983,0.02
M,2023,Yahir,59,CA,1083,0.017
M,2023,Yair,40,CA,1448,0.012
M,2023,Yousef,40,CA,1448,0.012
M,2023,Yahya,32,CA,1694,0.009
M,2023,Yadiel,27,CA,1888,0.008
M,2023,Yeshua,23,CA,2096,0.007
M,2023,Yaseen,21,CA,2227,0.006
M,2023,Yosef,18,CA,2477,0.005
M,2023,Youssef,18,CA,2477,0.005
M,2023,Yohan,17,CA,2567,0.005
M,2023,Yazan,15,CA,2779,0.004
M,2023,Yasin,14,CA,2908,0.004
M,2023,Yuvaan,14,CA,2908,0.004
M,2023,Yash,13,CA,3069,0.004
M,2023,Yuri,13,CA,3069,0.004
M,2023,Yasir,12,CA,3222,0.003
M,2023,Yunus,12,CA,3222,0.003
M,2023,Yoel,11,CA,3421,0.003
M,2023,Yuvraj,11,CA,3421,0.003
M,2023,Yareth,10,CA,3639,0.003
M,2023,Yerik,9,CA,3886,0.003
M,2023,Yuvan,9,CA,3886,0.003
M,2023,Yaakov,8,CA,4216,0.002
M,2023,Yehia,8,CA,4216,0.002
M,2023,Younis,8,CA,4216,0.002
M,2023,Yousuf,8,CA,4216,0.002
M,2023,Yug,8,CA,4216,0.002
M,2023,Yulian,8,CA,4216,0.002
M,2023,Yasser,7,CA,4581,0.002
M,2023,Yichen,7,CA,4581,0.002
M,2023,Younes,7,CA,4581,0.002
M,2023,Yunay,7,CA,4581,0.002
M,2023,Yadier,6,CA,5014,0.002
M,2023,Yan,6,CA,5014,0.002
M,2023,Yannis,6,CA,5014,0.002
M,2023,Yasiel,6,CA,5014,0.002
M,2023,Yaziel,6,CA,5014,0.002
M,2023,Yian,6,CA,5014,0.002
M,2023,Yahia,5,CA,5617,0.001
M,2023,Yamir,5,CA,5617,0.001
M,2023,Yared,5,CA,5617,0.001
M,2023,Yassin,5,CA,5617,0.001
M,2023,Yeison,5,CA,5617,0.001
M,2023,Yonatan,5,CA,5617,0.001
M,2023,Yovani,5,CA,5617,0.001
M,2023,Yusef,5,CA,5617,0.001
M,2024,Yael,60,CA,1085,0.017
M,2024,Yusuf,53,CA,1183,0.015
M,2024,Yahir,45,CA,1322,0.013
M,2024,Yahya,43,CA,1362,0.012
M,2024,Yair,35,CA,1589,0.01
M,2024,Yeshua,33,CA,1658,0.01
M,2024,Yousef,29,CA,1802,0.008
M,2024,Yohan,25,CA,1986,0.007
M,2024,Yadiel,21,CA,2223,0.006
M,2024,Yazan,21,CA,2223,0.006
M,2024,Yosef,20,CA,2291,0.006
M,2024,Yasin,19,CA,2366,0.006
M,2024,Yuvraj,19,CA,2366,0.006
M,2024,Yash,18,CA,2443,0.005
M,2024,Yaseen,15,CA,2770,0.004
M,2024,Yusef,15,CA,2770,0.004
M,2024,Yuvaan,15,CA,2770,0.004
M,2024,Yoel,14,CA,2911,0.004
M,2024,Yousuf,14,CA,2911,0.004
M,2024,Yug,14,CA,2911,0.004
M,2024,Yasir,13,CA,3053,0.004
M,2024,Yichen,13,CA,3053,0.004
M,2024,Yehuda,12,CA,3226,0.003
M,2024,Younes,12,CA,3226,0.003
M,2024,Youssef,11,CA,3426,0.003
M,2024,Yaakov,9,CA,3899,0.003
M,2024,Yasiel,9,CA,3899,0.003
M,2024,Yian,9,CA,3899,0.003
M,2024,Younis,9,CA,3899,0.003
M,2024,Yousif,9,CA,3899,0.003
M,2024,Yuvan,9,CA,3899,0.003
M,2024,Yassin,8,CA,4207,0.002
M,2024,Yeison,8,CA,4207,0.002
M,2024,Yovani,8,CA,4207,0.002
M,2024,Yunus,8,CA,4207,0.002
M,2024,Yahia,7,CA,4551,0.002
M,2024,Yi,7,CA,4551,0.002
M,2024,Yonatan,7,CA,4551,0.002
M,2024,Yuan,7,CA,4551,0.002
M,2024,Yuri,7,CA,4551,0.002
M,2024,Yasser,6,CA,5020,0.002
M,2024,Yeferson,6,CA,5020,0.002
M,2024,Yicheng,6,CA,5020,0.002
M,2024,Yovanni,6,CA,5020,0.002
M,2024,Yulian,6,CA,5020,0.002
M,2024,Yadier,5,CA,5619,0.001
M,2024,Yahel,5,CA,5619,0.001
M,2024,Yamen,5,CA,5619,0.001
M,2024,Yaqoub,5,CA,5619,0.001
M,2024,Yaqub,5,CA,5619,0.001
M,2024,Yaser,5,CA,5619,0.001
M,2024,Yerai,5,CA,5619,0.001
M,2024,Yetzael,5,CA,5619,0.001
M,2024,Yisroel,5,CA,5619,0.001
M,2024,Yonathan,5,CA,5619,0.001
M,2024,Yoshua,5,CA,5619,0.001
F,1914,Yvonne,5,NE,434,0.034
F,1915,Yvonne,5,NE,521,0.025
F,1916,Yvonne,5,NE,544,0.023
F,1918,Yvonne,6,NE,524,0.025
F,1919,Yvonne,10,NE,379,0.045
F,1920,Yvonne,15,NE,301,0.061
F,1921,Yvonne,15,NE,312,0.059
F,1922,Yvonne,21,NE,240,0.086
F,1923,Yvonne,27,NE,203,0.111
F,1924,Yvonne,18,NE,272,0.073
F,1925,Yvonne,14,NE,297,0.059
F,1926,Yvonne,18,NE,259,0.078
F,1927,Yvonne,14,NE,296,0.061
F,1928,Yvonne,22,NE,226,0.096
F,1929,Yvonne,15,NE,288,0.068
F,1930,Yvonne,27,NE,191,0.121
F,1931,Yvonne,17,NE,262,0.077
F,1932,Yvonne,23,NE,206,0.109
F,1933,Yvonne,15,NE,265,0.075
F,1934,Yvonne,21,NE,223,0.1
F,1935,Yvonne,20,NE,220,0.101
F,1936,Yvonne,40,NE,117,0.199
F,1937,Yvonne,39,NE,113,0.207
F,1938,Yvonne,26,NE,167,0.137
F,1939,Yvonne,32,NE,132,0.167
F,1940,Yvonne,21,NE,178,0.111
F,1941,Yvonne,23,NE,167,0.121
F,1942,Yvonne,13,NE,270,0.063
F,1943,Yvonne,13,NE,278,0.061
F,1944,Yvonne,10,NE,301,0.047
F,1945,Yvonne,7,NE,372,0.033
F,1946,Yvonne,12,NE,296,0.049
F,1947,Yvonne,17,NE,277,0.061
F,1948,Yvonne,21,NE,234,0.077
F,1949,Yvonne,24,NE,213,0.086
F,1950,Yvonne,22,NE,229,0.078
F,1951,Yvonne,22,NE,234,0.074
F,1951,Yolanda,5,NE,547,0.017
F,1952,Yvonne,23,NE,231,0.077
F,1952,Yolanda,6,NE,507,0.02
F,1953,Yvonne,16,NE,303,0.055
F,1953,Yolanda,7,NE,455,0.024
F,1954,Yvonne,10,NE,402,0.034
F,1955,Yvonne,16,NE,324,0.052
F,1956,Yvonne,12,NE,374,0.039
F,1957,Yvonne,24,NE,250,0.081
F,1957,Yvette,6,NE,526,0.02
F,1958,Yvonne,20,NE,281,0.068
F,1959,Yvonne,17,NE,321,0.055
F,1960,Yvonne,8,NE,490,0.026
F,1960,Yolanda,6,NE,588,0.019
F,1961,Yvonne,13,NE,386,0.042
F,1961,Yvette,6,NE,579,0.019
F,1962,Yvonne,8,NE,492,0.026
F,1962,Yolanda,6,NE,577,0.02
F,1962,Yvette,5,NE,636,0.016
F,1963,Yvonne,15,NE,339,0.051
F,1963,Yvette,5,NE,618,0.017
F,1964,Yvonne,20,NE,267,0.073
F,1964,Yvette,9,NE,445,0.033
F,1964,Yolanda,7,NE,509,0.026
F,1965,Yvonne,16,NE,289,0.066
F,1965,Yvette,8,NE,450,0.033
F,1966,Yvonne,12,NE,323,0.054
F,1966,Yvette,6,NE,501,0.027
F,1967,Yvonne,15,NE,264,0.071
F,1967,Yolanda,6,NE,487,0.028
F,1967,Yvette,5,NE,537,0.024
F,1968,Yvonne,9,NE,372,0.043
F,1968,Yolanda,6,NE,476,0.029
F,1968,Yvette,5,NE,527,0.024
F,1969,Yvonne,8,NE,423,0.037
F,1969,Yolanda,5,NE,536,0.023
F,1969,Yvette,5,NE,536,0.023
F,1970,Yvonne,8,NE,420,0.036
F,1971,Yolanda,10,NE,375,0.045
F,1971,Yvette,7,NE,458,0.032
F,1971,Yvonne,6,NE,510,0.027
F,1972,Yolanda,8,NE,403,0.04
F,1972,Yvonne,7,NE,437,0.035
F,1973,Yolanda,8,NE,382,0.041
F,1975,Yolanda,11,NE,320,0.054
F,1976,Yolanda,11,NE,321,0.054
F,1977,Yolanda,7,NE,441,0.033
F,1977,Yvonne,5,NE,547,0.023
F,1978,Yolanda,8,NE,400,0.037
F,1981,Yolanda,6,NE,486,0.026
F,1992,Yesenia,5,NE,554,0.027
F,1996,Yesenia,5,NE,614,0.028
F,1997,Yesenia,6,NE,550,0.033
F,1997,Yulissa,5,NE,627,0.028
F,1998,Yesenia,8,NE,461,0.044
F,2000,Yesenia,5,NE,670,0.027
F,2001,Yesenia,9,NE,457,0.049
F,2001,Yessenia,6,NE,601,0.033
F,2003,Yesenia,11,NE,415,0.058
F,2004,Yadira,7,NE,585,0.037
F,2004,Yesenia,7,NE,585,0.037
F,2005,Yasmin,8,NE,526,0.043
F,2005,Yesenia,7,NE,581,0.038
F,2006,Yoselin,6,NE,688,0.032
F,2007,Yesenia,6,NE,706,0.032
F,2007,Yareli,5,NE,816,0.026
F,2007,Yazmin,5,NE,816,0.026
F,2008,Yasmin,7,NE,648,0.038
F,2008,Yazmin,6,NE,720,0.032
F,2008,Yesenia,6,NE,720,0.032
F,2009,Yesenia,8,NE,591,0.043
F,2009,Yazmin,6,NE,733,0.032
F,2010,Yareli,6,NE,698,0.034
F,2011,Yareli,6,NE,702,0.034
F,2012,Yareli,6,NE,713,0.034
F,2012,Yaritza,6,NE,713,0.034
F,2012,Yazmin,5,NE,825,0.028
F,2012,Yesenia,5,NE,825,0.028
F,2013,Yaretzi,6,NE,728,0.034
F,2015,Yaretzi,7,NE,658,0.039
F,2016,Yamileth,5,NE,873,0.028
F,2016,Yusra,5,NE,873,0.028
F,2017,Yaretzi,7,NE,686,0.04
F,2018,Yaretzi,5,NE,850,0.03
F,2020,Yamileth,7,NE,636,0.044
F,2020,Yaretzi,5,NE,817,0.032
F,2022,Yareli,7,NE,649,0.044
F,2023,Yareli,6,NE,732,0.039
F,2023,Yaretzi,5,NE,840,0.032
M,2003,Yahir,7,NE,557,0.037
M,2006,Yahir,8,NE,550,0.042
M,2007,Yahir,7,NE,620,0.037
M,2008,Yahir,5,NE,815,0.027
M,2011,Yahir,5,NE,817,0.028
M,2013,Yahir,9,NE,523,0.05
M,2014,Yahir,5,NE,864,0.027
M,2016,Yusuf,5,NE,873,0.028
M,2022,Yusuf,6,NE,743,0.038
F,1910,Yvonne,34,MA,100,0.223
F,1910,Yvette,7,MA,274,0.046
F,1910,Yolanda,5,MA,326,0.033
F,1911,Yvonne,29,MA,157,0.127
F,1911,Yolanda,5,MA,410,0.022
F,1912,Yvonne,47,MA,139,0.143
F,1912,Yvette,6,MA,473,0.018
F,1913,Yvonne,38,MA,182,0.1
F,1913,Yvette,10,MA,385,0.026
F,1913,Yolanda,8,MA,444,0.021
F,1914,Yvonne,60,MA,168,0.117
F,1914,Yolanda,14,MA,376,0.027
F,1914,Yvette,8,MA,514,0.016
F,1915,Yvonne,49,MA,213,0.081
F,1915,Yolanda,24,MA,312,0.04
F,1915,Yvette,16,MA,376,0.027
F,1916,Yvonne,57,MA,195,0.091
F,1916,Yolanda,25,MA,305,0.04
F,1916,Yvette,20,MA,341,0.032
F,1916,Yetta,5,MA,736,0.008
F,1917,Yvonne,80,MA,167,0.122
F,1917,Yvette,25,MA,314,0.038
F,1917,Yolanda,23,MA,324,0.035
F,1918,Yvonne,62,MA,206,0.089
F,1918,Yvette,33,MA,276,0.047
F,1918,Yolanda,20,MA,362,0.029
F,1919,Yvonne,74,MA,174,0.114
F,1919,Yvette,34,MA,266,0.052
F,1919,Yolanda,23,MA,321,0.035
F,1919,Yolande,6,MA,652,0.009
F,1919,Yetta,5,MA,721,0.008
F,1920,Yvonne,72,MA,186,0.104
F,1920,Yvette,34,MA,263,0.049
F,1920,Yolanda,22,MA,333,0.032
F,1920,Yolande,5,MA,725,0.007
F,1921,Yvonne,68,MA,195,0.096
F,1921,Yvette,34,MA,271,0.048
F,1921,Yolanda,32,MA,282,0.045
F,1922,Yvonne,53,MA,216,0.077
F,1922,Yolanda,44,MA,240,0.064
F,1922,Yvette,34,MA,268,0.05
F,1922,Yolande,6,MA,658,0.009
F,1923,Yvonne,62,MA,196,0.087
F,1923,Yolanda,60,MA,201,0.085
F,1923,Yvette,35,MA,270,0.049
F,1924,Yvonne,47,MA,235,0.064
F,1924,Yvette,38,MA,261,0.052
F,1924,Yolanda,33,MA,282,0.045
F,1924,Yolande,6,MA,679,0.008
F,1925,Yvonne,59,MA,197,0.085
F,1925,Yvette,37,MA,262,0.053
F,1925,Yolanda,35,MA,265,0.05
F,1925,Yola,5,MA,706,0.007
F,1926,Yvonne,66,MA,185,0.096
F,1926,Yvette,39,MA,244,0.057
F,1926,Yolanda,28,MA,289,0.041
F,1927,Yvonne,63,MA,193,0.092
F,1927,Yvette,35,MA,259,0.051
F,1927,Yolanda,27,MA,289,0.04
F,1927,Yolande,5,MA,700,0.007
F,1928,Yvonne,48,MA,213,0.072
F,1928,Yvette,35,MA,251,0.053
F,1928,Yolanda,21,MA,319,0.032
F,1929,Yvonne,40,MA,224,0.064
F,1929,Yvette,27,MA,269,0.043
F,1929,Yolanda,12,MA,405,0.019
F,1930,Yvonne,28,MA,258,0.044
F,1930,Yvette,19,MA,316,0.03
F,1930,Yolanda,10,MA,445,0.016
F,1931,Yvette,29,MA,244,0.049
F,1931,Yvonne,28,MA,249,0.047
F,1931,Yolanda,7,MA,515,0.012
F,1932,Yvonne,30,MA,239,0.05
F,1932,Yvette,19,MA,302,0.032
F,1933,Yvette,34,MA,217,0.061
F,1933,Yvonne,30,MA,231,0.054
F,1933,Yolanda,6,MA,533,0.011
F,1934,Yvonne,28,MA,246,0.05
F,1934,Yvette,15,MA,336,0.027
F,1934,Yolanda,7,MA,498,0.012
F,1935,Yvonne,42,MA,194,0.075
F,1935,Yvette,21,MA,275,0.038
F,1936,Yvonne,62,MA,152,0.112
F,1936,Yvette,18,MA,294,0.033
F,1937,Yvonne,41,MA,197,0.074
F,1937,Yvette,11,MA,390,0.02
F,1938,Yvonne,29,MA,234,0.051
F,1938,Yvette,18,MA,307,0.032
F,1939,Yvonne,33,MA,222,0.058
F,1939,Yvette,17,MA,318,0.03
F,1940,Yvonne,30,MA,243,0.05
F,1940,Yvette,23,MA,275,0.038
F,1941,Yvonne,38,MA,224,0.058
F,1941,Yvette,26,MA,274,0.04
F,1942,Yvonne,38,MA,244,0.049
F,1942,Yvette,26,MA,297,0.034
F,1943,Yvonne,36,MA,259,0.045
F,1943,Yvette,19,MA,354,0.024
F,1944,Yvonne,29,MA,273,0.04
F,1944,Yvette,10,MA,460,0.014
F,1945,Yvonne,32,MA,256,0.045
F,1945,Yvette,13,MA,422,0.018
F,1946,Yvonne,28,MA,321,0.031
F,1946,Yvette,12,MA,481,0.013
F,1947,Yvonne,38,MA,277,0.038
F,1947,Yvette,14,MA,455,0.014
F,1948,Yvonne,56,MA,223,0.059
F,1948,Yvette,13,MA,462,0.014
F,1949,Yvonne,38,MA,273,0.041
F,1949,Yvette,9,MA,537,0.01
F,1950,Yvonne,37,MA,271,0.04
F,1950,Yvette,14,MA,429,0.015
F,1951,Yvonne,43,MA,260,0.045
F,1951,Yvette,10,MA,519,0.01
F,1951,Yolanda,5,MA,709,0.005
F,1952,Yvonne,37,MA,284,0.037
F,1952,Yvette,12,MA,488,0.012
F,1952,Yolanda,5,MA,740,0.005
F,1953,Yvonne,47,MA,256,0.047
F,1953,Yvette,12,MA,496,0.012
F,1954,Yvonne,24,MA,372,0.023
F,1954,Yvette,10,MA,551,0.01
F,1955,Yvonne,48,MA,270,0.045
F,1955,Yvette,14,MA,488,0.013
F,1956,Yvonne,39,MA,297,0.036
F,1956,Yvette,16,MA,457,0.015
F,1957,Yvonne,41,MA,305,0.037
F,1957,Yvette,13,MA,533,0.012
F,1957,Yolanda,6,MA,765,0.005
F,1958,Yvonne,43,MA,314,0.039
F,1958,Yvette,10,MA,631,0.009
F,1959,Yvonne,34,MA,354,0.031
F,1959,Yolanda,9,MA,678,0.008
F,1959,Yvette,8,MA,727,0.007
F,1960,Yvonne,39,MA,331,0.035
F,1960,Yvette,30,MA,381,0.027
F,1960,Yolanda,6,MA,827,0.005
F,1961,Yvonne,48,MA,297,0.043
F,1961,Yvette,16,MA,521,0.014
F,1961,Yolanda,5,MA,922,0.004
F,1962,Yvonne,45,MA,299,0.042
F,1962,Yvette,29,MA,396,0.027
F,1962,Yolanda,7,MA,779,0.007
F,1963,Yvonne,46,MA,298,0.043
F,1963,Yvette,37,MA,337,0.035
F,1963,Yolanda,9,MA,704,0.008
F,1964,Yvonne,36,MA,343,0.035
F,1964,Yvette,25,MA,434,0.024
F,1964,Yolanda,18,MA,505,0.017
F,1965,Yvonne,44,MA,293,0.045
F,1965,Yvette,28,MA,386,0.028
F,1965,Yolanda,18,MA,490,0.018
F,1966,Yvette,46,MA,270,0.049
F,1966,Yvonne,40,MA,301,0.043
F,1966,Yolanda,11,MA,622,0.012
F,1967,Yvette,39,MA,296,0.043
F,1967,Yvonne,38,MA,306,0.042
F,1967,Yolanda,18,MA,485,0.02
F,1968,Yvette,29,MA,359,0.033
F,1968,Yvonne,22,MA,437,0.025
F,1968,Yolanda,21,MA,449,0.024
F,1969,Yvette,26,MA,399,0.029
F,1969,Yvonne,24,MA,418,0.027
F,1969,Yolanda,23,MA,430,0.026
F,1970,Yolanda,28,MA,397,0.031
F,1970,Yvonne,27,MA,408,0.03
F,1970,Yvette,20,MA,477,0.022
F,1971,Yvette,27,MA,381,0.033
F,1971,Yolanda,26,MA,393,0.032
F,1971,Yvonne,25,MA,413,0.031
F,1972,Yolanda,29,MA,338,0.04
F,1972,Yvette,20,MA,430,0.028
F,1972,Yvonne,17,MA,497,0.024
F,1973,Yolanda,27,MA,340,0.04
F,1973,Yvonne,22,MA,394,0.033
F,1973,Yvette,17,MA,473,0.025
F,1974,Yolanda,21,MA,402,0.032
F,1974,Yvette,21,MA,402,0.032
F,1974,Yvonne,21,MA,402,0.032
F,1975,Yolanda,27,MA,318,0.043
F,1975,Yvonne,10,MA,637,0.016
F,1975,Yvette,5,MA,921,0.008
F,1976,Yolanda,27,MA,316,0.045
F,1976,Yvonne,24,MA,348,0.04
F,1976,Yesenia,5,MA,938,0.008
F,1976,Yvette,5,MA,938,0.008
F,1977,Yolanda,22,MA,385,0.035
F,1977,Yvette,13,MA,543,0.021
F,1977,Yvonne,9,MA,663,0.014
F,1978,Yolanda,23,MA,362,0.037
F,1978,Yvonne,13,MA,532,0.021
F,1978,Yvette,6,MA,839,0.01
F,1979,Yolanda,25,MA,358,0.039
F,1979,Yvonne,17,MA,451,0.026
F,1979,Yvette,8,MA,728,0.012
F,1979,Yadira,6,MA,861,0.009
F,1979,Yesenia,6,MA,861,0.009
F,1980,Yolanda,25,MA,357,0.038
F,1980,Yvonne,16,MA,484,0.024
F,1980,Yvette,7,MA,787,0.011
F,1980,Yasmin,6,MA,862,0.009
F,1981,Yolanda,19,MA,427,0.028
F,1981,Yvonne,12,MA,597,0.018
F,1981,Yadira,8,MA,764,0.012
F,1981,Yvette,6,MA,887,0.009
F,1981,Yahaira,5,MA,984,0.007
F,1982,Yvonne,20,MA,424,0.029
F,1982,Yolanda,17,MA,469,0.025
F,1982,Yajaira,6,MA,895,0.009
F,1983,Yolanda,9,MA,724,0.013
F,1983,Yvette,8,MA,776,0.012
F,1983,Yvonne,7,MA,845,0.01
F,1983,Yajaira,5,MA,1013,0.007
F,1984,Yolanda,16,MA,510,0.023
F,1984,Yvonne,12,MA,609,0.017
F,1984,Yajaira,8,MA,770,0.011
F,1984,Yasmin,5,MA,984,0.007
F,1985,Yvonne,15,MA,535,0.02
F,1985,Yolanda,13,MA,587,0.018
F,1985,Yajaira,8,MA,808,0.011
F,1985,Yadira,6,MA,947,0.008
F,1985,Yesenia,6,MA,947,0.008
F,1985,Yvette,5,MA,1045,0.007
F,1986,Yolanda,13,MA,613,0.017
F,1986,Yvette,9,MA,761,0.012
F,1986,Yvonne,8,MA,825,0.011
F,1986,Yajaira,7,MA,891,0.009
F,1986,Yasmin,5,MA,1070,0.007
F,1987,Yesenia,57,MA,211,0.074
F,1987,Yolanda,18,MA,520,0.023
F,1987,Yvonne,12,MA,667,0.016
F,1987,Yessenia,7,MA,920,0.009
F,1987,Yashira,5,MA,1114,0.007
F,1987,Yvette,5,MA,1114,0.007
F,1988,Yesenia,31,MA,357,0.039
F,1988,Yolanda,19,MA,497,0.024
F,1988,Yvonne,15,MA,598,0.019
F,1988,Yaritza,11,MA,731,0.014
F,1988,Yessenia,7,MA,965,0.009
F,1988,Yvette,6,MA,1064,0.008
F,1988,Yahaira,5,MA,1180,0.006
F,1988,Yanira,5,MA,1180,0.006
F,1989,Yesenia,15,MA,618,0.018
F,1989,Yolanda,11,MA,762,0.013
F,1989,Yasmin,9,MA,860,0.011
F,1989,Yaritza,8,MA,922,0.01
F,1989,Yvonne,8,MA,922,0.01
F,1989,Yahaira,7,MA,998,0.009
F,1989,Yajaira,7,MA,998,0.009
F,1989,Yanira,7,MA,998,0.009
F,1989,Yael,6,MA,1092,0.007
F,1989,Yvette,6,MA,1092,0.007
F,1990,Yesenia,40,MA,315,0.048
F,1990,Yolanda,16,MA,607,0.019
F,1990,Yvonne,10,MA,828,0.012
F,1990,Yvette,8,MA,958,0.01
F,1990,Yessenia,6,MA,1134,0.007
F,1990,Yasmin,5,MA,1240,0.006
F,1991,Yesenia,12,MA,706,0.015
F,1991,Yajaira,11,MA,748,0.014
F,1991,Yvonne,11,MA,748,0.014
F,1991,Yolanda,8,MA,929,0.01
F,1991,Yashira,7,MA,1000,0.009
F,1991,Yasmin,5,MA,1210,0.006
F,1991,Yessenia,5,MA,1210,0.006
F,1992,Yesenia,17,MA,577,0.022
F,1992,Yvonne,13,MA,674,0.017
F,1992,Yaritza,11,MA,747,0.014
F,1992,Yolanda,10,MA,803,0.013
F,1992,Yvette,10,MA,803,0.013
F,1992,Yasmine,6,MA,1119,0.008
F,1992,Yahaira,5,MA,1243,0.007
F,1992,Yasmin,5,MA,1243,0.007
F,1992,Yessenia,5,MA,1243,0.007
F,1993,Yaritza,19,MA,514,0.026
F,1993,Yesenia,15,MA,619,0.02
F,1993,Yasmine,14,MA,647,0.019
F,1993,Yvonne,12,MA,712,0.016
F,1993,Yanira,6,MA,1082,0.008
F,1993,Yasmin,5,MA,1210,0.007
F,1993,Yelitza,5,MA,1210,0.007
F,1993,Yessenia,5,MA,1210,0.007
F,1993,Yolanda,5,MA,1210,0.007
F,1994,Yesenia,14,MA,653,0.019
F,1994,Yaritza,12,MA,714,0.017
F,1994,Yvonne,8,MA,924,0.011
F,1994,Yasmine,7,MA,994,0.01
F,1994,Yolanda,7,MA,994,0.01
F,1994,Yasmin,6,MA,1100,0.008
F,1995,Yasmin,10,MA,786,0.014
F,1995,Yvonne,10,MA,786,0.014
F,1995,Yesenia,9,MA,848,0.013
F,1995,Yaritza,8,MA,914,0.011
F,1995,Yasmine,6,MA,1101,0.008
F,1995,Yolanda,6,MA,1101,0.008
F,1996,Yamilex,19,MA,528,0.027
F,1996,Yasmine,11,MA,746,0.016
F,1996,Yesenia,9,MA,844,0.013
F,1996,Yaritza,8,MA,907,0.012
F,1996,Yvonne,8,MA,907,0.012
F,1996,Yasmeen,5,MA,1208,0.007
F,1996,Yasmin,5,MA,1208,0.007
F,1997,Yesenia,10,MA,783,0.015
F,1997,Yasmin,7,MA,974,0.01
F,1997,Yaritza,6,MA,1089,0.009
F,1997,Yasmine,6,MA,1089,0.009
F,1997,Yvonne,5,MA,1223,0.007
F,1998,Yvonne,11,MA,768,0.016
F,1998,Yasmine,10,MA,824,0.015
F,1998,Yasmeen,9,MA,881,0.013
F,1998,Yasmin,7,MA,1034,0.01
F,1999,Yasmine,18,MA,546,0.027
F,1999,Yvonne,11,MA,774,0.016
F,1999,Yasmin,9,MA,889,0.013
F,1999,Yesenia,6,MA,1150,0.009
F,1999,Yaritza,5,MA,1294,0.007
F,1999,Yasmeen,5,MA,1294,0.007
F,2000,Yasmine,10,MA,858,0.015
F,2000,Yasmin,8,MA,997,0.012
F,2000,Yesenia,6,MA,1174,0.009
F,2000,Yamilet,5,MA,1319,0.007
F,2000,Yasmina,5,MA,1319,0.007
F,2000,Yolanda,5,MA,1319,0.007
F,2000,Yulissa,5,MA,1319,0.007
F,2001,Yasmin,9,MA,931,0.013
F,2001,Yasmine,9,MA,931,0.013
F,2001,Yesenia,7,MA,1102,0.01
F,2001,Yuliana,7,MA,1102,0.01
F,2002,Yasmin,18,MA,566,0.027
F,2002,Yara,7,MA,1096,0.011
F,2002,Yasmine,7,MA,1096,0.011
F,2002,Yvonne,7,MA,1096,0.011
F,2002,Yamilet,5,MA,1389,0.008
F,2002,Yaritza,5,MA,1389,0.008
F,2003,Yasmin,16,MA,637,0.025
F,2003,Yasmine,10,MA,886,0.015
F,2003,Yaritza,6,MA,1234,0.009
F,2003,Yael,5,MA,1412,0.008
F,2003,Yarelis,5,MA,1412,0.008
F,2003,Yazmin,5,MA,1412,0.008
F,2004,Yasmin,25,MA,454,0.039
F,2004,Yasmine,15,MA,650,0.024
F,2004,Yvonne,6,MA,1243,0.009
F,2005,Yasmin,23,MA,476,0.037
F,2005,Yasmine,12,MA,782,0.02
F,2005,Yadira,5,MA,1417,0.008
F,2005,Yasmeen,5,MA,1417,0.008
F,2006,Yasmin,21,MA,520,0.034
F,2006,Yazmin,9,MA,987,0.015
F,2006,Yaritza,8,MA,1064,0.013
F,2006,Yasmine,8,MA,1064,0.013
F,2006,Yara,6,MA,1330,0.01
F,2006,Yesenia,5,MA,1500,0.008
F,2006,Yuliana,5,MA,1500,0.008
F,2007,Yasmin,17,MA,599,0.028
F,2007,Yasmine,12,MA,806,0.02
F,2007,Yara,5,MA,1508,0.008
F,2008,Yasmin,21,MA,543,0.035
F,2008,Yasmine,11,MA,867,0.019
F,2008,Yaritza,6,MA,1329,0.01
F,2008,Yarielis,5,MA,1519,0.008
F,2009,Yasmin,20,MA,570,0.035
F,2009,Yara,8,MA,1065,0.014
F,2009,Yarelis,6,MA,1327,0.01
F,2009,Yaritza,5,MA,1497,0.009
F,2009,Yazmin,5,MA,1497,0.009
F,2009,Yolanda,5,MA,1497,0.009
F,2010,Yasmin,19,MA,566,0.034
F,2010,Yara,8,MA,1091,0.014
F,2010,Yasmine,7,MA,1193,0.013
F,2010,Yael,5,MA,1503,0.009
F,2010,Yarielis,5,MA,1503,0.009
F,2010,Yusra,5,MA,1503,0.009
F,2011,Yasmin,13,MA,737,0.023
F,2011,Yael,7,MA,1189,0.013
F,2011,Yarieliz,5,MA,1496,0.009
F,2012,Yasmin,12,MA,790,0.022
F,2012,Yara,10,MA,916,0.018
F,2012,Yasmine,10,MA,916,0.018
F,2012,Yarielis,7,MA,1204,0.013
F,2013,Yasmin,12,MA,800,0.022
F,2013,Yasmine,10,MA,925,0.018
F,2013,Yara,7,MA,1195,0.013
F,2014,Yasmin,15,MA,683,0.027
F,2014,Yasmine,9,MA,1012,0.016
F,2014,Yael,5,MA,1524,0.009
F,2014,Yvonne,5,MA,1524,0.009
F,2015,Yasmin,14,MA,740,0.026
F,2015,Yara,6,MA,1364,0.011
F,2015,Yasmine,5,MA,1543,0.009
F,2016,Yasmin,13,MA,778,0.024
F,2016,Yara,8,MA,1141,0.015
F,2016,Yuna,7,MA,1254,0.013
F,2016,Yasmine,6,MA,1388,0.011
F,2016,Yaelis,5,MA,1566,0.009
F,2016,Yvonne,5,MA,1566,0.009
F,2017,Yasmin,16,MA,670,0.03
F,2017,Yasmine,12,MA,828,0.022
F,2017,Yara,6,MA,1369,0.011
F,2017,Yael,5,MA,1553,0.009
F,2017,Yuna,5,MA,1553,0.009
F,2018,Yasmin,15,MA,701,0.028
F,2018,Yara,12,MA,822,0.023
F,2018,Yareli,6,MA,1356,0.011
F,2018,Yuna,6,MA,1356,0.011
F,2018,Yasmine,5,MA,1542,0.009
F,2019,Yasmin,16,MA,683,0.03
F,2019,Yasmine,5,MA,1567,0.009
F,2020,Yasmin,7,MA,1216,0.014
F,2020,Yara,6,MA,1349,0.012
F,2020,Yasmine,6,MA,1349,0.012
F,2020,Yusra,6,MA,1349,0.012
F,2020,Yvonne,6,MA,1349,0.012
F,2020,Yaretzi,5,MA,1554,0.01
F,2021,Yasmin,7,MA,1268,0.013
F,2021,Yasmine,7,MA,1268,0.013
F,2021,Yusra,7,MA,1268,0.013
F,2021,Yara,6,MA,1398,0.011
F,2021,Yuna,6,MA,1398,0.011
F,2022,Yasmin,17,MA,642,0.033
F,2022,Yara,14,MA,759,0.027
F,2022,Yareli,6,MA,1437,0.012
F,2022,Yvette,6,MA,1437,0.012
F,2022,Yael,5,MA,1638,0.01
F,2022,Yaretzi,5,MA,1638,0.01
F,2023,Yara,16,MA,671,0.032
F,2023,Yasmin,8,MA,1136,0.016
F,2023,Yaretzi,5,MA,1607,0.01
F,2023,Yesenia,5,MA,1607,0.01
F,2023,Yusra,5,MA,1607,0.01
F,2023,Yvonne,5,MA,1607,0.01
F,2024,Yasmin,13,MA,802,0.025
F,2024,Yara,12,MA,847,0.024
F,2024,Yusra,8,MA,1170,0.016
F,2024,Yasmine,6,MA,1427,0.012
M,1997,Yanni,5,MA,1223,0.007
M,1998,Youssef,6,MA,1138,0.009
M,1998,Yousef,5,MA,1300,0.007
M,1999,Yusuf,7,MA,1045,0.01
M,1999,Youssef,5,MA,1294,0.007
M,2001,Youssef,5,MA,1393,0.007
M,2001,Yusuf,5,MA,1393,0.007
M,2002,Yash,6,MA,1214,0.009
M,2002,Yusuf,5,MA,1389,0.008
M,2003,Yoskar,5,MA,1412,0.008
M,2003,Yousef,5,MA,1412,0.008
M,2003,Youssef,5,MA,1412,0.008
M,2004,Youssef,8,MA,1022,0.013
M,2004,Yash,7,MA,1127,0.011
M,2004,Yandel,6,MA,1243,0.009
M,2004,Yusuf,6,MA,1243,0.009
M,2004,Yamil,5,MA,1415,0.008
M,2005,Yandel,10,MA,880,0.016
M,2005,Yash,7,MA,1114,0.011
M,2005,Youssef,7,MA,1114,0.011
M,2005,Yadiel,5,MA,1417,0.008
M,2005,Yariel,5,MA,1417,0.008
M,2005,Yaseen,5,MA,1417,0.008
M,2006,Yandel,18,MA,577,0.029
M,2006,Yariel,12,MA,813,0.02
M,2006,Yadiel,8,MA,1064,0.013
M,2006,Yash,7,MA,1183,0.011
M,2006,Youssef,6,MA,1330,0.01
M,2006,Yanni,5,MA,1500,0.008
M,2007,Yandel,17,MA,599,0.028
M,2007,Yadiel,13,MA,751,0.021
M,2007,Yariel,12,MA,806,0.02
M,2007,Yusuf,7,MA,1200,0.012
M,2007,Yamil,6,MA,1331,0.01
M,2007,Yahir,5,MA,1508,0.008
M,2008,Yadiel,22,MA,513,0.037
M,2008,Yandel,17,MA,641,0.029
M,2008,Yariel,10,MA,924,0.017
M,2008,Yash,8,MA,1097,0.014
M,2008,Youssef,8,MA,1097,0.014
M,2008,Yousef,7,MA,1195,0.012
M,2008,Yusuf,6,MA,1329,0.01
M,2008,Yaniel,5,MA,1519,0.008
M,2008,Yaseen,5,MA,1519,0.008
M,2009,Yadiel,29,MA,416,0.051
M,2009,Yariel,13,MA,770,0.023
M,2009,Yandel,8,MA,1065,0.014
M,2009,Yousef,6,MA,1327,0.01
M,2009,Yomar,5,MA,1497,0.009
M,2009,Yuri,5,MA,1497,0.009
M,2009,Yusuf,5,MA,1497,0.009
M,2010,Yandel,16,MA,640,0.029
M,2010,Yadiel,12,MA,799,0.022
M,2010,Yariel,10,MA,931,0.018
M,2010,Yusuf,9,MA,1004,0.016
M,2010,Yamil,6,MA,1326,0.011
M,2010,Yahya,5,MA,1503,0.009
M,2010,Yosef,5,MA,1503,0.009
M,2010,Yousef,5,MA,1503,0.009
M,2010,Youssef,5,MA,1503,0.009
M,2011,Yandel,12,MA,791,0.022
M,2011,Yadiel,11,MA,850,0.02
M,2011,Yusuf,10,MA,908,0.018
M,2011,Yariel,8,MA,1088,0.014
M,2011,Youssef,8,MA,1088,0.014
M,2011,Yuri,7,MA,1189,0.013
M,2011,Yahya,5,MA,1496,0.009
M,2011,Yamil,5,MA,1496,0.009
M,2011,Yandiel,5,MA,1496,0.009
M,2011,Younes,5,MA,1496,0.009
M,2012,Yadiel,16,MA,625,0.029
M,2012,Yariel,16,MA,625,0.029
M,2012,Yusuf,15,MA,659,0.027
M,2012,Yandel,13,MA,738,0.024
M,2012,Youssef,12,MA,790,0.022
M,2012,Yahya,8,MA,1093,0.015
M,2012,Yasser,6,MA,1349,0.011
M,2012,Yousef,6,MA,1349,0.011
M,2012,Yassine,5,MA,1548,0.009
M,2013,Yadiel,14,MA,711,0.026
M,2013,Yariel,11,MA,861,0.02
M,2013,Yamil,7,MA,1195,0.013
M,2013,Youssef,7,MA,1195,0.013
M,2013,Yahir,6,MA,1353,0.011
M,2013,Yair,5,MA,1542,0.009
M,2013,Yandel,5,MA,1542,0.009
M,2013,Yaniel,5,MA,1542,0.009
M,2013,Yasiel,5,MA,1542,0.009
M,2013,Yasser,5,MA,1542,0.009
M,2013,Yousef,5,MA,1542,0.009
M,2013,Yuri,5,MA,1542,0.009
M,2014,Yadiel,11,MA,862,0.02
M,2014,Youssef,10,MA,923,0.018
M,2014,Yusuf,8,MA,1098,0.014
M,2014,Yariel,7,MA,1213,0.013
M,2014,Yuri,7,MA,1213,0.013
M,2014,Yahir,6,MA,1357,0.011
M,2014,Yandiel,6,MA,1357,0.011
M,2014,Yeshua,5,MA,1524,0.009
M,2015,Yadiel,9,MA,1038,0.016
M,2015,Yousef,9,MA,1038,0.016
M,2015,Yariel,7,MA,1229,0.013
M,2015,Yusuf,7,MA,1229,0.013
M,2015,Yandel,6,MA,1364,0.011
M,2015,Yasser,6,MA,1364,0.011
M,2015,Yahya,5,MA,1543,0.009
M,2015,Yasiel,5,MA,1543,0.009
M,2015,Youssef,5,MA,1543,0.009
M,2016,Yandel,15,MA,706,0.027
M,2016,Yusuf,12,MA,828,0.022
M,2016,Yadiel,10,MA,963,0.018
M,2016,Yahya,10,MA,963,0.018
M,2016,Youssef,8,MA,1141,0.015
M,2016,Yann,6,MA,1388,0.011
M,2016,Yariel,6,MA,1388,0.011
M,2016,Yasser,6,MA,1388,0.011
M,2016,Yousef,6,MA,1388,0.011
M,2016,Yassin,5,MA,1566,0.009
M,2016,Yousuf,5,MA,1566,0.009
M,2017,Yusuf,14,MA,757,0.026
M,2017,Yadiel,12,MA,828,0.022
M,2017,Youssef,10,MA,963,0.019
M,2017,Yahya,8,MA,1116,0.015
M,2017,Yahir,6,MA,1369,0.011
M,2017,Yasser,6,MA,1369,0.011
M,2017,Yousef,6,MA,1369,0.011
M,2017,Yariel,5,MA,1553,0.009
M,2017,Yosef,5,MA,1553,0.009
M,2018,Yadiel,15,MA,701,0.028
M,2018,Yusuf,10,MA,942,0.019
M,2018,Yariel,6,MA,1356,0.011
M,2018,Yanuel,5,MA,1542,0.009
M,2018,Yosef,5,MA,1542,0.009
M,2018,Yousef,5,MA,1542,0.009
M,2018,Youssef,5,MA,1542,0.009
M,2019,Yousef,8,MA,1128,0.015
M,2019,Youssef,8,MA,1128,0.015
M,2019,Yusuf,8,MA,1128,0.015
M,2019,Yuvaan,7,MA,1243,0.013
M,2019,Yunus,6,MA,1399,0.011
M,2019,Yuvan,6,MA,1399,0.011
M,2019,Yahya,5,MA,1567,0.009
M,2019,Yandel,5,MA,1567,0.009
M,2019,Yasser,5,MA,1567,0.009
M,2019,Yassin,5,MA,1567,0.009
M,2020,Yusuf,9,MA,1007,0.018
M,2020,Yahya,8,MA,1094,0.016
M,2020,Yanis,7,MA,1216,0.014
M,2020,Yerik,6,MA,1349,0.012
M,2020,Younes,6,MA,1349,0.012
M,2020,Yael,5,MA,1554,0.01
M,2020,Yousef,5,MA,1554,0.01
M,2020,Youssef,5,MA,1554,0.01
M,2021,Yadiel,8,MA,1160,0.015
M,2021,Yusuf,7,MA,1268,0.013
M,2021,Yaseen,5,MA,1590,0.009
M,2021,Yohan,5,MA,1590,0.009
M,2022,Yusuf,14,MA,759,0.027
M,2022,Yadiel,8,MA,1145,0.015
M,2022,Youssef,8,MA,1145,0.015
M,2022,Yahir,6,MA,1437,0.012
M,2022,Yahya,6,MA,1437,0.012
M,2022,Yousuf,5,MA,1638,0.01
M,2022,Yuri,5,MA,1638,0.01
M,2022,Yuvaan,5,MA,1638,0.01
M,2023,Yadiel,9,MA,1045,0.018
M,2023,Yariel,7,MA,1261,0.014
M,2023,Yusuf,7,MA,1261,0.014
M,2023,Yohan,6,MA,1409,0.012
M,2023,Yahya,5,MA,1607,0.01
M,2024,Yusuf,16,MA,705,0.031
M,2024,Yahya,9,MA,1068,0.018
M,2024,Yohan,7,MA,1270,0.014
M,2024,Yadiel,6,MA,1427,0.012
M,2024,Yariel,6,MA,1427,0.012
M,2024,Yasir,6,MA,1427,0.012
M,2024,Yeshua,6,MA,1427,0.012
F,1912,Yvonne,5,OK,528,0.029
F,1915,Yvonne,9,OK,534,0.028
F,1916,Yvonne,5,OK,795,0.015
F,1917,Yvonne,12,OK,494,0.033
F,1918,Yvonne,10,OK,603,0.023
F,1918,Yolanda,5,OK,898,0.012
F,1919,Yvonne,10,OK,588,0.024
F,1920,Yvonne,15,OK,487,0.032
F,1921,Yvonne,12,OK,584,0.024
F,1922,Yvonne,16,OK,483,0.034
F,1923,Yvonne,11,OK,603,0.023
F,1924,Yvonne,14,OK,503,0.029
F,1925,Yvonne,21,OK,402,0.043
F,1926,Yvonne,20,OK,424,0.042
F,1927,Yvonne,24,OK,368,0.05
F,1928,Yvonne,19,OK,414,0.041
F,1929,Yvonne,23,OK,361,0.052
F,1930,Yvonne,26,OK,347,0.055
F,1931,Yvonne,27,OK,318,0.062
F,1932,Yvonne,17,OK,424,0.039
F,1933,Yvonne,19,OK,400,0.043
F,1934,Yvonne,36,OK,270,0.08
F,1934,Yvonna,6,OK,772,0.013
F,1935,Yvonne,68,OK,136,0.155
F,1935,Yvonna,7,OK,706,0.016
F,1936,Yvonne,54,OK,167,0.131
F,1937,Yvonne,68,OK,123,0.172
F,1938,Yvonne,57,OK,156,0.138
F,1939,Yvonne,48,OK,188,0.117
F,1940,Yvonne,25,OK,312,0.06
F,1941,Yvonne,41,OK,207,0.098
F,1942,Yvonne,29,OK,267,0.069
F,1943,Yvonne,13,OK,471,0.03
F,1944,Yvonne,18,OK,370,0.043
F,1945,Yvonne,23,OK,295,0.059
F,1946,Yvonne,19,OK,361,0.042
F,1946,Yolanda,5,OK,793,0.011
F,1947,Yvonne,22,OK,334,0.046
F,1948,Yvonne,23,OK,311,0.051
F,1948,Yolanda,6,OK,713,0.013
F,1949,Yvonne,26,OK,286,0.058
F,1949,Yolanda,6,OK,709,0.013
F,1950,Yvonne,31,OK,255,0.068
F,1951,Yvonne,25,OK,296,0.055
F,1951,Yolanda,8,OK,607,0.018
F,1952,Yvonne,25,OK,302,0.055
F,1952,Yolanda,5,OK,787,0.011
F,1953,Yvonne,32,OK,261,0.069
F,1954,Yvonne,26,OK,310,0.055
F,1955,Yvonne,18,OK,392,0.039
F,1955,Yolanda,9,OK,593,0.019
F,1956,Yvonne,27,OK,326,0.057
F,1956,Yolanda,8,OK,648,0.017
F,1956,Yvette,5,OK,831,0.011
F,1957,Yvonne,27,OK,333,0.059
F,1957,Yolanda,13,OK,490,0.028
F,1958,Yvonne,16,OK,436,0.036
F,1958,Yolanda,11,OK,540,0.024
F,1959,Yolanda,14,OK,473,0.031
F,1959,Yvonne,14,OK,473,0.031
F,1959,Yvette,6,OK,768,0.013
F,1960,Yolanda,19,OK,407,0.042
F,1960,Yvonne,16,OK,447,0.036
F,1960,Yvette,9,OK,634,0.02
F,1961,Yvonne,22,OK,382,0.05
F,1961,Yolanda,16,OK,452,0.036
F,1961,Yvette,8,OK,671,0.018
F,1962,Yvonne,22,OK,367,0.05
F,1962,Yolanda,13,OK,514,0.029
F,1962,Yvette,5,OK,861,0.011
F,1963,Yolanda,20,OK,389,0.047
F,1963,Yvonne,16,OK,445,0.037
F,1963,Yvette,12,OK,537,0.028
F,1964,Yvonne,22,OK,356,0.054
F,1964,Yolanda,20,OK,386,0.049
F,1964,Yvette,8,OK,657,0.02
F,1965,Yolanda,21,OK,349,0.058
F,1965,Yvonne,12,OK,502,0.033
F,1965,Yvette,8,OK,635,0.022
F,1966,Yvonne,26,OK,266,0.077
F,1966,Yolanda,19,OK,340,0.056
F,1966,Yvette,12,OK,481,0.036
F,1967,Yolanda,18,OK,364,0.054
F,1967,Yvette,17,OK,378,0.051
F,1967,Yvonne,11,OK,499,0.033
F,1968,Yolanda,22,OK,309,0.064
F,1968,Yvonne,16,OK,404,0.047
F,1968,Yvette,8,OK,613,0.023
F,1969,Yolanda,19,OK,361,0.053
F,1969,Yvette,7,OK,673,0.019
F,1969,Yvonne,6,OK,733,0.017
F,1970,Yvonne,25,OK,320,0.066
F,1970,Yolanda,24,OK,325,0.063
F,1970,Yvette,11,OK,521,0.029
F,1971,Yolanda,28,OK,280,0.074
F,1971,Yvonne,14,OK,455,0.037
F,1971,Yvette,10,OK,569,0.026
F,1971,Yolonda,6,OK,781,0.016
F,1972,Yolanda,37,OK,207,0.105
F,1972,Yvonne,13,OK,461,0.037
F,1973,Yvonne,23,OK,281,0.069
F,1973,Yolanda,16,OK,378,0.048
F,1973,Yvette,5,OK,804,0.015
F,1974,Yolanda,16,OK,373,0.046
F,1974,Yvonne,10,OK,548,0.029
F,1974,Yvette,6,OK,761,0.017
F,1975,Yolanda,20,OK,322,0.058
F,1975,Yvonne,6,OK,746,0.017
F,1976,Yolanda,15,OK,399,0.043
F,1976,Yvonne,5,OK,839,0.014
F,1977,Yolanda,24,OK,289,0.065
F,1977,Yvonne,9,OK,592,0.024
F,1978,Yolanda,13,OK,455,0.035
F,1978,Yvonne,10,OK,549,0.027
F,1978,Yvette,5,OK,865,0.014
F,1979,Yolanda,16,OK,413,0.04
F,1979,Yvonne,5,OK,903,0.013
F,1980,Yolanda,15,OK,446,0.036
F,1980,Yvonne,7,OK,748,0.017
F,1980,Yvette,5,OK,931,0.012
F,1981,Yolanda,10,OK,609,0.023
F,1981,Yvonne,10,OK,609,0.023
F,1982,Yolanda,13,OK,516,0.027
F,1982,Yvonne,10,OK,644,0.021
F,1982,Yvette,5,OK,1032,0.01
F,1983,Yolanda,12,OK,534,0.026
F,1983,Yvonne,7,OK,780,0.015
F,1984,Yvonne,6,OK,849,0.013
F,1984,Yolanda,5,OK,973,0.011
F,1985,Yolanda,7,OK,759,0.016
F,1986,Yolanda,6,OK,830,0.015
F,1987,Yolanda,7,OK,728,0.018
F,1988,Yolanda,5,OK,919,0.013
F,1992,Yolanda,6,OK,873,0.016
F,1992,Yesenia,5,OK,989,0.013
F,1993,Yvonne,6,OK,835,0.017
F,1995,Yasmine,5,OK,990,0.014
F,1995,Yesenia,5,OK,990,0.014
F,1996,Yesenia,5,OK,1011,0.014
F,1997,Yesenia,6,OK,948,0.016
F,1998,Yesenia,7,OK,882,0.019
F,1999,Yesenia,16,OK,480,0.043
F,1999,Yadira,5,OK,1107,0.014
F,2000,Yasmine,5,OK,1152,0.013
F,2001,Yesenia,12,OK,621,0.032
F,2001,Yasmin,8,OK,833,0.022
F,2001,Yasmine,8,OK,833,0.022
F,2001,Yessenia,6,OK,1033,0.016
F,2002,Yesenia,11,OK,678,0.03
F,2002,Yadira,8,OK,848,0.021
F,2002,Yasmine,7,OK,936,0.019
F,2002,Yazmin,6,OK,1052,0.016
F,2002,Yasmin,5,OK,1205,0.013
F,2003,Yasmine,8,OK,870,0.021
F,2003,Yareli,5,OK,1221,0.013
F,2004,Yasmine,9,OK,805,0.024
F,2004,Yasmin,8,OK,876,0.021
F,2004,Yazmin,7,OK,979,0.019
F,2004,Yesenia,6,OK,1090,0.016
F,2005,Yesenia,10,OK,751,0.027
F,2005,Yadhira,6,OK,1109,0.016
F,2005,Yadira,6,OK,1109,0.016
F,2005,Yamilet,5,OK,1255,0.013
F,2005,Yasmin,5,OK,1255,0.013
F,2005,Yazmin,5,OK,1255,0.013
F,2005,Yoselin,5,OK,1255,0.013
F,2006,Yasmin,14,OK,612,0.036
F,2006,Yoselin,8,OK,936,0.02
F,2006,Yadira,7,OK,1032,0.018
F,2006,Yaritza,7,OK,1032,0.018
F,2006,Yazmin,7,OK,1032,0.018
F,2006,Yuridia,7,OK,1032,0.018
F,2006,Yadhira,6,OK,1177,0.015
F,2006,Yesenia,6,OK,1177,0.015
F,2006,Yareli,5,OK,1350,0.013
F,2006,Yasmine,5,OK,1350,0.013
F,2007,Yadira,10,OK,830,0.025
F,2007,Yazmin,10,OK,830,0.025
F,2007,Yasmine,9,OK,909,0.023
F,2007,Yareli,8,OK,993,0.02
F,2007,Yoselyn,8,OK,993,0.02
F,2007,Yesenia,6,OK,1198,0.015
F,2007,Yasmin,5,OK,1371,0.013
F,2007,Yoselin,5,OK,1371,0.013
F,2007,Yuridia,5,OK,1371,0.013
F,2007,Yvette,5,OK,1371,0.013
F,2008,Yesenia,9,OK,894,0.023
F,2008,Yadira,8,OK,982,0.021
F,2008,Yoselin,8,OK,982,0.021
F,2008,Yareli,7,OK,1120,0.018
F,2008,Yaritza,6,OK,1256,0.015
F,2008,Yaretzi,5,OK,1431,0.013
F,2008,Yuridia,5,OK,1431,0.013
F,2009,Yoselin,11,OK,777,0.028
F,2009,Yareli,10,OK,838,0.026
F,2009,Yarely,6,OK,1220,0.016
F,2009,Yadira,5,OK,1413,0.013
F,2009,Yazmin,5,OK,1413,0.013
F,2009,Yesenia,5,OK,1413,0.013
F,2010,Yareli,10,OK,811,0.027
F,2010,Yesenia,8,OK,983,0.021
F,2010,Yamileth,7,OK,1083,0.019
F,2010,Yazmin,7,OK,1083,0.019
F,2010,Yoselin,6,OK,1220,0.016
F,2010,Yuliana,6,OK,1220,0.016
F,2010,Yadira,5,OK,1401,0.013
F,2010,Yuridia,5,OK,1401,0.013
F,2011,Yareli,11,OK,771,0.03
F,2011,Yaretzi,11,OK,771,0.03
F,2011,Yazmin,6,OK,1195,0.016
F,2011,Yaritza,5,OK,1392,0.014
F,2011,Yesenia,5,OK,1392,0.014
F,2012,Yareli,14,OK,634,0.038
F,2012,Yaretzi,10,OK,829,0.027
F,2012,Yoselin,7,OK,1081,0.019
F,2012,Yaritza,6,OK,1228,0.016
F,2013,Yaretzi,15,OK,612,0.04
F,2013,Yareli,7,OK,1098,0.019
F,2013,Yulissa,6,OK,1243,0.016
F,2014,Yareli,17,OK,545,0.045
F,2014,Yaretzi,17,OK,545,0.045
F,2014,Yaritza,6,OK,1257,0.016
F,2014,Yazmin,6,OK,1257,0.016
F,2015,Yaretzi,14,OK,655,0.037
F,2015,Yaritza,5,OK,1461,0.013
F,2016,Yaretzi,7,OK,1139,0.019
F,2016,Yareli,5,OK,1491,0.013
F,2016,Yesenia,5,OK,1491,0.013
F,2017,Yareli,8,OK,992,0.023
F,2017,Yaretzi,8,OK,992,0.023
F,2017,Yarely,7,OK,1094,0.02
F,2017,Yamileth,5,OK,1396,0.014
F,2018,Yaretzi,12,OK,716,0.035
F,2018,Yamileth,5,OK,1400,0.015
F,2019,Yaretzi,10,OK,837,0.03
F,2019,Yara,6,OK,1225,0.018
F,2019,Yaritza,5,OK,1406,0.015
F,2019,Yuliana,5,OK,1406,0.015
F,2020,Yaretzi,10,OK,798,0.031
F,2021,Yareli,9,OK,886,0.027
F,2021,Yaretzi,8,OK,981,0.024
F,2021,Yasmin,5,OK,1403,0.015
F,2022,Yaretzi,10,OK,829,0.031
F,2022,Yareli,7,OK,1079,0.022
F,2022,Yuna,6,OK,1230,0.019
F,2022,Yara,5,OK,1420,0.015
F,2023,Yaretzi,10,OK,822,0.031
F,2023,Yareli,5,OK,1413,0.016
F,2023,Yasmin,5,OK,1413,0.016
F,2024,Yareli,5,OK,1426,0.016
F,2024,Yaretzi,5,OK,1426,0.016
F,2024,Yuna,5,OK,1426,0.016
M,1988,Yancy,5,OK,919,0.013
M,2003,Yahir,13,OK,608,0.035
M,2006,Yahir,8,OK,936,0.02
M,2007,Yahir,10,OK,830,0.025
M,2008,Yahir,11,OK,759,0.028
M,2009,Yahir,9,OK,918,0.023
M,2009,Yandel,8,OK,1016,0.021
M,2010,Yahir,7,OK,1083,0.019
M,2011,Yahir,8,OK,991,0.022
M,2012,Yahir,9,OK,909,0.025
M,2013,Yahir,9,OK,914,0.024
M,2014,Yahir,7,OK,1135,0.019
M,2015,Yahir,5,OK,1461,0.013
M,2016,Yahir,7,OK,1139,0.019
M,2018,Yael,5,OK,1400,0.015
M,2023,Yael,6,OK,1254,0.019
M,2023,Yair,5,OK,1413,0.016
M,2024,Yahir,7,OK,1093,0.022
F,1915,Yvonne,7,KS,499,0.027
F,1917,Yvonne,10,KS,425,0.035
F,1918,Yvonne,8,KS,503,0.026
F,1919,Yvonne,6,KS,595,0.02
F,1920,Yvonne,12,KS,397,0.037
F,1921,Yvonne,9,KS,498,0.027
F,1922,Yvonne,10,KS,450,0.031
F,1923,Yvonne,14,KS,370,0.043
F,1924,Yvonne,12,KS,410,0.036
F,1925,Yvonne,15,KS,344,0.047
F,1926,Yvonne,20,KS,287,0.066
F,1927,Yvonne,20,KS,286,0.066
F,1928,Yvonne,10,KS,415,0.035
F,1929,Yvonne,17,KS,302,0.06
F,1930,Yvonne,19,KS,293,0.065
F,1931,Yvonne,18,KS,293,0.063
F,1932,Yvonne,17,KS,296,0.063
F,1933,Yvonne,11,KS,373,0.042
F,1934,Yvonne,26,KS,225,0.097
F,1935,Yvonne,24,KS,236,0.092
F,1935,Young,5,KS,574,0.019
F,1936,Yvonne,45,KS,132,0.174
F,1936,Yong,5,KS,559,0.019
F,1936,Young,5,KS,559,0.019
F,1937,Yvonne,27,KS,213,0.107
F,1938,Yvonne,23,KS,234,0.09
F,1938,Young,5,KS,549,0.02
F,1939,Yvonne,19,KS,267,0.075
F,1940,Yvonne,10,KS,363,0.04
F,1940,Yong,6,KS,487,0.024
F,1941,Yvonne,11,KS,353,0.042
F,1942,Yvonne,12,KS,365,0.041
F,1942,Young,6,KS,537,0.021
F,1943,Yvonne,14,KS,333,0.045
F,1944,Yvonne,10,KS,401,0.033
F,1944,Young,7,KS,482,0.023
F,1945,Yvonne,11,KS,369,0.038
F,1946,Yvonne,18,KS,312,0.052
F,1946,Yolanda,6,KS,571,0.017
F,1946,Yong,6,KS,571,0.017
F,1947,Yvonne,19,KS,324,0.049
F,1947,Young,8,KS,496,0.021
F,1947,Yolanda,5,KS,651,0.013
F,1948,Yvonne,20,KS,304,0.054
F,1948,Yolanda,5,KS,640,0.014
F,1949,Yvonne,27,KS,257,0.072
F,1949,Yong,7,KS,544,0.019
F,1949,Young,6,KS,603,0.016
F,1950,Yvonne,24,KS,278,0.063
F,1950,Young,7,KS,566,0.018
F,1950,Yolanda,6,KS,605,0.016
F,1950,Yong,5,KS,652,0.013
F,1951,Yvonne,33,KS,234,0.081
F,1951,Yolanda,10,KS,475,0.024
F,1951,Young,8,KS,535,0.02
F,1951,Yong,5,KS,677,0.012
F,1952,Yvonne,25,KS,292,0.058
F,1952,Young,12,KS,454,0.028
F,1953,Yvonne,34,KS,251,0.076
F,1953,Yolanda,10,KS,510,0.022
F,1953,Young,9,KS,537,0.02
F,1953,Yong,8,KS,574,0.018
F,1954,Yvonne,33,KS,264,0.071
F,1954,Yong,13,KS,459,0.028
F,1954,Yolanda,12,KS,472,0.026
F,1954,Young,10,KS,515,0.022
F,1955,Yvonne,27,KS,308,0.059
F,1955,Yolanda,11,KS,502,0.024
F,1955,Young,6,KS,681,0.013
F,1956,Yvonne,32,KS,274,0.068
F,1956,Yong,13,KS,486,0.028
F,1956,Yolanda,9,KS,574,0.019
F,1956,Young,8,KS,607,0.017
F,1957,Yvonne,28,KS,309,0.061
F,1957,Yolanda,14,KS,452,0.03
F,1957,Yong,8,KS,618,0.017
F,1958,Yvonne,33,KS,279,0.074
F,1958,Yong,11,KS,528,0.025
F,1958,Yolanda,10,KS,547,0.022
F,1958,Young,10,KS,547,0.022
F,1959,Yvonne,27,KS,321,0.059
F,1959,Yolanda,14,KS,466,0.031
F,1959,Young,11,KS,531,0.024
F,1959,Yong,7,KS,685,0.015
F,1959,Yvette,5,KS,797,0.011
F,1960,Yvonne,29,KS,304,0.066
F,1960,Yolanda,10,KS,566,0.023
F,1960,Young,7,KS,666,0.016
F,1960,Yvette,7,KS,666,0.016
F,1961,Yvonne,35,KS,262,0.082
F,1961,Yolanda,17,KS,414,0.04
F,1961,Yvette,12,KS,514,0.028
F,1961,Young,6,KS,728,0.014
F,1962,Yvonne,22,KS,347,0.053
F,1962,Yolanda,13,KS,486,0.031
F,1962,Yong,9,KS,603,0.022
F,1962,Yvette,7,KS,686,0.017
F,1962,Young,5,KS,808,0.012
F,1963,Yvonne,19,KS,379,0.048
F,1963,Yvette,15,KS,438,0.038
F,1963,Yolanda,14,KS,448,0.036
F,1963,Yong,5,KS,782,0.013
F,1964,Yvonne,26,KS,283,0.071
F,1964,Yolanda,12,KS,486,0.033
F,1964,Yvette,11,KS,508,0.03
F,1964,Young,10,KS,533,0.027
F,1965,Yvonne,21,KS,314,0.064
F,1965,Yolanda,14,KS,429,0.043
F,1965,Yvette,13,KS,451,0.04
F,1965,Young,6,KS,651,0.018
F,1966,Yvonne,19,KS,321,0.063
F,1966,Yolanda,12,KS,433,0.04
F,1966,Yvette,10,KS,491,0.033
F,1967,Yolanda,17,KS,329,0.059
F,1967,Yvonne,16,KS,347,0.055
F,1967,Yvette,6,KS,629,0.021
F,1968,Yvette,15,KS,365,0.051
F,1968,Yvonne,13,KS,402,0.044
F,1968,Yolanda,11,KS,445,0.038
F,1969,Yvonne,21,KS,291,0.068
F,1969,Yolanda,16,KS,354,0.052
F,1969,Yvette,16,KS,354,0.052
F,1969,Young,6,KS,639,0.02
F,1970,Yvonne,25,KS,260,0.08
F,1970,Yolanda,15,KS,378,0.048
F,1970,Yvette,7,KS,620,0.022
F,1971,Yvonne,22,KS,274,0.075
F,1971,Yolanda,13,KS,401,0.044
F,1971,Yvette,9,KS,506,0.031
F,1972,Yolanda,16,KS,318,0.06
F,1972,Yvonne,10,KS,447,0.037
F,1972,Yvette,5,KS,685,0.019
F,1973,Yolanda,10,KS,445,0.039
F,1973,Yvette,9,KS,483,0.035
F,1973,Yvonne,9,KS,483,0.035
F,1974,Yvonne,16,KS,307,0.061
F,1974,Yolanda,7,KS,550,0.027
F,1975,Yolanda,10,KS,434,0.037
F,1975,Yvonne,8,KS,507,0.029
F,1976,Yvonne,13,KS,378,0.046
F,1976,Yolanda,11,KS,427,0.039
F,1976,Yvette,5,KS,702,0.018
F,1977,Yolanda,12,KS,393,0.041
F,1977,Yvonne,10,KS,440,0.034
F,1978,Yolanda,7,KS,568,0.024
F,1978,Yvonne,7,KS,568,0.024
F,1979,Yolanda,13,KS,398,0.042
F,1979,Yvonne,8,KS,550,0.026
F,1979,Yvette,5,KS,733,0.016
F,1980,Yolanda,6,KS,675,0.018
F,1980,Yvonne,5,KS,750,0.015
F,1981,Yolanda,7,KS,614,0.021
F,1981,Yvonne,6,KS,675,0.018
F,1982,Yolanda,11,KS,432,0.033
F,1983,Yvonne,8,KS,540,0.024
F,1983,Yolanda,5,KS,744,0.015
F,1984,Yvonne,6,KS,664,0.018
F,1985,Yvonne,8,KS,537,0.025
F,1986,Yolanda,5,KS,745,0.016
F,1987,Yolanda,5,KS,751,0.016
F,1989,Yvonne,6,KS,694,0.019
F,1992,Yesenia,9,KS,534,0.031
F,1993,Yesenia,7,KS,636,0.024
F,1994,Yesenia,9,KS,554,0.032
F,1994,Yvonne,5,KS,820,0.018
F,1995,Yesenia,6,KS,729,0.021
F,1996,Yesenia,14,KS,397,0.051
F,1996,Yolanda,5,KS,831,0.018
F,1997,Yesenia,10,KS,530,0.036
F,1998,Yasmin,6,KS,780,0.021
F,1998,Yesenia,6,KS,780,0.021
F,1998,Yvette,5,KS,900,0.017
F,1999,Yasmine,9,KS,615,0.031
F,1999,Yesenia,7,KS,747,0.024
F,2000,Yasmin,10,KS,589,0.034
F,2000,Yesenia,9,KS,634,0.03
F,2000,Yasmine,6,KS,855,0.02
F,2001,Yesenia,11,KS,548,0.037
F,2002,Yasmin,9,KS,663,0.03
F,2002,Yadira,6,KS,893,0.02
F,2002,Yazmin,5,KS,1007,0.017
F,2003,Yazmin,10,KS,642,0.033
F,2003,Yesenia,9,KS,683,0.03
F,2003,Yadira,6,KS,907,0.02
F,2004,Yesenia,9,KS,670,0.03
F,2004,Yadira,7,KS,796,0.023
F,2004,Yasmin,7,KS,796,0.023
F,2004,Yessica,7,KS,796,0.023
F,2004,Yoselin,7,KS,796,0.023
F,2004,Yasmine,6,KS,912,0.02
F,2004,Yazmin,6,KS,912,0.02
F,2005,Yadira,7,KS,856,0.023
F,2005,Yazmin,7,KS,856,0.023
F,2005,Yesenia,6,KS,950,0.02
F,2005,Yasmin,5,KS,1082,0.017
F,2006,Yasmin,8,KS,760,0.026
F,2006,Yoselin,8,KS,760,0.026
F,2006,Yesenia,7,KS,859,0.023
F,2006,Yazmin,6,KS,972,0.02
F,2006,Yadira,5,KS,1104,0.016
F,2006,Yareli,5,KS,1104,0.016
F,2006,Yolanda,5,KS,1104,0.016
F,2006,Yuliana,5,KS,1104,0.016
F,2007,Yoselin,9,KS,730,0.029
F,2007,Yareli,8,KS,811,0.026
F,2007,Yasmin,8,KS,811,0.026
F,2007,Yazmin,8,KS,811,0.026
F,2007,Yaritza,6,KS,983,0.019
F,2007,Yesenia,6,KS,983,0.019
F,2007,Yuliana,5,KS,1137,0.016
F,2008,Yareli,10,KS,684,0.033
F,2008,Yesenia,8,KS,799,0.026
F,2008,Yadira,5,KS,1128,0.016
F,2008,Yuridia,5,KS,1128,0.016
F,2009,Yasmin,12,KS,591,0.039
F,2009,Yaretzi,8,KS,814,0.026
F,2009,Yadira,6,KS,1013,0.02
F,2009,Yazmin,6,KS,1013,0.02
F,2009,Yesenia,6,KS,1013,0.02
F,2009,Yamileth,5,KS,1164,0.016
F,2010,Yaretzi,9,KS,748,0.03
F,2010,Yoselin,9,KS,748,0.03
F,2010,Yazmin,8,KS,815,0.027
F,2010,Yesenia,6,KS,1013,0.02
F,2010,Yareli,5,KS,1157,0.017
F,2010,Yasmin,5,KS,1157,0.017
F,2011,Yareli,11,KS,636,0.038
F,2011,Yaretzi,6,KS,994,0.021
F,2011,Yesenia,6,KS,994,0.021
F,2011,Yadira,5,KS,1136,0.017
F,2012,Yaretzi,13,KS,554,0.044
F,2012,Yareli,10,KS,690,0.034
F,2012,Yamileth,5,KS,1145,0.017
F,2012,Yaritza,5,KS,1145,0.017
F,2013,Yaretzi,9,KS,738,0.032
F,2014,Yaretzi,9,KS,763,0.031
F,2015,Yaretzi,8,KS,826,0.028
F,2015,Yaneli,6,KS,1031,0.021
F,2016,Yareli,6,KS,1015,0.021
F,2016,Yoselin,5,KS,1195,0.018
F,2017,Yaretzi,13,KS,527,0.048
F,2017,Yareli,7,KS,887,0.026
F,2018,Yaretzi,9,KS,733,0.034
F,2019,Yaretzi,7,KS,876,0.027
F,2019,Yaritza,6,KS,993,0.023
F,2020,Yaretzi,6,KS,1006,0.024
F,2021,Yareli,5,KS,1147,0.02
F,2023,Yaretzi,7,KS,900,0.028
F,2023,Yamileth,5,KS,1138,0.02
M,1941,Yong,5,KS,540,0.019
M,1941,Young,5,KS,540,0.019
M,1946,Yong,10,KS,432,0.029
M,1946,Young,5,KS,626,0.014
M,1947,Yong,5,KS,651,0.013
M,1954,Young,6,KS,671,0.013
M,1956,Young,5,KS,765,0.011
M,1958,Young,6,KS,717,0.013
M,1959,Yong,6,KS,737,0.013
M,1959,Young,5,KS,797,0.011
M,1960,Yong,5,KS,791,0.011
M,1960,Young,5,KS,791,0.011
M,1961,Young,7,KS,670,0.016
M,1961,Yong,6,KS,728,0.014
M,1962,Young,8,KS,650,0.019
M,1962,Yong,5,KS,808,0.012
M,1966,Yong,5,KS,705,0.017
M,1969,Young,6,KS,639,0.02
M,1970,Yancy,5,KS,739,0.016
M,1970,Young,5,KS,739,0.016
M,1972,Young,5,KS,685,0.019
M,2003,Yahir,11,KS,596,0.036
M,2004,Yahir,10,KS,634,0.033
M,2005,Yahir,11,KS,588,0.036
M,2006,Yahir,8,KS,760,0.026
M,2006,Yandel,5,KS,1104,0.016
M,2008,Yahir,10,KS,684,0.033
M,2008,Yandel,7,KS,895,0.023
M,2010,Yahir,10,KS,677,0.034
M,2010,Yusuf,6,KS,1013,0.02
M,2011,Yahir,8,KS,818,0.028
M,2012,Yahir,5,KS,1145,0.017
M,2013,Yahir,6,KS,1002,0.021
M,2014,Yahir,5,KS,1174,0.017
M,2017,Yael,5,KS,1137,0.018
M,2019,Yadiel,5,KS,1142,0.019
M,2021,Yahir,11,KS,606,0.043
M,2022,Yahir,7,KS,890,0.028
M,2023,Yael,5,KS,1138,0.02
M,2024,Yahir,6,KS,1003,0.024
M,2024,Yusuf,6,KS,1003,0.024
F,1920,Yvonne,5,AZ,346,0.068
F,1925,Yvonne,5,AZ,367,0.065
F,1929,Yvonne,7,AZ,317,0.081
F,1929,Yolanda,5,AZ,402,0.058
F,1930,Yolanda,7,AZ,319,0.077
F,1931,Yolanda,8,AZ,264,0.101
F,1931,Yvonne,6,AZ,325,0.075
F,1934,Yolanda,7,AZ,286,0.094
F,1935,Yvonne,13,AZ,175,0.165
F,1936,Yvonne,11,AZ,209,0.135
F,1937,Yvonne,19,AZ,133,0.209
F,1937,Yolanda,14,AZ,179,0.154
F,1938,Yolanda,13,AZ,202,0.136
F,1938,Yvonne,13,AZ,202,0.136
F,1939,Yolanda,14,AZ,194,0.149
F,1939,Yvonne,10,AZ,256,0.106
F,1940,Yvonne,15,AZ,173,0.152
F,1940,Yolanda,11,AZ,233,0.112
F,1941,Yolanda,17,AZ,165,0.166
F,1942,Yolanda,21,AZ,152,0.177
F,1942,Yvonne,11,AZ,277,0.093
F,1943,Yolanda,26,AZ,125,0.192
F,1943,Yvonne,9,AZ,341,0.067
F,1944,Yolanda,33,AZ,99,0.246
F,1944,Yvonne,7,AZ,389,0.052
F,1945,Yolanda,44,AZ,65,0.342
F,1945,Yvonne,8,AZ,349,0.062
F,1946,Yolanda,64,AZ,48,0.429
F,1946,Yvonne,15,AZ,242,0.101
F,1947,Yolanda,69,AZ,54,0.393
F,1947,Yvonne,15,AZ,274,0.085
F,1948,Yolanda,60,AZ,64,0.335
F,1948,Yvonne,18,AZ,241,0.101
F,1949,Yolanda,57,AZ,69,0.307
F,1949,Yvonne,18,AZ,245,0.097
F,1950,Yolanda,69,AZ,58,0.363
F,1950,Yvonne,17,AZ,264,0.09
F,1951,Yolanda,69,AZ,65,0.339
F,1951,Yvonne,25,AZ,195,0.123
F,1952,Yolanda,71,AZ,65,0.319
F,1952,Yvonne,27,AZ,197,0.121
F,1953,Yolanda,75,AZ,60,0.319
F,1953,Yvonne,22,AZ,245,0.094
F,1954,Yolanda,68,AZ,73,0.275
F,1954,Yvonne,34,AZ,181,0.138
F,1955,Yolanda,59,AZ,91,0.231
F,1955,Yvonne,25,AZ,243,0.098
F,1956,Yolanda,89,AZ,64,0.329
F,1956,Yvonne,46,AZ,143,0.17
F,1957,Yolanda,61,AZ,106,0.211
F,1957,Yvonne,27,AZ,252,0.093
F,1958,Yolanda,57,AZ,122,0.194
F,1958,Yvonne,41,AZ,179,0.139
F,1959,Yolanda,55,AZ,135,0.18
F,1959,Yvonne,44,AZ,175,0.144
F,1959,Yvette,10,AZ,540,0.033
F,1960,Yolanda,59,AZ,129,0.184
F,1960,Yvonne,46,AZ,172,0.143
F,1960,Yvette,14,AZ,464,0.044
F,1961,Yolanda,66,AZ,111,0.204
F,1961,Yvonne,42,AZ,190,0.13
F,1961,Yvette,11,AZ,522,0.034
F,1962,Yolanda,77,AZ,95,0.238
F,1962,Yvonne,39,AZ,213,0.121
F,1962,Yvette,14,AZ,459,0.043
F,1963,Yolanda,72,AZ,95,0.227
F,1963,Yvonne,60,AZ,124,0.19
F,1963,Yvette,20,AZ,369,0.063
F,1964,Yolanda,59,AZ,118,0.191
F,1964,Yvonne,54,AZ,138,0.175
F,1964,Yvette,35,AZ,218,0.113
F,1965,Yvonne,42,AZ,158,0.147
F,1965,Yolanda,40,AZ,169,0.14
F,1965,Yvette,28,AZ,246,0.098
F,1966,Yvonne,46,AZ,141,0.17
F,1966,Yolanda,41,AZ,158,0.151
F,1966,Yvette,26,AZ,253,0.096
F,1967,Yvonne,48,AZ,131,0.177
F,1967,Yolanda,47,AZ,134,0.173
F,1967,Yvette,35,AZ,188,0.129
F,1968,Yolanda,48,AZ,129,0.175
F,1968,Yvonne,46,AZ,132,0.168
F,1968,Yvette,26,AZ,242,0.095
F,1969,Yvonne,58,AZ,110,0.201
F,1969,Yolanda,56,AZ,118,0.194
F,1969,Yvette,32,AZ,209,0.111
F,1970,Yvonne,41,AZ,179,0.128
F,1970,Yvette,38,AZ,200,0.119
F,1970,Yolanda,25,AZ,297,0.078
F,1971,Yvonne,57,AZ,124,0.175
F,1971,Yolanda,44,AZ,178,0.135
F,1971,Yvette,34,AZ,221,0.104
F,1972,Yvette,34,AZ,205,0.108
F,1972,Yolanda,32,AZ,220,0.102
F,1972,Yvonne,30,AZ,238,0.095
F,1972,Yesenia,8,AZ,661,0.025
F,1973,Yvonne,49,AZ,143,0.153
F,1973,Yvette,36,AZ,203,0.113
F,1973,Yolanda,27,AZ,271,0.084
F,1974,Yvonne,48,AZ,154,0.144
F,1974,Yolanda,32,AZ,228,0.096
F,1974,Yvette,30,AZ,247,0.09
F,1974,Yesenia,11,AZ,552,0.033
F,1975,Yvonne,42,AZ,169,0.129
F,1975,Yolanda,35,AZ,204,0.107
F,1975,Yvette,16,AZ,426,0.049
F,1975,Yesenia,13,AZ,490,0.04
F,1975,Yadira,7,AZ,734,0.021
F,1975,Yessenia,5,AZ,920,0.015
F,1976,Yvonne,47,AZ,149,0.142
F,1976,Yvette,36,AZ,196,0.109
F,1976,Yolanda,34,AZ,206,0.103
F,1976,Yesenia,8,AZ,663,0.024
F,1977,Yvonne,33,AZ,227,0.096
F,1977,Yolanda,30,AZ,252,0.087
F,1977,Yvette,19,AZ,371,0.055
F,1977,Yesenia,16,AZ,430,0.046
F,1978,Yvonne,50,AZ,148,0.141
F,1978,Yolanda,30,AZ,255,0.085
F,1978,Yvette,27,AZ,273,0.076
F,1978,Yadira,8,AZ,693,0.023
F,1978,Yesenia,8,AZ,693,0.023
F,1979,Yvonne,47,AZ,175,0.121
F,1979,Yolanda,30,AZ,277,0.077
F,1979,Yvette,28,AZ,298,0.072
F,1979,Yesenia,12,AZ,549,0.031
F,1979,Yadira,5,AZ,983,0.013
F,1980,Yvonne,39,AZ,228,0.093
F,1980,Yolanda,34,AZ,259,0.081
F,1980,Yvette,23,AZ,357,0.055
F,1980,Yesenia,13,AZ,532,0.031
F,1980,Yadira,12,AZ,564,0.029
F,1981,Yvonne,36,AZ,245,0.083
F,1981,Yvette,35,AZ,253,0.081
F,1981,Yolanda,32,AZ,282,0.074
F,1981,Yesenia,13,AZ,556,0.03
F,1981,Yadira,6,AZ,919,0.014
F,1982,Yvonne,43,AZ,204,0.098
F,1982,Yvette,33,AZ,253,0.075
F,1982,Yolanda,27,AZ,313,0.062
F,1982,Yesenia,6,AZ,910,0.014
F,1983,Yvette,36,AZ,234,0.082
F,1983,Yvonne,33,AZ,253,0.075
F,1983,Yolanda,21,AZ,393,0.048
F,1983,Yesenia,8,AZ,759,0.018
F,1983,Yadira,7,AZ,822,0.016
F,1984,Yvonne,32,AZ,276,0.07
F,1984,Yolanda,20,AZ,408,0.044
F,1984,Yvette,17,AZ,456,0.037
F,1984,Yesenia,10,AZ,678,0.022
F,1985,Yvonne,42,AZ,231,0.085
F,1985,Yvette,27,AZ,341,0.055
F,1985,Yolanda,25,AZ,365,0.051
F,1985,Yesenia,9,AZ,760,0.018
F,1985,Yadira,7,AZ,899,0.014
F,1986,Yvette,42,AZ,236,0.083
F,1986,Yolanda,25,AZ,374,0.049
F,1986,Yvonne,19,AZ,445,0.038
F,1986,Yesenia,18,AZ,471,0.036
F,1986,Yadira,7,AZ,928,0.014
F,1987,Yvette,48,AZ,220,0.091
F,1987,Yolanda,30,AZ,317,0.057
F,1987,Yvonne,27,AZ,350,0.051
F,1987,Yesenia,26,AZ,371,0.049
F,1987,Yadira,8,AZ,876,0.015
F,1988,Yvette,47,AZ,231,0.086
F,1988,Yvonne,27,AZ,372,0.049
F,1988,Yolanda,25,AZ,392,0.046
F,1988,Yesenia,13,AZ,653,0.024
F,1988,Yadira,5,AZ,1213,0.009
F,1989,Yvette,37,AZ,284,0.066
F,1989,Yesenia,25,AZ,405,0.045
F,1989,Yvonne,23,AZ,424,0.041
F,1989,Yolanda,20,AZ,471,0.036
F,1989,Yadira,6,AZ,1123,0.011
F,1989,Yessenia,6,AZ,1123,0.011
F,1989,Yuriko,6,AZ,1123,0.011
F,1990,Yvette,46,AZ,255,0.081
F,1990,Yesenia,45,AZ,262,0.079
F,1990,Yvonne,26,AZ,408,0.046
F,1990,Yolanda,18,AZ,553,0.032
F,1990,Yadira,9,AZ,906,0.016
F,1990,Yessenia,7,AZ,1061,0.012
F,1991,Yesenia,28,AZ,377,0.05
F,1991,Yolanda,26,AZ,403,0.046
F,1991,Yvette,24,AZ,429,0.043
F,1991,Yvonne,18,AZ,544,0.032
F,1991,Yessenia,13,AZ,684,0.023
F,1991,Yadira,9,AZ,880,0.016
F,1991,Yazmin,7,AZ,1045,0.012
F,1991,Yessica,6,AZ,1174,0.011
F,1992,Yesenia,58,AZ,226,0.101
F,1992,Yvette,40,AZ,306,0.07
F,1992,Yvonne,22,AZ,475,0.038
F,1992,Yolanda,16,AZ,603,0.028
F,1992,Yadira,14,AZ,664,0.024
F,1992,Yessenia,14,AZ,664,0.024
F,1992,Yasmin,8,AZ,1013,0.014
F,1992,Yanet,6,AZ,1217,0.01
F,1992,Yazmin,5,AZ,1374,0.009
F,1993,Yesenia,49,AZ,264,0.086
F,1993,Yvette,40,AZ,313,0.07
F,1993,Yaritza,22,AZ,494,0.039
F,1993,Yolanda,17,AZ,585,0.03
F,1993,Yvonne,15,AZ,648,0.026
F,1993,Yessenia,11,AZ,810,0.019
F,1993,Yadira,10,AZ,862,0.018
F,1993,Yasmin,9,AZ,928,0.016
F,1993,Yajaira,8,AZ,997,0.014
F,1993,Yanira,7,AZ,1087,0.012
F,1993,Yahaira,6,AZ,1201,0.011
F,1993,Yanet,6,AZ,1201,0.011
F,1993,Yazmin,5,AZ,1365,0.009
F,1994,Yesenia,57,AZ,245,0.097
F,1994,Yvette,30,AZ,412,0.051
F,1994,Yasmin,21,AZ,521,0.036
F,1994,Yvonne,16,AZ,646,0.027
F,1994,Yolanda,15,AZ,679,0.025
F,1994,Yadira,12,AZ,796,0.02
F,1994,Yazmin,12,AZ,796,0.02
F,1994,Yessenia,12,AZ,796,0.02
F,1994,Yaritza,7,AZ,1143,0.012
F,1994,Yajaira,6,AZ,1250,0.01
F,1994,Yarima,5,AZ,1424,0.008
F,1994,Yasmeen,5,AZ,1424,0.008
F,1994,Yessica,5,AZ,1424,0.008
F,1995,Yesenia,55,AZ,265,0.092
F,1995,Yvette,20,AZ,550,0.033
F,1995,Yadira,15,AZ,681,0.025
F,1995,Yvonne,15,AZ,681,0.025
F,1995,Yessenia,11,AZ,843,0.018
F,1995,Yajaira,10,AZ,908,0.017
F,1995,Yazmin,9,AZ,987,0.015
F,1995,Yahaira,8,AZ,1066,0.013
F,1995,Yamilex,8,AZ,1066,0.013
F,1995,Yaritza,7,AZ,1162,0.012
F,1995,Yasmin,7,AZ,1162,0.012
F,1995,Yolanda,7,AZ,1162,0.012
F,1995,Yasmine,6,AZ,1290,0.01
F,1995,Yessica,6,AZ,1290,0.01
F,1995,Yanira,5,AZ,1430,0.008
F,1995,Yareli,5,AZ,1430,0.008
F,1995,Yomira,5,AZ,1430,0.008
F,1996,Yesenia,60,AZ,256,0.097
F,1996,Yvette,26,AZ,479,0.042
F,1996,Yadira,22,AZ,542,0.035
F,1996,Yasmin,15,AZ,709,0.024
F,1996,Yamilex,14,AZ,739,0.023
F,1996,Yaritza,14,AZ,739,0.023
F,1996,Yasmine,13,AZ,784,0.021
F,1996,Yvonne,12,AZ,831,0.019
F,1996,Yessenia,10,AZ,946,0.016
F,1996,Yajaira,7,AZ,1197,0.011
F,1996,Yareli,7,AZ,1197,0.011
F,1996,Yolanda,7,AZ,1197,0.011
F,1996,Yazmin,6,AZ,1321,0.01
F,1996,Yahaira,5,AZ,1479,0.008
F,1996,Yalitza,5,AZ,1479,0.008
F,1996,Yamileth,5,AZ,1479,0.008
F,1996,Yanet,5,AZ,1479,0.008
F,1997,Yesenia,61,AZ,252,0.098
F,1997,Yulissa,38,AZ,372,0.061
F,1997,Yasmine,20,AZ,590,0.032
F,1997,Yasmin,16,AZ,693,0.026
F,1997,Yessenia,16,AZ,693,0.026
F,1997,Yadira,15,AZ,724,0.024
F,1997,Yazmin,15,AZ,724,0.024
F,1997,Yajaira,14,AZ,756,0.022
F,1997,Yamilex,12,AZ,844,0.019
F,1997,Yvette,12,AZ,844,0.019
F,1997,Yolanda,10,AZ,963,0.016
F,1997,Yareli,8,AZ,1101,0.013
F,1997,Yessica,8,AZ,1101,0.013
F,1997,Yaritza,7,AZ,1201,0.011
F,1997,Yulisa,7,AZ,1201,0.011
F,1997,Yahaira,6,AZ,1331,0.01
F,1997,Yamilet,6,AZ,1331,0.01
F,1997,Yvonne,6,AZ,1331,0.01
F,1997,Yesica,5,AZ,1508,0.008
F,1998,Yesenia,54,AZ,279,0.084
F,1998,Yasmine,20,AZ,614,0.031
F,1998,Yvette,20,AZ,614,0.031
F,1998,Yajaira,16,AZ,719,0.025
F,1998,Yasmin,16,AZ,719,0.025
F,1998,Yadira,13,AZ,833,0.02
F,1998,Yessenia,13,AZ,833,0.02
F,1998,Yulissa,13,AZ,833,0.02
F,1998,Yaritza,11,AZ,925,0.017
F,1998,Yazmin,11,AZ,925,0.017
F,1998,Yessica,11,AZ,925,0.017
F,1998,Yolanda,11,AZ,925,0.017
F,1998,Yareli,9,AZ,1050,0.014
F,1998,Yvonne,8,AZ,1149,0.012
F,1998,Yamilex,7,AZ,1247,0.011
F,1998,Yarely,6,AZ,1385,0.009
F,1998,Yazmine,6,AZ,1385,0.009
F,1998,Yahaira,5,AZ,1561,0.008
F,1998,Yanira,5,AZ,1561,0.008
F,1998,Yoselin,5,AZ,1561,0.008
F,1998,Ysela,5,AZ,1561,0.008
F,1998,Yuliana,5,AZ,1561,0.008
F,1999,Yesenia,70,AZ,225,0.105
F,1999,Yasmin,31,AZ,459,0.047
F,1999,Yasmine,24,AZ,561,0.036
F,1999,Yajaira,22,AZ,601,0.033
F,1999,Yessenia,14,AZ,832,0.021
F,1999,Yvette,14,AZ,832,0.021
F,1999,Yadira,13,AZ,874,0.02
F,1999,Yolanda,12,AZ,925,0.018
F,1999,Yareli,11,AZ,995,0.017
F,1999,Yulissa,11,AZ,995,0.017
F,1999,Yvonne,11,AZ,995,0.017
F,1999,Yessica,9,AZ,1110,0.014
F,1999,Yamilet,8,AZ,1198,0.012
F,1999,Yaritza,8,AZ,1198,0.012
F,1999,Yasmeen,8,AZ,1198,0.012
F,1999,Yamilex,7,AZ,1323,0.011
F,1999,Yulisa,6,AZ,1455,0.009
F,1999,Yailin,5,AZ,1629,0.008
F,1999,Yazmin,5,AZ,1629,0.008
F,1999,Ysenia,5,AZ,1629,0.008
F,2000,Yesenia,81,AZ,212,0.116
F,2000,Yasmin,29,AZ,505,0.042
F,2000,Yvette,28,AZ,517,0.04
F,2000,Yazmin,22,AZ,616,0.031
F,2000,Yasmine,21,AZ,640,0.03
F,2000,Yamilet,19,AZ,687,0.027
F,2000,Yamileth,13,AZ,900,0.019
F,2000,Yessica,13,AZ,900,0.019
F,2000,Yahaira,12,AZ,959,0.017
F,2000,Yareli,12,AZ,959,0.017
F,2000,Yaritza,12,AZ,959,0.017
F,2000,Yvonne,11,AZ,1023,0.016
F,2000,Yadira,10,AZ,1103,0.014
F,2000,Yajaira,9,AZ,1169,0.013
F,2000,Yamile,9,AZ,1169,0.013
F,2000,Yessenia,8,AZ,1270,0.011
F,2000,Yolanda,8,AZ,1270,0.011
F,2000,Yuliana,8,AZ,1270,0.011
F,2000,Yoselin,7,AZ,1365,0.01
F,2000,Yulissa,7,AZ,1365,0.01
F,2000,Yamilex,6,AZ,1496,0.009
F,2000,Yaquelin,6,AZ,1496,0.009
F,2000,Yamilette,5,AZ,1706,0.007
F,2000,Yanitza,5,AZ,1706,0.007
F,2000,Yenifer,5,AZ,1706,0.007
F,2001,Yesenia,60,AZ,282,0.086
F,2001,Yasmin,23,AZ,605,0.033
F,2001,Yazmin,19,AZ,688,0.027
F,2001,Yvette,18,AZ,720,0.026
F,2001,Yaire,17,AZ,761,0.024
F,2001,Yadira,16,AZ,797,0.023
F,2001,Yajaira,16,AZ,797,0.023
F,2001,Yaritza,16,AZ,797,0.023
F,2001,Yamilet,15,AZ,847,0.021
F,2001,Yamileth,13,AZ,952,0.019
F,2001,Yasmine,13,AZ,952,0.019
F,2001,Yuliana,13,AZ,952,0.019
F,2001,Yolanda,11,AZ,1066,0.016
F,2001,Yoselin,10,AZ,1142,0.014
F,2001,Yarely,9,AZ,1212,0.013
F,2001,Yulissa,9,AZ,1212,0.013
F,2001,Yareli,8,AZ,1302,0.011
F,2001,Yessenia,7,AZ,1423,0.01
F,2001,Yulianna,7,AZ,1423,0.01
F,2001,Yahaira,6,AZ,1547,0.009
F,2001,Yamilex,6,AZ,1547,0.009
F,2001,Yaneli,6,AZ,1547,0.009
F,2001,Yaquelin,6,AZ,1547,0.009
F,2001,Yuridia,6,AZ,1547,0.009
F,2001,Yara,5,AZ,1739,0.007
F,2001,Yessica,5,AZ,1739,0.007
F,2001,Yulisa,5,AZ,1739,0.007
F,2001,Yvonne,5,AZ,1739,0.007
F,2002,Yesenia,59,AZ,282,0.083
F,2002,Yasmin,30,AZ,505,0.042
F,2002,Yadira,19,AZ,713,0.027
F,2002,Yareli,19,AZ,713,0.027
F,2002,Yvette,18,AZ,748,0.025
F,2002,Yamilet,17,AZ,781,0.024
F,2002,Yasmine,17,AZ,781,0.024
F,2002,Yazmin,17,AZ,781,0.024
F,2002,Yuliana,17,AZ,781,0.024
F,2002,Yamileth,16,AZ,813,0.022
F,2002,Yulissa,16,AZ,813,0.022
F,2002,Yajaira,14,AZ,896,0.02
F,2002,Yvonne,13,AZ,943,0.018
F,2002,Yaquelin,11,AZ,1056,0.015
F,2002,Yaritza,11,AZ,1056,0.015
F,2002,Yoselin,11,AZ,1056,0.015
F,2002,Yolanda,10,AZ,1117,0.014
F,2002,Yessenia,9,AZ,1186,0.013
F,2002,Yazmine,8,AZ,1285,0.011
F,2002,Yessica,8,AZ,1285,0.011
F,2002,Yadhira,7,AZ,1405,0.01
F,2002,Yahaira,7,AZ,1405,0.01
F,2002,Yanitza,6,AZ,1571,0.008
F,2002,Yaire,5,AZ,1775,0.007
F,2002,Yara,5,AZ,1775,0.007
F,2002,Yarely,5,AZ,1775,0.007
F,2002,Yasmeen,5,AZ,1775,0.007
F,2003,Yesenia,44,AZ,387,0.06
F,2003,Yasmin,37,AZ,444,0.05
F,2003,Yazmin,22,AZ,660,0.03
F,2003,Yuliana,21,AZ,675,0.028
F,2003,Yadira,19,AZ,739,0.026
F,2003,Yamileth,18,AZ,760,0.024
F,2003,Yaritza,18,AZ,760,0.024
F,2003,Yessenia,17,AZ,792,0.023
F,2003,Yasmine,16,AZ,840,0.022
F,2003,Yvette,13,AZ,967,0.018
F,2003,Yahaira,12,AZ,1028,0.016
F,2003,Yajaira,11,AZ,1083,0.015
F,2003,Yareli,10,AZ,1161,0.014
F,2003,Yoselin,10,AZ,1161,0.014
F,2003,Yulissa,10,AZ,1161,0.014
F,2003,Yaquelin,9,AZ,1247,0.012
F,2003,Yvonne,8,AZ,1365,0.011
F,2003,Yarely,7,AZ,1486,0.009
F,2003,Yessica,7,AZ,1486,0.009
F,2003,Yolanda,7,AZ,1486,0.009
F,2003,Yanet,6,AZ,1650,0.008
F,2003,Yamile,5,AZ,1825,0.007
F,2003,Yanira,5,AZ,1825,0.007
F,2003,Yoseline,5,AZ,1825,0.007
F,2003,Ysela,5,AZ,1825,0.007
F,2003,Yulianna,5,AZ,1825,0.007
F,2003,Yulisa,5,AZ,1825,0.007
F,2004,Yesenia,50,AZ,366,0.066
F,2004,Yasmin,30,AZ,548,0.04
F,2004,Yaritza,22,AZ,670,0.029
F,2004,Yasmine,20,AZ,729,0.026
F,2004,Yadira,19,AZ,753,0.025
F,2004,Yoselin,19,AZ,753,0.025
F,2004,Yareli,18,AZ,791,0.024
F,2004,Yvette,18,AZ,791,0.024
F,2004,Yamileth,16,AZ,855,0.021
F,2004,Yahaira,15,AZ,891,0.02
F,2004,Yazmin,15,AZ,891,0.02
F,2004,Yuliana,15,AZ,891,0.02
F,2004,Yessenia,14,AZ,932,0.018
F,2004,Yamilet,11,AZ,1102,0.015
F,2004,Yajaira,9,AZ,1254,0.012
F,2004,Yessica,9,AZ,1254,0.012
F,2004,Yadhira,7,AZ,1496,0.009
F,2004,Yanet,6,AZ,1662,0.008
F,2004,Yaquelin,6,AZ,1662,0.008
F,2004,Yarely,6,AZ,1662,0.008
F,2004,Yazmine,6,AZ,1662,0.008
F,2004,Yolanda,6,AZ,1662,0.008
F,2004,Yulisa,6,AZ,1662,0.008
F,2004,Yanira,5,AZ,1892,0.007
F,2004,Yenifer,5,AZ,1892,0.007
F,2004,Yoseline,5,AZ,1892,0.007
F,2004,Yosselin,5,AZ,1892,0.007
F,2004,Yulianna,5,AZ,1892,0.007
F,2005,Yesenia,39,AZ,450,0.05
F,2005,Yasmin,24,AZ,636,0.031
F,2005,Yareli,22,AZ,687,0.028
F,2005,Yazmin,22,AZ,687,0.028
F,2005,Yadira,18,AZ,812,0.023
F,2005,Yahaira,18,AZ,812,0.023
F,2005,Yaritza,18,AZ,812,0.023
F,2005,Yuliana,17,AZ,848,0.022
F,2005,Yarely,15,AZ,928,0.019
F,2005,Yasmine,14,AZ,973,0.018
F,2005,Yoselin,13,AZ,1022,0.017
F,2005,Yulissa,13,AZ,1022,0.017
F,2005,Yamileth,12,AZ,1076,0.015
F,2005,Yuridia,11,AZ,1146,0.014
F,2005,Yajaira,10,AZ,1215,0.013
F,2005,Yamilet,10,AZ,1215,0.013
F,2005,Yessenia,9,AZ,1315,0.012
F,2005,Yolanda,9,AZ,1315,0.012
F,2005,Yvonne,9,AZ,1315,0.012
F,2005,Yaneli,8,AZ,1411,0.01
F,2005,Yvette,8,AZ,1411,0.01
F,2005,Yaquelin,7,AZ,1561,0.009
F,2005,Yadhira,6,AZ,1739,0.008
F,2005,Yaretzi,6,AZ,1739,0.008
F,2005,Yessica,6,AZ,1739,0.008
F,2005,Yanitza,5,AZ,1966,0.006
F,2005,Yazmine,5,AZ,1966,0.006
F,2005,Yliana,5,AZ,1966,0.006
F,2005,Yoselyn,5,AZ,1966,0.006
F,2005,Ysabella,5,AZ,1966,0.006
F,2005,Yulianna,5,AZ,1966,0.006
F,2006,Yesenia,36,AZ,493,0.043
F,2006,Yoselin,31,AZ,546,0.037
F,2006,Yasmin,30,AZ,562,0.036
F,2006,Yazmin,30,AZ,562,0.036
F,2006,Yareli,27,AZ,613,0.032
F,2006,Yuliana,23,AZ,705,0.028
F,2006,Yamileth,22,AZ,727,0.026
F,2006,Yaritza,21,AZ,754,0.025
F,2006,Yadira,18,AZ,861,0.022
F,2006,Yarely,17,AZ,894,0.02
F,2006,Yasmine,16,AZ,935,0.019
F,2006,Yuridia,16,AZ,935,0.019
F,2006,Yvette,16,AZ,935,0.019
F,2006,Yaretzy,14,AZ,1019,0.017
F,2006,Yahaira,13,AZ,1081,0.016
F,2006,Yamilet,13,AZ,1081,0.016
F,2006,Yajaira,12,AZ,1151,0.014
F,2006,Yoselyn,11,AZ,1212,0.013
F,2006,Yessica,10,AZ,1292,0.012
F,2006,Yaretzi,9,AZ,1394,0.011
F,2006,Yazmine,8,AZ,1523,0.01
F,2006,Yessenia,8,AZ,1523,0.01
F,2006,Yulissa,8,AZ,1523,0.01
F,2006,Yulisa,7,AZ,1656,0.008
F,2006,Yadhira,5,AZ,2068,0.006
F,2006,Yaneli,5,AZ,2068,0.006
F,2006,Yanet,5,AZ,2068,0.006
F,2006,Yanitza,5,AZ,2068,0.006
F,2006,Yara,5,AZ,2068,0.006
F,2006,Yvonne,5,AZ,2068,0.006
F,2007,Yoselin,49,AZ,379,0.059
F,2007,Yasmin,33,AZ,542,0.04
F,2007,Yadira,27,AZ,618,0.032
F,2007,Yesenia,27,AZ,618,0.032
F,2007,Yazmin,25,AZ,663,0.03
F,2007,Yuliana,25,AZ,663,0.03
F,2007,Yareli,24,AZ,687,0.029
F,2007,Yamileth,20,AZ,784,0.024
F,2007,Yvette,18,AZ,853,0.022
F,2007,Yamilet,17,AZ,895,0.02
F,2007,Yuridia,17,AZ,895,0.02
F,2007,Yaritza,15,AZ,979,0.018
F,2007,Yahaira,14,AZ,1032,0.017
F,2007,Yajaira,13,AZ,1090,0.016
F,2007,Yessenia,12,AZ,1156,0.014
F,2007,Yarely,11,AZ,1222,0.013
F,2007,Yaretzi,11,AZ,1222,0.013
F,2007,Yolanda,10,AZ,1304,0.012
F,2007,Yoselyn,10,AZ,1304,0.012
F,2007,Yara,9,AZ,1419,0.011
F,2007,Yulissa,9,AZ,1419,0.011
F,2007,Yocelin,8,AZ,1546,0.01
F,2007,Yessica,7,AZ,1680,0.008
F,2007,Ysabella,7,AZ,1680,0.008
F,2007,Yanet,6,AZ,1853,0.007
F,2007,Yazmine,6,AZ,1853,0.007
F,2007,Yelitza,6,AZ,1853,0.007
F,2007,Yoseline,6,AZ,1853,0.007
F,2007,Yasmine,5,AZ,2110,0.006
F,2007,Yesica,5,AZ,2110,0.006
F,2007,Yvonne,5,AZ,2110,0.006
F,2008,Yareli,29,AZ,582,0.036
F,2008,Yesenia,29,AZ,582,0.036
F,2008,Yoselin,27,AZ,613,0.034
F,2008,Yaretzi,26,AZ,633,0.033
F,2008,Yamileth,25,AZ,653,0.031
F,2008,Yazmin,23,AZ,696,0.029
F,2008,Yasmin,21,AZ,746,0.026
F,2008,Yaritza,20,AZ,775,0.025
F,2008,Yamilet,18,AZ,849,0.023
F,2008,Yadira,14,AZ,1018,0.018
F,2008,Yuliana,14,AZ,1018,0.018
F,2008,Yazmine,13,AZ,1083,0.016
F,2008,Yarely,11,AZ,1240,0.014
F,2008,Yanitza,10,AZ,1316,0.013
F,2008,Yara,10,AZ,1316,0.013
F,2008,Yuridia,10,AZ,1316,0.013
F,2008,Yvette,10,AZ,1316,0.013
F,2008,Yailin,9,AZ,1424,0.011
F,2008,Yasmine,8,AZ,1548,0.01
F,2008,Yulissa,8,AZ,1548,0.01
F,2008,Yolanda,7,AZ,1700,0.009
F,2008,Yulianna,7,AZ,1700,0.009
F,2008,Yahaira,6,AZ,1881,0.008
F,2008,Yanira,6,AZ,1881,0.008
F,2008,Yessenia,6,AZ,1881,0.008
F,2008,Yoselyn,6,AZ,1881,0.008
F,2008,Yaretzy,5,AZ,2113,0.006
F,2009,Yaretzi,25,AZ,610,0.034
F,2009,Yamileth,21,AZ,703,0.029
F,2009,Yareli,21,AZ,703,0.029
F,2009,Yamilet,20,AZ,732,0.027
F,2009,Yaritza,19,AZ,763,0.026
F,2009,Yuliana,19,AZ,763,0.026
F,2009,Yazmin,18,AZ,794,0.025
F,2009,Yesenia,17,AZ,832,0.023
F,2009,Yvette,15,AZ,928,0.02
F,2009,Yasmin,14,AZ,989,0.019
F,2009,Yoselin,13,AZ,1042,0.018
F,2009,Yuridia,12,AZ,1109,0.016
F,2009,Yasmine,11,AZ,1186,0.015
F,2009,Yahaira,9,AZ,1358,0.012
F,2009,Yulissa,9,AZ,1358,0.012
F,2009,Yadira,8,AZ,1483,0.011
F,2009,Yarely,8,AZ,1483,0.011
F,2009,Yoselyn,7,AZ,1629,0.01
F,2009,Yajaira,6,AZ,1797,0.008
F,2009,Yanitza,6,AZ,1797,0.008
F,2009,Yaretzy,6,AZ,1797,0.008
F,2009,Yazmine,5,AZ,2031,0.007
F,2009,Yessica,5,AZ,2031,0.007
F,2009,Ysabella,5,AZ,2031,0.007
F,2010,Yaretzi,42,AZ,380,0.061
F,2010,Yaritza,20,AZ,695,0.029
F,2010,Yamileth,18,AZ,765,0.026
F,2010,Yazmin,18,AZ,765,0.026
F,2010,Yesenia,18,AZ,765,0.026
F,2010,Yareli,16,AZ,854,0.023
F,2010,Yoselin,16,AZ,854,0.023
F,2010,Yamilet,12,AZ,1059,0.017
F,2010,Yadira,10,AZ,1217,0.015
F,2010,Yaretzy,10,AZ,1217,0.015
F,2010,Yasmin,9,AZ,1310,0.013
F,2010,Yulissa,8,AZ,1427,0.012
F,2010,Yolanda,7,AZ,1571,0.01
F,2010,Yvette,7,AZ,1571,0.01
F,2010,Yaneli,6,AZ,1738,0.009
F,2010,Yarely,6,AZ,1738,0.009
F,2010,Yessenia,6,AZ,1738,0.009
F,2010,Yuliana,6,AZ,1738,0.009
F,2010,Yvonne,6,AZ,1738,0.009
F,2010,Yahaira,5,AZ,1973,0.007
F,2010,Yasmine,5,AZ,1973,0.007
F,2010,Yazmine,5,AZ,1973,0.007
F,2010,Yulianna,5,AZ,1973,0.007
F,2011,Yaretzi,33,AZ,468,0.049
F,2011,Yaritza,25,AZ,583,0.037
F,2011,Yamileth,17,AZ,780,0.025
F,2011,Yamilet,13,AZ,976,0.019
F,2011,Yazmin,13,AZ,976,0.019
F,2011,Yesenia,13,AZ,976,0.019
F,2011,Yareli,8,AZ,1403,0.012
F,2011,Yasmine,8,AZ,1403,0.012
F,2011,Yoselin,8,AZ,1403,0.012
F,2011,Yuliana,8,AZ,1403,0.012
F,2011,Yahaira,7,AZ,1538,0.01
F,2011,Yarely,7,AZ,1538,0.01
F,2011,Yulissa,7,AZ,1538,0.01
F,2011,Yasmin,6,AZ,1704,0.009
F,2011,Yajaira,5,AZ,1936,0.007
F,2011,Yaretzy,5,AZ,1936,0.007
F,2011,Yulianna,5,AZ,1936,0.007
F,2011,Yvette,5,AZ,1936,0.007
F,2011,Yvonne,5,AZ,1936,0.007
F,2012,Yaretzi,37,AZ,435,0.054
F,2012,Yaritza,22,AZ,637,0.032
F,2012,Yareli,16,AZ,840,0.024
F,2012,Yamileth,14,AZ,952,0.021
F,2012,Yamilet,13,AZ,1006,0.019
F,2012,Yvette,12,AZ,1063,0.018
F,2012,Yaretzy,10,AZ,1207,0.015
F,2012,Yesenia,9,AZ,1305,0.013
F,2012,Yoselin,9,AZ,1305,0.013
F,2012,Yuliana,9,AZ,1305,0.013
F,2012,Yaneli,7,AZ,1581,0.01
F,2012,Yarely,7,AZ,1581,0.01
F,2012,Yasmine,7,AZ,1581,0.01
F,2012,Yadira,6,AZ,1760,0.009
F,2012,Yarel,6,AZ,1760,0.009
F,2012,Yasmin,6,AZ,1760,0.009
F,2012,Yazmin,6,AZ,1760,0.009
F,2012,Yulianna,6,AZ,1760,0.009
F,2012,Yara,5,AZ,1966,0.007
F,2012,Yatziri,5,AZ,1966,0.007
F,2012,Yazmine,5,AZ,1966,0.007
F,2012,Yessenia,5,AZ,1966,0.007
F,2012,Ysenia,5,AZ,1966,0.007
F,2012,Yvonne,5,AZ,1966,0.007
F,2013,Yaretzi,40,AZ,405,0.059
F,2013,Yaritza,17,AZ,795,0.025
F,2013,Yareli,16,AZ,836,0.024
F,2013,Yesenia,11,AZ,1116,0.016
F,2013,Yamileth,9,AZ,1292,0.013
F,2013,Yasmin,8,AZ,1418,0.012
F,2013,Yazmin,8,AZ,1418,0.012
F,2013,Yasmine,7,AZ,1555,0.01
F,2013,Yuliana,7,AZ,1555,0.01
F,2013,Yvette,7,AZ,1555,0.01
F,2013,Yahaira,6,AZ,1727,0.009
F,2013,Yamilet,6,AZ,1727,0.009
F,2013,Yulissa,6,AZ,1727,0.009
F,2013,Yvonne,6,AZ,1727,0.009
F,2013,Yara,5,AZ,1958,0.007
F,2014,Yaretzi,46,AZ,368,0.066
F,2014,Yamileth,22,AZ,679,0.032
F,2014,Yaritza,19,AZ,766,0.027
F,2014,Yareli,14,AZ,945,0.02
F,2014,Yesenia,11,AZ,1151,0.016
F,2014,Yuliana,11,AZ,1151,0.016
F,2014,Yamilet,10,AZ,1234,0.014
F,2014,Yvette,10,AZ,1234,0.014
F,2014,Yasmin,7,AZ,1598,0.01
F,2014,Yulianna,6,AZ,1784,0.009
F,2014,Yamilex,5,AZ,1988,0.007
F,2014,Yanitza,5,AZ,1988,0.007
F,2014,Yara,5,AZ,1988,0.007
F,2014,Yarely,5,AZ,1988,0.007
F,2014,Yasmeen,5,AZ,1988,0.007
F,2014,Yulissa,5,AZ,1988,0.007
F,2015,Yaretzi,29,AZ,526,0.043
F,2015,Yaritza,19,AZ,732,0.028
F,2015,Yareli,17,AZ,811,0.025
F,2015,Yamileth,14,AZ,947,0.021
F,2015,Yazmin,9,AZ,1329,0.013
F,2015,Yvette,9,AZ,1329,0.013
F,2015,Yaretzy,7,AZ,1567,0.01
F,2015,Yesenia,7,AZ,1567,0.01
F,2015,Yuliana,7,AZ,1567,0.01
F,2015,Yulissa,7,AZ,1567,0.01
F,2015,Yasmin,6,AZ,1737,0.009
F,2015,Yamilet,5,AZ,1974,0.007
F,2015,Yasmine,5,AZ,1974,0.007
F,2015,Yazaira,5,AZ,1974,0.007
F,2016,Yaretzi,38,AZ,411,0.057
F,2016,Yareli,17,AZ,832,0.025
F,2016,Yamileth,14,AZ,960,0.021
F,2016,Yesenia,12,AZ,1080,0.018
F,2016,Yazmin,11,AZ,1132,0.016
F,2016,Yuliana,10,AZ,1205,0.015
F,2016,Yaritza,9,AZ,1312,0.013
F,2016,Yamilet,8,AZ,1442,0.012
F,2016,Yasmin,8,AZ,1442,0.012
F,2016,Yatziri,7,AZ,1578,0.01
F,2016,Yara,6,AZ,1762,0.009
F,2016,Yaretzy,6,AZ,1762,0.009
F,2016,Yurani,6,AZ,1762,0.009
F,2016,Yessenia,5,AZ,1970,0.007
F,2016,Yolanda,5,AZ,1970,0.007
F,2016,Yulissa,5,AZ,1970,0.007
F,2017,Yaretzi,43,AZ,350,0.066
F,2017,Yaritza,18,AZ,783,0.028
F,2017,Yamileth,16,AZ,852,0.025
F,2017,Yareli,15,AZ,903,0.023
F,2017,Yaretzy,11,AZ,1125,0.017
F,2017,Yesenia,11,AZ,1125,0.017
F,2017,Yvette,9,AZ,1313,0.014
F,2017,Yamilet,8,AZ,1425,0.012
F,2017,Yarely,8,AZ,1425,0.012
F,2017,Yasmin,7,AZ,1569,0.011
F,2017,Yazmin,7,AZ,1569,0.011
F,2017,Yoselin,5,AZ,1950,0.008
F,2017,Yuliana,5,AZ,1950,0.008
F,2017,Yulianna,5,AZ,1950,0.008
F,2018,Yaretzi,46,AZ,324,0.072
F,2018,Yara,19,AZ,742,0.03
F,2018,Yareli,14,AZ,935,0.022
F,2018,Yamileth,11,AZ,1109,0.017
F,2018,Yaneli,11,AZ,1109,0.017
F,2018,Yaritza,11,AZ,1109,0.017
F,2018,Yazmin,7,AZ,1564,0.011
F,2018,Yulissa,7,AZ,1564,0.011
F,2018,Yurani,6,AZ,1715,0.009
F,2018,Yamilet,5,AZ,1932,0.008
F,2018,Yaretzy,5,AZ,1932,0.008
F,2018,Yesenia,5,AZ,1932,0.008
F,2018,Ysabella,5,AZ,1932,0.008
F,2019,Yaretzi,28,AZ,520,0.045
F,2019,Yaritza,18,AZ,782,0.029
F,2019,Yareli,13,AZ,984,0.021
F,2019,Yamileth,11,AZ,1114,0.018
F,2019,Yasmin,10,AZ,1195,0.016
F,2019,Yesenia,8,AZ,1408,0.013
F,2019,Yara,7,AZ,1548,0.011
F,2019,Yalitza,6,AZ,1719,0.01
F,2019,Yaretzy,6,AZ,1719,0.01
F,2019,Yasmine,6,AZ,1719,0.01
F,2019,Yvette,6,AZ,1719,0.01
F,2019,Yaneli,5,AZ,1927,0.008
F,2020,Yaretzi,30,AZ,483,0.05
F,2020,Yareli,10,AZ,1212,0.017
F,2020,Yesenia,10,AZ,1212,0.017
F,2020,Yazmin,9,AZ,1295,0.015
F,2020,Yara,7,AZ,1545,0.012
F,2020,Yaritza,7,AZ,1545,0.012
F,2020,Yuliana,7,AZ,1545,0.012
F,2020,Yamilet,6,AZ,1727,0.01
F,2020,Yamileth,6,AZ,1727,0.01
F,2020,Yaneli,6,AZ,1727,0.01
F,2020,Yusra,6,AZ,1727,0.01
F,2021,Yaretzi,21,AZ,661,0.035
F,2021,Yareli,14,AZ,951,0.023
F,2021,Yaritza,9,AZ,1314,0.015
F,2021,Yasmine,9,AZ,1314,0.015
F,2021,Yesenia,8,AZ,1426,0.013
F,2021,Yaneli,7,AZ,1566,0.012
F,2021,Yarely,7,AZ,1566,0.012
F,2021,Yasmin,7,AZ,1566,0.012
F,2021,Yamileth,6,AZ,1732,0.01
F,2021,Yara,6,AZ,1732,0.01
F,2021,Yuliana,6,AZ,1732,0.01
F,2021,Yazmin,5,AZ,1969,0.008
F,2022,Yaretzi,32,AZ,467,0.053
F,2022,Yara,15,AZ,911,0.025
F,2022,Yaneli,14,AZ,975,0.023
F,2022,Yareli,14,AZ,975,0.023
F,2022,Yamilet,13,AZ,1025,0.021
F,2022,Yelena,8,AZ,1453,0.013
F,2022,Yamileth,7,AZ,1574,0.012
F,2022,Yaritza,7,AZ,1574,0.012
F,2022,Yesenia,5,AZ,1963,0.008
F,2022,Ysabella,5,AZ,1963,0.008
F,2023,Yaretzi,31,AZ,471,0.051
F,2023,Yareli,15,AZ,915,0.025
F,2023,Yara,10,AZ,1233,0.017
F,2023,Yuliana,10,AZ,1233,0.017
F,2023,Yasmin,8,AZ,1438,0.013
F,2023,Yamileth,7,AZ,1585,0.012
F,2023,Yaritza,7,AZ,1585,0.012
F,2023,Yamilet,6,AZ,1776,0.01
F,2023,Yasmine,5,AZ,1998,0.008
F,2024,Yaretzi,25,AZ,592,0.041
F,2024,Yareli,12,AZ,1102,0.02
F,2024,Yara,11,AZ,1180,0.018
F,2024,Yasmin,8,AZ,1485,0.013
F,2024,Yamileth,7,AZ,1608,0.012
F,2024,Yaneli,6,AZ,1766,0.01
F,2024,Yuliana,6,AZ,1766,0.01
F,2024,Yadira,5,AZ,1971,0.008
F,2024,Yamilet,5,AZ,1971,0.008
F,2024,Yaritza,5,AZ,1971,0.008
F,2024,Yuna,5,AZ,1971,0.008
M,1916,Ygnacio,5,AZ,262,0.104
M,1917,Ygnacio,6,AZ,245,0.109
M,1919,Ygnacio,7,AZ,248,0.108
M,1920,Ygnacio,6,AZ,310,0.081
M,1928,Ygnacio,5,AZ,365,0.061
M,1929,Ygnacio,8,AZ,289,0.092
M,1929,Ysidro,7,AZ,317,0.081
M,1933,Ysidro,5,AZ,346,0.071
M,1976,Ysidro,5,AZ,914,0.015
M,1992,Ysidro,5,AZ,1374,0.009
M,1998,Yovani,5,AZ,1561,0.008
M,2001,Yair,6,AZ,1547,0.009
M,2002,Yahir,7,AZ,1405,0.01
M,2003,Yahir,33,AZ,486,0.045
M,2003,Yael,8,AZ,1365,0.011
M,2003,Yair,6,AZ,1650,0.008
M,2004,Yahir,31,AZ,525,0.041
M,2004,Yair,13,AZ,984,0.017
M,2004,Yael,9,AZ,1254,0.012
M,2005,Yahir,29,AZ,550,0.037
M,2005,Yael,6,AZ,1739,0.008
M,2005,Yovani,6,AZ,1739,0.008
M,2006,Yahir,33,AZ,524,0.039
M,2006,Yandel,13,AZ,1081,0.016
M,2006,Yair,10,AZ,1292,0.012
M,2006,Yael,7,AZ,1656,0.008
M,2007,Yahir,24,AZ,687,0.029
M,2007,Yael,16,AZ,939,0.019
M,2007,Yurem,11,AZ,1222,0.013
M,2007,Yair,10,AZ,1304,0.012
M,2007,Yandel,10,AZ,1304,0.012
M,2007,Yeshua,6,AZ,1853,0.007
M,2007,Yovani,5,AZ,2110,0.006
M,2008,Yahir,33,AZ,512,0.041
M,2008,Yandel,13,AZ,1083,0.016
M,2008,Yair,10,AZ,1316,0.013
M,2008,Yurem,10,AZ,1316,0.013
M,2008,Yael,9,AZ,1424,0.011
M,2008,Yahel,8,AZ,1548,0.01
M,2008,Yusuf,5,AZ,2113,0.006
M,2009,Yandel,19,AZ,763,0.026
M,2009,Yahir,17,AZ,832,0.023
M,2009,Yael,15,AZ,928,0.02
M,2009,Yurem,7,AZ,1629,0.01
M,2009,Yeshua,6,AZ,1797,0.008
M,2010,Yahir,27,AZ,536,0.039
M,2010,Yandel,10,AZ,1217,0.015
M,2010,Yael,8,AZ,1427,0.012
M,2011,Yahir,17,AZ,780,0.025
M,2011,Yandel,8,AZ,1403,0.012
M,2011,Yael,7,AZ,1538,0.01
M,2011,Yair,5,AZ,1936,0.007
M,2012,Yahir,16,AZ,840,0.024
M,2012,Yael,8,AZ,1447,0.012
M,2012,Yahya,5,AZ,1966,0.007
M,2013,Yahir,27,AZ,557,0.04
M,2013,Yael,11,AZ,1116,0.016
M,2013,Yadier,7,AZ,1555,0.01
M,2013,Yair,7,AZ,1555,0.01
M,2013,Yeshua,6,AZ,1727,0.009
M,2013,Yousef,6,AZ,1727,0.009
M,2013,Yandel,5,AZ,1958,0.007
M,2014,Yahir,22,AZ,679,0.032
M,2014,Yael,10,AZ,1234,0.014
M,2014,Yasiel,7,AZ,1598,0.01
M,2014,Yousif,7,AZ,1598,0.01
M,2014,Yadier,6,AZ,1784,0.009
M,2014,Yahel,6,AZ,1784,0.009
M,2014,Yair,6,AZ,1784,0.009
M,2014,Yusuf,6,AZ,1784,0.009
M,2014,Yeshua,5,AZ,1988,0.007
M,2014,Yousef,5,AZ,1988,0.007
M,2015,Yahir,8,AZ,1448,0.012
M,2015,Yael,6,AZ,1737,0.009
M,2015,Yoel,6,AZ,1737,0.009
M,2015,Yasin,5,AZ,1974,0.007
M,2015,Yusuf,5,AZ,1974,0.007
M,2016,Yahir,12,AZ,1080,0.018
M,2016,Yael,9,AZ,1312,0.013
M,2016,Yusuf,6,AZ,1762,0.009
M,2016,Yadier,5,AZ,1970,0.007
M,2016,Yousif,5,AZ,1970,0.007
M,2017,Yael,9,AZ,1313,0.014
M,2017,Yahir,9,AZ,1313,0.014
M,2017,Yadier,8,AZ,1425,0.012
M,2017,Yousef,8,AZ,1425,0.012
M,2017,Yadiel,6,AZ,1720,0.009
M,2017,Yasiel,6,AZ,1720,0.009
M,2017,Yasir,6,AZ,1720,0.009
M,2017,Yahya,5,AZ,1950,0.008
M,2017,Yusuf,5,AZ,1950,0.008
M,2018,Yasiel,11,AZ,1109,0.017
M,2018,Yahir,10,AZ,1204,0.016
M,2018,Yousif,9,AZ,1299,0.014
M,2018,Yadiel,8,AZ,1409,0.013
M,2018,Yusuf,7,AZ,1564,0.011
M,2018,Yadier,6,AZ,1715,0.009
M,2018,Yahya,6,AZ,1715,0.009
M,2018,Yousef,6,AZ,1715,0.009
M,2018,Yael,5,AZ,1932,0.008
M,2019,Yael,12,AZ,1046,0.019
M,2019,Yadiel,9,AZ,1296,0.015
M,2019,Yahir,9,AZ,1296,0.015
M,2019,Yoel,8,AZ,1408,0.013
M,2019,Yusuf,8,AZ,1408,0.013
M,2019,Yariel,5,AZ,1927,0.008
M,2019,Yuvaan,5,AZ,1927,0.008
M,2020,Yael,12,AZ,1054,0.02
M,2020,Yadiel,9,AZ,1295,0.015
M,2020,Yahir,9,AZ,1295,0.015
M,2020,Yoel,5,AZ,1929,0.008
M,2021,Yael,14,AZ,951,0.023
M,2021,Yadiel,7,AZ,1566,0.012
M,2021,Yadier,7,AZ,1566,0.012
M,2021,Yahir,7,AZ,1566,0.012
M,2021,Yaseen,6,AZ,1732,0.01
M,2021,Yusuf,6,AZ,1732,0.01
M,2021,Yair,5,AZ,1969,0.008
M,2022,Yael,14,AZ,975,0.023
M,2022,Yahir,11,AZ,1151,0.018
M,2022,Yadiel,8,AZ,1453,0.013
M,2022,Yair,6,AZ,1750,0.01
M,2022,Yeshua,5,AZ,1963,0.008
M,2023,Yair,14,AZ,967,0.023
M,2023,Yael,12,AZ,1087,0.02
M,2023,Yadiel,9,AZ,1328,0.015
M,2023,Yousef,8,AZ,1438,0.013
M,2023,Yahir,6,AZ,1776,0.01
M,2023,Yusuf,6,AZ,1776,0.01
M,2024,Yahir,17,AZ,828,0.028
M,2024,Yadiel,12,AZ,1102,0.02
M,2024,Yael,12,AZ,1102,0.02
M,2024,Yohan,7,AZ,1608,0.012
M,2024,Yadier,5,AZ,1971,0.008
M,2024,Yousef,5,AZ,1971,0.008
F,1915,Yvonne,5,IN,703,0.012
F,1916,Yvonne,6,IN,634,0.014
F,1918,Yvonne,5,IN,749,0.01
F,1919,Yvonne,5,IN,707,0.011
F,1920,Yvonne,11,IN,482,0.022
F,1921,Yvonne,10,IN,516,0.019
F,1922,Yolanda,9,IN,533,0.018
F,1922,Yvonne,7,IN,614,0.014
F,1923,Yvonne,13,IN,449,0.025
F,1923,Yolanda,7,IN,608,0.013
F,1924,Yvonne,15,IN,427,0.027
F,1924,Yolanda,5,IN,764,0.009
F,1925,Yvonne,13,IN,444,0.025
F,1925,Yolanda,6,IN,655,0.011
F,1926,Yvonne,13,IN,428,0.025
F,1927,Yvonne,18,IN,380,0.035
F,1928,Yvonne,20,IN,341,0.039
F,1929,Yvonne,19,IN,351,0.038
F,1930,Yvonne,11,IN,455,0.022
F,1931,Yvonne,32,IN,254,0.067
F,1932,Yvonne,16,IN,370,0.035
F,1932,Yolanda,6,IN,624,0.013
F,1933,Yvonne,18,IN,333,0.041
F,1934,Yvonne,22,IN,302,0.049
F,1934,Yolanda,6,IN,595,0.013
F,1935,Yvonne,35,IN,240,0.076
F,1936,Yvonne,41,IN,212,0.087
F,1937,Yvonne,40,IN,219,0.081
F,1937,Yolanda,9,IN,516,0.018
F,1938,Yvonne,28,IN,290,0.053
F,1938,Yolanda,7,IN,610,0.013
F,1939,Yvonne,37,IN,235,0.071
F,1939,Yolanda,5,IN,701,0.01
F,1940,Yvonne,30,IN,277,0.054
F,1941,Yvonne,26,IN,310,0.044
F,1942,Yvonne,19,IN,393,0.029
F,1943,Yvonne,30,IN,308,0.045
F,1943,Yolanda,5,IN,807,0.007
F,1944,Yvonne,20,IN,376,0.031
F,1945,Yvonne,26,IN,320,0.042
F,1945,Yolanda,5,IN,768,0.008
F,1946,Yvonne,38,IN,289,0.049
F,1947,Yvonne,55,IN,252,0.062
F,1947,Yolanda,13,IN,563,0.015
F,1948,Yvonne,42,IN,291,0.05
F,1948,Yolanda,14,IN,548,0.017
F,1949,Yvonne,64,IN,223,0.074
F,1949,Yolanda,16,IN,505,0.018
F,1950,Yvonne,63,IN,226,0.073
F,1950,Yolanda,14,IN,534,0.016
F,1950,Yvette,8,IN,708,0.009
F,1951,Yvonne,54,IN,270,0.057
F,1951,Yolanda,18,IN,496,0.019
F,1952,Yvonne,68,IN,236,0.07
F,1952,Yolanda,23,IN,452,0.024
F,1953,Yvonne,67,IN,242,0.069
F,1953,Yolanda,16,IN,547,0.016
F,1953,Yvette,6,IN,892,0.006
F,1954,Yvonne,71,IN,247,0.07
F,1954,Yolanda,23,IN,463,0.023
F,1955,Yvonne,62,IN,275,0.061
F,1955,Yolanda,17,IN,553,0.017
F,1955,Yvette,8,IN,818,0.008
F,1956,Yvonne,56,IN,303,0.053
F,1956,Yolanda,30,IN,426,0.028
F,1956,Yvette,6,IN,984,0.006
F,1957,Yvonne,72,IN,270,0.067
F,1957,Yolanda,30,IN,451,0.028
F,1957,Yvette,6,IN,1020,0.006
F,1958,Yvonne,61,IN,293,0.058
F,1958,Yolanda,27,IN,467,0.026
F,1958,Yvette,10,IN,804,0.01
F,1959,Yvonne,68,IN,283,0.065
F,1959,Yolanda,32,IN,444,0.031
F,1959,Yvette,9,IN,852,0.009
F,1959,Yolonda,6,IN,1039,0.006
F,1960,Yvonne,64,IN,298,0.061
F,1960,Yolanda,32,IN,448,0.031
F,1960,Yvette,17,IN,620,0.016
F,1961,Yvonne,69,IN,279,0.066
F,1961,Yolanda,34,IN,427,0.033
F,1961,Yvette,20,IN,569,0.019
F,1962,Yvonne,64,IN,288,0.064
F,1962,Yvette,34,IN,425,0.034
F,1962,Yolanda,32,IN,445,0.032
F,1963,Yvonne,55,IN,308,0.056
F,1963,Yolanda,38,IN,398,0.039
F,1963,Yvette,33,IN,429,0.034
F,1963,Yolonda,5,IN,1137,0.005
F,1964,Yvonne,48,IN,340,0.049
F,1964,Yolanda,37,IN,402,0.038
F,1964,Yvette,29,IN,464,0.03
F,1964,Yolonda,6,IN,1037,0.006
F,1965,Yvonne,55,IN,292,0.061
F,1965,Yolanda,35,IN,393,0.039
F,1965,Yvette,26,IN,486,0.029
F,1965,Yolonda,6,IN,994,0.007
F,1966,Yvonne,65,IN,257,0.074
F,1966,Yvette,40,IN,352,0.046
F,1966,Yolanda,35,IN,382,0.04
F,1967,Yvette,50,IN,299,0.058
F,1967,Yvonne,46,IN,323,0.054
F,1967,Yolanda,43,IN,336,0.05
F,1968,Yolanda,68,IN,236,0.081
F,1968,Yvonne,49,IN,293,0.059
F,1968,Yvette,33,IN,399,0.039
F,1969,Yolanda,72,IN,230,0.084
F,1969,Yvonne,44,IN,334,0.051
F,1969,Yvette,26,IN,479,0.03
F,1969,Yolonda,5,IN,1117,0.006
F,1970,Yolanda,54,IN,287,0.059
F,1970,Yvonne,41,IN,368,0.045
F,1970,Yvette,29,IN,461,0.032
F,1971,Yolanda,61,IN,265,0.07
F,1971,Yvonne,38,IN,369,0.044
F,1971,Yvette,35,IN,387,0.04
F,1971,Yolonda,7,IN,980,0.008
F,1972,Yolanda,82,IN,193,0.104
F,1972,Yvonne,32,IN,383,0.041
F,1972,Yvette,27,IN,442,0.034
F,1972,Yolonda,5,IN,1144,0.006
F,1972,Yulonda,5,IN,1144,0.006
F,1973,Yolanda,57,IN,245,0.076
F,1973,Yvonne,27,IN,413,0.036
F,1973,Yvette,12,IN,682,0.016
F,1974,Yolanda,41,IN,299,0.055
F,1974,Yvonne,29,IN,390,0.039
F,1974,Yvette,11,IN,730,0.015
F,1975,Yolanda,40,IN,304,0.054
F,1975,Yvonne,18,IN,531,0.024
F,1975,Yvette,13,IN,647,0.018
F,1976,Yolanda,31,IN,348,0.043
F,1976,Yvonne,18,IN,507,0.025
F,1976,Yvette,8,IN,857,0.011
F,1977,Yolanda,31,IN,370,0.041
F,1977,Yvette,13,IN,625,0.017
F,1977,Yvonne,11,IN,706,0.015
F,1978,Yolanda,23,IN,426,0.031
F,1978,Yvonne,13,IN,641,0.018
F,1978,Yvette,5,IN,1133,0.007
F,1979,Yolanda,30,IN,365,0.039
F,1979,Yvonne,26,IN,413,0.034
F,1979,Yvette,14,IN,613,0.018
F,1980,Yvonne,20,IN,477,0.025
F,1980,Yolanda,16,IN,575,0.02
F,1980,Yvette,8,IN,899,0.01
F,1981,Yolanda,14,IN,592,0.019
F,1981,Yvonne,12,IN,661,0.016
F,1982,Yolanda,13,IN,627,0.017
F,1982,Yvonne,13,IN,627,0.017
F,1982,Yvette,5,IN,1123,0.007
F,1983,Yvonne,12,IN,627,0.017
F,1983,Yolanda,6,IN,997,0.008
F,1984,Yolanda,10,IN,709,0.014
F,1984,Yvonne,9,IN,768,0.013
F,1985,Yvonne,11,IN,681,0.015
F,1985,Yolanda,7,IN,928,0.01
F,1986,Yvonne,9,IN,774,0.013
F,1986,Yolanda,5,IN,1149,0.007
F,1987,Yvonne,6,IN,1023,0.009
F,1988,Yolanda,9,IN,832,0.012
F,1988,Yvette,7,IN,972,0.01
F,1988,Yvonne,7,IN,972,0.01
F,1989,Yvonne,7,IN,1010,0.009
F,1989,Yolanda,5,IN,1244,0.007
F,1990,Yolanda,7,IN,1070,0.009
F,1991,Yesenia,5,IN,1312,0.007
F,1992,Yvonne,5,IN,1322,0.007
F,1994,Yasmine,6,IN,1215,0.009
F,1995,Yesenia,8,IN,1018,0.011
F,1996,Yesenia,6,IN,1237,0.009
F,1996,Yolanda,6,IN,1237,0.009
F,1997,Yesenia,10,IN,905,0.014
F,1997,Yasmin,6,IN,1293,0.009
F,1997,Yvonne,6,IN,1293,0.009
F,1997,Yasmine,5,IN,1466,0.007
F,1998,Yolanda,10,IN,962,0.014
F,1998,Yesenia,7,IN,1195,0.01
F,1998,Yasmin,5,IN,1484,0.007
F,1999,Yesenia,8,IN,1128,0.011
F,1999,Yasmine,7,IN,1230,0.01
F,2000,Yesenia,12,IN,873,0.017
F,2000,Yadira,7,IN,1248,0.01
F,2000,Yasmin,7,IN,1248,0.01
F,2000,Yvonne,7,IN,1248,0.01
F,2000,Yasmine,5,IN,1565,0.007
F,2001,Yesenia,10,IN,1000,0.014
F,2001,Yasmine,9,IN,1078,0.013
F,2001,Yasmin,8,IN,1177,0.011
F,2001,Yazmin,7,IN,1293,0.01
F,2002,Yesenia,12,IN,872,0.017
F,2002,Yasmin,10,IN,1004,0.014
F,2002,Yadira,5,IN,1611,0.007
F,2002,Yasmine,5,IN,1611,0.007
F,2003,Yesenia,16,IN,741,0.023
F,2003,Yasmin,10,IN,1031,0.014
F,2003,Yasmine,9,IN,1108,0.013
F,2003,Yessenia,5,IN,1657,0.007
F,2003,Yvette,5,IN,1657,0.007
F,2004,Yesenia,11,IN,1005,0.015
F,2004,Yadira,9,IN,1116,0.013
F,2004,Yasmin,9,IN,1116,0.013
F,2004,Yasmine,8,IN,1214,0.011
F,2004,Yajaira,6,IN,1480,0.008
F,2004,Yoselin,5,IN,1693,0.007
F,2005,Yasmin,14,IN,855,0.02
F,2005,Yadira,7,IN,1385,0.01
F,2005,Yareli,6,IN,1525,0.008
F,2005,Yesenia,6,IN,1525,0.008
F,2005,Yasmine,5,IN,1713,0.007
F,2006,Yasmin,16,IN,793,0.022
F,2006,Yesenia,12,IN,979,0.017
F,2006,Yazmin,9,IN,1202,0.013
F,2006,Yuridia,8,IN,1319,0.011
F,2006,Yaretzi,7,IN,1448,0.01
F,2006,Yareli,6,IN,1628,0.008
F,2006,Yasmine,6,IN,1628,0.008
F,2006,Yulissa,5,IN,1855,0.007
F,2007,Yasmin,13,IN,959,0.018
F,2007,Yazmin,12,IN,1011,0.017
F,2007,Yoselin,9,IN,1271,0.012
F,2007,Yuridia,9,IN,1271,0.012
F,2007,Yesenia,8,IN,1379,0.011
F,2007,Yadira,7,IN,1494,0.01
F,2007,Yaretzi,5,IN,1883,0.007
F,2007,Yuliana,5,IN,1883,0.007
F,2008,Yasmin,13,IN,952,0.018
F,2008,Yareli,12,IN,1018,0.017
F,2008,Yazmin,10,IN,1155,0.014
F,2008,Yoselin,7,IN,1490,0.01
F,2008,Yuliana,7,IN,1490,0.01
F,2008,Yesenia,6,IN,1673,0.008
F,2008,Yaretzi,5,IN,1874,0.007
F,2008,Yasmine,5,IN,1874,0.007
F,2008,Yvette,5,IN,1874,0.007
F,2009,Yareli,9,IN,1275,0.013
F,2009,Yasmin,7,IN,1539,0.01
F,2009,Yazmine,6,IN,1710,0.009
F,2009,Yesenia,6,IN,1710,0.009
F,2009,Yadira,5,IN,1937,0.007
F,2009,Yarel,5,IN,1937,0.007
F,2009,Yaretzi,5,IN,1937,0.007
F,2010,Yaretzi,13,IN,923,0.02
F,2010,Yareli,9,IN,1243,0.014
F,2010,Yoselin,9,IN,1243,0.014
F,2010,Yasmin,6,IN,1680,0.009
F,2011,Yaretzi,12,IN,986,0.018
F,2011,Yareli,11,IN,1056,0.017
F,2011,Yamileth,6,IN,1650,0.009
F,2011,Yarely,6,IN,1650,0.009
F,2011,Yasmin,6,IN,1650,0.009
F,2011,Yaretzy,5,IN,1865,0.008
F,2011,Yaritza,5,IN,1865,0.008
F,2011,Yazmin,5,IN,1865,0.008
F,2011,Yesenia,5,IN,1865,0.008
F,2012,Yaretzi,14,IN,902,0.021
F,2012,Yareli,7,IN,1491,0.011
F,2012,Yaritza,6,IN,1658,0.009
F,2012,Yasmin,6,IN,1658,0.009
F,2012,Yazmin,5,IN,1889,0.008
F,2013,Yaretzi,14,IN,888,0.021
F,2013,Yareli,10,IN,1161,0.015
F,2013,Yaritza,7,IN,1501,0.011
F,2013,Yuna,5,IN,1882,0.008
F,2014,Yaretzi,14,IN,942,0.021
F,2014,Yamileth,7,IN,1527,0.011
F,2014,Yareli,7,IN,1527,0.011
F,2014,Yaritza,6,IN,1701,0.009
F,2014,Yasmin,6,IN,1701,0.009
F,2015,Yaretzi,12,IN,1036,0.018
F,2015,Yuliana,6,IN,1730,0.009
F,2015,Yamileth,5,IN,1968,0.007
F,2015,Yana,5,IN,1968,0.007
F,2015,Yaritza,5,IN,1968,0.007
F,2016,Yaretzi,9,IN,1292,0.014
F,2016,Yasmin,8,IN,1402,0.012
F,2016,Yareli,6,IN,1717,0.009
F,2016,Yasmine,5,IN,1955,0.008
F,2016,Yazmin,5,IN,1955,0.008
F,2016,Yuritzi,5,IN,1955,0.008
F,2017,Yaretzi,15,IN,904,0.023
F,2017,Yareli,8,IN,1429,0.012
F,2017,Yamileth,5,IN,1955,0.008
F,2017,Yasmin,5,IN,1955,0.008
F,2017,Yoselin,5,IN,1955,0.008
F,2018,Yaretzi,11,IN,1128,0.017
F,2018,Yareli,7,IN,1570,0.011
F,2018,Yamileth,5,IN,1966,0.008
F,2018,Yara,5,IN,1966,0.008
F,2019,Yaritza,10,IN,1222,0.016
F,2019,Yareli,6,IN,1712,0.01
F,2019,Yaretzy,5,IN,1948,0.008
F,2020,Yara,10,IN,1211,0.017
F,2020,Yaretzi,10,IN,1211,0.017
F,2020,Yareli,7,IN,1557,0.012
F,2020,Yamileth,5,IN,1921,0.008
F,2020,Yuri,5,IN,1921,0.008
F,2020,Yvonne,5,IN,1921,0.008
F,2021,Yaretzi,7,IN,1598,0.011
F,2021,Yara,5,IN,1991,0.008
F,2022,Yaretzi,10,IN,1223,0.017
F,2022,Yara,9,IN,1329,0.015
F,2022,Yoselin,7,IN,1597,0.012
F,2022,Yareli,5,IN,1989,0.008
F,2022,Yaritza,5,IN,1989,0.008
F,2022,Yasmin,5,IN,1989,0.008
F,2022,Yazmin,5,IN,1989,0.008
F,2023,Yara,6,IN,1769,0.01
F,2023,Yaretzi,5,IN,2006,0.008
F,2024,Yamileth,7,IN,1588,0.012
F,2024,Yuliana,6,IN,1759,0.01
F,2024,Yashna,5,IN,1990,0.008
F,2024,Yasmin,5,IN,1990,0.008
F,2024,Yuri,5,IN,1990,0.008
M,1959,Yancy,7,IN,966,0.007
M,1974,Yancy,7,IN,942,0.009
M,1979,Yancy,5,IN,1164,0.006
M,2002,Yahir,5,IN,1611,0.007
M,2002,Yusuf,5,IN,1611,0.007
M,2003,Yahir,18,IN,687,0.025
M,2004,Yahir,12,IN,951,0.017
M,2004,Yair,5,IN,1693,0.007
M,2005,Yahir,8,IN,1283,0.011
M,2006,Yahir,11,IN,1044,0.015
M,2006,Yusuf,6,IN,1628,0.008
M,2006,Yair,5,IN,1855,0.007
M,2006,Yandel,5,IN,1855,0.007
M,2007,Yahir,11,IN,1082,0.015
M,2007,Yandel,6,IN,1677,0.008
M,2008,Yahir,11,IN,1077,0.016
M,2008,Yandel,9,IN,1252,0.013
M,2008,Yurem,7,IN,1490,0.01
M,2008,Yael,5,IN,1874,0.007
M,2009,Yahir,9,IN,1275,0.013
M,2009,Yandel,8,IN,1394,0.012
M,2010,Yahir,13,IN,923,0.02
M,2011,Yahir,12,IN,986,0.018
M,2012,Yahir,7,IN,1491,0.011
M,2012,Yair,6,IN,1658,0.009
M,2013,Yahir,5,IN,1882,0.008
M,2013,Yair,5,IN,1882,0.008
M,2013,Yusuf,5,IN,1882,0.008
M,2014,Yahir,7,IN,1527,0.011
M,2014,Yusuf,7,IN,1527,0.011
M,2014,Yeshua,6,IN,1701,0.009
M,2014,Yael,5,IN,1899,0.008
M,2015,Yousef,6,IN,1730,0.009
M,2016,Yahir,5,IN,1955,0.008
M,2016,Yusuf,5,IN,1955,0.008
M,2017,Yadier,5,IN,1955,0.008
M,2018,Yousef,5,IN,1966,0.008
M,2019,Yahya,5,IN,1948,0.008
M,2019,Yasir,5,IN,1948,0.008
M,2019,Yousef,5,IN,1948,0.008
M,2020,Yahya,6,IN,1719,0.01
M,2020,Yahir,5,IN,1921,0.008
M,2021,Yael,5,IN,1991,0.008
M,2023,Yael,8,IN,1457,0.013
M,2023,Yousef,8,IN,1457,0.013
M,2023,Yasir,6,IN,1769,0.01
M,2023,Yaseen,5,IN,2006,0.008
M,2023,Yusuf,5,IN,2006,0.008
M,2024,Yael,7,IN,1588,0.012
M,2024,Yohan,6,IN,1759,0.01
M,2024,Yuvraj,6,IN,1759,0.01
M,2024,Yeshua,5,IN,1990,0.008
F,1919,Yvonne,9,GA,750,0.013
F,1920,Yvonne,6,GA,950,0.009
F,1921,Yvonne,12,GA,632,0.018
F,1922,Yvonne,6,GA,956,0.009
F,1923,Yvonne,8,GA,754,0.013
F,1924,Yvonne,14,GA,527,0.023
F,1925,Yvonne,6,GA,877,0.009
F,1926,Yvonne,5,GA,947,0.009
F,1927,Yvonne,6,GA,863,0.01
F,1928,Yvonne,17,GA,468,0.029
F,1929,Yvonne,7,GA,763,0.012
F,1930,Yvonne,12,GA,556,0.021
F,1931,Yvonne,8,GA,699,0.014
F,1932,Yvonne,12,GA,569,0.02
F,1933,Yvonne,15,GA,482,0.027
F,1934,Yvonne,21,GA,410,0.036
F,1935,Yvonne,63,GA,213,0.107
F,1936,Yvonne,55,GA,229,0.095
F,1937,Yvonne,80,GA,171,0.135
F,1938,Yvonne,72,GA,193,0.119
F,1939,Yvonne,67,GA,208,0.109
F,1940,Yvonne,55,GA,248,0.087
F,1941,Yvonne,44,GA,292,0.068
F,1942,Yvonne,46,GA,299,0.065
F,1943,Yvonne,52,GA,277,0.071
F,1944,Yvonne,46,GA,307,0.064
F,1945,Yvonne,45,GA,300,0.065
F,1946,Yvonne,64,GA,255,0.08
F,1947,Yvonne,78,GA,233,0.088
F,1948,Yvonne,59,GA,282,0.069
F,1949,Yvonne,66,GA,269,0.076
F,1950,Yvonne,83,GA,216,0.097
F,1951,Yvonne,94,GA,204,0.107
F,1951,Yolanda,8,GA,839,0.009
F,1952,Yvonne,97,GA,197,0.107
F,1952,Yvette,5,GA,1102,0.006
F,1953,Yvonne,108,GA,182,0.118
F,1953,Yolanda,12,GA,722,0.013
F,1954,Yvonne,88,GA,223,0.093
F,1954,Yolanda,12,GA,733,0.013
F,1954,Yvette,7,GA,943,0.007
F,1955,Yvonne,111,GA,188,0.117
F,1955,Yolanda,29,GA,470,0.031
F,1955,Yvette,8,GA,915,0.008
F,1956,Yvonne,116,GA,180,0.12
F,1956,Yolanda,25,GA,528,0.026
F,1956,Yvette,13,GA,727,0.013
F,1957,Yvonne,107,GA,195,0.112
F,1957,Yolanda,23,GA,551,0.024
F,1957,Yvette,10,GA,831,0.01
F,1958,Yvonne,99,GA,206,0.106
F,1958,Yolanda,26,GA,509,0.028
F,1958,Yvette,22,GA,566,0.024
F,1959,Yvonne,68,GA,277,0.073
F,1959,Yolanda,39,GA,407,0.042
F,1959,Yvette,20,GA,600,0.022
F,1960,Yvonne,77,GA,251,0.083
F,1960,Yolanda,42,GA,395,0.045
F,1960,Yvette,24,GA,544,0.026
F,1961,Yvonne,70,GA,276,0.076
F,1961,Yolanda,42,GA,390,0.045
F,1961,Yvette,28,GA,507,0.03
F,1962,Yvonne,82,GA,245,0.091
F,1962,Yolanda,50,GA,341,0.055
F,1962,Yvette,27,GA,511,0.03
F,1962,Yolonda,5,GA,1215,0.006
F,1963,Yvonne,53,GA,331,0.059
F,1963,Yolanda,49,GA,350,0.054
F,1963,Yvette,20,GA,610,0.022
F,1964,Yolanda,80,GA,244,0.087
F,1964,Yvonne,52,GA,348,0.057
F,1964,Yvette,30,GA,485,0.033
F,1964,Yvonnie,5,GA,1280,0.005
F,1965,Yolanda,81,GA,234,0.095
F,1965,Yvonne,51,GA,335,0.06
F,1965,Yvette,30,GA,463,0.035
F,1965,Yolonda,5,GA,1237,0.006
F,1966,Yolanda,98,GA,185,0.121
F,1966,Yvonne,53,GA,306,0.066
F,1966,Yvette,31,GA,440,0.038
F,1967,Yolanda,83,GA,207,0.107
F,1967,Yvette,42,GA,351,0.054
F,1967,Yvonne,29,GA,446,0.037
F,1968,Yolanda,133,GA,135,0.169
F,1968,Yvonne,36,GA,384,0.046
F,1968,Yvette,32,GA,419,0.041
F,1968,Yolonda,7,GA,1029,0.009
F,1968,Yulanda,5,GA,1210,0.006
F,1969,Yolanda,129,GA,142,0.159
F,1969,Yvonne,33,GA,419,0.041
F,1969,Yvette,29,GA,446,0.036
F,1970,Yolanda,124,GA,157,0.145
F,1970,Yvonne,37,GA,408,0.043
F,1970,Yvette,31,GA,456,0.036
F,1971,Yolanda,150,GA,119,0.181
F,1971,Yvonne,27,GA,501,0.033
F,1971,Yvette,15,GA,700,0.018
F,1971,Yolonda,5,GA,1307,0.006
F,1972,Yolanda,172,GA,97,0.225
F,1972,Yvonne,28,GA,469,0.037
F,1972,Yvette,25,GA,509,0.033
F,1972,Yolonda,9,GA,916,0.012
F,1972,Yulonda,5,GA,1281,0.007
F,1973,Yolanda,116,GA,137,0.158
F,1973,Yvonne,20,GA,550,0.027
F,1973,Yashica,11,GA,806,0.015
F,1973,Yvette,8,GA,963,0.011
F,1973,Yulanda,6,GA,1117,0.008
F,1974,Yolanda,132,GA,120,0.186
F,1974,Yvonne,19,GA,577,0.027
F,1974,Yashica,10,GA,841,0.014
F,1974,Yvette,8,GA,962,0.011
F,1974,Yalonda,5,GA,1277,0.007
F,1974,Yolonda,5,GA,1277,0.007
F,1975,Yolanda,105,GA,139,0.156
F,1975,Yvonne,28,GA,437,0.042
F,1975,Yvette,16,GA,618,0.024
F,1975,Yashica,10,GA,846,0.015
F,1975,Yolonda,9,GA,903,0.013
F,1976,Yolanda,71,GA,195,0.107
F,1976,Yvonne,27,GA,442,0.041
F,1976,Yashica,14,GA,663,0.021
F,1976,Yolonda,6,GA,1138,0.009
F,1976,Yvette,5,GA,1291,0.008
F,1977,Yolanda,89,GA,168,0.126
F,1977,Yvonne,9,GA,916,0.013
F,1977,Yvette,7,GA,1079,0.01
F,1977,Yolonda,5,GA,1339,0.007
F,1978,Yolanda,94,GA,157,0.134
F,1978,Yvonne,12,GA,786,0.017
F,1978,Yashica,10,GA,874,0.014
F,1978,Yolonda,7,GA,1098,0.01
F,1979,Yolanda,93,GA,152,0.128
F,1979,Yashica,16,GA,640,0.022
F,1979,Yvonne,11,GA,821,0.015
F,1979,Yolonda,6,GA,1237,0.008
F,1979,Yolando,5,GA,1381,0.007
F,1979,Yulanda,5,GA,1381,0.007
F,1979,Yvette,5,GA,1381,0.007
F,1980,Yolanda,83,GA,185,0.109
F,1980,Yvonne,16,GA,667,0.021
F,1980,Yashica,15,GA,701,0.02
F,1980,Yolonda,9,GA,977,0.012
F,1980,Yvette,8,GA,1061,0.01
F,1980,Yalonda,6,GA,1257,0.008
F,1981,Yolanda,72,GA,206,0.096
F,1981,Yvonne,15,GA,675,0.02
F,1981,Yashica,12,GA,785,0.016
F,1981,Yolonda,11,GA,829,0.015
F,1981,Yvette,6,GA,1222,0.008
F,1981,Yoshida,5,GA,1378,0.007
F,1982,Yolanda,67,GA,217,0.089
F,1982,Yvonne,11,GA,812,0.015
F,1982,Yvette,7,GA,1111,0.009
F,1982,Yalanda,5,GA,1386,0.007
F,1982,Yolonda,5,GA,1386,0.007
F,1983,Yolanda,62,GA,224,0.082
F,1983,Yvonne,11,GA,801,0.015
F,1983,Yvette,10,GA,868,0.013
F,1984,Yolanda,54,GA,256,0.07
F,1984,Yolonda,6,GA,1242,0.008
F,1984,Yvonne,5,GA,1391,0.006
F,1985,Yolanda,53,GA,272,0.066
F,1985,Yvonne,13,GA,752,0.016
F,1985,Yasmin,8,GA,1051,0.01
F,1985,Yasheka,5,GA,1425,0.006
F,1986,Yolanda,34,GA,397,0.042
F,1986,Yvonne,9,GA,991,0.011
F,1986,Yvette,8,GA,1074,0.01
F,1987,Yolanda,40,GA,349,0.047
F,1987,Yasmine,5,GA,1520,0.006
F,1987,Yvonne,5,GA,1520,0.006
F,1988,Yolanda,33,GA,425,0.038
F,1988,Yvonne,7,GA,1246,0.008
F,1988,Yasmine,6,GA,1372,0.007
F,1989,Yolanda,26,GA,523,0.028
F,1989,Yasmin,11,GA,966,0.012
F,1989,Yvonne,8,GA,1193,0.009
F,1989,Yvette,6,GA,1452,0.007
F,1989,Yasmeen,5,GA,1658,0.005
F,1990,Yolanda,22,GA,594,0.024
F,1990,Yasmin,13,GA,897,0.014
F,1990,Yasmine,11,GA,998,0.012
F,1990,Yvette,7,GA,1386,0.008
F,1990,Yvonne,6,GA,1538,0.006
F,1990,Yesenia,5,GA,1727,0.005
F,1991,Yolanda,19,GA,676,0.021
F,1991,Yasmin,13,GA,908,0.014
F,1991,Yasmine,13,GA,908,0.014
F,1991,Yesenia,7,GA,1403,0.008
F,1991,Yvonne,6,GA,1560,0.007
F,1991,Yakira,5,GA,1762,0.006
F,1992,Yasmine,16,GA,763,0.018
F,1992,Yolanda,16,GA,763,0.018
F,1992,Yasmin,11,GA,1027,0.012
F,1992,Yvonne,9,GA,1195,0.01
F,1992,Yesenia,8,GA,1304,0.009
F,1992,Yasmeen,6,GA,1595,0.007
F,1993,Yasmine,20,GA,647,0.023
F,1993,Yasmin,12,GA,938,0.014
F,1993,Yesenia,12,GA,938,0.014
F,1993,Yolanda,11,GA,1005,0.012
F,1993,Yvonne,7,GA,1400,0.008
F,1993,Yasmeen,6,GA,1584,0.007
F,1993,Yazmin,5,GA,1786,0.006
F,1994,Yasmine,14,GA,870,0.016
F,1994,Yesenia,14,GA,870,0.016
F,1994,Yasmin,11,GA,1060,0.012
F,1994,Yolanda,10,GA,1144,0.011
F,1994,Yvonne,10,GA,1144,0.011
F,1994,Yvette,7,GA,1451,0.008
F,1994,Yasmeen,6,GA,1619,0.007
F,1995,Yasmine,34,GA,474,0.038
F,1995,Yesenia,20,GA,686,0.022
F,1995,Yasmeen,13,GA,951,0.015
F,1995,Yasmin,12,GA,1016,0.013
F,1995,Yolanda,12,GA,1016,0.013
F,1995,Yvette,6,GA,1648,0.007
F,1996,Yasmine,41,GA,411,0.046
F,1996,Yasmin,21,GA,690,0.023
F,1996,Yadira,9,GA,1258,0.01
F,1996,Yesenia,8,GA,1371,0.009
F,1996,Yasmeen,7,GA,1505,0.008
F,1996,Yvette,7,GA,1505,0.008
F,1996,Yolanda,6,GA,1685,0.007
F,1997,Yasmine,37,GA,470,0.04
F,1997,Yesenia,21,GA,716,0.023
F,1997,Yasmin,14,GA,944,0.015
F,1997,Yasmeen,13,GA,1000,0.014
F,1997,Yolanda,9,GA,1301,0.01
F,1997,Yakira,8,GA,1413,0.009
F,1997,Yulissa,7,GA,1564,0.008
F,1997,Yadira,6,GA,1751,0.006
F,1997,Yulisa,6,GA,1751,0.006
F,1997,Yvonne,6,GA,1751,0.006
F,1997,Yessenia,5,GA,2004,0.005
F,1998,Yasmine,26,GA,633,0.027
F,1998,Yasmin,24,GA,675,0.025
F,1998,Yesenia,19,GA,824,0.02
F,1998,Yasmeen,9,GA,1366,0.009
F,1998,Yessica,8,GA,1490,0.008
F,1998,Yajaira,7,GA,1663,0.007
F,1998,Yesica,7,GA,1663,0.007
F,1998,Yadira,6,GA,1856,0.006
F,1998,Yolanda,6,GA,1856,0.006
F,1998,Yakira,5,GA,2113,0.005
F,1998,Yoana,5,GA,2113,0.005
F,1998,Yulissa,5,GA,2113,0.005
F,1998,Yvette,5,GA,2113,0.005
F,1999,Yasmine,33,GA,570,0.033
F,1999,Yasmin,31,GA,601,0.031
F,1999,Yesenia,30,GA,614,0.03
F,1999,Yasmeen,10,GA,1326,0.01
F,1999,Yazmin,9,GA,1437,0.009
F,1999,Yessenia,9,GA,1437,0.009
F,1999,Yadira,8,GA,1548,0.008
F,1999,Yolanda,8,GA,1548,0.008
F,1999,Yvonne,7,GA,1728,0.007
F,1999,Yajaira,6,GA,1946,0.006
F,1999,Yareli,6,GA,1946,0.006
F,1999,Yulisa,6,GA,1946,0.006
F,1999,Yazmine,5,GA,2186,0.005
F,2000,Yasmine,34,GA,572,0.033
F,2000,Yesenia,30,GA,619,0.029
F,2000,Yasmin,22,GA,781,0.021
F,2000,Yamilet,12,GA,1222,0.012
F,2000,Yamileth,10,GA,1416,0.01
F,2000,Yasmeen,9,GA,1523,0.009
F,2000,Yessica,9,GA,1523,0.009
F,2000,Yolanda,9,GA,1523,0.009
F,2000,Yoselin,7,GA,1847,0.007
F,2000,Yvette,7,GA,1847,0.007
F,2000,Yenifer,6,GA,2067,0.006
F,2000,Yajaira,5,GA,2319,0.005
F,2000,Yazmin,5,GA,2319,0.005
F,2000,Yoana,5,GA,2319,0.005
F,2000,Yulisa,5,GA,2319,0.005
F,2001,Yasmine,32,GA,604,0.031
F,2001,Yasmin,25,GA,743,0.024
F,2001,Yesenia,24,GA,769,0.023
F,2001,Yoselin,13,GA,1183,0.013
F,2001,Yuliana,13,GA,1183,0.013
F,2001,Yahaira,11,GA,1333,0.011
F,2001,Yolanda,9,GA,1526,0.009
F,2001,Yadira,8,GA,1666,0.008
F,2001,Yazmin,8,GA,1666,0.008
F,2001,Yaire,7,GA,1847,0.007
F,2001,Yessenia,7,GA,1847,0.007
F,2001,Yareli,6,GA,2065,0.006
F,2001,Yaritza,6,GA,2065,0.006
F,2001,Yessica,6,GA,2065,0.006
F,2001,Yamilet,5,GA,2363,0.005
F,2001,Yamileth,5,GA,2363,0.005
F,2001,Yulisa,5,GA,2363,0.005
F,2002,Yasmine,36,GA,561,0.035
F,2002,Yasmin,28,GA,690,0.027
F,2002,Yesenia,27,GA,711,0.026
F,2002,Yadira,15,GA,1072,0.014
F,2002,Yazmin,13,GA,1210,0.012
F,2002,Yessenia,10,GA,1459,0.01
F,2002,Yamileth,9,GA,1580,0.009
F,2002,Yuliana,9,GA,1580,0.009
F,2002,Yenifer,7,GA,1872,0.007
F,2002,Yessica,7,GA,1872,0.007
F,2002,Yareli,6,GA,2093,0.006
F,2002,Yolanda,6,GA,2093,0.006
F,2002,Yoselin,6,GA,2093,0.006
F,2002,Yaire,5,GA,2383,0.005
F,2002,Yakira,5,GA,2383,0.005
F,2002,Yasmeen,5,GA,2383,0.005
F,2002,Yvonne,5,GA,2383,0.005
F,2003,Yasmine,41,GA,499,0.038
F,2003,Yasmin,39,GA,523,0.036
F,2003,Yesenia,29,GA,676,0.027
F,2003,Yadira,16,GA,1075,0.015
F,2003,Yareli,15,GA,1127,0.014
F,2003,Yuliana,13,GA,1256,0.012
F,2003,Yahaira,12,GA,1324,0.011
F,2003,Yazmin,10,GA,1510,0.009
F,2003,Yazmine,10,GA,1510,0.009
F,2003,Yessenia,9,GA,1620,0.008
F,2003,Yoselin,9,GA,1620,0.008
F,2003,Yaquelin,8,GA,1764,0.007
F,2003,Yaritza,8,GA,1764,0.007
F,2003,Yamileth,7,GA,1936,0.007
F,2003,Yasmeen,7,GA,1936,0.007
F,2003,Yolanda,7,GA,1936,0.007
F,2003,Yajaira,6,GA,2176,0.006
F,2003,Yamilet,6,GA,2176,0.006
F,2003,Yesica,6,GA,2176,0.006
F,2003,Yulissa,6,GA,2176,0.006
F,2003,Yaira,5,GA,2519,0.005
F,2003,Yakira,5,GA,2519,0.005
F,2003,Yosselin,5,GA,2519,0.005
F,2003,Yulisa,5,GA,2519,0.005
F,2004,Yasmin,44,GA,501,0.04
F,2004,Yesenia,30,GA,683,0.028
F,2004,Yasmine,21,GA,915,0.019
F,2004,Yoselin,14,GA,1237,0.013
F,2004,Yareli,13,GA,1302,0.012
F,2004,Yessica,12,GA,1377,0.011
F,2004,Yazmin,10,GA,1574,0.009
F,2004,Yuliana,10,GA,1574,0.009
F,2004,Yadira,9,GA,1690,0.008
F,2004,Yajaira,7,GA,1999,0.006
F,2004,Yamilet,7,GA,1999,0.006
F,2004,Yamileth,6,GA,2200,0.006
F,2004,Yanet,6,GA,2200,0.006
F,2004,Yasmeen,6,GA,2200,0.006
F,2004,Yoselyn,6,GA,2200,0.006
F,2004,Yulissa,6,GA,2200,0.006
F,2004,Yahaira,5,GA,2543,0.005
F,2004,Yarely,5,GA,2543,0.005
F,2004,Yaritza,5,GA,2543,0.005
F,2004,Yazmine,5,GA,2543,0.005
F,2004,Yesica,5,GA,2543,0.005
F,2004,Yoana,5,GA,2543,0.005
F,2004,Yolanda,5,GA,2543,0.005
F,2004,Yuri,5,GA,2543,0.005
F,2004,Yvette,5,GA,2543,0.005
F,2005,Yasmin,46,GA,491,0.041
F,2005,Yoselin,24,GA,844,0.022
F,2005,Yasmine,23,GA,879,0.021
F,2005,Yesenia,19,GA,1012,0.017
F,2005,Yadira,17,GA,1117,0.015
F,2005,Yareli,17,GA,1117,0.015
F,2005,Yazmin,16,GA,1177,0.014
F,2005,Yahaira,12,GA,1446,0.011
F,2005,Yuridia,12,GA,1446,0.011
F,2005,Yuliana,11,GA,1522,0.01
F,2005,Yajaira,10,GA,1623,0.009
F,2005,Yamilet,10,GA,1623,0.009
F,2005,Yessica,10,GA,1623,0.009
F,2005,Yadhira,8,GA,1881,0.007
F,2005,Yaritza,8,GA,1881,0.007
F,2005,Yessenia,8,GA,1881,0.007
F,2005,Yolanda,8,GA,1881,0.007
F,2005,Yamileth,7,GA,2077,0.006
F,2005,Yesica,6,GA,2343,0.005
F,2005,Yanet,5,GA,2672,0.005
F,2005,Yaquelin,5,GA,2672,0.005
F,2005,Yoana,5,GA,2672,0.005
F,2005,Yuri,5,GA,2672,0.005
F,2005,Yvonne,5,GA,2672,0.005
F,2006,Yasmin,46,GA,505,0.04
F,2006,Yoselin,24,GA,871,0.021
F,2006,Yasmine,22,GA,942,0.019
F,2006,Yesenia,19,GA,1054,0.016
F,2006,Yadira,18,GA,1092,0.015
F,2006,Yamilet,14,GA,1322,0.012
F,2006,Yareli,14,GA,1322,0.012
F,2006,Yazmin,13,GA,1406,0.011
F,2006,Yahaira,12,GA,1496,0.01
F,2006,Yesica,11,GA,1593,0.009
F,2006,Yamileth,10,GA,1693,0.009
F,2006,Yaretzi,10,GA,1693,0.009
F,2006,Yuliana,10,GA,1693,0.009
F,2006,Yuridia,8,GA,2010,0.007
F,2006,Yvonne,8,GA,2010,0.007
F,2006,Yajaira,7,GA,2204,0.006
F,2006,Yarely,7,GA,2204,0.006
F,2006,Yaretzy,7,GA,2204,0.006
F,2006,Yadhira,6,GA,2461,0.005
F,2006,Yazmine,6,GA,2461,0.005
F,2006,Yenifer,6,GA,2461,0.005
F,2006,Yara,5,GA,2798,0.004
F,2006,Yelitza,5,GA,2798,0.004
F,2007,Yasmin,43,GA,533,0.037
F,2007,Yoselin,38,GA,600,0.032
F,2007,Yesenia,20,GA,1048,0.017
F,2007,Yasmine,18,GA,1142,0.015
F,2007,Yamileth,17,GA,1186,0.014
F,2007,Yareli,16,GA,1241,0.014
F,2007,Yuliana,16,GA,1241,0.014
F,2007,Yuridia,16,GA,1241,0.014
F,2007,Yamilet,15,GA,1299,0.013
F,2007,Yadira,12,GA,1527,0.01
F,2007,Yazmin,10,GA,1760,0.009
F,2007,Yahaira,8,GA,2021,0.007
F,2007,Yara,7,GA,2215,0.006
F,2007,Yaretzi,7,GA,2215,0.006
F,2007,Yaritza,7,GA,2215,0.006
F,2007,Yenifer,7,GA,2215,0.006
F,2007,Yolanda,7,GA,2215,0.006
F,2007,Yasmeen,6,GA,2491,0.005
F,2007,Yazmine,6,GA,2491,0.005
F,2007,Yvette,6,GA,2491,0.005
F,2007,Yvonne,6,GA,2491,0.005
F,2007,Yadhira,5,GA,2842,0.004
F,2007,Yaquelin,5,GA,2842,0.004
F,2007,Yessenia,5,GA,2842,0.004
F,2007,Yuri,5,GA,2842,0.004
F,2008,Yasmin,31,GA,709,0.027
F,2008,Yoselin,20,GA,1044,0.018
F,2008,Yareli,19,GA,1087,0.017
F,2008,Yaretzi,18,GA,1134,0.016
F,2008,Yazmin,17,GA,1184,0.015
F,2008,Yuliana,16,GA,1230,0.014
F,2008,Yesenia,14,GA,1358,0.012
F,2008,Yamileth,13,GA,1422,0.011
F,2008,Yamilet,11,GA,1625,0.01
F,2008,Yasmine,11,GA,1625,0.01
F,2008,Yazmine,11,GA,1625,0.01
F,2008,Yuridia,11,GA,1625,0.01
F,2008,Yadira,8,GA,2018,0.007
F,2008,Yaritza,8,GA,2018,0.007
F,2008,Yahaira,6,GA,2499,0.005
F,2008,Yajaira,6,GA,2499,0.005
F,2008,Yaneli,6,GA,2499,0.005
F,2008,Yanet,6,GA,2499,0.005
F,2008,Yara,6,GA,2499,0.005
F,2008,Yohana,6,GA,2499,0.005
F,2008,Yolanda,6,GA,2499,0.005
F,2008,Yvette,6,GA,2499,0.005
F,2008,Yvonne,6,GA,2499,0.005
F,2008,Yarely,5,GA,2841,0.004
F,2008,Yaretzy,5,GA,2841,0.004
F,2009,Yaretzi,25,GA,861,0.023
F,2009,Yareli,20,GA,1029,0.018
F,2009,Yasmin,19,GA,1081,0.017
F,2009,Yasmine,12,GA,1499,0.011
F,2009,Yuliana,12,GA,1499,0.011
F,2009,Yadira,11,GA,1597,0.01
F,2009,Yamilet,11,GA,1597,0.01
F,2009,Yoselin,10,GA,1731,0.009
F,2009,Yazmin,9,GA,1877,0.008
F,2009,Yesenia,8,GA,2036,0.007
F,2009,Yessica,8,GA,2036,0.007
F,2009,Yuri,8,GA,2036,0.007
F,2009,Yamileth,7,GA,2242,0.006
F,2009,Yarely,7,GA,2242,0.006
F,2009,Yazmine,7,GA,2242,0.006
F,2009,Yolanda,7,GA,2242,0.006
F,2009,Yaretzy,6,GA,2483,0.005
F,2009,Yahaira,5,GA,2776,0.005
F,2009,Yanely,5,GA,2776,0.005
F,2009,Yara,5,GA,2776,0.005
F,2009,Yarel,5,GA,2776,0.005
F,2009,Yaritza,5,GA,2776,0.005
F,2009,Yocelyn,5,GA,2776,0.005
F,2009,Yulisa,5,GA,2776,0.005
F,2010,Yaretzi,24,GA,846,0.023
F,2010,Yoselin,19,GA,1022,0.018
F,2010,Yareli,17,GA,1103,0.016
F,2010,Yasmin,14,GA,1289,0.013
F,2010,Yazmin,13,GA,1366,0.013
F,2010,Yuliana,13,GA,1366,0.013
F,2010,Yamileth,12,GA,1459,0.012
F,2010,Yamilet,11,GA,1543,0.011
F,2010,Yaritza,10,GA,1648,0.01
F,2010,Yesenia,7,GA,2148,0.007
F,2010,Yadira,6,GA,2394,0.006
F,2010,Yarel,6,GA,2394,0.006
F,2010,Yasmine,6,GA,2394,0.006
F,2010,Yulissa,6,GA,2394,0.006
F,2010,Yvette,6,GA,2394,0.006
F,2010,Yahaira,5,GA,2702,0.005
F,2010,Yanely,5,GA,2702,0.005
F,2010,Yasmeen,5,GA,2702,0.005
F,2010,Yuna,5,GA,2702,0.005
F,2010,Yuri,5,GA,2702,0.005
F,2010,Yusra,5,GA,2702,0.005
F,2011,Yaretzi,20,GA,980,0.019
F,2011,Yasmin,18,GA,1068,0.018
F,2011,Yasmine,14,GA,1301,0.014
F,2011,Yazmin,12,GA,1441,0.012
F,2011,Yareli,11,GA,1529,0.011
F,2011,Yamileth,9,GA,1785,0.009
F,2011,Yaritza,9,GA,1785,0.009
F,2011,Yadira,8,GA,1950,0.008
F,2011,Yamilet,8,GA,1950,0.008
F,2011,Yara,7,GA,2158,0.007
F,2011,Yoselin,7,GA,2158,0.007
F,2011,Yanet,6,GA,2397,0.006
F,2011,Yesenia,6,GA,2397,0.006
F,2011,Yoselyn,6,GA,2397,0.006
F,2011,Yahaira,5,GA,2689,0.005
F,2011,Yarely,5,GA,2689,0.005
F,2011,Yaretzy,5,GA,2689,0.005
F,2011,Yessenia,5,GA,2689,0.005
F,2011,Yuliana,5,GA,2689,0.005
F,2011,Yuri,5,GA,2689,0.005
F,2012,Yaretzi,26,GA,772,0.026
F,2012,Yareli,17,GA,1094,0.017
F,2012,Yasmine,15,GA,1202,0.015
F,2012,Yamileth,13,GA,1328,0.013
F,2012,Yasmin,11,GA,1510,0.011
F,2012,Yuliana,8,GA,1911,0.008
F,2012,Yarely,7,GA,2111,0.007
F,2012,Yazmin,7,GA,2111,0.007
F,2012,Yolanda,7,GA,2111,0.007
F,2012,Yoselin,7,GA,2111,0.007
F,2012,Yara,6,GA,2349,0.006
F,2012,Yaritza,6,GA,2349,0.006
F,2012,Yesenia,6,GA,2349,0.006
F,2012,Yaneli,5,GA,2670,0.005
F,2012,Yaretzy,5,GA,2670,0.005
F,2013,Yaretzi,26,GA,762,0.026
F,2013,Yareli,12,GA,1424,0.012
F,2013,Yamileth,11,GA,1525,0.011
F,2013,Yasmin,11,GA,1525,0.011
F,2013,Yaneli,10,GA,1621,0.01
F,2013,Yoselin,9,GA,1755,0.009
F,2013,Yaretzy,8,GA,1895,0.008
F,2013,Yasmine,7,GA,2101,0.007
F,2013,Yazmin,7,GA,2101,0.007
F,2013,Yuliana,6,GA,2340,0.006
F,2013,Yvonne,6,GA,2340,0.006
F,2013,Yara,5,GA,2643,0.005
F,2013,Yaritza,5,GA,2643,0.005
F,2014,Yaretzi,19,GA,1018,0.018
F,2014,Yamileth,10,GA,1632,0.01
F,2014,Yazmin,10,GA,1632,0.01
F,2014,Yareli,9,GA,1768,0.009
F,2014,Yarely,9,GA,1768,0.009
F,2014,Yaritza,8,GA,1925,0.008
F,2014,Yasmin,8,GA,1925,0.008
F,2014,Yesenia,6,GA,2351,0.006
F,2014,Yoselin,6,GA,2351,0.006
F,2014,Yara,5,GA,2656,0.005
F,2014,Yaretzy,5,GA,2656,0.005
F,2014,Yasmine,5,GA,2656,0.005
F,2015,Yaretzi,20,GA,980,0.019
F,2015,Yamileth,11,GA,1550,0.011
F,2015,Yareli,7,GA,2164,0.007
F,2015,Yana,6,GA,2412,0.006
F,2015,Yasmin,6,GA,2412,0.006
F,2015,Yuna,6,GA,2412,0.006
F,2015,Yamilet,5,GA,2707,0.005
F,2015,Yaritza,5,GA,2707,0.005
F,2015,Yatziri,5,GA,2707,0.005
F,2015,Yazmin,5,GA,2707,0.005
F,2015,Yohanna,5,GA,2707,0.005
F,2015,Yuliana,5,GA,2707,0.005
F,2015,Yuri,5,GA,2707,0.005
F,2016,Yaretzi,20,GA,971,0.02
F,2016,Yamileth,12,GA,1486,0.012
F,2016,Yasmin,8,GA,1992,0.008
F,2016,Yareli,7,GA,2172,0.007
F,2016,Yasmine,7,GA,2172,0.007
F,2016,Yuliana,7,GA,2172,0.007
F,2016,Yusra,7,GA,2172,0.007
F,2016,Yazmin,6,GA,2393,0.006
F,2016,Yamilet,5,GA,2705,0.005
F,2016,Yaneli,5,GA,2705,0.005
F,2016,Yara,5,GA,2705,0.005
F,2016,Yarely,5,GA,2705,0.005
F,2016,Yaritza,5,GA,2705,0.005
F,2016,Yatziri,5,GA,2705,0.005
F,2016,Yoselin,5,GA,2705,0.005
F,2016,Yuri,5,GA,2705,0.005
F,2016,Yuritzi,5,GA,2705,0.005
F,2017,Yareli,14,GA,1297,0.014
F,2017,Yaretzi,14,GA,1297,0.014
F,2017,Yamileth,11,GA,1559,0.011
F,2017,Yasmin,11,GA,1559,0.011
F,2017,Yara,10,GA,1679,0.01
F,2017,Yoselin,8,GA,1972,0.008
F,2017,Yaneli,7,GA,2155,0.007
F,2017,Yamila,6,GA,2377,0.006
F,2017,Yuliana,6,GA,2377,0.006
F,2017,Yuri,6,GA,2377,0.006
F,2017,Yarely,5,GA,2711,0.005
F,2017,Yasmine,5,GA,2711,0.005
F,2017,Yazmin,5,GA,2711,0.005
F,2017,Yesenia,5,GA,2711,0.005
F,2017,Yusra,5,GA,2711,0.005
F,2018,Yara,20,GA,987,0.02
F,2018,Yareli,15,GA,1218,0.015
F,2018,Yaretzi,14,GA,1281,0.014
F,2018,Yamileth,10,GA,1678,0.01
F,2018,Yasmin,9,GA,1808,0.009
F,2018,Yuri,7,GA,2184,0.007
F,2018,Yael,6,GA,2417,0.006
F,2018,Yasmeen,6,GA,2417,0.006
F,2018,Yasmine,6,GA,2417,0.006
F,2018,Yolanda,6,GA,2417,0.006
F,2018,Yamilet,5,GA,2764,0.005
F,2018,Yani,5,GA,2764,0.005
F,2018,Yariah,5,GA,2764,0.005
F,2018,Yaritza,5,GA,2764,0.005
F,2018,Yazmin,5,GA,2764,0.005
F,2018,Yoselin,5,GA,2764,0.005
F,2018,Yuna,5,GA,2764,0.005
F,2018,Yusra,5,GA,2764,0.005
F,2019,Yaretzi,19,GA,1029,0.019
F,2019,Yara,17,GA,1123,0.017
F,2019,Yareli,12,GA,1481,0.012
F,2019,Yuna,11,GA,1578,0.011
F,2019,Yamileth,9,GA,1856,0.009
F,2019,Yasmin,8,GA,2009,0.008
F,2019,Yuri,7,GA,2202,0.007
F,2019,Yalitza,5,GA,2787,0.005
F,2019,Yarely,5,GA,2787,0.005
F,2019,Yaritza,5,GA,2787,0.005
F,2020,Yaretzi,16,GA,1185,0.017
F,2020,Yara,13,GA,1385,0.014
F,2020,Yuri,13,GA,1385,0.014
F,2020,Yamileth,11,GA,1576,0.012
F,2020,Yareli,9,GA,1820,0.01
F,2020,Yaritza,8,GA,1978,0.008
F,2020,Yuna,8,GA,1978,0.008
F,2020,Yasmin,7,GA,2184,0.007
F,2020,Yasmine,6,GA,2427,0.006
F,2020,Yoselin,6,GA,2427,0.006
F,2020,Yana,5,GA,2769,0.005
F,2020,Yesenia,5,GA,2769,0.005
F,2020,Yusra,5,GA,2769,0.005
F,2021,Yara,22,GA,938,0.023
F,2021,Yaretzi,15,GA,1289,0.016
F,2021,Yamileth,9,GA,1880,0.009
F,2021,Yuri,9,GA,1880,0.009
F,2021,Yareli,8,GA,2035,0.008
F,2021,Yari,7,GA,2226,0.007
F,2021,Yaritza,7,GA,2226,0.007
F,2021,Yamila,5,GA,2784,0.005
F,2021,Yamilet,5,GA,2784,0.005
F,2021,Yarely,5,GA,2784,0.005
F,2021,Yasmine,5,GA,2784,0.005
F,2021,Yoselin,5,GA,2784,0.005
F,2022,Yara,18,GA,1130,0.019
F,2022,Yareli,12,GA,1563,0.012
F,2022,Yuri,12,GA,1563,0.012
F,2022,Yaretzi,11,GA,1655,0.011
F,2022,Yasmin,11,GA,1655,0.011
F,2022,Yari,9,GA,1912,0.009
F,2022,Yarely,8,GA,2083,0.008
F,2022,Yoselin,8,GA,2083,0.008
F,2022,Yuna,8,GA,2083,0.008
F,2022,Yamileth,7,GA,2280,0.007
F,2022,Yuliana,7,GA,2280,0.007
F,2022,Yusra,7,GA,2280,0.007
F,2022,Yaneli,6,GA,2547,0.006
F,2022,Yael,5,GA,2863,0.005
F,2022,Yahritza,5,GA,2863,0.005
F,2022,Yamilet,5,GA,2863,0.005
F,2022,Yana,5,GA,2863,0.005
F,2022,Yaritza,5,GA,2863,0.005
F,2022,Yasmine,5,GA,2863,0.005
F,2023,Yara,20,GA,1058,0.021
F,2023,Yuri,16,GA,1269,0.017
F,2023,Yareli,11,GA,1673,0.012
F,2023,Yarely,9,GA,1927,0.009
F,2023,Yaretzi,9,GA,1927,0.009
F,2023,Yamileth,8,GA,2092,0.008
F,2023,Yaneli,7,GA,2274,0.007
F,2023,Yaritza,7,GA,2274,0.007
F,2023,Yesenia,7,GA,2274,0.007
F,2023,Yuliana,6,GA,2537,0.006
F,2023,Yusra,6,GA,2537,0.006
F,2023,Yasmin,5,GA,2904,0.005
F,2023,Yohanna,5,GA,2904,0.005
F,2023,Yoselin,5,GA,2904,0.005
F,2023,Yulissa,5,GA,2904,0.005
F,2024,Yara,24,GA,886,0.025
F,2024,Yaretzi,13,GA,1475,0.014
F,2024,Yashna,13,GA,1475,0.014
F,2024,Yasmin,12,GA,1562,0.012
F,2024,Yamileth,10,GA,1776,0.01
F,2024,Yuna,9,GA,1932,0.009
F,2024,Yuri,8,GA,2115,0.008
F,2024,Yusra,8,GA,2115,0.008
F,2024,Yesenia,7,GA,2319,0.007
F,2024,Yareli,6,GA,2584,0.006
F,2024,Yaneli,5,GA,2933,0.005
F,2024,Yvonne,5,GA,2933,0.005
M,1917,Young,5,GA,981,0.009
M,1921,Young,5,GA,1028,0.007
M,1924,Young,7,GA,809,0.011
M,1927,Young,5,GA,950,0.008
M,1959,Yancy,6,GA,1131,0.006
M,1960,Yancey,7,GA,1019,0.008
M,1967,Yves,5,GA,1175,0.006
M,1968,Yancey,7,GA,1029,0.009
M,1978,Yusuf,6,GA,1222,0.009
M,1978,Yancey,5,GA,1375,0.007
M,1984,Young,5,GA,1391,0.006
M,1995,Yusuf,5,GA,1834,0.006
M,1996,Yovani,5,GA,1901,0.006
M,1999,Yusuf,6,GA,1946,0.006
M,2001,Yash,6,GA,2065,0.006
M,2001,Yovani,6,GA,2065,0.006
M,2002,Yahir,10,GA,1459,0.01
M,2002,Yair,7,GA,1872,0.007
M,2002,Yash,7,GA,1872,0.007
M,2002,Yoni,5,GA,2383,0.005
M,2003,Yahir,34,GA,590,0.032
M,2003,Yair,10,GA,1510,0.009
M,2003,Yael,5,GA,2519,0.005
M,2003,Yash,5,GA,2519,0.005
M,2003,Yordi,5,GA,2519,0.005
M,2003,Yovani,5,GA,2519,0.005
M,2004,Yahir,36,GA,586,0.033
M,2004,Yair,14,GA,1237,0.013
M,2004,Yusuf,8,GA,1836,0.007
M,2004,Yonatan,6,GA,2200,0.006
M,2004,Yael,5,GA,2543,0.005
M,2004,Yusef,5,GA,2543,0.005
M,2005,Yahir,34,GA,628,0.031
M,2005,Yair,12,GA,1446,0.011
M,2005,Yash,8,GA,1881,0.007
M,2005,Yael,7,GA,2077,0.006
M,2005,Yusuf,6,GA,2343,0.005
M,2005,Yovani,5,GA,2672,0.005
M,2006,Yahir,38,GA,610,0.033
M,2006,Yair,16,GA,1204,0.014
M,2006,Yandel,13,GA,1406,0.011
M,2006,Yael,9,GA,1825,0.008
M,2006,Yusuf,7,GA,2204,0.006
M,2006,Yobani,6,GA,2461,0.005
M,2006,Yonatan,6,GA,2461,0.005
M,2006,Yamil,5,GA,2798,0.004
M,2006,Yasir,5,GA,2798,0.004
M,2006,Yoel,5,GA,2798,0.004
M,2006,Yovani,5,GA,2798,0.004
M,2007,Yahir,31,GA,718,0.026
M,2007,Yair,14,GA,1360,0.012
M,2007,Yandel,12,GA,1527,0.01
M,2007,Yael,8,GA,2021,0.007
M,2007,Yurem,8,GA,2021,0.007
M,2007,Yasir,7,GA,2215,0.006
M,2007,Yovani,7,GA,2215,0.006
M,2007,Yonathan,6,GA,2491,0.005
M,2007,Yash,5,GA,2842,0.004
M,2007,Yordi,5,GA,2842,0.004
M,2007,Yusef,5,GA,2842,0.004
M,2007,Yusuf,5,GA,2842,0.004
M,2008,Yahir,40,GA,578,0.035
M,2008,Yair,13,GA,1422,0.011
M,2008,Yandel,13,GA,1422,0.011
M,2008,Yamil,9,GA,1874,0.008
M,2008,Yusuf,9,GA,1874,0.008
M,2008,Yael,8,GA,2018,0.007
M,2008,Yurem,7,GA,2231,0.006
M,2008,Yash,6,GA,2499,0.005
M,2008,Yovani,6,GA,2499,0.005
M,2008,Yaakov,5,GA,2841,0.004
M,2009,Yahir,28,GA,769,0.026
M,2009,Yandel,23,GA,914,0.021
M,2009,Yair,18,GA,1119,0.016
M,2009,Yael,12,GA,1499,0.011
M,2009,Yusuf,11,GA,1597,0.01
M,2009,Yadiel,5,GA,2776,0.005
M,2009,Yeshua,5,GA,2776,0.005
M,2009,Yonatan,5,GA,2776,0.005
M,2009,Yosgart,5,GA,2776,0.005
M,2009,Yurem,5,GA,2776,0.005
M,2010,Yahir,17,GA,1103,0.016
M,2010,Yair,15,GA,1234,0.014
M,2010,Yael,9,GA,1775,0.009
M,2010,Yandel,7,GA,2148,0.007
M,2010,Yerik,7,GA,2148,0.007
M,2010,Yusuf,7,GA,2148,0.007
M,2010,Yadiel,6,GA,2394,0.006
M,2010,Yariel,5,GA,2702,0.005
M,2010,Yasir,5,GA,2702,0.005
M,2011,Yahir,18,GA,1068,0.018
M,2011,Yerik,12,GA,1441,0.012
M,2011,Yusuf,10,GA,1650,0.01
M,2011,Yael,9,GA,1785,0.009
M,2011,Yair,9,GA,1785,0.009
M,2011,Yandel,6,GA,2397,0.006
M,2012,Yusuf,13,GA,1328,0.013
M,2012,Yahir,11,GA,1510,0.011
M,2012,Yair,7,GA,2111,0.007
M,2012,Yaseen,7,GA,2111,0.007
M,2012,Yerik,7,GA,2111,0.007
M,2012,Yug,6,GA,2349,0.006
M,2012,Yahya,5,GA,2670,0.005
M,2012,Yandel,5,GA,2670,0.005
M,2012,Yohan,5,GA,2670,0.005
M,2012,Yousef,5,GA,2670,0.005
M,2013,Yahir,24,GA,809,0.024
M,2013,Yusuf,12,GA,1424,0.012
M,2013,Yael,7,GA,2101,0.007
M,2014,Yael,14,GA,1282,0.014
M,2014,Yahir,14,GA,1282,0.014
M,2014,Yusuf,11,GA,1536,0.011
M,2014,Yahya,5,GA,2656,0.005
M,2014,Yair,5,GA,2656,0.005
M,2014,Yandel,5,GA,2656,0.005
M,2015,Yahir,12,GA,1479,0.012
M,2015,Yusuf,12,GA,1479,0.012
M,2015,Yosef,11,GA,1550,0.011
M,2015,Yoel,8,GA,1963,0.008
M,2015,Yeshua,7,GA,2164,0.007
M,2015,Yael,6,GA,2412,0.006
M,2015,Yahya,6,GA,2412,0.006
M,2015,Yadiel,5,GA,2707,0.005
M,2016,Yusuf,12,GA,1486,0.012
M,2016,Yahir,10,GA,1695,0.01
M,2016,Yael,6,GA,2393,0.006
M,2016,Yeshua,5,GA,2705,0.005
M,2016,Yoel,5,GA,2705,0.005
M,2016,Yuvaan,5,GA,2705,0.005
M,2017,Yusuf,14,GA,1297,0.014
M,2017,Yair,11,GA,1559,0.011
M,2017,Yahir,9,GA,1809,0.009
M,2017,Yahya,9,GA,1809,0.009
M,2017,Yuri,6,GA,2377,0.006
M,2017,Yael,5,GA,2711,0.005
M,2017,Yasir,5,GA,2711,0.005
M,2017,Yousef,5,GA,2711,0.005
M,2018,Yahir,11,GA,1554,0.011
M,2018,Yusuf,11,GA,1554,0.011
M,2018,Yasir,10,GA,1678,0.01
M,2018,Yair,8,GA,1979,0.008
M,2018,Yasin,7,GA,2184,0.007
M,2018,Yuri,7,GA,2184,0.007
M,2018,Yuvaan,6,GA,2417,0.006
M,2018,Yael,5,GA,2764,0.005
M,2018,Yoel,5,GA,2764,0.005
M,2018,Yusef,5,GA,2764,0.005
M,2019,Yusuf,18,GA,1074,0.018
M,2019,Yahir,12,GA,1481,0.012
M,2019,Yasir,11,GA,1578,0.011
M,2019,Yael,9,GA,1856,0.009
M,2019,Yair,9,GA,1856,0.009
M,2019,Yohannes,7,GA,2202,0.007
M,2019,Yahya,6,GA,2435,0.006
M,2019,Yeison,6,GA,2435,0.006
M,2019,Yadiel,5,GA,2787,0.005
M,2019,Yash,5,GA,2787,0.005
M,2019,Yerik,5,GA,2787,0.005
M,2020,Yusuf,14,GA,1318,0.015
M,2020,Yahir,13,GA,1385,0.014
M,2020,Yasir,7,GA,2184,0.007
M,2020,Yeshua,7,GA,2184,0.007
M,2020,Yadiel,6,GA,2427,0.006
M,2020,Yael,6,GA,2427,0.006
M,2020,Yerik,6,GA,2427,0.006
M,2020,Yoel,5,GA,2769,0.005
M,2021,Yusuf,17,GA,1147,0.018
M,2021,Yoel,10,GA,1736,0.01
M,2021,Yael,7,GA,2226,0.007
M,2021,Yuri,7,GA,2226,0.007
M,2021,Yuvaan,7,GA,2226,0.007
M,2021,Yahir,6,GA,2463,0.006
M,2022,Yusuf,18,GA,1130,0.019
M,2022,Yasir,16,GA,1242,0.017
M,2022,Yahir,9,GA,1912,0.009
M,2022,Yohan,9,GA,1912,0.009
M,2022,Yadiel,8,GA,2083,0.008
M,2022,Yael,7,GA,2280,0.007
M,2022,Yoel,7,GA,2280,0.007
M,2022,Yeison,6,GA,2547,0.006
M,2022,Yair,5,GA,2863,0.005
M,2022,Yanis,5,GA,2863,0.005
M,2022,Yaseen,5,GA,2863,0.005
M,2022,Yasin,5,GA,2863,0.005
M,2022,Yuvaan,5,GA,2863,0.005
M,2023,Yusuf,18,GA,1143,0.019
M,2023,Yasir,14,GA,1407,0.015
M,2023,Yohan,12,GA,1580,0.013
M,2023,Yosef,10,GA,1775,0.01
M,2023,Yael,9,GA,1927,0.009
M,2023,Yosiah,8,GA,2092,0.008
M,2023,Yadiel,7,GA,2274,0.007
M,2023,Yahya,7,GA,2274,0.007
M,2023,Yuvaan,7,GA,2274,0.007
M,2023,Yahir,6,GA,2537,0.006
M,2023,Yash,6,GA,2537,0.006
M,2023,Yousef,6,GA,2537,0.006
M,2023,Yunus,6,GA,2537,0.006
M,2023,Yuri,6,GA,2537,0.006
M,2023,Yanis,5,GA,2904,0.005
M,2023,Yasiel,5,GA,2904,0.005
M,2024,Yahya,13,GA,1475,0.014
M,2024,Yusuf,13,GA,1475,0.014
M,2024,Yahir,11,GA,1645,0.011
M,2024,Yasir,10,GA,1776,0.01
M,2024,Yael,8,GA,2115,0.008
M,2024,Yeshua,8,GA,2115,0.008
M,2024,Yoel,8,GA,2115,0.008
M,2024,Yohan,8,GA,2115,0.008
M,2024,Yadiel,6,GA,2584,0.006
M,2024,Yosef,5,GA,2933,0.005
M,2024,Yuri,5,GA,2933,0.005
F,1920,Yvonne,5,SC,816,0.011
F,1923,Yvonne,6,SC,711,0.014
F,1927,Yvonne,8,SC,569,0.02
F,1929,Yvonne,7,SC,597,0.019
F,1930,Yvonne,10,SC,502,0.027
F,1931,Yvonne,11,SC,455,0.032
F,1932,Yvonne,11,SC,479,0.028
F,1933,Yvonne,7,SC,605,0.018
F,1934,Yvonne,16,SC,399,0.04
F,1935,Yvonne,29,SC,265,0.074
F,1936,Yvonne,50,SC,170,0.13
F,1937,Yvonne,34,SC,249,0.085
F,1938,Yvonne,35,SC,245,0.088
F,1939,Yvonne,37,SC,241,0.089
F,1940,Yvonne,21,SC,357,0.049
F,1941,Yvonne,27,SC,312,0.061
F,1942,Yvonne,36,SC,268,0.076
F,1943,Yvonne,28,SC,329,0.057
F,1944,Yvonne,23,SC,366,0.048
F,1945,Yvonne,32,SC,285,0.069
F,1946,Yvonne,46,SC,238,0.089
F,1947,Yvonne,50,SC,237,0.088
F,1948,Yvonne,60,SC,202,0.108
F,1949,Yvonne,50,SC,242,0.089
F,1949,Yolanda,6,SC,790,0.011
F,1950,Yvonne,63,SC,210,0.112
F,1950,Yvette,7,SC,724,0.012
F,1951,Yvonne,76,SC,182,0.132
F,1951,Yolanda,5,SC,870,0.009
F,1952,Yvonne,82,SC,167,0.138
F,1953,Yvonne,90,SC,161,0.152
F,1953,Yvette,8,SC,722,0.013
F,1954,Yvonne,70,SC,202,0.115
F,1954,Yvette,5,SC,920,0.008
F,1955,Yvonne,87,SC,161,0.147
F,1955,Yolanda,7,SC,757,0.012
F,1955,Yvette,7,SC,757,0.012
F,1956,Yvonne,70,SC,191,0.117
F,1956,Yvette,9,SC,699,0.015
F,1956,Yolanda,5,SC,946,0.008
F,1957,Yvonne,83,SC,162,0.141
F,1957,Yolanda,14,SC,561,0.024
F,1958,Yvonne,53,SC,229,0.095
F,1958,Yolanda,20,SC,446,0.036
F,1958,Yvette,6,SC,847,0.011
F,1959,Yvonne,62,SC,198,0.112
F,1959,Yvette,10,SC,673,0.018
F,1959,Yolanda,9,SC,715,0.016
F,1960,Yvonne,63,SC,201,0.116
F,1960,Yolanda,14,SC,554,0.026
F,1960,Yvette,13,SC,578,0.024
F,1961,Yvonne,54,SC,230,0.099
F,1961,Yvette,15,SC,543,0.028
F,1961,Yolanda,14,SC,565,0.026
F,1962,Yvonne,60,SC,209,0.114
F,1962,Yvette,11,SC,617,0.021
F,1962,Yolanda,9,SC,690,0.017
F,1963,Yvonne,53,SC,227,0.103
F,1963,Yolanda,22,SC,408,0.043
F,1963,Yvette,22,SC,408,0.043
F,1964,Yvonne,55,SC,219,0.109
F,1964,Yvette,32,SC,324,0.063
F,1964,Yolanda,21,SC,416,0.041
F,1965,Yvonne,55,SC,204,0.118
F,1965,Yolanda,36,SC,283,0.077
F,1965,Yvette,32,SC,302,0.069
F,1966,Yolanda,34,SC,270,0.077
F,1966,Yvonne,33,SC,279,0.074
F,1966,Yvette,29,SC,304,0.065
F,1967,Yvette,42,SC,223,0.097
F,1967,Yvonne,35,SC,263,0.081
F,1967,Yolanda,34,SC,267,0.079
F,1968,Yolanda,58,SC,168,0.136
F,1968,Yvonne,38,SC,240,0.089
F,1968,Yvette,27,SC,309,0.063
F,1969,Yolanda,67,SC,145,0.156
F,1969,Yvonne,28,SC,305,0.065
F,1969,Yvette,24,SC,350,0.056
F,1970,Yolanda,62,SC,163,0.141
F,1970,Yvonne,25,SC,341,0.057
F,1970,Yvette,21,SC,400,0.048
F,1970,Yolonda,6,SC,822,0.014
F,1971,Yolanda,95,SC,105,0.215
F,1971,Yvonne,25,SC,341,0.057
F,1971,Yvette,12,SC,554,0.027
F,1971,Youlanda,7,SC,765,0.016
F,1972,Yolanda,97,SC,97,0.237
F,1972,Yvonne,21,SC,374,0.051
F,1972,Yvette,19,SC,401,0.046
F,1973,Yolanda,74,SC,123,0.186
F,1973,Yvonne,21,SC,377,0.053
F,1973,Yvette,10,SC,604,0.025
F,1974,Yolanda,77,SC,112,0.201
F,1974,Yvonne,18,SC,401,0.047
F,1974,Yashica,6,SC,805,0.016
F,1974,Yolonda,6,SC,805,0.016
F,1974,Yvette,6,SC,805,0.016
F,1975,Yolanda,73,SC,114,0.201
F,1975,Yvonne,9,SC,620,0.025
F,1975,Yvette,7,SC,716,0.019
F,1975,Yashica,6,SC,770,0.016
F,1976,Yolanda,53,SC,156,0.144
F,1976,Yvette,12,SC,523,0.033
F,1976,Yvonne,11,SC,543,0.03
F,1976,Yolonda,7,SC,745,0.019
F,1976,Yashica,5,SC,888,0.014
F,1977,Yolanda,79,SC,108,0.207
F,1977,Yvonne,11,SC,555,0.029
F,1977,Yashica,6,SC,843,0.016
F,1977,Yvette,6,SC,843,0.016
F,1978,Yolanda,65,SC,129,0.173
F,1978,Yvonne,11,SC,561,0.029
F,1978,Yvette,6,SC,832,0.016
F,1979,Yolanda,63,SC,136,0.164
F,1979,Yashica,8,SC,697,0.021
F,1979,Yvette,8,SC,697,0.021
F,1979,Yvonne,8,SC,697,0.021
F,1979,Yolonda,5,SC,942,0.013
F,1980,Yolanda,61,SC,136,0.155
F,1980,Yashica,8,SC,696,0.02
F,1980,Yvonne,8,SC,696,0.02
F,1980,Yvette,6,SC,833,0.015
F,1980,Yolonda,5,SC,938,0.013
F,1981,Yolanda,49,SC,167,0.125
F,1981,Yashica,7,SC,760,0.018
F,1981,Yvonne,6,SC,836,0.015
F,1982,Yolanda,42,SC,202,0.108
F,1982,Yvonne,5,SC,923,0.013
F,1983,Yolanda,36,SC,221,0.093
F,1984,Yolanda,46,SC,165,0.12
F,1984,Yolonda,5,SC,915,0.013
F,1984,Yvette,5,SC,915,0.013
F,1984,Yvonne,5,SC,915,0.013
F,1985,Yolanda,25,SC,294,0.064
F,1986,Yolanda,22,SC,313,0.057
F,1987,Yolanda,17,SC,396,0.043
F,1987,Yvonne,7,SC,758,0.018
F,1988,Yolanda,21,SC,351,0.051
F,1988,Yvette,8,SC,703,0.019
F,1988,Yvonne,6,SC,864,0.015
F,1989,Yolanda,13,SC,519,0.03
F,1990,Yolanda,16,SC,456,0.036
F,1991,Yolanda,19,SC,399,0.045
F,1991,Yasmin,6,SC,922,0.014
F,1991,Yasmine,5,SC,1042,0.012
F,1992,Yasmine,10,SC,641,0.024
F,1992,Yolanda,8,SC,748,0.019
F,1993,Yasmine,9,SC,674,0.023
F,1993,Yolanda,7,SC,796,0.018
F,1994,Yasmine,10,SC,603,0.027
F,1995,Yasmine,17,SC,428,0.047
F,1995,Yesenia,7,SC,788,0.019
F,1995,Yolanda,5,SC,1023,0.014
F,1996,Yasmine,13,SC,522,0.036
F,1996,Yasmin,5,SC,1009,0.014
F,1997,Yasmine,14,SC,490,0.039
F,1997,Yesenia,5,SC,1042,0.014
F,1997,Yvonne,5,SC,1042,0.014
F,1998,Yasmine,10,SC,684,0.027
F,1999,Yasmine,9,SC,723,0.024
F,1999,Yasmin,6,SC,975,0.016
F,2000,Yasmine,10,SC,706,0.026
F,2000,Yesenia,6,SC,1004,0.016
F,2001,Yasmine,13,SC,548,0.035
F,2001,Yasmin,8,SC,825,0.021
F,2001,Yesenia,5,SC,1156,0.013
F,2002,Yasmine,18,SC,418,0.049
F,2002,Yasmin,9,SC,751,0.025
F,2003,Yasmin,12,SC,628,0.032
F,2003,Yadira,5,SC,1234,0.013
F,2003,Yazmin,5,SC,1234,0.013
F,2004,Yasmine,10,SC,755,0.026
F,2004,Yasmin,9,SC,816,0.024
F,2004,Yazmin,5,SC,1269,0.013
F,2005,Yasmine,7,SC,1025,0.018
F,2005,Yasmin,6,SC,1137,0.016
F,2005,Yuridia,5,SC,1282,0.013
F,2006,Yasmin,17,SC,523,0.041
F,2006,Yasmine,13,SC,677,0.031
F,2006,Yadira,9,SC,926,0.022
F,2006,Yareli,8,SC,1011,0.019
F,2006,Yesenia,7,SC,1108,0.017
F,2007,Yasmin,8,SC,1011,0.019
F,2007,Yazmin,8,SC,1011,0.019
F,2007,Yuridia,8,SC,1011,0.019
F,2007,Yesenia,7,SC,1129,0.017
F,2007,Yoselin,7,SC,1129,0.017
F,2007,Yadira,6,SC,1274,0.014
F,2007,Yasmine,5,SC,1447,0.012
F,2007,Yuri,5,SC,1447,0.012
F,2008,Yasmin,13,SC,688,0.031
F,2008,Yasmine,6,SC,1265,0.014
F,2008,Yuridia,6,SC,1265,0.014
F,2008,Yamilet,5,SC,1450,0.012
F,2008,Yazmin,5,SC,1450,0.012
F,2008,Yesenia,5,SC,1450,0.012
F,2008,Yoselin,5,SC,1450,0.012
F,2009,Yasmine,9,SC,878,0.022
F,2009,Yadira,5,SC,1429,0.012
F,2009,Yareli,5,SC,1429,0.012
F,2009,Yuliana,5,SC,1429,0.012
F,2010,Yaretzi,7,SC,1078,0.018
F,2010,Yamilet,5,SC,1386,0.013
F,2010,Yareli,5,SC,1386,0.013
F,2010,Yesenia,5,SC,1386,0.013
F,2010,Yoselin,5,SC,1386,0.013
F,2011,Yazmin,5,SC,1345,0.013
F,2012,Yaretzi,7,SC,1057,0.018
F,2012,Yoselin,5,SC,1385,0.013
F,2013,Yazmine,6,SC,1182,0.015
F,2013,Yaretzi,5,SC,1385,0.013
F,2014,Yaretzi,7,SC,1080,0.018
F,2014,Yareli,6,SC,1214,0.015
F,2015,Yaretzi,10,SC,820,0.025
F,2015,Yazmin,6,SC,1244,0.015
F,2016,Yaretzi,6,SC,1247,0.015
F,2016,Yasmin,6,SC,1247,0.015
F,2017,Yaretzi,8,SC,992,0.021
F,2017,Yara,6,SC,1238,0.015
F,2018,Yamileth,5,SC,1428,0.013
F,2019,Yara,5,SC,1442,0.013
F,2020,Yara,8,SC,1036,0.021
F,2022,Yara,8,SC,1076,0.021
F,2022,Yuri,7,SC,1181,0.018
F,2022,Yaretzi,6,SC,1329,0.016
F,2023,Yara,7,SC,1204,0.018
F,2024,Yasmine,6,SC,1361,0.015
F,2024,Yara,5,SC,1540,0.013
F,2024,Yareli,5,SC,1540,0.013
M,1959,Yancy,7,SC,793,0.013
M,2002,Yahir,5,SC,1174,0.014
M,2003,Yahir,9,SC,792,0.024
M,2003,Yair,5,SC,1234,0.013
M,2004,Yahir,10,SC,755,0.026
M,2005,Yahir,8,SC,930,0.021
M,2006,Yahir,17,SC,523,0.041
M,2006,Yair,7,SC,1108,0.017
M,2007,Yahir,8,SC,1011,0.019
M,2008,Yahir,8,SC,1030,0.019
M,2009,Yahir,6,SC,1244,0.015
M,2011,Yandel,5,SC,1345,0.013
M,2013,Yeshua,5,SC,1385,0.013
M,2014,Yahir,8,SC,992,0.02
M,2014,Yousef,5,SC,1385,0.013
M,2015,Yusuf,5,SC,1412,0.013
M,2019,Yerik,6,SC,1270,0.016
M,2020,Yasir,5,SC,1455,0.013
M,2023,Yasir,6,SC,1334,0.016
M,2023,Yuri,5,SC,1534,0.013
M,2024,Yeshua,6,SC,1361,0.015
M,2024,Yahir,5,SC,1540,0.013
F,1915,Yvonne,6,UT,311,0.078
F,1916,Yvonne,5,UT,374,0.059
F,1918,Yvonne,8,UT,307,0.08
F,1919,Yvonne,6,UT,339,0.068
F,1920,Yvonne,11,UT,242,0.113
F,1921,Yvonne,5,UT,402,0.049
F,1922,Yvonne,11,UT,231,0.115
F,1923,Yvonne,11,UT,228,0.111
F,1925,Yvonne,7,UT,315,0.07
F,1926,Yvonne,6,UT,336,0.062
F,1927,Yvonne,8,UT,278,0.084
F,1928,Yvonne,11,UT,224,0.117
F,1929,Yvonne,11,UT,225,0.12
F,1930,Yvonne,17,UT,148,0.175
F,1931,Yvonne,10,UT,228,0.11
F,1932,Yvonne,10,UT,223,0.112
F,1933,Yvonne,11,UT,203,0.122
F,1934,Yvonne,6,UT,331,0.066
F,1935,Yvonne,15,UT,166,0.156
F,1936,Yvonne,18,UT,143,0.191
F,1937,Yvonne,16,UT,153,0.166
F,1938,Yvonne,10,UT,237,0.099
F,1939,Yvonne,13,UT,192,0.129
F,1940,Yvonne,10,UT,239,0.095
F,1941,Yvonne,9,UT,264,0.083
F,1942,Yvonne,6,UT,380,0.046
F,1943,Yvonne,8,UT,335,0.055
F,1944,Yvonne,10,UT,280,0.073
F,1945,Yvonne,6,UT,383,0.045
F,1946,Yvonne,14,UT,236,0.091
F,1947,Yvonne,15,UT,249,0.081
F,1948,Yvonne,10,UT,332,0.057
F,1949,Yvonne,12,UT,297,0.067
F,1950,Yvonne,12,UT,299,0.066
F,1951,Yvonne,15,UT,277,0.075
F,1952,Yvonne,14,UT,297,0.068
F,1952,Yolanda,6,UT,500,0.029
F,1953,Yvonne,19,UT,237,0.09
F,1954,Yvonne,14,UT,308,0.066
F,1955,Yvonne,12,UT,350,0.055
F,1955,Yolanda,5,UT,605,0.023
F,1956,Yvonne,14,UT,327,0.062
F,1956,Yolanda,7,UT,514,0.031
F,1957,Yvonne,10,UT,410,0.044
F,1957,Yolanda,7,UT,536,0.031
F,1958,Yvonne,12,UT,349,0.054
F,1959,Yvonne,17,UT,298,0.077
F,1959,Yolanda,5,UT,624,0.023
F,1960,Yvonne,13,UT,352,0.057
F,1961,Yvonne,15,UT,335,0.066
F,1961,Yvette,8,UT,503,0.035
F,1961,Yolanda,5,UT,642,0.022
F,1962,Yvonne,11,UT,404,0.049
F,1963,Yvonne,7,UT,519,0.033
F,1963,Yvette,6,UT,565,0.028
F,1964,Yvonne,12,UT,363,0.059
F,1964,Yvette,8,UT,469,0.039
F,1964,Yolanda,5,UT,621,0.025
F,1965,Yvette,12,UT,340,0.064
F,1965,Yvonne,7,UT,489,0.037
F,1965,Yolanda,6,UT,536,0.032
F,1966,Yvonne,16,UT,264,0.084
F,1966,Yvette,8,UT,450,0.042
F,1967,Yvette,11,UT,345,0.057
F,1967,Yvonne,6,UT,534,0.031
F,1968,Yvette,9,UT,415,0.046
F,1968,Yvonne,6,UT,521,0.031
F,1969,Yvonne,15,UT,297,0.073
F,1969,Yvette,12,UT,352,0.059
F,1970,Yvonne,14,UT,334,0.061
F,1970,Yvette,9,UT,443,0.039
F,1970,Yolanda,6,UT,581,0.026
F,1971,Yvonne,8,UT,481,0.034
F,1971,Yvette,7,UT,520,0.03
F,1972,Yvonne,7,UT,506,0.031
F,1973,Yvonne,9,UT,434,0.038
F,1974,Yolanda,5,UT,676,0.02
F,1974,Yvonne,5,UT,676,0.02
F,1976,Yolanda,6,UT,654,0.02
F,1976,Yvonne,5,UT,747,0.017
F,1977,Yvonne,11,UT,448,0.034
F,1977,Yolanda,6,UT,680,0.019
F,1978,Yolanda,7,UT,647,0.021
F,1978,Yvette,6,UT,715,0.018
F,1978,Yvonne,5,UT,801,0.015
F,1979,Yolanda,6,UT,707,0.017
F,1979,Yvette,6,UT,707,0.017
F,1980,Yolanda,6,UT,745,0.017
F,1982,Yolanda,7,UT,669,0.02
F,1982,Yvonne,5,UT,824,0.014
F,1983,Yvonne,5,UT,805,0.015
F,1985,Yolanda,5,UT,784,0.016
F,1991,Yolanda,6,UT,759,0.02
F,1991,Yvonne,5,UT,857,0.017
F,1992,Yesenia,5,UT,880,0.016
F,1993,Yesenia,5,UT,884,0.016
F,1995,Yesenia,6,UT,836,0.019
F,1996,Yesenia,11,UT,585,0.032
F,1997,Yesenia,6,UT,920,0.017
F,1998,Yesenia,9,UT,709,0.025
F,1998,Yasmin,5,UT,1072,0.014
F,1999,Yesenia,8,UT,805,0.021
F,2000,Yesenia,9,UT,761,0.024
F,2000,Yasmine,5,UT,1144,0.013
F,2001,Yesenia,10,UT,723,0.026
F,2001,Yasmin,7,UT,944,0.018
F,2001,Yadira,6,UT,1048,0.016
F,2002,Yesenia,10,UT,723,0.026
F,2003,Yesenia,12,UT,674,0.03
F,2003,Yazmin,5,UT,1249,0.013
F,2004,Yareli,6,UT,1111,0.015
F,2004,Yadira,5,UT,1258,0.012
F,2004,Yasmin,5,UT,1258,0.012
F,2005,Yasmin,6,UT,1135,0.015
F,2005,Yesenia,5,UT,1291,0.012
F,2006,Yoselin,9,UT,895,0.021
F,2006,Yasmin,6,UT,1190,0.014
F,2006,Yareli,5,UT,1352,0.012
F,2006,Yazmin,5,UT,1352,0.012
F,2006,Yesenia,5,UT,1352,0.012
F,2007,Yareli,12,UT,761,0.028
F,2007,Yuliana,6,UT,1244,0.014
F,2007,Yasmin,5,UT,1418,0.012
F,2007,Yazmin,5,UT,1418,0.012
F,2007,Yesenia,5,UT,1418,0.012
F,2007,Yoselin,5,UT,1418,0.012
F,2008,Yareli,11,UT,818,0.025
F,2008,Yasmin,10,UT,882,0.023
F,2008,Yazmin,7,UT,1136,0.016
F,2009,Yaretzi,10,UT,849,0.024
F,2009,Yasmin,6,UT,1283,0.014
F,2009,Yareli,5,UT,1445,0.012
F,2009,Yoselin,5,UT,1445,0.012
F,2010,Yaretzi,16,UT,589,0.04
F,2010,Yesenia,9,UT,899,0.022
F,2010,Yadira,6,UT,1224,0.015
F,2010,Yasmin,5,UT,1400,0.012
F,2010,Yoselin,5,UT,1400,0.012
F,2011,Yaretzi,10,UT,847,0.025
F,2011,Yareli,8,UT,980,0.02
F,2011,Yaritza,7,UT,1081,0.018
F,2012,Yaretzi,16,UT,589,0.04
F,2012,Yareli,11,UT,788,0.028
F,2013,Yareli,8,UT,981,0.02
F,2013,Yaretzi,8,UT,981,0.02
F,2014,Yaretzi,13,UT,705,0.033
F,2015,Yaretzi,10,UT,865,0.026
F,2015,Yaritza,5,UT,1395,0.013
F,2016,Yareli,8,UT,1019,0.021
F,2016,Yaretzi,7,UT,1105,0.018
F,2016,Yasmin,5,UT,1403,0.013
F,2017,Yaretzi,15,UT,605,0.04
F,2017,Yazmin,5,UT,1366,0.013
F,2018,Yaretzi,10,UT,827,0.028
F,2019,Yaretzi,8,UT,987,0.022
F,2020,Yaretzi,7,UT,1069,0.02
F,2020,Yareli,5,UT,1342,0.014
F,2021,Yaretzi,7,UT,1119,0.019
F,2023,Yamileth,7,UT,1093,0.02
F,2023,Yaretzi,5,UT,1342,0.014
M,2002,Yahir,5,UT,1186,0.013
M,2003,Yahir,33,UT,303,0.083
M,2005,Yahir,8,UT,930,0.02
M,2006,Yair,6,UT,1190,0.014
M,2006,Yahir,5,UT,1352,0.012
M,2007,Yahir,9,UT,932,0.021
M,2008,Yandel,12,UT,768,0.028
M,2008,Yahir,11,UT,818,0.025
M,2009,Yusuf,6,UT,1283,0.014
M,2009,Yahir,5,UT,1445,0.012
M,2010,Yahir,6,UT,1224,0.015
M,2011,Yahir,5,UT,1368,0.013
M,2012,Yahir,10,UT,848,0.025
M,2014,Yahir,9,UT,934,0.023
M,2017,Yael,5,UT,1366,0.013
M,2018,York,6,UT,1185,0.017
M,2018,Yahir,5,UT,1321,0.014
M,2019,Yahir,6,UT,1202,0.017
M,2019,Yusuf,5,UT,1365,0.014
M,2020,Yahir,5,UT,1342,0.014
M,2022,Yahir,5,UT,1359,0.014
F,1916,Yvonne,7,VT,174,0.157
F,1918,Yvonne,7,VT,184,0.141
F,1919,Yvonne,5,VT,220,0.109
F,1920,Yvonne,8,VT,166,0.163
F,1921,Yvonne,9,VT,157,0.169
F,1921,Yvette,5,VT,234,0.094
F,1922,Yvonne,8,VT,167,0.157
F,1923,Yvonne,10,VT,140,0.201
F,1924,Yvonne,8,VT,175,0.156
F,1925,Yvette,5,VT,226,0.098
F,1926,Yvonne,8,VT,159,0.163
F,1927,Yvonne,10,VT,135,0.2
F,1928,Yvonne,6,VT,186,0.118
F,1930,Yvette,6,VT,186,0.118
F,1930,Yvonne,5,VT,212,0.098
F,1931,Yvonne,6,VT,188,0.118
F,1933,Yolande,7,VT,159,0.152
F,1933,Yvonne,7,VT,159,0.152
F,1933,Yvette,6,VT,178,0.13
F,1935,Yvonne,6,VT,191,0.12
F,1936,Yvette,8,VT,152,0.164
F,1936,Yvonne,5,VT,204,0.102
F,1937,Yvonne,10,VT,130,0.209
F,1939,Yvonne,10,VT,128,0.206
F,1940,Yvonne,6,VT,180,0.119
F,1941,Yvonne,8,VT,153,0.156
F,1941,Yvette,7,VT,168,0.136
F,1942,Yvonne,8,VT,155,0.149
F,1944,Yvonne,6,VT,178,0.117
F,1945,Yvette,6,VT,191,0.115
F,1946,Yvonne,8,VT,167,0.123
F,1950,Yvonne,5,VT,241,0.069
F,1951,Yvonne,5,VT,251,0.067
F,1952,Yvonne,5,VT,260,0.067
F,1955,Yvonne,7,VT,215,0.091
F,1956,Yvette,5,VT,261,0.067
F,1958,Yvonne,7,VT,226,0.093
F,1959,Yvonne,7,VT,220,0.091
F,1962,Yvonne,6,VT,246,0.083
F,1971,Yvonne,5,VT,257,0.082
F,1919,Yvonne,6,KY,822,0.012
F,1920,Yvonne,6,KY,860,0.011
F,1922,Yvonne,7,KY,806,0.013
F,1923,Yvonne,7,KY,799,0.013
F,1924,Yvonne,8,KY,743,0.014
F,1925,Yvonne,6,KY,875,0.011
F,1926,Yvonne,11,KY,599,0.02
F,1927,Yvonne,8,KY,728,0.014
F,1928,Yvonne,12,KY,556,0.022
F,1929,Yvonne,7,KY,741,0.014
F,1930,Yvonne,18,KY,442,0.034
F,1931,Yvonne,20,KY,400,0.039
F,1932,Yvonne,24,KY,378,0.045
F,1933,Yvonne,19,KY,403,0.037
F,1934,Yvonne,29,KY,343,0.054
F,1935,Yvonne,72,KY,162,0.136
F,1936,Yvonne,72,KY,149,0.141
F,1937,Yvonne,89,KY,125,0.172
F,1938,Yvonne,64,KY,183,0.114
F,1939,Yvonne,74,KY,155,0.135
F,1940,Yvonne,59,KY,200,0.103
F,1941,Yvonne,35,KY,286,0.061
F,1942,Yvonne,41,KY,256,0.069
F,1942,Yolanda,6,KY,826,0.01
F,1943,Yvonne,25,KY,369,0.043
F,1944,Yvonne,21,KY,397,0.037
F,1945,Yvonne,28,KY,316,0.051
F,1946,Yvonne,34,KY,316,0.051
F,1946,Yolanda,10,KY,631,0.015
F,1947,Yvonne,58,KY,225,0.079
F,1947,Yolanda,12,KY,600,0.016
F,1948,Yvonne,56,KY,227,0.079
F,1948,Yolanda,10,KY,642,0.014
F,1949,Yvonne,57,KY,213,0.081
F,1949,Yolanda,9,KY,671,0.013
F,1950,Yvonne,49,KY,240,0.071
F,1950,Yolanda,10,KY,636,0.014
F,1951,Yvonne,56,KY,217,0.079
F,1951,Yolanda,12,KY,584,0.017
F,1952,Yvonne,69,KY,188,0.099
F,1952,Yolanda,16,KY,492,0.023
F,1953,Yvonne,63,KY,193,0.092
F,1953,Yolanda,9,KY,678,0.013
F,1954,Yvonne,57,KY,220,0.08
F,1954,Yolanda,9,KY,670,0.013
F,1955,Yvonne,51,KY,233,0.073
F,1955,Yolanda,15,KY,532,0.021
F,1955,Yvette,5,KY,917,0.007
F,1956,Yvonne,46,KY,258,0.066
F,1956,Yolanda,18,KY,474,0.026
F,1956,Yvette,8,KY,723,0.011
F,1957,Yvonne,50,KY,249,0.071
F,1957,Yolanda,22,KY,425,0.031
F,1958,Yvonne,42,KY,283,0.061
F,1958,Yolanda,21,KY,440,0.031
F,1959,Yvonne,35,KY,321,0.051
F,1959,Yolanda,21,KY,451,0.03
F,1959,Yvette,5,KY,943,0.007
F,1960,Yvonne,31,KY,344,0.046
F,1960,Yolanda,21,KY,451,0.031
F,1960,Yvette,10,KY,654,0.015
F,1961,Yvonne,35,KY,319,0.053
F,1961,Yolanda,23,KY,422,0.035
F,1961,Yvette,19,KY,479,0.029
F,1962,Yvonne,42,KY,285,0.065
F,1962,Yolanda,24,KY,414,0.037
F,1962,Yvette,9,KY,698,0.014
F,1963,Yvonne,35,KY,313,0.055
F,1963,Yolanda,24,KY,397,0.038
F,1963,Yvette,13,KY,581,0.021
F,1964,Yvonne,40,KY,286,0.064
F,1964,Yolanda,22,KY,421,0.035
F,1964,Yvette,16,KY,517,0.026
F,1965,Yvonne,22,KY,403,0.039
F,1965,Yolanda,15,KY,502,0.027
F,1965,Yvette,14,KY,528,0.025
F,1966,Yvonne,35,KY,269,0.066
F,1966,Yvette,23,KY,375,0.044
F,1966,Yolanda,17,KY,446,0.032
F,1967,Yvette,26,KY,334,0.05
F,1967,Yolanda,25,KY,346,0.048
F,1967,Yvonne,24,KY,358,0.046
F,1968,Yvonne,22,KY,374,0.043
F,1968,Yolanda,19,KY,416,0.037
F,1968,Yvette,11,KY,557,0.022
F,1969,Yolanda,24,KY,357,0.046
F,1969,Yvette,18,KY,442,0.034
F,1969,Yvonne,18,KY,442,0.034
F,1970,Yolanda,25,KY,362,0.046
F,1970,Yvonne,25,KY,362,0.046
F,1970,Yvette,11,KY,598,0.02
F,1971,Yolanda,28,KY,337,0.051
F,1971,Yvonne,18,KY,463,0.033
F,1971,Yvette,8,KY,722,0.015
F,1971,Yolonda,5,KY,914,0.009
F,1972,Yolanda,19,KY,417,0.038
F,1972,Yvonne,17,KY,456,0.034
F,1972,Yvette,8,KY,687,0.016
F,1973,Yvonne,17,KY,437,0.035
F,1973,Yolanda,14,KY,499,0.029
F,1973,Yvette,8,KY,689,0.016
F,1973,Yolonda,5,KY,880,0.01
F,1974,Yolanda,17,KY,434,0.035
F,1974,Yvonne,9,KY,634,0.019
F,1974,Yvette,8,KY,680,0.016
F,1975,Yolanda,14,KY,508,0.028
F,1975,Yvonne,8,KY,686,0.016
F,1976,Yolanda,19,KY,411,0.038
F,1976,Yvonne,10,KY,598,0.02
F,1977,Yolanda,12,KY,564,0.023
F,1977,Yvonne,12,KY,564,0.023
F,1978,Yolanda,11,KY,561,0.021
F,1979,Yolanda,11,KY,558,0.021
F,1979,Yvette,6,KY,821,0.011
F,1980,Yolanda,6,KY,811,0.011
F,1980,Yvonne,6,KY,811,0.011
F,1981,Yvonne,10,KY,584,0.02
F,1981,Yolanda,7,KY,724,0.014
F,1981,Yvette,5,KY,875,0.01
F,1982,Yolanda,9,KY,602,0.018
F,1982,Yvonne,5,KY,885,0.01
F,1984,Yolanda,7,KY,682,0.015
F,1985,Yolanda,6,KY,722,0.013
F,1985,Yvonne,5,KY,814,0.011
F,1987,Yvonne,6,KY,742,0.013
F,1998,Yasmine,5,KY,983,0.011
F,1999,Yasmine,8,KY,748,0.018
F,2002,Yasmine,5,KY,1049,0.012
F,2003,Yasmin,6,KY,977,0.014
F,2004,Yasmin,6,KY,1136,0.014
F,2005,Yasmin,5,KY,1167,0.012
F,2006,Yasmin,8,KY,907,0.018
F,2006,Yesenia,5,KY,1213,0.011
F,2007,Yasmin,5,KY,1241,0.011
F,2011,Yasmin,6,KY,1104,0.015
F,2011,Yazmin,5,KY,1249,0.012
F,2012,Yaretzi,6,KY,1138,0.015
F,2013,Yaretzi,8,KY,920,0.02
F,2013,Yaretzy,6,KY,1141,0.015
F,2013,Yasmin,5,KY,1305,0.012
F,2016,Yaretzi,5,KY,1347,0.012
F,2018,Yaretzi,5,KY,1383,0.013
F,2018,Yasmin,5,KY,1383,0.013
F,2022,Yoselin,8,KY,999,0.022
F,2022,Yareli,5,KY,1401,0.014
F,2023,Yasmin,6,KY,1241,0.016
M,1959,Yancy,5,KY,943,0.007
M,2003,Yahir,5,KY,1084,0.012
M,2009,Yandel,6,KY,1136,0.014
M,2009,Yasir,5,KY,1288,0.012
M,2014,Yusuf,6,KY,1172,0.015
M,2015,Yusuf,5,KY,1319,0.012
M,2018,Yasin,5,KY,1383,0.013
M,2018,Yousef,5,KY,1383,0.013
M,2019,Yousef,5,KY,1381,0.013
M,2020,Yousef,5,KY,1374,0.014
M,2023,Yael,5,KY,1405,0.014
M,2024,Yasin,5,KY,1431,0.013
F,1910,Yvonne,5,IL,536,0.019
F,1911,Yvonne,6,IL,497,0.021
F,1911,Yolanda,5,IL,549,0.018
F,1912,Yvonne,6,IL,678,0.012
F,1912,Yetta,5,IL,747,0.01
F,1913,Yvonne,11,IL,535,0.018
F,1913,Yolanda,5,IL,833,0.008
F,1914,Yolanda,12,IL,566,0.016
F,1914,Yetta,11,IL,594,0.015
F,1914,Yvonne,10,IL,625,0.013
F,1915,Yolanda,21,IL,488,0.021
F,1915,Yetta,18,IL,532,0.018
F,1915,Yvonne,18,IL,532,0.018
F,1916,Yvonne,18,IL,557,0.017
F,1916,Yetta,7,IL,930,0.007
F,1916,Yolanda,7,IL,930,0.007
F,1917,Yvonne,20,IL,533,0.018
F,1917,Yolanda,16,IL,602,0.015
F,1917,Yetta,9,IL,813,0.008
F,1918,Yvonne,35,IL,393,0.03
F,1918,Yolanda,13,IL,695,0.011
F,1918,Yetta,7,IL,967,0.006
F,1919,Yvonne,37,IL,380,0.035
F,1919,Yolanda,24,IL,470,0.023
F,1919,Yetta,7,IL,946,0.007
F,1920,Yvonne,36,IL,390,0.032
F,1920,Yolanda,16,IL,596,0.014
F,1920,Yetta,7,IL,937,0.006
F,1921,Yvonne,38,IL,395,0.032
F,1921,Yolanda,17,IL,596,0.014
F,1921,Yetta,8,IL,885,0.007
F,1922,Yvonne,35,IL,395,0.031
F,1922,Yolanda,18,IL,571,0.016
F,1922,Yetta,7,IL,938,0.006
F,1923,Yolanda,38,IL,388,0.033
F,1923,Yvonne,32,IL,417,0.027
F,1923,Yetta,6,IL,1028,0.005
F,1924,Yvonne,49,IL,348,0.04
F,1924,Yolanda,23,IL,513,0.019
F,1924,Yetta,5,IL,1153,0.004
F,1925,Yvonne,59,IL,304,0.05
F,1925,Yolanda,33,IL,433,0.028
F,1926,Yvonne,47,IL,352,0.04
F,1926,Yolanda,20,IL,547,0.017
F,1927,Yvonne,53,IL,319,0.045
F,1927,Yolanda,21,IL,533,0.018
F,1928,Yvonne,72,IL,258,0.063
F,1928,Yolanda,19,IL,552,0.017
F,1928,Yetta,7,IL,957,0.006
F,1928,Yvette,5,IL,1123,0.004
F,1929,Yvonne,84,IL,225,0.074
F,1929,Yolanda,17,IL,579,0.015
F,1929,Yetta,6,IL,997,0.005
F,1930,Yvonne,81,IL,234,0.07
F,1930,Yolanda,24,IL,496,0.021
F,1931,Yvonne,88,IL,217,0.083
F,1931,Yolanda,14,IL,604,0.013
F,1932,Yvonne,77,IL,229,0.075
F,1932,Yolanda,6,IL,946,0.006
F,1933,Yvonne,62,IL,262,0.064
F,1933,Yolanda,16,IL,555,0.016
F,1934,Yvonne,88,IL,208,0.088
F,1934,Yolanda,13,IL,609,0.013
F,1935,Yvonne,127,IL,161,0.124
F,1935,Yolanda,21,IL,483,0.021
F,1936,Yvonne,176,IL,128,0.171
F,1936,Yolanda,17,IL,553,0.017
F,1937,Yvonne,202,IL,117,0.191
F,1937,Yolanda,16,IL,569,0.015
F,1938,Yvonne,128,IL,177,0.114
F,1938,Yolanda,22,IL,482,0.02
F,1938,Yvette,8,IL,855,0.007
F,1939,Yvonne,124,IL,175,0.114
F,1939,Yolanda,15,IL,601,0.014
F,1940,Yvonne,125,IL,178,0.109
F,1940,Yolanda,20,IL,512,0.017
F,1940,Yvette,6,IL,1007,0.005
F,1941,Yvonne,111,IL,202,0.089
F,1941,Yolanda,18,IL,595,0.014
F,1941,Yvette,14,IL,681,0.011
F,1942,Yvonne,111,IL,218,0.077
F,1942,Yolanda,18,IL,645,0.012
F,1942,Yvette,11,IL,805,0.008
F,1943,Yvonne,107,IL,216,0.075
F,1943,Yolanda,13,IL,753,0.009
F,1943,Yvette,9,IL,888,0.006
F,1944,Yvonne,84,IL,242,0.065
F,1944,Yolanda,18,IL,579,0.014
F,1945,Yvonne,71,IL,270,0.056
F,1945,Yolanda,22,IL,515,0.017
F,1945,Yvette,9,IL,833,0.007
F,1946,Yvonne,123,IL,223,0.077
F,1946,Yolanda,31,IL,487,0.019
F,1946,Yvette,7,IL,1040,0.004
F,1947,Yvonne,159,IL,200,0.088
F,1947,Yolanda,26,IL,572,0.014
F,1947,Yvette,9,IL,990,0.005
F,1948,Yvonne,149,IL,202,0.087
F,1948,Yolanda,46,IL,424,0.027
F,1948,Yvette,11,IL,888,0.006
F,1949,Yvonne,147,IL,213,0.083
F,1949,Yolanda,29,IL,537,0.016
F,1949,Yvette,7,IL,1148,0.004
F,1950,Yvonne,150,IL,203,0.083
F,1950,Yolanda,35,IL,493,0.019
F,1950,Yvette,23,IL,617,0.013
F,1951,Yvonne,172,IL,193,0.091
F,1951,Yolanda,61,IL,366,0.032
F,1951,Yvette,26,IL,596,0.014
F,1952,Yvonne,189,IL,183,0.097
F,1952,Yolanda,68,IL,366,0.035
F,1952,Yvette,22,IL,660,0.011
F,1953,Yvonne,186,IL,194,0.095
F,1953,Yolanda,63,IL,386,0.032
F,1953,Yvette,32,IL,554,0.016
F,1954,Yvonne,195,IL,201,0.095
F,1954,Yolanda,77,IL,358,0.037
F,1954,Yvette,29,IL,614,0.014
F,1955,Yvonne,189,IL,211,0.091
F,1955,Yolanda,69,IL,389,0.033
F,1955,Yvette,38,IL,534,0.018
F,1956,Yvonne,190,IL,217,0.087
F,1956,Yolanda,130,IL,277,0.06
F,1956,Yvette,46,IL,504,0.021
F,1957,Yvonne,205,IL,217,0.091
F,1957,Yolanda,139,IL,284,0.062
F,1957,Yvette,52,IL,491,0.023
F,1957,Yolonda,7,IL,1437,0.003
F,1958,Yvonne,168,IL,247,0.076
F,1958,Yolanda,133,IL,294,0.06
F,1958,Yvette,51,IL,503,0.023
F,1958,Yolonda,6,IL,1573,0.003
F,1958,Yasmin,5,IL,1716,0.002
F,1959,Yvonne,165,IL,262,0.073
F,1959,Yolanda,155,IL,268,0.069
F,1959,Yvette,55,IL,506,0.024
F,1959,Yolonda,9,IL,1312,0.004
F,1960,Yvonne,163,IL,257,0.073
F,1960,Yolanda,147,IL,284,0.066
F,1960,Yvette,95,IL,370,0.043
F,1960,Yolonda,5,IL,1785,0.002
F,1961,Yvonne,214,IL,212,0.097
F,1961,Yolanda,174,IL,247,0.079
F,1961,Yvette,125,IL,316,0.057
F,1961,Yolonda,9,IL,1336,0.004
F,1962,Yvonne,195,IL,219,0.092
F,1962,Yolanda,183,IL,231,0.086
F,1962,Yvette,122,IL,313,0.057
F,1962,Yolonda,7,IL,1492,0.003
F,1963,Yolanda,201,IL,208,0.097
F,1963,Yvonne,167,IL,241,0.081
F,1963,Yvette,161,IL,247,0.078
F,1963,Yolonda,10,IL,1236,0.005
F,1963,Yulonda,6,IL,1593,0.003
F,1963,Yulanda,5,IL,1757,0.002
F,1964,Yolanda,171,IL,232,0.084
F,1964,Yvette,154,IL,253,0.076
F,1964,Yvonne,152,IL,256,0.075
F,1965,Yolanda,219,IL,173,0.115
F,1965,Yvette,132,IL,276,0.069
F,1965,Yvonne,132,IL,276,0.069
F,1965,Yolonda,7,IL,1451,0.004
F,1965,Yulanda,6,IL,1591,0.003
F,1965,Yolunda,5,IL,1748,0.003
F,1965,Yulonda,5,IL,1748,0.003
F,1966,Yolanda,232,IL,155,0.127
F,1966,Yvonne,146,IL,242,0.08
F,1966,Yvette,143,IL,250,0.078
F,1966,Yolonda,11,IL,1155,0.006
F,1967,Yolanda,231,IL,148,0.13
F,1967,Yvonne,149,IL,219,0.084
F,1967,Yvette,145,IL,225,0.081
F,1967,Yolonda,13,IL,1073,0.007
F,1967,Yalanda,5,IL,1782,0.003
F,1967,Yulanda,5,IL,1782,0.003
F,1968,Yolanda,289,IL,118,0.165
F,1968,Yvonne,127,IL,258,0.073
F,1968,Yvette,117,IL,279,0.067
F,1968,Yolonda,6,IL,1624,0.003
F,1969,Yolanda,293,IL,119,0.166
F,1969,Yvette,129,IL,257,0.073
F,1969,Yvonne,97,IL,324,0.055
F,1969,Yolonda,16,IL,986,0.009
F,1969,Youlanda,7,IL,1565,0.004
F,1970,Yolanda,307,IL,118,0.166
F,1970,Yvette,125,IL,275,0.068
F,1970,Yvonne,105,IL,314,0.057
F,1970,Yolonda,11,IL,1268,0.006
F,1970,Yasmin,5,IL,1985,0.003
F,1970,Yulonda,5,IL,1985,0.003
F,1971,Yolanda,333,IL,104,0.192
F,1971,Yvette,110,IL,291,0.063
F,1971,Yvonne,87,IL,349,0.05
F,1971,Yolonda,9,IL,1440,0.005
F,1971,Yulanda,8,IL,1534,0.005
F,1971,Yulonda,7,IL,1665,0.004
F,1972,Yolanda,259,IL,118,0.165
F,1972,Yvette,89,IL,311,0.057
F,1972,Yvonne,80,IL,340,0.051
F,1972,Yesenia,62,IL,427,0.039
F,1972,Yolonda,14,IL,1071,0.009
F,1972,Yessenia,6,IL,1753,0.004
F,1972,Yadira,5,IL,1974,0.003
F,1972,Yolandra,5,IL,1974,0.003
F,1973,Yolanda,202,IL,154,0.136
F,1973,Yvonne,77,IL,338,0.052
F,1973,Yvette,66,IL,379,0.045
F,1973,Yesenia,33,IL,628,0.022
F,1973,Yolonda,16,IL,974,0.011
F,1973,Yumeka,7,IL,1624,0.005
F,1973,Yasmin,6,IL,1788,0.004
F,1973,Yolando,5,IL,1988,0.003
F,1974,Yolanda,184,IL,165,0.124
F,1974,Yvette,62,IL,394,0.042
F,1974,Yvonne,61,IL,401,0.041
F,1974,Yesenia,32,IL,637,0.022
F,1974,Yadira,5,IL,1961,0.003
F,1974,Yashica,5,IL,1961,0.003
F,1974,Yessenia,5,IL,1961,0.003
F,1974,Yolonda,5,IL,1961,0.003
F,1975,Yolanda,225,IL,131,0.152
F,1975,Yvonne,58,IL,423,0.039
F,1975,Yvette,54,IL,440,0.037
F,1975,Yesenia,44,IL,509,0.03
F,1975,Yadira,7,IL,1611,0.005
F,1975,Yolonda,7,IL,1611,0.005
F,1975,Yasmin,6,IL,1799,0.004
F,1975,Yessenia,6,IL,1799,0.004
F,1975,Yalonda,5,IL,2027,0.003
F,1976,Yolanda,163,IL,182,0.11
F,1976,Yvonne,56,IL,429,0.038
F,1976,Yvette,50,IL,462,0.034
F,1976,Yesenia,38,IL,563,0.026
F,1976,Yadira,11,IL,1243,0.007
F,1976,Yecenia,7,IL,1660,0.005
F,1976,Yalonda,5,IL,2056,0.003
F,1977,Yolanda,145,IL,207,0.094
F,1977,Yvonne,59,IL,416,0.038
F,1977,Yesenia,43,IL,533,0.028
F,1977,Yvette,40,IL,559,0.026
F,1977,Yanira,5,IL,2114,0.003
F,1977,Yasmin,5,IL,2114,0.003
F,1978,Yolanda,106,IL,255,0.071
F,1978,Yvette,53,IL,443,0.035
F,1978,Yvonne,50,IL,467,0.033
F,1978,Yesenia,33,IL,622,0.022
F,1978,Yajaira,14,IL,1080,0.009
F,1978,Yadira,11,IL,1257,0.007
F,1978,Yessenia,8,IL,1544,0.005
F,1978,Yasmin,6,IL,1868,0.004
F,1978,Yazmin,5,IL,2093,0.003
F,1979,Yolanda,117,IL,243,0.074
F,1979,Yesenia,67,IL,380,0.042
F,1979,Yvonne,45,IL,524,0.028
F,1979,Yvette,36,IL,599,0.023
F,1979,Yajaira,16,IL,1046,0.01
F,1979,Yadira,13,IL,1209,0.008
F,1979,Yahaira,13,IL,1209,0.008
F,1979,Yasmin,9,IL,1537,0.006
F,1979,Yashica,5,IL,2177,0.003
F,1980,Yolanda,101,IL,279,0.062
F,1980,Yesenia,55,IL,448,0.034
F,1980,Yvonne,54,IL,454,0.033
F,1980,Yvette,46,IL,521,0.028
F,1980,Yadira,19,IL,953,0.012
F,1980,Yanira,8,IL,1633,0.005
F,1980,Yara,7,IL,1776,0.004
F,1980,Yajaira,6,IL,1956,0.004
F,1980,Yanet,5,IL,2206,0.003
F,1981,Yolanda,78,IL,342,0.049
F,1981,Yesenia,50,IL,475,0.031
F,1981,Yvonne,44,IL,523,0.028
F,1981,Yvette,33,IL,644,0.021
F,1981,Yadira,15,IL,1067,0.009
F,1981,Yasmin,8,IL,1591,0.005
F,1981,Yara,7,IL,1718,0.004
F,1981,Yanira,6,IL,1897,0.004
F,1981,Yahaira,5,IL,2138,0.003
F,1981,Yajaira,5,IL,2138,0.003
F,1982,Yolanda,85,IL,318,0.054
F,1982,Yvonne,42,IL,523,0.027
F,1982,Yesenia,38,IL,572,0.024
F,1982,Yvette,30,IL,681,0.019
F,1982,Yadira,14,IL,1116,0.009
F,1982,Yael,6,IL,1875,0.004
F,1982,Yajaira,6,IL,1875,0.004
F,1982,Yasmin,6,IL,1875,0.004
F,1982,Yahaira,5,IL,2105,0.003
F,1982,Yuliana,5,IL,2105,0.003
F,1983,Yolanda,72,IL,351,0.047
F,1983,Yvonne,39,IL,541,0.025
F,1983,Yesenia,36,IL,573,0.023
F,1983,Yvette,32,IL,624,0.021
F,1983,Yadira,11,IL,1262,0.007
F,1983,Yajaira,11,IL,1262,0.007
F,1983,Yasmin,9,IL,1434,0.006
F,1983,Yanet,6,IL,1857,0.004
F,1983,Yuliana,6,IL,1857,0.004
F,1983,Yanira,5,IL,2078,0.003
F,1984,Yolanda,62,IL,391,0.04
F,1984,Yvette,36,IL,573,0.023
F,1984,Yvonne,31,IL,646,0.02
F,1984,Yesenia,27,IL,718,0.017
F,1984,Yadira,16,IL,1002,0.01
F,1984,Yahaira,7,IL,1649,0.005
F,1984,Yanira,7,IL,1649,0.005
F,1984,Yajaira,5,IL,2067,0.003
F,1984,Yolonda,5,IL,2067,0.003
F,1985,Yolanda,64,IL,391,0.041
F,1985,Yesenia,53,IL,445,0.034
F,1985,Yvette,29,IL,682,0.019
F,1985,Yvonne,27,IL,718,0.017
F,1985,Yessenia,13,IL,1172,0.008
F,1985,Yajaira,8,IL,1558,0.005
F,1985,Yadira,7,IL,1694,0.005
F,1985,Yasmin,6,IL,1864,0.004
F,1985,Yusra,5,IL,2113,0.003
F,1986,Yesenia,71,IL,344,0.047
F,1986,Yolanda,42,IL,513,0.028
F,1986,Yvette,34,IL,593,0.023
F,1986,Yvonne,25,IL,744,0.017
F,1986,Yajaira,9,IL,1469,0.006
F,1986,Yadira,8,IL,1581,0.005
F,1986,Yasmine,7,IL,1708,0.005
F,1986,Yasmin,6,IL,1874,0.004
F,1986,Yessenia,6,IL,1874,0.004
F,1986,Yomaira,6,IL,1874,0.004
F,1986,Yuri,5,IL,2103,0.003
F,1987,Yesenia,158,IL,174,0.102
F,1987,Yolanda,42,IL,529,0.027
F,1987,Yvonne,34,IL,618,0.022
F,1987,Yvette,31,IL,654,0.02
F,1987,Yadira,15,IL,1098,0.01
F,1987,Yessenia,14,IL,1145,0.009
F,1987,Yajaira,10,IL,1395,0.006
F,1987,Yasmin,8,IL,1610,0.005
F,1987,Yelitza,8,IL,1610,0.005
F,1987,Yuri,8,IL,1610,0.005
F,1987,Yasmeen,5,IL,2173,0.003
F,1988,Yesenia,117,IL,233,0.074
F,1988,Yolanda,47,IL,500,0.03
F,1988,Yvette,38,IL,574,0.024
F,1988,Yvonne,28,IL,726,0.018
F,1988,Yessenia,18,IL,1000,0.011
F,1988,Yasmin,15,IL,1119,0.01
F,1988,Yadira,14,IL,1167,0.009
F,1988,Yasmine,10,IL,1431,0.006
F,1988,Yuri,7,IL,1802,0.004
F,1988,Yael,5,IL,2247,0.003
F,1988,Yasmeen,5,IL,2247,0.003
F,1989,Yesenia,141,IL,218,0.086
F,1989,Yolanda,45,IL,539,0.027
F,1989,Yvette,30,IL,730,0.018
F,1989,Yvonne,24,IL,871,0.015
F,1989,Yadira,18,IL,1038,0.011
F,1989,Yasmin,18,IL,1038,0.011
F,1989,Yasmine,15,IL,1156,0.009
F,1989,Yuri,14,IL,1213,0.009
F,1989,Yessenia,11,IL,1399,0.007
F,1989,Yajaira,8,IL,1727,0.005
F,1989,Yazmin,8,IL,1727,0.005
F,1989,Yecenia,8,IL,1727,0.005
F,1989,Yanira,7,IL,1880,0.004
F,1989,Yasmeen,6,IL,2077,0.004
F,1990,Yesenia,172,IL,195,0.103
F,1990,Yvonne,35,IL,665,0.021
F,1990,Yvette,34,IL,680,0.02
F,1990,Yolanda,30,IL,751,0.018
F,1990,Yessenia,28,IL,792,0.017
F,1990,Yadira,20,IL,999,0.012
F,1990,Yasmin,19,IL,1026,0.011
F,1990,Yasmeen,6,IL,2169,0.004
F,1990,Yessica,6,IL,2169,0.004
F,1990,Yuri,6,IL,2169,0.004
F,1990,Yanira,5,IL,2430,0.003
F,1990,Yecenia,5,IL,2430,0.003
F,1990,Yesica,5,IL,2430,0.003
F,1990,Yuliana,5,IL,2430,0.003
F,1990,Yuridia,5,IL,2430,0.003
F,1991,Yesenia,158,IL,208,0.096
F,1991,Yvette,48,IL,536,0.029
F,1991,Yasmin,35,IL,676,0.021
F,1991,Yolanda,29,IL,760,0.018
F,1991,Yvonne,29,IL,760,0.018
F,1991,Yadira,20,IL,1001,0.012
F,1991,Yessenia,14,IL,1263,0.008
F,1991,Yasmeen,12,IL,1404,0.007
F,1991,Yasmine,11,IL,1477,0.007
F,1991,Yajaira,7,IL,1961,0.004
F,1991,Yazmin,7,IL,1961,0.004
F,1991,Yanira,5,IL,2469,0.003
F,1991,Yara,5,IL,2469,0.003
F,1991,Yuridia,5,IL,2469,0.003
F,1992,Yesenia,150,IL,211,0.093
F,1992,Yvette,46,IL,553,0.028
F,1992,Yolanda,33,IL,721,0.02
F,1992,Yasmine,27,IL,828,0.017
F,1992,Yvonne,25,IL,871,0.015
F,1992,Yasmin,20,IL,1018,0.012
F,1992,Yaritza,16,IL,1162,0.01
F,1992,Yessenia,13,IL,1331,0.008
F,1992,Yadira,12,IL,1404,0.007
F,1992,Yazmin,10,IL,1565,0.006
F,1992,Yasmeen,8,IL,1822,0.005
F,1992,Yoselin,8,IL,1822,0.005
F,1992,Yanet,5,IL,2486,0.003
F,1992,Yanira,5,IL,2486,0.003
F,1992,Yessica,5,IL,2486,0.003
F,1992,Yuliana,5,IL,2486,0.003
F,1992,Yuri,5,IL,2486,0.003
F,1993,Yesenia,125,IL,255,0.078
F,1993,Yaritza,50,IL,521,0.031
F,1993,Yasmin,44,IL,576,0.027
F,1993,Yvette,36,IL,660,0.022
F,1993,Yasmine,32,IL,735,0.02
F,1993,Yolanda,30,IL,778,0.019
F,1993,Yessenia,22,IL,966,0.014
F,1993,Yazmin,20,IL,1039,0.012
F,1993,Yvonne,20,IL,1039,0.012
F,1993,Yadira,18,IL,1095,0.011
F,1993,Yasmeen,15,IL,1233,0.009
F,1993,Yajaira,12,IL,1442,0.007
F,1993,Yoselin,10,IL,1613,0.006
F,1993,Yanira,8,IL,1864,0.005
F,1993,Yahaira,7,IL,2014,0.004
F,1993,Yuri,7,IL,2014,0.004
F,1993,Yessica,6,IL,2232,0.004
F,1993,Yaneli,5,IL,2528,0.003
F,1994,Yesenia,147,IL,228,0.093
F,1994,Yaritza,38,IL,634,0.024
F,1994,Yvonne,32,IL,718,0.02
F,1994,Yolanda,31,IL,736,0.02
F,1994,Yasmin,29,IL,779,0.018
F,1994,Yadira,27,IL,824,0.017
F,1994,Yessenia,27,IL,824,0.017
F,1994,Yasmine,24,IL,925,0.015
F,1994,Yvette,24,IL,925,0.015
F,1994,Yazmin,22,IL,975,0.014
F,1994,Yasmeen,15,IL,1244,0.009
F,1994,Yazmine,10,IL,1603,0.006
F,1994,Yessica,10,IL,1603,0.006
F,1994,Yoselin,8,IL,1879,0.005
F,1994,Yesica,7,IL,2042,0.004
F,1994,Yajaira,6,IL,2281,0.004
F,1994,Yanet,6,IL,2281,0.004
F,1994,Yara,5,IL,2573,0.003
F,1994,Yoana,5,IL,2573,0.003
F,1995,Yesenia,114,IL,275,0.073
F,1995,Yolanda,37,IL,657,0.024
F,1995,Yaritza,32,IL,741,0.021
F,1995,Yvette,32,IL,741,0.021
F,1995,Yasmine,30,IL,781,0.019
F,1995,Yasmin,26,IL,870,0.017
F,1995,Yadira,22,IL,967,0.014
F,1995,Yessenia,20,IL,1031,0.013
F,1995,Yvonne,15,IL,1244,0.01
F,1995,Yasmeen,14,IL,1293,0.009
F,1995,Yazmin,13,IL,1354,0.008
F,1995,Yahaira,11,IL,1531,0.007
F,1995,Yajaira,8,IL,1897,0.005
F,1995,Yessica,7,IL,2061,0.005
F,1995,Yara,6,IL,2263,0.004
F,1995,Yesica,6,IL,2263,0.004
F,1995,Yamilex,5,IL,2511,0.003
F,1996,Yesenia,114,IL,283,0.075
F,1996,Yasmine,46,IL,560,0.03
F,1996,Yasmin,33,IL,721,0.022
F,1996,Yadira,27,IL,832,0.018
F,1996,Yolanda,26,IL,850,0.017
F,1996,Yessenia,24,IL,915,0.016
F,1996,Yvette,24,IL,915,0.016
F,1996,Yaritza,23,IL,947,0.015
F,1996,Yajaira,19,IL,1068,0.012
F,1996,Yvonne,17,IL,1144,0.011
F,1996,Yahaira,15,IL,1244,0.01
F,1996,Yasmeen,15,IL,1244,0.01
F,1996,Yamilex,14,IL,1305,0.009
F,1996,Yazmin,14,IL,1305,0.009
F,1996,Yessica,11,IL,1532,0.007
F,1996,Yareli,9,IL,1747,0.006
F,1996,Yanet,6,IL,2249,0.004
F,1996,Yesica,6,IL,2249,0.004
F,1996,Yuridia,6,IL,2249,0.004
F,1996,Yael,5,IL,2557,0.003
F,1996,Yahayra,5,IL,2557,0.003
F,1997,Yesenia,88,IL,345,0.059
F,1997,Yasmine,43,IL,573,0.029
F,1997,Yulissa,43,IL,573,0.029
F,1997,Yasmin,37,IL,653,0.025
F,1997,Yadira,25,IL,873,0.017
F,1997,Yaritza,25,IL,873,0.017
F,1997,Yasmeen,24,IL,902,0.016
F,1997,Yvette,23,IL,937,0.015
F,1997,Yolanda,20,IL,1039,0.013
F,1997,Yessenia,17,IL,1147,0.011
F,1997,Yazmin,15,IL,1234,0.01
F,1997,Yvonne,13,IL,1342,0.009
F,1997,Yareli,11,IL,1488,0.007
F,1997,Yulisa,11,IL,1488,0.007
F,1997,Yazmine,9,IL,1718,0.006
F,1997,Yaneli,7,IL,2022,0.005
F,1997,Yessica,7,IL,2022,0.005
F,1997,Yuliana,7,IL,2022,0.005
F,1997,Yahaira,6,IL,2272,0.004
F,1997,Yajaira,6,IL,2272,0.004
F,1997,Yesica,5,IL,2605,0.003
F,1998,Yesenia,82,IL,365,0.054
F,1998,Yasmine,43,IL,595,0.029
F,1998,Yasmin,36,IL,687,0.024
F,1998,Yadira,27,IL,851,0.018
F,1998,Yulissa,20,IL,1043,0.013
F,1998,Yaritza,16,IL,1222,0.011
F,1998,Yasmeen,16,IL,1222,0.011
F,1998,Yazmin,16,IL,1222,0.011
F,1998,Yessenia,16,IL,1222,0.011
F,1998,Yvonne,15,IL,1269,0.01
F,1998,Yajaira,14,IL,1327,0.009
F,1998,Yareli,13,IL,1383,0.009
F,1998,Yvette,13,IL,1383,0.009
F,1998,Yessica,11,IL,1558,0.007
F,1998,Yolanda,11,IL,1558,0.007
F,1998,Yoselin,9,IL,1785,0.006
F,1998,Yahaira,8,IL,1934,0.005
F,1998,Yulisa,7,IL,2106,0.005
F,1998,Yaneli,6,IL,2322,0.004
F,1998,Yazmine,6,IL,2322,0.004
F,1998,Yelitza,5,IL,2642,0.003
F,1999,Yesenia,84,IL,365,0.056
F,1999,Yasmin,43,IL,623,0.029
F,1999,Yasmine,36,IL,712,0.024
F,1999,Yazmin,25,IL,879,0.017
F,1999,Yadira,21,IL,1014,0.014
F,1999,Yaritza,20,IL,1045,0.013
F,1999,Yessenia,18,IL,1135,0.012
F,1999,Yvette,17,IL,1178,0.011
F,1999,Yajaira,16,IL,1223,0.011
F,1999,Yolanda,12,IL,1468,0.008
F,1999,Yasmeen,11,IL,1571,0.007
F,1999,Yulisa,10,IL,1672,0.007
F,1999,Yvonne,10,IL,1672,0.007
F,1999,Yahaira,9,IL,1791,0.006
F,1999,Yessica,9,IL,1791,0.006
F,1999,Yulissa,7,IL,2130,0.005
F,1999,Yanet,6,IL,2349,0.004
F,1999,Yareli,6,IL,2349,0.004
F,1999,Yoselin,6,IL,2349,0.004
F,1999,Yailin,5,IL,2640,0.003
F,1999,Yanely,5,IL,2640,0.003
F,1999,Yazmine,5,IL,2640,0.003
F,1999,Yuliana,5,IL,2640,0.003
F,2000,Yesenia,82,IL,372,0.054
F,2000,Yasmine,33,IL,747,0.022
F,2000,Yasmin,29,IL,816,0.019
F,2000,Yadira,23,IL,969,0.015
F,2000,Yamile,21,IL,1029,0.014
F,2000,Yaritza,18,IL,1158,0.012
F,2000,Yvette,18,IL,1158,0.012
F,2000,Yajaira,17,IL,1216,0.011
F,2000,Yazmin,17,IL,1216,0.011
F,2000,Yahaira,15,IL,1318,0.01
F,2000,Yulissa,15,IL,1318,0.01
F,2000,Yamilet,14,IL,1372,0.009
F,2000,Yoselin,14,IL,1372,0.009
F,2000,Yasmeen,13,IL,1439,0.009
F,2000,Yareli,11,IL,1610,0.007
F,2000,Yessenia,11,IL,1610,0.007
F,2000,Yolanda,11,IL,1610,0.007
F,2000,Yvonne,9,IL,1845,0.006
F,2000,Yatzari,8,IL,1982,0.005
F,2000,Yuliana,8,IL,1982,0.005
F,2000,Yulisa,8,IL,1982,0.005
F,2000,Yaneli,7,IL,2194,0.005
F,2000,Yanely,7,IL,2194,0.005
F,2000,Yamileth,6,IL,2439,0.004
F,2000,Yanira,6,IL,2439,0.004
F,2000,Yarely,6,IL,2439,0.004
F,2000,Yessica,6,IL,2439,0.004
F,2000,Yael,5,IL,2750,0.003
F,2000,Yailin,5,IL,2750,0.003
F,2000,Yanet,5,IL,2750,0.003
F,2000,Yaquelin,5,IL,2750,0.003
F,2000,Yara,5,IL,2750,0.003
F,2000,Yocelyn,5,IL,2750,0.003
F,2001,Yesenia,89,IL,356,0.059
F,2001,Yasmin,40,IL,650,0.027
F,2001,Yasmine,35,IL,719,0.023
F,2001,Yuliana,35,IL,719,0.023
F,2001,Yadira,26,IL,891,0.017
F,2001,Yvette,25,IL,911,0.017
F,2001,Yazmin,24,IL,940,0.016
F,2001,Yulissa,22,IL,1014,0.015
F,2001,Yasmeen,21,IL,1050,0.014
F,2001,Yolanda,20,IL,1089,0.013
F,2001,Yessenia,19,IL,1117,0.013
F,2001,Yaritza,18,IL,1161,0.012
F,2001,Yajaira,16,IL,1261,0.011
F,2001,Yareli,14,IL,1399,0.009
F,2001,Yoselin,14,IL,1399,0.009
F,2001,Yahaira,13,IL,1480,0.009
F,2001,Yvonne,12,IL,1554,0.008
F,2001,Yaire,10,IL,1758,0.007
F,2001,Yamilet,9,IL,1902,0.006
F,2001,Yaneli,7,IL,2231,0.005
F,2001,Yulisa,7,IL,2231,0.005
F,2001,Yuliza,6,IL,2456,0.004
F,2001,Yael,5,IL,2794,0.003
F,2001,Yamilex,5,IL,2794,0.003
F,2001,Yazmine,5,IL,2794,0.003
F,2001,Yessica,5,IL,2794,0.003
F,2002,Yesenia,84,IL,368,0.057
F,2002,Yasmin,46,IL,589,0.031
F,2002,Yasmine,36,IL,705,0.024
F,2002,Yazmin,27,IL,869,0.018
F,2002,Yadira,26,IL,887,0.018
F,2002,Yvette,21,IL,1048,0.014
F,2002,Yuliana,20,IL,1077,0.014
F,2002,Yahaira,14,IL,1357,0.01
F,2002,Yareli,13,IL,1443,0.009
F,2002,Yasmeen,13,IL,1443,0.009
F,2002,Yaritza,12,IL,1530,0.008
F,2002,Yoselin,12,IL,1530,0.008
F,2002,Yulissa,12,IL,1530,0.008
F,2002,Yolanda,11,IL,1622,0.007
F,2002,Yessenia,10,IL,1744,0.007
F,2002,Yvonne,9,IL,1871,0.006
F,2002,Yajaira,8,IL,2012,0.005
F,2002,Yamilet,8,IL,2012,0.005
F,2002,Yusra,8,IL,2012,0.005
F,2002,Yaneli,7,IL,2198,0.005
F,2002,Yulisa,7,IL,2198,0.005
F,2002,Yamile,6,IL,2453,0.004
F,2002,Ysabella,6,IL,2453,0.004
F,2002,Yaire,5,IL,2761,0.003
F,2002,Yanira,5,IL,2761,0.003
F,2002,Yarely,5,IL,2761,0.003
F,2002,Yaritzel,5,IL,2761,0.003
F,2002,Yazmine,5,IL,2761,0.003
F,2003,Yesenia,68,IL,438,0.046
F,2003,Yasmine,43,IL,612,0.029
F,2003,Yasmin,42,IL,629,0.028
F,2003,Yadira,33,IL,760,0.022
F,2003,Yaritza,25,IL,938,0.017
F,2003,Yazmin,24,IL,969,0.016
F,2003,Yuliana,22,IL,1042,0.015
F,2003,Yoselin,18,IL,1206,0.012
F,2003,Yahaira,15,IL,1348,0.01
F,2003,Yvette,15,IL,1348,0.01
F,2003,Yulissa,14,IL,1408,0.009
F,2003,Yasmeen,13,IL,1476,0.009
F,2003,Yareli,12,IL,1584,0.008
F,2003,Yessenia,12,IL,1584,0.008
F,2003,Yvonne,12,IL,1584,0.008
F,2003,Yajaira,9,IL,1913,0.006
F,2003,Yaneli,8,IL,2076,0.005
F,2003,Yazmine,8,IL,2076,0.005
F,2003,Yadhira,7,IL,2264,0.005
F,2003,Yesica,7,IL,2264,0.005
F,2003,Yulisa,7,IL,2264,0.005
F,2003,Yailin,5,IL,2825,0.003
F,2003,Yaire,5,IL,2825,0.003
F,2003,Yamilet,5,IL,2825,0.003
F,2003,Yamileth,5,IL,2825,0.003
F,2003,Yanet,5,IL,2825,0.003
F,2003,Yasmina,5,IL,2825,0.003
F,2003,Yelena,5,IL,2825,0.003
F,2003,Yocelin,5,IL,2825,0.003
F,2003,Yolanda,5,IL,2825,0.003
F,2003,Yulianna,5,IL,2825,0.003
F,2004,Yesenia,50,IL,555,0.034
F,2004,Yasmin,49,IL,561,0.033
F,2004,Yadira,41,IL,656,0.028
F,2004,Yazmin,31,IL,808,0.021
F,2004,Yasmine,29,IL,845,0.02
F,2004,Yareli,23,IL,1004,0.016
F,2004,Yuliana,23,IL,1004,0.016
F,2004,Yaritza,22,IL,1038,0.015
F,2004,Yolanda,17,IL,1256,0.012
F,2004,Yulissa,17,IL,1256,0.012
F,2004,Yajaira,16,IL,1311,0.011
F,2004,Yoselin,16,IL,1311,0.011
F,2004,Yasmeen,13,IL,1523,0.009
F,2004,Yessenia,13,IL,1523,0.009
F,2004,Yahaira,12,IL,1589,0.008
F,2004,Yvette,11,IL,1694,0.007
F,2004,Yarely,10,IL,1811,0.007
F,2004,Yamilet,9,IL,1943,0.006
F,2004,Yazmine,9,IL,1943,0.006
F,2004,Yadhira,8,IL,2082,0.005
F,2004,Yaneli,8,IL,2082,0.005
F,2004,Yaretzi,7,IL,2263,0.005
F,2004,Yoselyn,7,IL,2263,0.005
F,2004,Yulisa,7,IL,2263,0.005
F,2004,Yvonne,7,IL,2263,0.005
F,2004,Yara,6,IL,2526,0.004
F,2004,Yocelyn,6,IL,2526,0.004
F,2004,Yusra,6,IL,2526,0.004
F,2004,Yanelly,5,IL,2885,0.003
F,2004,Yanet,5,IL,2885,0.003
F,2004,Yesica,5,IL,2885,0.003
F,2004,Ysabella,5,IL,2885,0.003
F,2005,Yasmin,54,IL,529,0.037
F,2005,Yadira,48,IL,578,0.033
F,2005,Yesenia,46,IL,593,0.032
F,2005,Yaritza,36,IL,719,0.025
F,2005,Yasmine,31,IL,806,0.021
F,2005,Yahaira,29,IL,844,0.02
F,2005,Yazmin,23,IL,989,0.016
F,2005,Yareli,18,IL,1207,0.012
F,2005,Yuliana,17,IL,1270,0.012
F,2005,Yajaira,16,IL,1324,0.011
F,2005,Yamilet,15,IL,1390,0.01
F,2005,Yoselin,15,IL,1390,0.01
F,2005,Yasmeen,13,IL,1541,0.009
F,2005,Yarely,11,IL,1721,0.008
F,2005,Yaretzi,11,IL,1721,0.008
F,2005,Yvette,11,IL,1721,0.008
F,2005,Yuridia,10,IL,1830,0.007
F,2005,Yulissa,9,IL,1967,0.006
F,2005,Yvonne,9,IL,1967,0.006
F,2005,Yara,8,IL,2142,0.006
F,2005,Yolanda,8,IL,2142,0.006
F,2005,Yadhira,7,IL,2343,0.005
F,2005,Yulisa,7,IL,2343,0.005
F,2005,Yamileth,6,IL,2575,0.004
F,2005,Yessenia,6,IL,2575,0.004
F,2005,Yaneli,5,IL,2911,0.003
F,2005,Yanely,5,IL,2911,0.003
F,2005,Yessica,5,IL,2911,0.003
F,2005,Yoana,5,IL,2911,0.003
F,2005,Yoseline,5,IL,2911,0.003
F,2005,Yulianna,5,IL,2911,0.003
F,2006,Yasmin,49,IL,565,0.034
F,2006,Yesenia,42,IL,636,0.029
F,2006,Yazmin,38,IL,692,0.026
F,2006,Yadira,37,IL,706,0.025
F,2006,Yareli,34,IL,752,0.023
F,2006,Yaritza,31,IL,807,0.021
F,2006,Yadhira,26,IL,914,0.018
F,2006,Yoselin,22,IL,1045,0.015
F,2006,Yaretzi,20,IL,1126,0.014
F,2006,Yasmine,19,IL,1183,0.013
F,2006,Yuliana,18,IL,1232,0.012
F,2006,Yamilet,16,IL,1366,0.011
F,2006,Yaretzy,14,IL,1488,0.01
F,2006,Yulissa,14,IL,1488,0.01
F,2006,Yasmeen,13,IL,1569,0.009
F,2006,Yvonne,13,IL,1569,0.009
F,2006,Yahaira,12,IL,1661,0.008
F,2006,Yvette,10,IL,1907,0.007
F,2006,Yessenia,9,IL,2043,0.006
F,2006,Yulisa,8,IL,2207,0.006
F,2006,Yuridia,8,IL,2207,0.006
F,2006,Yamileth,7,IL,2395,0.005
F,2006,Yara,7,IL,2395,0.005
F,2006,Yarely,7,IL,2395,0.005
F,2006,Yuri,7,IL,2395,0.005
F,2006,Yoanna,6,IL,2650,0.004
F,2006,Yuritzy,6,IL,2650,0.004
F,2006,Yuvia,6,IL,2650,0.004
F,2006,Yael,5,IL,2988,0.003
F,2006,Yajaira,5,IL,2988,0.003
F,2006,Yelitza,5,IL,2988,0.003
F,2006,Yolanda,5,IL,2988,0.003
F,2006,Yulianna,5,IL,2988,0.003
F,2006,Yuliza,5,IL,2988,0.003
F,2007,Yasmin,39,IL,687,0.027
F,2007,Yesenia,38,IL,705,0.026
F,2007,Yadira,36,IL,736,0.025
F,2007,Yaritza,28,IL,896,0.019
F,2007,Yaretzi,27,IL,918,0.019
F,2007,Yasmine,25,IL,972,0.017
F,2007,Yoselin,25,IL,972,0.017
F,2007,Yareli,24,IL,999,0.017
F,2007,Yuliana,21,IL,1104,0.014
F,2007,Yarely,19,IL,1192,0.013
F,2007,Yazmin,17,IL,1297,0.012
F,2007,Yvette,16,IL,1347,0.011
F,2007,Yara,15,IL,1418,0.01
F,2007,Yahaira,14,IL,1501,0.01
F,2007,Yadhira,13,IL,1595,0.009
F,2007,Yolanda,13,IL,1595,0.009
F,2007,Yaneli,12,IL,1678,0.008
F,2007,Yoselyn,10,IL,1932,0.007
F,2007,Yulissa,10,IL,1932,0.007
F,2007,Yuridia,10,IL,1932,0.007
F,2007,Yamileth,9,IL,2082,0.006
F,2007,Yaretzy,9,IL,2082,0.006
F,2007,Yasmeen,9,IL,2082,0.006
F,2007,Yessenia,9,IL,2082,0.006
F,2007,Yocelyn,9,IL,2082,0.006
F,2007,Yamilet,8,IL,2268,0.006
F,2007,Yamile,7,IL,2479,0.005
F,2007,Yocelin,7,IL,2479,0.005
F,2007,Yvonne,7,IL,2479,0.005
F,2007,Yael,6,IL,2732,0.004
F,2007,Yajaira,6,IL,2732,0.004
F,2007,Yuna,6,IL,2732,0.004
F,2007,Yoseline,5,IL,3091,0.003
F,2007,Ysabella,5,IL,3091,0.003
F,2007,Yuri,5,IL,3091,0.003
F,2007,Yusra,5,IL,3091,0.003
F,2008,Yaretzi,38,IL,702,0.027
F,2008,Yasmin,36,IL,730,0.026
F,2008,Yaritza,33,IL,777,0.023
F,2008,Yareli,32,IL,791,0.023
F,2008,Yadira,27,IL,921,0.019
F,2008,Yesenia,23,IL,1051,0.016
F,2008,Yuliana,22,IL,1076,0.016
F,2008,Yamilet,20,IL,1164,0.014
F,2008,Yazmin,20,IL,1164,0.014
F,2008,Yahaira,18,IL,1270,0.013
F,2008,Yasmine,18,IL,1270,0.013
F,2008,Yoselin,18,IL,1270,0.013
F,2008,Yarely,14,IL,1533,0.01
F,2008,Yaneli,13,IL,1609,0.009
F,2008,Yaretzy,11,IL,1802,0.008
F,2008,Yasmeen,11,IL,1802,0.008
F,2008,Yanely,10,IL,1926,0.007
F,2008,Yara,10,IL,1926,0.007
F,2008,Yvette,9,IL,2051,0.006
F,2008,Yulissa,8,IL,2240,0.006
F,2008,Yamile,7,IL,2452,0.005
F,2008,Yamileth,7,IL,2452,0.005
F,2008,Yazmine,7,IL,2452,0.005
F,2008,Yessenia,7,IL,2452,0.005
F,2008,Yoselyn,7,IL,2452,0.005
F,2008,Yael,6,IL,2734,0.004
F,2008,Yatziri,6,IL,2734,0.004
F,2008,Yesica,6,IL,2734,0.004
F,2008,Ytzel,6,IL,2734,0.004
F,2008,Yusra,6,IL,2734,0.004
F,2008,Yvonne,6,IL,2734,0.004
F,2008,Yadhira,5,IL,3111,0.004
F,2008,Yessica,5,IL,3111,0.004
F,2008,Yolanda,5,IL,3111,0.004
F,2008,Yuridia,5,IL,3111,0.004
F,2008,Yuritzi,5,IL,3111,0.004
F,2009,Yaretzi,54,IL,500,0.04
F,2009,Yareli,41,IL,634,0.03
F,2009,Yasmin,25,IL,950,0.018
F,2009,Yaritza,24,IL,981,0.018
F,2009,Yuliana,23,IL,1008,0.017
F,2009,Yazmin,22,IL,1046,0.016
F,2009,Yadira,15,IL,1422,0.011
F,2009,Yaneli,15,IL,1422,0.011
F,2009,Yahaira,14,IL,1495,0.01
F,2009,Yoselin,14,IL,1495,0.01
F,2009,Yarely,13,IL,1575,0.01
F,2009,Yesenia,13,IL,1575,0.01
F,2009,Yaretzy,12,IL,1669,0.009
F,2009,Yara,11,IL,1780,0.008
F,2009,Yarel,11,IL,1780,0.008
F,2009,Yamilet,10,IL,1910,0.007
F,2009,Yamileth,10,IL,1910,0.007
F,2009,Yasmeen,9,IL,2048,0.007
F,2009,Yasmine,9,IL,2048,0.007
F,2009,Yolanda,8,IL,2203,0.006
F,2009,Yusra,8,IL,2203,0.006
F,2009,Yuvia,8,IL,2203,0.006
F,2009,Yadhira,7,IL,2419,0.005
F,2009,Yana,7,IL,2419,0.005
F,2009,Yazmine,7,IL,2419,0.005
F,2009,Yessenia,7,IL,2419,0.005
F,2009,Yessica,6,IL,2691,0.004
F,2009,Ysabella,6,IL,2691,0.004
F,2009,Yulisa,6,IL,2691,0.004
F,2009,Yulissa,6,IL,2691,0.004
F,2009,Yuritzi,6,IL,2691,0.004
F,2009,Yajaira,5,IL,3072,0.004
F,2009,Yanelli,5,IL,3072,0.004
F,2009,Yoselyn,5,IL,3072,0.004
F,2009,Yuridia,5,IL,3072,0.004
F,2009,Yvette,5,IL,3072,0.004
F,2010,Yaretzi,48,IL,533,0.037
F,2010,Yaritza,30,IL,815,0.023
F,2010,Yasmin,30,IL,815,0.023
F,2010,Yareli,26,IL,892,0.02
F,2010,Yesenia,23,IL,991,0.018
F,2010,Yazmin,22,IL,1015,0.017
F,2010,Yaneli,14,IL,1486,0.011
F,2010,Yuliana,14,IL,1486,0.011
F,2010,Yamileth,13,IL,1562,0.01
F,2010,Yaretzy,12,IL,1649,0.009
F,2010,Yasmine,12,IL,1649,0.009
F,2010,Yadira,11,IL,1757,0.008
F,2010,Yamilet,11,IL,1757,0.008
F,2010,Yara,11,IL,1757,0.008
F,2010,Yarely,11,IL,1757,0.008
F,2010,Yasmeen,10,IL,1866,0.008
F,2010,Yulissa,10,IL,1866,0.008
F,2010,Yahaira,9,IL,2000,0.007
F,2010,Yoselin,9,IL,2000,0.007
F,2010,Yuna,9,IL,2000,0.007
F,2010,Yvonne,8,IL,2180,0.006
F,2010,Yarel,6,IL,2683,0.005
F,2010,Yazlin,6,IL,2683,0.005
F,2010,Ysabella,6,IL,2683,0.005
F,2010,Yvette,6,IL,2683,0.005
F,2010,Yadhira,5,IL,3009,0.004
F,2010,Yael,5,IL,3009,0.004
F,2010,Yana,5,IL,3009,0.004
F,2010,Yatzil,5,IL,3009,0.004
F,2010,Yoselyn,5,IL,3009,0.004
F,2010,Yusra,5,IL,3009,0.004
F,2011,Yaretzi,70,IL,383,0.055
F,2011,Yareli,37,IL,683,0.029
F,2011,Yamilet,23,IL,991,0.018
F,2011,Yasmin,21,IL,1058,0.017
F,2011,Yara,19,IL,1146,0.015
F,2011,Yesenia,19,IL,1146,0.015
F,2011,Yadira,16,IL,1293,0.013
F,2011,Yaritza,16,IL,1293,0.013
F,2011,Yamileth,14,IL,1447,0.011
F,2011,Yazmin,14,IL,1447,0.011
F,2011,Yahaira,11,IL,1717,0.009
F,2011,Yaretzy,11,IL,1717,0.009
F,2011,Yuliana,11,IL,1717,0.009
F,2011,Yaneli,10,IL,1838,0.008
F,2011,Yarely,8,IL,2132,0.006
F,2011,Yasmeen,8,IL,2132,0.006
F,2011,Yasmine,8,IL,2132,0.006
F,2011,Yoselin,8,IL,2132,0.006
F,2011,Yulianna,8,IL,2132,0.006
F,2011,Yulissa,8,IL,2132,0.006
F,2011,Yvette,8,IL,2132,0.006
F,2011,Yana,7,IL,2338,0.006
F,2011,Yamila,5,IL,2976,0.004
F,2011,Yaquelin,5,IL,2976,0.004
F,2011,Yessenia,5,IL,2976,0.004
F,2011,Yisel,5,IL,2976,0.004
F,2011,Yuna,5,IL,2976,0.004
F,2012,Yaretzi,61,IL,434,0.049
F,2012,Yaritza,32,IL,747,0.026
F,2012,Yareli,27,IL,853,0.022
F,2012,Yamileth,25,IL,912,0.02
F,2012,Yasmin,14,IL,1422,0.011
F,2012,Yarely,13,IL,1502,0.01
F,2012,Yaretzy,13,IL,1502,0.01
F,2012,Yazmin,13,IL,1502,0.01
F,2012,Yuliana,13,IL,1502,0.01
F,2012,Yahaira,12,IL,1587,0.01
F,2012,Yasmine,12,IL,1587,0.01
F,2012,Yasmeen,11,IL,1688,0.009
F,2012,Yaneli,10,IL,1804,0.008
F,2012,Yoselin,10,IL,1804,0.008
F,2012,Yara,9,IL,1946,0.007
F,2012,Yuritzi,9,IL,1946,0.007
F,2012,Yadira,8,IL,2136,0.006
F,2012,Yanely,8,IL,2136,0.006
F,2012,Yatziri,8,IL,2136,0.006
F,2012,Yulissa,8,IL,2136,0.006
F,2012,Yana,7,IL,2376,0.006
F,2012,Yesenia,7,IL,2376,0.006
F,2012,Yolanda,6,IL,2641,0.005
F,2012,Yoselyn,6,IL,2641,0.005
F,2012,Yulianna,6,IL,2641,0.005
F,2012,Yvette,6,IL,2641,0.005
F,2012,Yailene,5,IL,2982,0.004
F,2012,Yamilet,5,IL,2982,0.004
F,2013,Yaretzi,54,IL,489,0.044
F,2013,Yaritza,25,IL,907,0.02
F,2013,Yareli,20,IL,1059,0.016
F,2013,Yamileth,17,IL,1186,0.014
F,2013,Yaretzy,16,IL,1250,0.013
F,2013,Yara,14,IL,1390,0.011
F,2013,Yesenia,13,IL,1478,0.01
F,2013,Yasmin,10,IL,1797,0.008
F,2013,Yamilet,9,IL,1952,0.007
F,2013,Yatziri,9,IL,1952,0.007
F,2013,Yoselin,9,IL,1952,0.007
F,2013,Yuliana,9,IL,1952,0.007
F,2013,Yadira,8,IL,2097,0.006
F,2013,Yaneli,8,IL,2097,0.006
F,2013,Yasmeen,8,IL,2097,0.006
F,2013,Yazmin,8,IL,2097,0.006
F,2013,Yulissa,8,IL,2097,0.006
F,2013,Yarely,7,IL,2319,0.006
F,2013,Yulianna,7,IL,2319,0.006
F,2013,Yana,6,IL,2592,0.005
F,2013,Yanely,6,IL,2592,0.005
F,2013,Yarel,6,IL,2592,0.005
F,2013,Yasmine,6,IL,2592,0.005
F,2013,Yvette,6,IL,2592,0.005
F,2013,Yahaira,5,IL,2913,0.004
F,2013,Yazmine,5,IL,2913,0.004
F,2013,Yuna,5,IL,2913,0.004
F,2013,Yusra,5,IL,2913,0.004
F,2013,Yvonne,5,IL,2913,0.004
F,2014,Yaretzi,45,IL,581,0.036
F,2014,Yamileth,22,IL,1029,0.018
F,2014,Yareli,15,IL,1393,0.012
F,2014,Yaritza,15,IL,1393,0.012
F,2014,Yaretzy,13,IL,1539,0.01
F,2014,Yasmeen,13,IL,1539,0.01
F,2014,Yasmin,11,IL,1736,0.009
F,2014,Yesenia,11,IL,1736,0.009
F,2014,Yaneli,10,IL,1861,0.008
F,2014,Yulissa,10,IL,1861,0.008
F,2014,Yazmin,8,IL,2152,0.006
F,2014,Yarely,7,IL,2330,0.006
F,2014,Yasmine,7,IL,2330,0.006
F,2014,Yuliana,6,IL,2585,0.005
F,2014,Yusra,6,IL,2585,0.005
F,2014,Yatziri,5,IL,2911,0.004
F,2014,Yatziry,5,IL,2911,0.004
F,2014,Yazaira,5,IL,2911,0.004
F,2014,Yolanda,5,IL,2911,0.004
F,2014,Yvonne,5,IL,2911,0.004
F,2015,Yaretzi,40,IL,640,0.032
F,2015,Yareli,23,IL,1004,0.018
F,2015,Yamileth,21,IL,1079,0.017
F,2015,Yaritza,19,IL,1163,0.015
F,2015,Yasmeen,16,IL,1300,0.013
F,2015,Yara,11,IL,1696,0.009
F,2015,Yaretzy,11,IL,1696,0.009
F,2015,Yaneli,9,IL,1950,0.007
F,2015,Yasmin,9,IL,1950,0.007
F,2015,Yuliana,8,IL,2139,0.006
F,2015,Yasmina,7,IL,2363,0.006
F,2015,Yasmine,7,IL,2363,0.006
F,2015,Yulianna,7,IL,2363,0.006
F,2015,Yazmin,6,IL,2632,0.005
F,2015,Yana,5,IL,2952,0.004
F,2015,Yarely,5,IL,2952,0.004
F,2015,Yesenia,5,IL,2952,0.004
F,2015,Yulisa,5,IL,2952,0.004
F,2015,Yuna,5,IL,2952,0.004
F,2015,Yvonne,5,IL,2952,0.004
F,2016,Yaretzi,39,IL,636,0.032
F,2016,Yareli,17,IL,1257,0.014
F,2016,Yusra,16,IL,1315,0.013
F,2016,Yamileth,12,IL,1617,0.01
F,2016,Yuliana,12,IL,1617,0.01
F,2016,Yaretzy,10,IL,1843,0.008
F,2016,Yamilet,9,IL,1992,0.007
F,2016,Yaritza,9,IL,1992,0.007
F,2016,Yazmin,9,IL,1992,0.007
F,2016,Yara,8,IL,2152,0.007
F,2016,Yasmeen,8,IL,2152,0.007
F,2016,Yael,7,IL,2356,0.006
F,2016,Yaneli,7,IL,2356,0.006
F,2016,Yasmin,7,IL,2356,0.006
F,2016,Yasmine,5,IL,2916,0.004
F,2016,Yvonne,5,IL,2916,0.004
F,2017,Yaretzi,45,IL,568,0.038
F,2017,Yareli,14,IL,1407,0.012
F,2017,Yara,12,IL,1594,0.01
F,2017,Yaneli,11,IL,1687,0.009
F,2017,Yaritza,11,IL,1687,0.009
F,2017,Yaretzy,10,IL,1802,0.009
F,2017,Yazmin,10,IL,1802,0.009
F,2017,Yamilet,9,IL,1952,0.008
F,2017,Yamileth,9,IL,1952,0.008
F,2017,Yasmeen,8,IL,2120,0.007
F,2017,Yuliana,8,IL,2120,0.007
F,2017,Yusra,8,IL,2120,0.007
F,2017,Yasmine,7,IL,2301,0.006
F,2017,Yatziri,7,IL,2301,0.006
F,2017,Yamila,5,IL,2926,0.004
F,2017,Yana,5,IL,2926,0.004
F,2017,Yesenia,5,IL,2926,0.004
F,2017,Yolanda,5,IL,2926,0.004
F,2017,Yuna,5,IL,2926,0.004
F,2018,Yaretzi,29,IL,802,0.026
F,2018,Yareli,18,IL,1162,0.016
F,2018,Yara,12,IL,1564,0.011
F,2018,Yasmeen,10,IL,1753,0.009
F,2018,Yamileth,9,IL,1908,0.008
F,2018,Yaritza,9,IL,1908,0.008
F,2018,Yazmin,9,IL,1908,0.008
F,2018,Yvonne,9,IL,1908,0.008
F,2018,Yuliana,8,IL,2092,0.007
F,2018,Yamilet,7,IL,2269,0.006
F,2018,Yaretzy,7,IL,2269,0.006
F,2018,Yasmina,7,IL,2269,0.006
F,2018,Yusra,6,IL,2532,0.005
F,2018,Yarely,5,IL,2866,0.004
F,2018,Yasmin,5,IL,2866,0.004
F,2018,Yasmine,5,IL,2866,0.004
F,2018,Yulissa,5,IL,2866,0.004
F,2018,Yuna,5,IL,2866,0.004
F,2019,Yaretzi,45,IL,542,0.041
F,2019,Yareli,21,IL,1019,0.019
F,2019,Yaritza,17,IL,1186,0.016
F,2019,Yara,15,IL,1319,0.014
F,2019,Yusra,15,IL,1319,0.014
F,2019,Yasmin,11,IL,1626,0.01
F,2019,Yalitza,9,IL,1868,0.008
F,2019,Yamileth,9,IL,1868,0.008
F,2019,Yasmine,8,IL,2041,0.007
F,2019,Yaretzy,7,IL,2230,0.006
F,2019,Yvette,7,IL,2230,0.006
F,2019,Yana,6,IL,2489,0.006
F,2019,Yaneli,6,IL,2489,0.006
F,2019,Yazmin,6,IL,2489,0.006
F,2019,Yarely,5,IL,2833,0.005
F,2019,Yatziri,5,IL,2833,0.005
F,2019,Yesenia,5,IL,2833,0.005
F,2019,Yulissa,5,IL,2833,0.005
F,2019,Yuna,5,IL,2833,0.005
F,2020,Yaretzi,35,IL,654,0.034
F,2020,Yara,20,IL,1032,0.019
F,2020,Yasmin,20,IL,1032,0.019
F,2020,Yamileth,12,IL,1514,0.012
F,2020,Yareli,12,IL,1514,0.012
F,2020,Yusra,11,IL,1614,0.011
F,2020,Yasmine,10,IL,1719,0.01
F,2020,Yuna,9,IL,1858,0.009
F,2020,Yasmeen,8,IL,2023,0.008
F,2020,Yaneli,7,IL,2219,0.007
F,2020,Yaritza,6,IL,2485,0.006
F,2020,Yatziri,6,IL,2485,0.006
F,2020,Yuliana,6,IL,2485,0.006
F,2020,Yael,5,IL,2807,0.005
F,2020,Yaretzy,5,IL,2807,0.005
F,2020,Yasmina,5,IL,2807,0.005
F,2020,Yesenia,5,IL,2807,0.005
F,2020,Yvette,5,IL,2807,0.005
F,2021,Yaretzi,28,IL,787,0.027
F,2021,Yara,20,IL,1032,0.02
F,2021,Yareli,18,IL,1117,0.018
F,2021,Yamileth,11,IL,1622,0.011
F,2021,Yaritza,11,IL,1622,0.011
F,2021,Yasmin,9,IL,1872,0.009
F,2021,Yuri,9,IL,1872,0.009
F,2021,Yusra,9,IL,1872,0.009
F,2021,Yuna,8,IL,2035,0.008
F,2021,Yamilet,7,IL,2213,0.007
F,2021,Yaneli,6,IL,2452,0.006
F,2021,Yasmeen,6,IL,2452,0.006
F,2021,Yarely,5,IL,2801,0.005
F,2021,Yasmine,5,IL,2801,0.005
F,2021,Yuliana,5,IL,2801,0.005
F,2022,Yamileth,24,IL,863,0.024
F,2022,Yaretzi,23,IL,895,0.023
F,2022,Yareli,19,IL,1067,0.019
F,2022,Yara,16,IL,1228,0.016
F,2022,Yusra,16,IL,1228,0.016
F,2022,Yuna,13,IL,1411,0.013
F,2022,Yaritza,11,IL,1622,0.011
F,2022,Yana,9,IL,1840,0.009
F,2022,Yasmeen,8,IL,1996,0.008
F,2022,Yasmin,8,IL,1996,0.008
F,2022,Yasmine,7,IL,2198,0.007
F,2022,Yuliana,7,IL,2198,0.007
F,2022,Yvette,7,IL,2198,0.007
F,2022,Yaneli,6,IL,2439,0.006
F,2022,Yazmin,6,IL,2439,0.006
F,2022,Yailin,5,IL,2745,0.005
F,2022,Yatziri,5,IL,2745,0.005
F,2022,Yesenia,5,IL,2745,0.005
F,2023,Yaretzi,21,IL,959,0.022
F,2023,Yareli,16,IL,1202,0.017
F,2023,Yamileth,15,IL,1250,0.016
F,2023,Yara,13,IL,1396,0.014
F,2023,Yasmin,11,IL,1566,0.012
F,2023,Yasmeen,9,IL,1805,0.01
F,2023,Yasmine,9,IL,1805,0.01
F,2023,Yatziri,8,IL,1964,0.008
F,2023,Yusra,8,IL,1964,0.008
F,2023,Yuri,7,IL,2172,0.007
F,2023,Yaritza,6,IL,2407,0.006
F,2023,Yuna,6,IL,2407,0.006
F,2023,Yelitza,5,IL,2712,0.005
F,2023,Yumna,5,IL,2712,0.005
F,2024,Yaretzi,20,IL,1012,0.021
F,2024,Yara,19,IL,1059,0.02
F,2024,Yasmin,16,IL,1190,0.017
F,2024,Yareli,15,IL,1245,0.016
F,2024,Yamileth,14,IL,1309,0.015
F,2024,Yusra,12,IL,1470,0.013
F,2024,Yaneli,11,IL,1577,0.012
F,2024,Yuri,10,IL,1677,0.011
F,2024,Yumna,9,IL,1813,0.009
F,2024,Yamilet,7,IL,2167,0.007
F,2024,Yesenia,6,IL,2410,0.006
F,2024,Yatziri,5,IL,2679,0.005
F,2024,Yuna,5,IL,2679,0.005
M,1972,Yusef,6,IL,1753,0.004
M,1973,Yusuf,6,IL,1788,0.004
M,1975,Yancy,6,IL,1799,0.004
M,1975,Yusef,5,IL,2027,0.003
M,1977,Yusef,5,IL,2114,0.003
M,1981,Yaakov,5,IL,2138,0.003
M,1981,Yousef,5,IL,2138,0.003
M,1985,Yehuda,5,IL,2113,0.003
M,1985,Yusef,5,IL,2113,0.003
M,1988,Yusuf,6,IL,1998,0.004
M,1988,Yousuf,5,IL,2247,0.003
M,1989,Yusuf,6,IL,2077,0.004
M,1990,Yisroel,5,IL,2430,0.003
M,1990,Yousef,5,IL,2430,0.003
M,1991,Yosef,6,IL,2179,0.004
M,1991,Yousef,5,IL,2469,0.003
M,1992,Yousef,6,IL,2207,0.004
M,1992,Yaakov,5,IL,2486,0.003
M,1993,Yusef,7,IL,2014,0.004
M,1993,Yosef,5,IL,2528,0.003
M,1993,Yousef,5,IL,2528,0.003
M,1994,Yovani,6,IL,2281,0.004
M,1994,Yousef,5,IL,2573,0.003
M,1995,Yusuf,10,IL,1630,0.006
M,1995,Yousef,8,IL,1897,0.005
M,1995,Yehuda,5,IL,2511,0.003
M,1995,Yousuf,5,IL,2511,0.003
M,1995,Yovani,5,IL,2511,0.003
M,1996,Yusuf,7,IL,2045,0.005
M,1996,Yash,6,IL,2249,0.004
M,1996,Yousef,5,IL,2557,0.003
M,1997,Yash,5,IL,2605,0.003
M,1997,Yusef,5,IL,2605,0.003
M,1998,Yousef,7,IL,2106,0.005
M,1998,Yael,6,IL,2322,0.004
M,1998,Yahya,5,IL,2642,0.003
M,1998,Yair,5,IL,2642,0.003
M,1998,Yusuf,5,IL,2642,0.003
M,1999,Yosef,9,IL,1791,0.006
M,1999,Yovani,7,IL,2130,0.005
M,1999,Yousef,6,IL,2349,0.004
M,1999,Yash,5,IL,2640,0.003
M,1999,Yonatan,5,IL,2640,0.003
M,2000,Yousef,19,IL,1117,0.013
M,2000,Yusuf,9,IL,1845,0.006
M,2000,Yazan,6,IL,2439,0.004
M,2000,Yosef,6,IL,2439,0.004
M,2000,Yovani,6,IL,2439,0.004
M,2000,Yash,5,IL,2750,0.003
M,2000,Yisroel,5,IL,2750,0.003
M,2001,Yousef,12,IL,1554,0.008
M,2001,Yair,8,IL,2061,0.005
M,2001,Yash,8,IL,2061,0.005
M,2001,Yonatan,6,IL,2456,0.004
M,2001,Yael,5,IL,2794,0.003
M,2001,Yaseen,5,IL,2794,0.003
M,2001,Yosef,5,IL,2794,0.003
M,2001,Yusuf,5,IL,2794,0.003
M,2002,Yousef,14,IL,1357,0.01
M,2002,Yash,10,IL,1744,0.007
M,2002,Yael,7,IL,2198,0.005
M,2002,Yusuf,7,IL,2198,0.005
M,2002,Yaakov,6,IL,2453,0.004
M,2002,Yair,6,IL,2453,0.004
M,2002,Yahir,5,IL,2761,0.003
M,2002,Yousuf,5,IL,2761,0.003
M,2002,Yovani,5,IL,2761,0.003
M,2003,Yahir,55,IL,524,0.037
M,2003,Yair,17,IL,1245,0.011
M,2003,Yael,15,IL,1348,0.01
M,2003,Yash,12,IL,1584,0.008
M,2003,Yousef,11,IL,1689,0.007
M,2003,Yosef,8,IL,2076,0.005
M,2003,Yusuf,8,IL,2076,0.005
M,2003,Yazan,5,IL,2825,0.003
M,2003,Yovani,5,IL,2825,0.003
M,2004,Yahir,58,IL,497,0.04
M,2004,Yair,19,IL,1156,0.013
M,2004,Yael,11,IL,1694,0.007
M,2004,Yousef,11,IL,1694,0.007
M,2004,Yusuf,9,IL,1943,0.006
M,2004,Yash,8,IL,2082,0.005
M,2004,Yordi,7,IL,2263,0.005
M,2004,Yovani,7,IL,2263,0.005
M,2004,Yaseen,6,IL,2526,0.004
M,2004,Yehuda,5,IL,2885,0.003
M,2004,Yosef,5,IL,2885,0.003
M,2005,Yahir,49,IL,567,0.034
M,2005,Yael,20,IL,1101,0.014
M,2005,Yandel,16,IL,1324,0.011
M,2005,Yair,14,IL,1459,0.01
M,2005,Yousef,13,IL,1541,0.009
M,2005,Yash,12,IL,1629,0.008
M,2005,Yaseen,11,IL,1721,0.008
M,2005,Yosef,8,IL,2142,0.006
M,2005,Yasir,7,IL,2343,0.005
M,2005,Yusuf,5,IL,2911,0.003
M,2006,Yahir,51,IL,551,0.035
M,2006,Yael,22,IL,1045,0.015
M,2006,Yandel,22,IL,1045,0.015
M,2006,Yair,21,IL,1091,0.014
M,2006,Yusuf,15,IL,1423,0.01
M,2006,Yash,13,IL,1569,0.009
M,2006,Yousef,11,IL,1783,0.008
M,2006,Yovani,10,IL,1907,0.007
M,2006,Yaakov,6,IL,2650,0.004
M,2006,Yaseen,5,IL,2988,0.003
M,2006,Yoel,5,IL,2988,0.003
M,2006,Yonatan,5,IL,2988,0.003
M,2006,Yousif,5,IL,2988,0.003
M,2006,Yousuf,5,IL,2988,0.003
M,2006,Yusef,5,IL,2988,0.003
M,2007,Yahir,45,IL,607,0.031
M,2007,Yair,22,IL,1068,0.015
M,2007,Yael,21,IL,1104,0.014
M,2007,Yusuf,21,IL,1104,0.014
M,2007,Yousef,13,IL,1595,0.009
M,2007,Yandel,12,IL,1678,0.008
M,2007,Yash,11,IL,1804,0.008
M,2007,Yovani,11,IL,1804,0.008
M,2007,Yazan,10,IL,1932,0.007
M,2007,Yousuf,9,IL,2082,0.006
M,2007,Yurem,9,IL,2082,0.006
M,2007,Yaseen,7,IL,2479,0.005
M,2007,Yasir,6,IL,2732,0.004
M,2007,Yadier,5,IL,3091,0.003
M,2007,Yahya,5,IL,3091,0.003
M,2008,Yahir,57,IL,498,0.04
M,2008,Yandel,29,IL,866,0.021
M,2008,Yusuf,24,IL,1008,0.017
M,2008,Yurem,20,IL,1164,0.014
M,2008,Yael,14,IL,1533,0.01
M,2008,Yousef,13,IL,1609,0.009
M,2008,Yair,12,IL,1703,0.009
M,2008,Yadiel,10,IL,1926,0.007
M,2008,Yosgart,9,IL,2051,0.006
M,2008,Yash,8,IL,2240,0.006
M,2008,Yahya,6,IL,2734,0.004
M,2008,Yamil,6,IL,2734,0.004
M,2008,Yaseen,6,IL,2734,0.004
M,2008,Yasin,5,IL,3111,0.004
M,2008,Yovani,5,IL,3111,0.004
M,2009,Yahir,41,IL,634,0.03
M,2009,Yandel,24,IL,981,0.018
M,2009,Yusuf,22,IL,1046,0.016
M,2009,Yael,19,IL,1185,0.014
M,2009,Yair,15,IL,1422,0.011
M,2009,Yash,15,IL,1422,0.011
M,2009,Yazan,12,IL,1669,0.009
M,2009,Yousef,12,IL,1669,0.009
M,2009,Yaseen,8,IL,2203,0.006
M,2009,Yurem,7,IL,2419,0.005
M,2009,Yadiel,6,IL,2691,0.004
M,2009,Yosgart,6,IL,2691,0.004
M,2009,Yovanni,6,IL,2691,0.004
M,2009,Yahel,5,IL,3072,0.004
M,2009,Yahya,5,IL,3072,0.004
M,2009,Yamil,5,IL,3072,0.004
M,2009,Yianni,5,IL,3072,0.004
M,2009,Yosef,5,IL,3072,0.004
M,2009,Yovani,5,IL,3072,0.004
M,2009,Yuri,5,IL,3072,0.004
M,2009,Yusef,5,IL,3072,0.004
M,2010,Yahir,31,IL,790,0.024
M,2010,Yusuf,24,IL,957,0.018
M,2010,Yandel,18,IL,1229,0.014
M,2010,Yair,14,IL,1486,0.011
M,2010,Yaseen,14,IL,1486,0.011
M,2010,Yousef,14,IL,1486,0.011
M,2010,Yael,11,IL,1757,0.008
M,2010,Yahya,10,IL,1866,0.008
M,2010,Yash,10,IL,1866,0.008
M,2010,Yoel,8,IL,2180,0.006
M,2010,Yadiel,7,IL,2398,0.005
M,2010,Yasir,7,IL,2398,0.005
M,2010,Yazan,7,IL,2398,0.005
M,2010,Yosef,7,IL,2398,0.005
M,2010,Youssef,7,IL,2398,0.005
M,2010,Yusef,6,IL,2683,0.005
M,2010,Yovani,5,IL,3009,0.004
M,2010,Yuri,5,IL,3009,0.004
M,2011,Yahir,41,IL,622,0.032
M,2011,Yousef,17,IL,1240,0.013
M,2011,Yusuf,17,IL,1240,0.013
M,2011,Yandel,15,IL,1375,0.012
M,2011,Yair,14,IL,1447,0.011
M,2011,Yael,13,IL,1525,0.01
M,2011,Yerik,11,IL,1717,0.009
M,2011,Yadiel,9,IL,1981,0.007
M,2011,Yaseen,8,IL,2132,0.006
M,2011,Yahya,6,IL,2601,0.005
M,2011,Yash,6,IL,2601,0.005
M,2011,Yasir,6,IL,2601,0.005
M,2011,Yazan,6,IL,2601,0.005
M,2011,Yeshua,6,IL,2601,0.005
M,2011,Yosef,6,IL,2601,0.005
M,2011,Yurem,6,IL,2601,0.005
M,2011,Yitzchok,5,IL,2976,0.004
M,2011,Yohan,5,IL,2976,0.004
M,2011,Youssef,5,IL,2976,0.004
M,2011,Yousuf,5,IL,2976,0.004
M,2012,Yahir,24,IL,943,0.019
M,2012,Yousef,19,IL,1140,0.015
M,2012,Yusuf,15,IL,1359,0.012
M,2012,Yael,13,IL,1502,0.01
M,2012,Yandel,10,IL,1804,0.008
M,2012,Yash,10,IL,1804,0.008
M,2012,Yaseen,8,IL,2136,0.006
M,2012,Yahya,7,IL,2376,0.006
M,2012,Yosef,7,IL,2376,0.006
M,2012,Yousuf,7,IL,2376,0.006
M,2012,Yanuel,5,IL,2982,0.004
M,2012,Yeshua,5,IL,2982,0.004
M,2013,Yusuf,34,IL,713,0.027
M,2013,Yahir,31,IL,775,0.025
M,2013,Yousef,19,IL,1096,0.015
M,2013,Yair,13,IL,1478,0.01
M,2013,Yael,12,IL,1570,0.01
M,2013,Yahya,12,IL,1570,0.01
M,2013,Yaseen,7,IL,2319,0.006
M,2013,Yaakov,6,IL,2592,0.005
M,2013,Yadiel,6,IL,2592,0.005
M,2013,Yandel,6,IL,2592,0.005
M,2013,Yeshua,6,IL,2592,0.005
M,2013,Yohan,6,IL,2592,0.005
M,2013,Yosef,6,IL,2592,0.005
M,2013,Yahel,5,IL,2913,0.004
M,2013,Yousif,5,IL,2913,0.004
M,2014,Yahir,25,IL,918,0.02
M,2014,Yusuf,20,IL,1100,0.016
M,2014,Yousef,18,IL,1207,0.014
M,2014,Yael,13,IL,1539,0.01
M,2014,Yahya,11,IL,1736,0.009
M,2014,Yosef,11,IL,1736,0.009
M,2014,Yair,10,IL,1861,0.008
M,2014,Yandel,8,IL,2152,0.006
M,2014,Yeshua,8,IL,2152,0.006
M,2014,Yasin,7,IL,2330,0.006
M,2014,Yousif,7,IL,2330,0.006
M,2014,Yousuf,7,IL,2330,0.006
M,2014,Yaseen,5,IL,2911,0.004
M,2014,Yash,5,IL,2911,0.004
M,2014,Yassin,5,IL,2911,0.004
M,2014,Yehuda,5,IL,2911,0.004
M,2015,Yusuf,26,IL,923,0.021
M,2015,Yousef,22,IL,1042,0.018
M,2015,Yahir,20,IL,1116,0.016
M,2015,Yair,13,IL,1511,0.01
M,2015,Yahya,12,IL,1601,0.01
M,2015,Yaseen,12,IL,1601,0.01
M,2015,Yosef,10,IL,1816,0.008
M,2015,Yadiel,8,IL,2139,0.006
M,2015,Youssef,8,IL,2139,0.006
M,2015,Yazan,7,IL,2363,0.006
M,2015,Yisroel,6,IL,2632,0.005
M,2015,Yoel,6,IL,2632,0.005
M,2015,Yael,5,IL,2952,0.004
M,2015,Yeshua,5,IL,2952,0.004
M,2015,Yousif,5,IL,2952,0.004
M,2015,Yunus,5,IL,2952,0.004
M,2015,Yusef,5,IL,2952,0.004
M,2016,Yousef,31,IL,780,0.025
M,2016,Yusuf,27,IL,881,0.022
M,2016,Yahir,18,IL,1196,0.015
M,2016,Yaseen,15,IL,1370,0.012
M,2016,Yadiel,10,IL,1843,0.008
M,2016,Yasir,9,IL,1992,0.007
M,2016,Yoel,8,IL,2152,0.007
M,2016,Yosef,8,IL,2152,0.007
M,2016,Yael,7,IL,2356,0.006
M,2016,Yahya,6,IL,2595,0.005
M,2016,Yisroel,6,IL,2595,0.005
M,2016,Yoandri,6,IL,2595,0.005
M,2016,Yair,5,IL,2916,0.004
M,2016,Yannick,5,IL,2916,0.004
M,2016,Yaser,5,IL,2916,0.004
M,2016,Yash,5,IL,2916,0.004
M,2016,Yazan,5,IL,2916,0.004
M,2016,Youssef,5,IL,2916,0.004
M,2017,Yousef,32,IL,744,0.027
M,2017,Yusuf,31,IL,759,0.026
M,2017,Yosef,11,IL,1687,0.009
M,2017,Yahir,10,IL,1802,0.009
M,2017,Yadiel,7,IL,2301,0.006
M,2017,Yaseen,7,IL,2301,0.006
M,2017,Yousuf,7,IL,2301,0.006
M,2017,Yuvan,7,IL,2301,0.006
M,2017,Yandel,6,IL,2577,0.005
M,2017,Yasir,6,IL,2577,0.005
M,2017,Yazan,6,IL,2577,0.005
M,2017,Yehuda,6,IL,2577,0.005
M,2017,Yeshua,6,IL,2577,0.005
M,2017,Yael,5,IL,2926,0.004
M,2017,Yahya,5,IL,2926,0.004
M,2017,Yair,5,IL,2926,0.004
M,2017,Yash,5,IL,2926,0.004
M,2017,Yasser,5,IL,2926,0.004
M,2017,Yisrael,5,IL,2926,0.004
M,2017,Yoel,5,IL,2926,0.004
M,2017,Younis,5,IL,2926,0.004
M,2017,Yousif,5,IL,2926,0.004
M,2017,Youssef,5,IL,2926,0.004
M,2017,Yuvaan,5,IL,2926,0.004
M,2018,Yusuf,25,IL,905,0.022
M,2018,Yousef,21,IL,1031,0.019
M,2018,Yahir,14,IL,1410,0.012
M,2018,Yaseen,14,IL,1410,0.012
M,2018,Yadiel,11,IL,1642,0.01
M,2018,Yazan,9,IL,1908,0.008
M,2018,Yael,8,IL,2092,0.007
M,2018,Yahya,7,IL,2269,0.006
M,2018,Yoel,7,IL,2269,0.006
M,2018,Yohan,7,IL,2269,0.006
M,2018,Yosef,7,IL,2269,0.006
M,2018,Yair,6,IL,2532,0.005
M,2018,Yasir,6,IL,2532,0.005
M,2018,Yeshua,6,IL,2532,0.005
M,2018,Yousif,6,IL,2532,0.005
M,2018,Yunus,6,IL,2532,0.005
M,2018,Yuvaan,6,IL,2532,0.005
M,2018,Yareth,5,IL,2866,0.004
M,2018,Yuvan,5,IL,2866,0.004
M,2019,Yusuf,25,IL,890,0.023
M,2019,Yousef,20,IL,1057,0.018
M,2019,Yadiel,17,IL,1186,0.016
M,2019,Yahir,14,IL,1372,0.013
M,2019,Yasir,14,IL,1372,0.013
M,2019,Yahya,13,IL,1455,0.012
M,2019,Yaseen,13,IL,1455,0.012
M,2019,Yair,11,IL,1626,0.01
M,2019,Yosef,10,IL,1747,0.009
M,2019,Yasin,7,IL,2230,0.006
M,2019,Yazan,7,IL,2230,0.006
M,2019,Yael,6,IL,2489,0.006
M,2019,Yousuf,6,IL,2489,0.006
M,2019,Yehoshua,5,IL,2833,0.005
M,2019,Yoan,5,IL,2833,0.005
M,2019,Yousif,5,IL,2833,0.005
M,2019,Yy,5,IL,2833,0.005
M,2020,Yusuf,20,IL,1032,0.019
M,2020,Yousef,15,IL,1297,0.015
M,2020,Yadiel,12,IL,1514,0.012
M,2020,Yahya,10,IL,1719,0.01
M,2020,Yael,9,IL,1858,0.009
M,2020,Yasir,9,IL,1858,0.009
M,2020,Yoel,7,IL,2219,0.007
M,2020,Yosef,7,IL,2219,0.007
M,2020,Yahir,6,IL,2485,0.006
M,2020,Yair,6,IL,2485,0.006
M,2020,Yasin,6,IL,2485,0.006
M,2020,Yousuf,6,IL,2485,0.006
M,2020,Yuvaan,6,IL,2485,0.006
M,2020,Yanis,5,IL,2807,0.005
M,2020,Yaseen,5,IL,2807,0.005
M,2020,Yuvan,5,IL,2807,0.005
M,2021,Yusuf,35,IL,643,0.034
M,2021,Yousef,29,IL,755,0.028
M,2021,Yadiel,15,IL,1270,0.015
M,2021,Yahya,8,IL,2035,0.008
M,2021,Yair,8,IL,2035,0.008
M,2021,Yousuf,8,IL,2035,0.008
M,2021,Yaseen,7,IL,2213,0.007
M,2021,Yael,6,IL,2452,0.006
M,2021,Yahir,6,IL,2452,0.006
M,2021,Yanis,6,IL,2452,0.006
M,2021,Yaakov,5,IL,2801,0.005
M,2021,Yasin,5,IL,2801,0.005
M,2021,Yosef,5,IL,2801,0.005
M,2021,Yousif,5,IL,2801,0.005
M,2021,Yunus,5,IL,2801,0.005
M,2022,Yusuf,34,IL,643,0.035
M,2022,Yousef,26,IL,805,0.026
M,2022,Yahya,18,IL,1120,0.018
M,2022,Yadiel,11,IL,1622,0.011
M,2022,Yosef,11,IL,1622,0.011
M,2022,Yunus,11,IL,1622,0.011
M,2022,Yaseen,10,IL,1715,0.01
M,2022,Yael,9,IL,1840,0.009
M,2022,Yasir,8,IL,1996,0.008
M,2022,Yahir,7,IL,2198,0.007
M,2022,Yair,6,IL,2439,0.006
M,2022,Yisroel,6,IL,2439,0.006
M,2022,Yaakov,5,IL,2745,0.005
M,2022,Yazan,5,IL,2745,0.005
M,2023,Yusuf,37,IL,586,0.039
M,2023,Yousef,25,IL,814,0.026
M,2023,Yahya,19,IL,1047,0.02
M,2023,Yadiel,14,IL,1323,0.015
M,2023,Yahir,13,IL,1396,0.014
M,2023,Yunus,11,IL,1566,0.012
M,2023,Yaseen,9,IL,1805,0.01
M,2023,Yosef,9,IL,1805,0.01
M,2023,Yair,7,IL,2172,0.007
M,2023,Yael,6,IL,2407,0.006
M,2023,Yamari,6,IL,2407,0.006
M,2023,Yazan,6,IL,2407,0.006
M,2023,Yeshua,6,IL,2407,0.006
M,2023,Yohan,6,IL,2407,0.006
M,2023,Yan,5,IL,2712,0.005
M,2023,Yaqub,5,IL,2712,0.005
M,2023,Yasin,5,IL,2712,0.005
M,2023,Yousuf,5,IL,2712,0.005
M,2023,Yusef,5,IL,2712,0.005
M,2023,Yuvaan,5,IL,2712,0.005
M,2023,Yuvan,5,IL,2712,0.005
M,2024,Yusuf,44,IL,502,0.046
M,2024,Yousef,43,IL,510,0.045
M,2024,Yahya,36,IL,601,0.038
M,2024,Yahir,16,IL,1190,0.017
M,2024,Yaseen,13,IL,1382,0.014
M,2024,Yael,12,IL,1470,0.013
M,2024,Yeshua,10,IL,1677,0.011
M,2024,Yunus,10,IL,1677,0.011
M,2024,Yasir,8,IL,1959,0.008
M,2024,Yazan,8,IL,1959,0.008
M,2024,Yosef,8,IL,1959,0.008
M,2024,Yahel,6,IL,2410,0.006
M,2024,Yaman,6,IL,2410,0.006
M,2024,Yohan,6,IL,2410,0.006
M,2024,Yousif,6,IL,2410,0.006
M,2024,Yousuf,6,IL,2410,0.006
M,2024,Yuri,6,IL,2410,0.006
M,2024,Yaakov,5,IL,2679,0.005
M,2024,Yamir,5,IL,2679,0.005
M,2024,Yanis,5,IL,2679,0.005
M,2024,Younes,5,IL,2679,0.005
M,2024,Yunis,5,IL,2679,0.005
F,1915,Yvonne,7,WI,563,0.017
F,1917,Yvonne,7,WI,597,0.016
F,1918,Yvonne,9,WI,531,0.019
F,1919,Yvonne,15,WI,379,0.035
F,1920,Yvonne,10,WI,490,0.021
F,1921,Yvonne,17,WI,377,0.034
F,1922,Yvonne,20,WI,336,0.042
F,1923,Yvonne,20,WI,334,0.041
F,1923,Yolanda,7,WI,593,0.014
F,1924,Yvonne,28,WI,279,0.056
F,1924,Yolanda,7,WI,585,0.014
F,1925,Yvonne,33,WI,243,0.069
F,1925,Yolanda,5,WI,687,0.01
F,1926,Yvonne,35,WI,233,0.074
F,1927,Yvonne,38,WI,225,0.078
F,1928,Yvonne,56,WI,183,0.115
F,1929,Yvonne,45,WI,200,0.094
F,1929,Yolanda,6,WI,624,0.013
F,1930,Yvonne,70,WI,154,0.144
F,1931,Yvonne,62,WI,165,0.133
F,1932,Yvonne,49,WI,190,0.106
F,1933,Yvonne,63,WI,154,0.144
F,1934,Yvonne,67,WI,150,0.148
F,1935,Yvonne,129,WI,87,0.279
F,1936,Yvonne,147,WI,72,0.317
F,1937,Yvonne,138,WI,79,0.293
F,1938,Yvonne,97,WI,106,0.199
F,1939,Yvonne,105,WI,101,0.218
F,1940,Yvonne,82,WI,122,0.166
F,1941,Yvonne,66,WI,140,0.128
F,1942,Yvonne,65,WI,156,0.112
F,1943,Yvonne,59,WI,169,0.102
F,1944,Yvonne,39,WI,211,0.071
F,1945,Yvonne,48,WI,187,0.087
F,1946,Yvonne,51,WI,208,0.076
F,1947,Yvonne,74,WI,177,0.097
F,1947,Yolanda,5,WI,748,0.007
F,1948,Yvonne,63,WI,194,0.085
F,1949,Yvonne,64,WI,194,0.084
F,1949,Yolanda,5,WI,754,0.007
F,1950,Yvonne,47,WI,239,0.062
F,1951,Yvonne,73,WI,184,0.09
F,1951,Yolanda,8,WI,604,0.01
F,1952,Yvonne,76,WI,190,0.092
F,1952,Yolanda,6,WI,715,0.007
F,1953,Yvonne,74,WI,193,0.09
F,1953,Yolanda,7,WI,666,0.009
F,1953,Yvette,5,WI,783,0.006
F,1954,Yvonne,77,WI,201,0.09
F,1954,Yolanda,12,WI,537,0.014
F,1955,Yvonne,61,WI,232,0.071
F,1955,Yolanda,11,WI,566,0.013
F,1956,Yvonne,55,WI,254,0.063
F,1956,Yolanda,16,WI,490,0.018
F,1956,Yvette,5,WI,843,0.006
F,1957,Yvonne,68,WI,237,0.075
F,1957,Yolanda,11,WI,593,0.012
F,1957,Yvette,6,WI,792,0.007
F,1958,Yvonne,40,WI,310,0.044
F,1958,Yolanda,10,WI,635,0.011
F,1958,Yvette,6,WI,811,0.007
F,1959,Yvonne,55,WI,266,0.06
F,1959,Yolanda,9,WI,672,0.01
F,1959,Yvette,6,WI,817,0.007
F,1960,Yvonne,53,WI,275,0.057
F,1960,Yvette,11,WI,637,0.012
F,1960,Yolanda,8,WI,725,0.009
F,1961,Yvonne,65,WI,246,0.071
F,1961,Yolanda,18,WI,486,0.02
F,1961,Yvette,8,WI,722,0.009
F,1962,Yvonne,47,WI,290,0.054
F,1962,Yolanda,15,WI,533,0.017
F,1962,Yvette,14,WI,550,0.016
F,1963,Yvonne,54,WI,265,0.064
F,1963,Yvette,16,WI,518,0.019
F,1963,Yolanda,13,WI,575,0.015
F,1964,Yvonne,47,WI,270,0.057
F,1964,Yolanda,17,WI,499,0.021
F,1964,Yvette,13,WI,569,0.016
F,1965,Yvonne,40,WI,290,0.052
F,1965,Yvette,23,WI,408,0.03
F,1965,Yolanda,12,WI,571,0.016
F,1966,Yvonne,38,WI,284,0.051
F,1966,Yvette,23,WI,394,0.031
F,1966,Yolanda,11,WI,589,0.015
F,1967,Yvonne,35,WI,292,0.05
F,1967,Yvette,22,WI,390,0.032
F,1967,Yolanda,19,WI,423,0.027
F,1968,Yolanda,35,WI,296,0.051
F,1968,Yvonne,33,WI,308,0.049
F,1968,Yvette,13,WI,535,0.019
F,1969,Yolanda,35,WI,300,0.052
F,1969,Yvonne,32,WI,322,0.047
F,1969,Yvette,15,WI,503,0.022
F,1970,Yvonne,35,WI,312,0.05
F,1970,Yolanda,29,WI,358,0.041
F,1970,Yvette,9,WI,675,0.013
F,1971,Yolanda,31,WI,316,0.048
F,1971,Yvonne,26,WI,356,0.04
F,1971,Yvette,10,WI,635,0.015
F,1972,Yolanda,35,WI,274,0.06
F,1972,Yvonne,23,WI,357,0.04
F,1972,Yvette,11,WI,570,0.019
F,1973,Yvonne,24,WI,337,0.043
F,1973,Yolanda,19,WI,400,0.034
F,1973,Yvette,14,WI,475,0.025
F,1974,Yolanda,17,WI,429,0.029
F,1974,Yvonne,14,WI,482,0.024
F,1974,Yvette,8,WI,676,0.014
F,1975,Yolanda,23,WI,366,0.039
F,1975,Yvonne,14,WI,483,0.024
F,1975,Yvette,9,WI,633,0.015
F,1976,Yolanda,18,WI,405,0.031
F,1976,Yvonne,12,WI,514,0.021
F,1976,Yvette,8,WI,683,0.014
F,1977,Yolanda,20,WI,393,0.033
F,1977,Yvonne,12,WI,531,0.02
F,1977,Yvette,8,WI,685,0.013
F,1978,Yolanda,22,WI,369,0.036
F,1978,Yvonne,10,WI,600,0.016
F,1979,Yolanda,12,WI,565,0.018
F,1979,Yvonne,9,WI,661,0.014
F,1980,Yvonne,12,WI,577,0.018
F,1980,Yolanda,11,WI,610,0.016
F,1980,Yvette,7,WI,785,0.01
F,1981,Yolanda,16,WI,463,0.024
F,1981,Yvonne,7,WI,784,0.011
F,1982,Yvonne,12,WI,573,0.018
F,1982,Yvette,9,WI,678,0.014
F,1982,Yolanda,7,WI,791,0.011
F,1983,Yolanda,11,WI,576,0.017
F,1983,Yvonne,11,WI,576,0.017
F,1983,Yvette,6,WI,855,0.009
F,1984,Yolanda,12,WI,553,0.019
F,1984,Yvonne,8,WI,735,0.012
F,1985,Yolanda,10,WI,630,0.015
F,1986,Yolanda,12,WI,575,0.019
F,1986,Yvette,7,WI,807,0.011
F,1987,Yolanda,9,WI,683,0.015
F,1987,Yvonne,9,WI,683,0.015
F,1987,Yesenia,7,WI,807,0.011
F,1987,Yvette,5,WI,991,0.008
F,1988,Yer,10,WI,650,0.016
F,1988,Yolanda,10,WI,650,0.016
F,1988,Yvette,9,WI,706,0.015
F,1989,Yer,9,WI,738,0.014
F,1989,Yolanda,8,WI,799,0.013
F,1989,Yasmine,6,WI,956,0.01
F,1989,Yvonne,6,WI,956,0.01
F,1990,Yolanda,14,WI,544,0.022
F,1990,Yesenia,11,WI,650,0.018
F,1990,Yvonne,5,WI,1128,0.008
F,1991,Yolanda,12,WI,623,0.02
F,1991,Yer,6,WI,1006,0.01
F,1991,Yesenia,5,WI,1115,0.008
F,1991,Yvette,5,WI,1115,0.008
F,1992,Yer,7,WI,945,0.012
F,1992,Yolanda,7,WI,945,0.012
F,1992,Yvonne,5,WI,1145,0.008
F,1993,Yvonne,8,WI,847,0.014
F,1993,Yer,6,WI,1037,0.01
F,1993,Yesenia,6,WI,1037,0.01
F,1993,Yolanda,5,WI,1178,0.009
F,1994,Yesenia,13,WI,595,0.023
F,1994,Yer,6,WI,1022,0.011
F,1995,Yolanda,10,WI,746,0.018
F,1995,Yer,9,WI,784,0.016
F,1995,Yasmeen,5,WI,1180,0.009
F,1995,Yvette,5,WI,1180,0.009
F,1995,Yvonne,5,WI,1180,0.009
F,1996,Yasmine,7,WI,928,0.013
F,1996,Yolanda,7,WI,928,0.013
F,1996,Yesenia,5,WI,1160,0.009
F,1997,Yesenia,16,WI,526,0.03
F,1997,Yasmine,13,WI,623,0.024
F,1997,Yolanda,5,WI,1190,0.009
F,1998,Yesenia,8,WI,878,0.015
F,1998,Yer,6,WI,1077,0.011
F,1998,Yasmine,5,WI,1200,0.009
F,1999,Yesenia,10,WI,779,0.018
F,1999,Yadira,5,WI,1257,0.009
F,1999,Yolanda,5,WI,1257,0.009
F,2000,Yasmine,13,WI,678,0.024
F,2000,Yesenia,11,WI,758,0.02
F,2000,Yulissa,6,WI,1141,0.011
F,2000,Yvette,5,WI,1275,0.009
F,2001,Yesenia,19,WI,513,0.035
F,2001,Yasmin,7,WI,1069,0.013
F,2001,Yasmine,5,WI,1307,0.009
F,2002,Yasmin,9,WI,898,0.017
F,2002,Yesenia,8,WI,965,0.015
F,2002,Yaritza,6,WI,1157,0.011
F,2002,Yasmine,6,WI,1157,0.011
F,2003,Yesenia,10,WI,863,0.018
F,2003,Yasmin,8,WI,977,0.015
F,2003,Yaritza,7,WI,1053,0.013
F,2004,Yesenia,12,WI,753,0.022
F,2004,Yasmin,8,WI,1012,0.015
F,2004,Yasmine,7,WI,1121,0.013
F,2004,Yazmin,6,WI,1247,0.011
F,2005,Yasmin,17,WI,601,0.031
F,2005,Yesenia,12,WI,791,0.022
F,2005,Yadira,9,WI,976,0.017
F,2005,Yasmine,6,WI,1280,0.011
F,2005,Yessenia,5,WI,1424,0.009
F,2006,Yesenia,10,WI,911,0.018
F,2006,Yasmin,8,WI,1068,0.015
F,2006,Yareli,7,WI,1181,0.013
F,2006,Yasmine,7,WI,1181,0.013
F,2006,Yamilet,6,WI,1308,0.011
F,2006,Yoselin,6,WI,1308,0.011
F,2006,Yazmin,5,WI,1489,0.009
F,2007,Yasmin,13,WI,764,0.023
F,2007,Yesenia,10,WI,931,0.018
F,2007,Yaretzi,7,WI,1195,0.013
F,2007,Yazmin,7,WI,1195,0.013
F,2007,Yasmine,6,WI,1363,0.011
F,2007,Yulissa,5,WI,1530,0.009
F,2008,Yasmine,10,WI,952,0.018
F,2008,Yesenia,9,WI,1047,0.017
F,2008,Yadira,7,WI,1241,0.013
F,2008,Yasmin,7,WI,1241,0.013
F,2008,Yaretzi,6,WI,1377,0.011
F,2008,Yaneli,5,WI,1584,0.009
F,2009,Yesenia,10,WI,932,0.019
F,2009,Yadira,8,WI,1114,0.015
F,2009,Yareli,7,WI,1225,0.013
F,2009,Yasmin,7,WI,1225,0.013
F,2009,Yazmin,7,WI,1225,0.013
F,2009,Yaretzi,6,WI,1396,0.011
F,2009,Yazmine,5,WI,1594,0.009
F,2010,Yareli,9,WI,1018,0.018
F,2010,Yaretzi,8,WI,1125,0.016
F,2010,Yasmin,7,WI,1238,0.014
F,2010,Yesenia,7,WI,1238,0.014
F,2010,Yaritza,6,WI,1382,0.012
F,2011,Yaretzi,18,WI,600,0.035
F,2011,Yaritza,7,WI,1229,0.014
F,2011,Yareli,6,WI,1363,0.012
F,2011,Yesenia,6,WI,1363,0.012
F,2011,Yasmine,5,WI,1570,0.01
F,2012,Yaretzi,16,WI,660,0.032
F,2012,Yaritza,7,WI,1225,0.014
F,2012,Yamileth,5,WI,1536,0.01
F,2012,Yara,5,WI,1536,0.01
F,2013,Yaretzi,15,WI,690,0.03
F,2013,Yareli,6,WI,1366,0.012
F,2013,Yaritza,5,WI,1562,0.01
F,2013,Yasmin,5,WI,1562,0.01
F,2014,Yaretzi,10,WI,973,0.02
F,2014,Yuliana,6,WI,1375,0.012
F,2014,Yulia,5,WI,1559,0.01
F,2014,Yvonne,5,WI,1559,0.01
F,2015,Yaretzi,11,WI,933,0.022
F,2015,Yaneli,5,WI,1609,0.01
F,2015,Yara,5,WI,1609,0.01
F,2015,Yarely,5,WI,1609,0.01
F,2016,Yuna,7,WI,1290,0.014
F,2017,Yaretzi,9,WI,1084,0.019
F,2017,Yuna,6,WI,1417,0.012
F,2017,Yara,5,WI,1583,0.01
F,2018,Yaneli,5,WI,1592,0.01
F,2018,Yaretzi,5,WI,1592,0.01
F,2019,Yaretzi,13,WI,809,0.028
F,2019,Yareli,5,WI,1614,0.011
F,2019,Yasmeen,5,WI,1614,0.011
F,2019,Yasmin,5,WI,1614,0.011
F,2020,Yamileth,5,WI,1603,0.011
F,2021,Yara,6,WI,1438,0.013
F,2021,Yaretzi,6,WI,1438,0.013
F,2021,Yuna,5,WI,1608,0.011
F,2022,Yaretzi,13,WI,784,0.029
F,2022,Yamileth,5,WI,1593,0.011
F,2022,Yareli,5,WI,1593,0.011
F,2023,Yuna,7,WI,1279,0.016
F,2024,Yareli,7,WI,1256,0.016
F,2024,Yara,6,WI,1406,0.014
M,1989,Yeeleng,5,WI,1086,0.008
M,1989,Yeng,5,WI,1086,0.008
M,1990,Yang,6,WI,1002,0.01
M,1990,Yee,6,WI,1002,0.01
M,1994,Yee,5,WI,1153,0.009
M,1994,Ying,5,WI,1153,0.009
M,1995,Yeng,6,WI,1044,0.011
M,1997,Yeng,5,WI,1190,0.009
M,2000,Yuepheng,6,WI,1141,0.011
M,2002,Yahir,5,WI,1315,0.009
M,2003,Yahir,10,WI,863,0.018
M,2004,Yahir,5,WI,1391,0.009
M,2004,Yuepheng,5,WI,1391,0.009
M,2005,Yahir,14,WI,694,0.026
M,2005,Yair,10,WI,894,0.018
M,2006,Yandel,8,WI,1068,0.015
M,2006,Yusuf,5,WI,1489,0.009
M,2007,Yahir,8,WI,1079,0.014
M,2007,Yair,7,WI,1195,0.013
M,2007,Yadiel,5,WI,1530,0.009
M,2007,Yovani,5,WI,1530,0.009
M,2008,Yahir,8,WI,1140,0.015
M,2008,Yandel,7,WI,1241,0.013
M,2008,Yael,6,WI,1377,0.011
M,2009,Yahir,9,WI,1018,0.017
M,2009,Yandel,8,WI,1114,0.015
M,2009,Yael,6,WI,1396,0.011
M,2009,Yair,5,WI,1594,0.009
M,2010,Yahir,12,WI,815,0.023
M,2010,Yandel,7,WI,1238,0.014
M,2010,Yael,5,WI,1579,0.01
M,2011,Yandel,6,WI,1363,0.012
M,2011,Yahir,5,WI,1570,0.01
M,2012,Yahir,13,WI,782,0.026
M,2012,Yael,8,WI,1104,0.016
M,2012,Yusuf,5,WI,1536,0.01
M,2013,Yusuf,7,WI,1234,0.014
M,2013,Yahir,6,WI,1366,0.012
M,2014,Yahir,7,WI,1240,0.014
M,2015,Yusuf,5,WI,1609,0.01
M,2016,Yariel,7,WI,1290,0.014
M,2017,Yadiel,5,WI,1583,0.01
M,2018,Yusuf,9,WI,1057,0.019
M,2018,Yahya,6,WI,1407,0.013
M,2019,Yadiel,6,WI,1398,0.013
M,2019,Yahir,5,WI,1614,0.011
M,2019,Yariel,5,WI,1614,0.011
M,2020,Yusuf,6,WI,1389,0.013
M,2021,Yusuf,5,WI,1608,0.011
M,2024,Yael,7,WI,1256,0.016
M,2024,Yusuf,7,WI,1256,0.016
F,1910,Ysabel,6,TX,738,0.021
F,1912,Yvonne,6,TX,976,0.013
F,1913,Yvonne,8,TX,902,0.015
F,1914,Yvonne,12,TX,781,0.019
F,1914,Ysabel,7,TX,1091,0.011
F,1915,Yvonne,10,TX,1015,0.012
F,1915,Ysabel,7,TX,1239,0.009
F,1916,Yvonne,12,TX,909,0.014
F,1916,Ysabel,8,TX,1165,0.01
F,1917,Ysabel,11,TX,977,0.013
F,1917,Yvonne,7,TX,1315,0.008
F,1917,Ysidra,5,TX,1589,0.006
F,1918,Yvonne,16,TX,806,0.017
F,1918,Ysabel,6,TX,1455,0.007
F,1918,Ysidra,6,TX,1455,0.007
F,1919,Yvonne,14,TX,910,0.014
F,1919,Ysabel,10,TX,1105,0.01
F,1920,Yvonne,32,TX,583,0.03
F,1920,Ysabel,16,TX,882,0.015
F,1921,Yvonne,30,TX,639,0.027
F,1921,Ysabel,11,TX,1137,0.01
F,1921,Ysidra,10,TX,1200,0.009
F,1922,Yvonne,23,TX,736,0.021
F,1922,Ysabel,7,TX,1473,0.006
F,1922,Yolanda,5,TX,1802,0.004
F,1923,Yvonne,36,TX,557,0.033
F,1923,Yolanda,14,TX,982,0.013
F,1923,Ysabel,10,TX,1191,0.009
F,1923,Ysidra,6,TX,1620,0.005
F,1924,Yvonne,40,TX,551,0.034
F,1924,Yolanda,14,TX,1031,0.012
F,1924,Ysabel,7,TX,1561,0.006
F,1924,Ynes,5,TX,1894,0.004
F,1924,Ysidra,5,TX,1894,0.004
F,1925,Yvonne,31,TX,634,0.026
F,1925,Yolanda,16,TX,933,0.014
F,1925,Ysabel,9,TX,1317,0.008
F,1926,Yvonne,42,TX,505,0.037
F,1926,Yolanda,19,TX,834,0.017
F,1927,Yvonne,40,TX,524,0.034
F,1927,Yolanda,17,TX,888,0.014
F,1928,Yvonne,56,TX,410,0.047
F,1928,Yolanda,26,TX,718,0.022
F,1928,Ysabel,6,TX,1622,0.005
F,1929,Yvonne,59,TX,406,0.05
F,1929,Yolanda,28,TX,656,0.024
F,1929,Ysabel,5,TX,1803,0.004
F,1930,Yvonne,59,TX,400,0.05
F,1930,Yolanda,41,TX,523,0.035
F,1930,Ysabel,7,TX,1478,0.006
F,1931,Yvonne,53,TX,425,0.048
F,1931,Yolanda,44,TX,484,0.039
F,1932,Yvonne,55,TX,410,0.049
F,1932,Yolanda,53,TX,421,0.047
F,1932,Ysabel,5,TX,1693,0.004
F,1933,Yvonne,60,TX,375,0.056
F,1933,Yolanda,45,TX,464,0.042
F,1934,Yvonne,82,TX,314,0.071
F,1934,Yolanda,55,TX,426,0.048
F,1935,Yvonne,122,TX,198,0.107
F,1935,Yolanda,79,TX,309,0.069
F,1936,Yvonne,108,TX,220,0.098
F,1936,Yolanda,92,TX,253,0.083
F,1937,Yvonne,118,TX,206,0.105
F,1937,Yolanda,114,TX,218,0.101
F,1937,Ysabel,5,TX,1697,0.004
F,1938,Yolanda,123,TX,204,0.105
F,1938,Yvonne,102,TX,251,0.087
F,1939,Yvonne,127,TX,190,0.11
F,1939,Yolanda,125,TX,193,0.108
F,1940,Yolanda,147,TX,173,0.12
F,1940,Yvonne,94,TX,272,0.077
F,1941,Yolanda,152,TX,180,0.117
F,1941,Yvonne,92,TX,306,0.071
F,1942,Yolanda,206,TX,131,0.15
F,1942,Yvonne,69,TX,389,0.05
F,1942,Yvette,5,TX,1784,0.004
F,1943,Yolanda,223,TX,140,0.146
F,1943,Yvonne,69,TX,408,0.045
F,1943,Ysabel,7,TX,1534,0.005
F,1943,Yvette,7,TX,1534,0.005
F,1944,Yolanda,253,TX,125,0.164
F,1944,Yvonne,59,TX,450,0.038
F,1945,Yolanda,368,TX,76,0.247
F,1945,Yvonne,67,TX,419,0.045
F,1946,Yolanda,512,TX,59,0.297
F,1946,Yvonne,120,TX,292,0.07
F,1946,Yvette,6,TX,1736,0.003
F,1947,Yolanda,546,TX,64,0.288
F,1947,Yvonne,129,TX,294,0.068
F,1947,Yvette,8,TX,1559,0.004
F,1947,Ysidra,5,TX,1986,0.003
F,1948,Yolanda,581,TX,61,0.307
F,1948,Yvonne,132,TX,283,0.07
F,1948,Ysabel,5,TX,2000,0.003
F,1949,Yolanda,611,TX,62,0.313
F,1949,Yvonne,121,TX,307,0.062
F,1949,Yvette,9,TX,1441,0.005
F,1950,Yolanda,730,TX,52,0.366
F,1950,Yvonne,138,TX,275,0.069
F,1951,Yolanda,635,TX,65,0.301
F,1951,Yvonne,162,TX,260,0.077
F,1951,Yvette,18,TX,1058,0.009
F,1952,Yolanda,653,TX,68,0.295
F,1952,Yvonne,195,TX,236,0.088
F,1952,Yvette,12,TX,1315,0.005
F,1953,Yolanda,716,TX,66,0.312
F,1953,Yvonne,190,TX,243,0.083
F,1953,Yvette,10,TX,1487,0.004
F,1953,Ysabel,8,TX,1657,0.003
F,1954,Yolanda,656,TX,73,0.281
F,1954,Yvonne,186,TX,256,0.08
F,1954,Yvette,25,TX,923,0.011
F,1955,Yolanda,662,TX,72,0.284
F,1955,Yvonne,174,TX,271,0.075
F,1955,Yvette,16,TX,1198,0.007
F,1956,Yolanda,657,TX,71,0.275
F,1956,Yvonne,241,TX,215,0.101
F,1956,Yvette,22,TX,1027,0.009
F,1956,Youlanda,6,TX,2038,0.003
F,1956,Yvonna,5,TX,2250,0.002
F,1957,Yolanda,611,TX,80,0.254
F,1957,Yvonne,208,TX,241,0.087
F,1957,Yvette,32,TX,854,0.013
F,1957,Ysabel,5,TX,2250,0.002
F,1958,Yolanda,575,TX,86,0.245
F,1958,Yvonne,208,TX,238,0.089
F,1958,Yvette,24,TX,999,0.01
F,1958,Yolonda,6,TX,2040,0.003
F,1958,Yulanda,5,TX,2240,0.002
F,1959,Yolanda,546,TX,92,0.23
F,1959,Yvonne,219,TX,245,0.092
F,1959,Yvette,49,TX,696,0.021
F,1959,Yolonda,10,TX,1602,0.004
F,1960,Yolanda,502,TX,100,0.213
F,1960,Yvonne,226,TX,241,0.096
F,1960,Yvette,76,TX,534,0.032
F,1960,Yolonda,9,TX,1685,0.004
F,1960,Yulonda,6,TX,2088,0.003
F,1961,Yolanda,551,TX,89,0.238
F,1961,Yvonne,253,TX,210,0.109
F,1961,Yvette,104,TX,441,0.045
F,1961,Yolonda,9,TX,1710,0.004
F,1961,Youlanda,6,TX,2112,0.003
F,1962,Yolanda,476,TX,106,0.207
F,1962,Yvonne,232,TX,228,0.101
F,1962,Yvette,124,TX,382,0.054
F,1962,Yolonda,8,TX,1796,0.003
F,1962,Youlanda,5,TX,2293,0.002
F,1963,Yolanda,476,TX,102,0.214
F,1963,Yvonne,257,TX,206,0.116
F,1963,Yvette,131,TX,360,0.059
F,1963,Ylonda,6,TX,2093,0.003
F,1963,Yolonda,5,TX,2287,0.002
F,1964,Yolanda,502,TX,92,0.231
F,1964,Yvonne,294,TX,168,0.136
F,1964,Yvette,170,TX,289,0.078
F,1964,Yolonda,15,TX,1307,0.007
F,1964,Yulanda,6,TX,2084,0.003
F,1964,Yvetta,5,TX,2261,0.002
F,1964,Yvonda,5,TX,2261,0.002
F,1965,Yolanda,432,TX,96,0.216
F,1965,Yvonne,267,TX,172,0.134
F,1965,Yvette,166,TX,275,0.083
F,1965,Yolonda,15,TX,1242,0.008
F,1965,Yulonda,8,TX,1699,0.004
F,1965,Yulanda,5,TX,2179,0.003
F,1966,Yolanda,439,TX,86,0.228
F,1966,Yvonne,289,TX,155,0.15
F,1966,Yvette,155,TX,280,0.081
F,1966,Yolonda,14,TX,1258,0.007
F,1966,Yesenia,8,TX,1679,0.004
F,1966,Yulanda,7,TX,1815,0.004
F,1966,Yulonda,7,TX,1815,0.004
F,1966,Youlanda,5,TX,2185,0.003
F,1967,Yolanda,422,TX,90,0.22
F,1967,Yvonne,294,TX,146,0.153
F,1967,Yvette,210,TX,203,0.109
F,1967,Yolonda,14,TX,1240,0.007
F,1967,Yulanda,10,TX,1509,0.005
F,1967,Yesenia,5,TX,2198,0.003
F,1967,Yevette,5,TX,2198,0.003
F,1968,Yolanda,473,TX,81,0.241
F,1968,Yvonne,300,TX,148,0.153
F,1968,Yvette,168,TX,256,0.086
F,1968,Yolonda,19,TX,1102,0.01
F,1968,Yulanda,9,TX,1605,0.005
F,1968,Yulonda,9,TX,1605,0.005
F,1968,Yadira,6,TX,2034,0.003
F,1968,Yevette,6,TX,2034,0.003
F,1968,Yesenia,5,TX,2266,0.003
F,1968,Yvonna,5,TX,2266,0.003
F,1969,Yolanda,516,TX,77,0.246
F,1969,Yvonne,304,TX,153,0.145
F,1969,Yvette,204,TX,230,0.097
F,1969,Yolonda,13,TX,1404,0.006
F,1969,Yulonda,10,TX,1617,0.005
F,1969,Youlanda,7,TX,1949,0.003
F,1969,Yulanda,5,TX,2356,0.002
F,1970,Yolanda,450,TX,90,0.206
F,1970,Yvonne,318,TX,150,0.145
F,1970,Yvette,211,TX,237,0.096
F,1970,Yolonda,14,TX,1385,0.006
F,1970,Yesenia,9,TX,1782,0.004
F,1970,Youlanda,8,TX,1908,0.004
F,1970,Yevette,6,TX,2219,0.003
F,1970,Yulanda,6,TX,2219,0.003
F,1970,Ylonda,5,TX,2460,0.002
F,1970,Yulonda,5,TX,2460,0.002
F,1971,Yolanda,462,TX,86,0.212
F,1971,Yvonne,289,TX,172,0.133
F,1971,Yvette,231,TX,215,0.106
F,1971,Yesenia,64,TX,593,0.029
F,1971,Yadira,15,TX,1375,0.007
F,1971,Yolonda,13,TX,1501,0.006
F,1971,Yalanda,6,TX,2263,0.003
F,1971,Yulonda,6,TX,2263,0.003
F,1971,Yulanda,5,TX,2515,0.002
F,1972,Yolanda,377,TX,102,0.186
F,1972,Yvonne,314,TX,144,0.155
F,1972,Yvette,209,TX,212,0.103
F,1972,Yesenia,50,TX,651,0.025
F,1972,Yolonda,19,TX,1158,0.009
F,1972,Yadira,14,TX,1369,0.007
F,1972,Yulonda,9,TX,1767,0.004
F,1972,Youlanda,8,TX,1892,0.004
F,1972,Yulanda,7,TX,2050,0.003
F,1972,Yasmin,5,TX,2470,0.002
F,1973,Yvonne,312,TX,139,0.157
F,1973,Yolanda,305,TX,147,0.153
F,1973,Yvette,199,TX,221,0.1
F,1973,Yesenia,71,TX,521,0.036
F,1973,Yadira,27,TX,955,0.014
F,1973,Yolonda,10,TX,1682,0.005
F,1973,Yulonda,9,TX,1781,0.005
F,1973,Yasmin,6,TX,2225,0.003
F,1973,Yazmin,6,TX,2225,0.003
F,1973,Yashica,5,TX,2480,0.003
F,1973,Yvonna,5,TX,2480,0.003
F,1974,Yolanda,307,TX,140,0.153
F,1974,Yvonne,290,TX,150,0.144
F,1974,Yvette,195,TX,224,0.097
F,1974,Yesenia,53,TX,611,0.026
F,1974,Yadira,35,TX,830,0.017
F,1974,Yadhira,8,TX,1902,0.004
F,1974,Yulonda,6,TX,2250,0.003
F,1974,Yevette,5,TX,2478,0.002
F,1974,Yolonda,5,TX,2478,0.002
F,1975,Yolanda,278,TX,158,0.137
F,1975,Yvonne,223,TX,203,0.11
F,1975,Yvette,176,TX,253,0.087
F,1975,Yesenia,84,TX,457,0.041
F,1975,Yadira,53,TX,637,0.026
F,1975,Yasmin,13,TX,1490,0.006
F,1975,Yashica,10,TX,1727,0.005
F,1975,Yanira,8,TX,1956,0.004
F,1975,Yesica,6,TX,2293,0.003
F,1975,Yolonda,6,TX,2293,0.003
F,1976,Yolanda,248,TX,184,0.121
F,1976,Yvonne,239,TX,186,0.117
F,1976,Yvette,162,TX,263,0.079
F,1976,Yesenia,75,TX,494,0.037
F,1976,Yadira,41,TX,758,0.02
F,1976,Yanira,10,TX,1743,0.005
F,1976,Yazmin,5,TX,2600,0.002
F,1976,Yessica,5,TX,2600,0.002
F,1977,Yvonne,231,TX,189,0.109
F,1977,Yolanda,211,TX,209,0.099
F,1977,Yvette,160,TX,275,0.075
F,1977,Yesenia,77,TX,497,0.036
F,1977,Yadira,48,TX,692,0.023
F,1977,Yasmin,9,TX,1888,0.004
F,1977,Ysenia,7,TX,2196,0.003
F,1977,Yanira,6,TX,2413,0.003
F,1978,Yvonne,237,TX,190,0.108
F,1978,Yolanda,217,TX,207,0.099
F,1978,Yvette,158,TX,287,0.072
F,1978,Yesenia,49,TX,683,0.022
F,1978,Yadira,38,TX,808,0.017
F,1978,Yasmin,11,TX,1697,0.005
F,1978,Yanira,9,TX,1920,0.004
F,1978,Yessenia,8,TX,2075,0.004
F,1978,Yessica,6,TX,2444,0.003
F,1979,Yvonne,245,TX,193,0.105
F,1979,Yolanda,210,TX,221,0.09
F,1979,Yvette,180,TX,264,0.077
F,1979,Yesenia,95,TX,449,0.041
F,1979,Yadira,50,TX,709,0.021
F,1979,Yazmin,11,TX,1794,0.005
F,1979,Yasmin,9,TX,2011,0.004
F,1979,Yanira,8,TX,2161,0.003
F,1979,Ysenia,8,TX,2161,0.003
F,1979,Yessenia,7,TX,2329,0.003
F,1979,Yara,6,TX,2581,0.003
F,1979,Yashica,6,TX,2581,0.003
F,1979,Yecenia,6,TX,2581,0.003
F,1979,Yolonda,6,TX,2581,0.003
F,1979,Yahaira,5,TX,2881,0.002
F,1979,Yessica,5,TX,2881,0.002
F,1979,Yuridia,5,TX,2881,0.002
F,1980,Yvonne,272,TX,188,0.107
F,1980,Yolanda,186,TX,273,0.073
F,1980,Yvette,182,TX,283,0.072
F,1980,Yesenia,79,TX,550,0.031
F,1980,Yadira,57,TX,674,0.023
F,1980,Yanira,21,TX,1261,0.008
F,1980,Yasmin,13,TX,1675,0.005
F,1980,Yajaira,12,TX,1750,0.005
F,1980,Yashica,8,TX,2214,0.003
F,1980,Yessica,8,TX,2214,0.003
F,1980,Yazmin,7,TX,2383,0.003
F,1980,Yessenia,7,TX,2383,0.003
F,1980,Yara,6,TX,2619,0.002
F,1980,Yahaira,5,TX,2922,0.002
F,1980,Yaneth,5,TX,2922,0.002
F,1980,Yecenia,5,TX,2922,0.002
F,1980,Yolonda,5,TX,2922,0.002
F,1980,Yuri,5,TX,2922,0.002
F,1981,Yvonne,210,TX,245,0.08
F,1981,Yolanda,193,TX,268,0.074
F,1981,Yvette,183,TX,277,0.07
F,1981,Yesenia,79,TX,558,0.03
F,1981,Yadira,49,TX,758,0.019
F,1981,Yasmin,17,TX,1439,0.007
F,1981,Yuri,16,TX,1498,0.006
F,1981,Yanira,14,TX,1619,0.005
F,1981,Yessenia,9,TX,2105,0.003
F,1981,Yajaira,7,TX,2448,0.003
F,1981,Yara,7,TX,2448,0.003
F,1981,Yuliana,7,TX,2448,0.003
F,1981,Yazmin,6,TX,2706,0.002
F,1981,Yecenia,5,TX,3019,0.002
F,1981,Yen,5,TX,3019,0.002
F,1981,Yesica,5,TX,3019,0.002
F,1981,Yvett,5,TX,3019,0.002
F,1982,Yvonne,214,TX,248,0.078
F,1982,Yvette,191,TX,275,0.07
F,1982,Yolanda,161,TX,327,0.059
F,1982,Yesenia,85,TX,541,0.031
F,1982,Yadira,50,TX,765,0.018
F,1982,Yanira,17,TX,1471,0.006
F,1982,Yuri,16,TX,1528,0.006
F,1982,Yasmin,15,TX,1584,0.005
F,1982,Yara,11,TX,1903,0.004
F,1982,Yazmin,11,TX,1903,0.004
F,1982,Yajaira,10,TX,2021,0.004
F,1982,Yuliana,9,TX,2146,0.003
F,1982,Yessenia,8,TX,2319,0.003
F,1982,Yessica,8,TX,2319,0.003
F,1982,Yanet,7,TX,2506,0.003
F,1982,Yaneth,6,TX,2763,0.002
F,1982,Yashica,6,TX,2763,0.002
F,1982,Ysenia,6,TX,2763,0.002
F,1982,Yuridia,6,TX,2763,0.002
F,1982,Yasmine,5,TX,3097,0.002
F,1982,Yen,5,TX,3097,0.002
F,1982,Yolonda,5,TX,3097,0.002
F,1983,Yvonne,183,TX,273,0.068
F,1983,Yvette,170,TX,295,0.063
F,1983,Yolanda,159,TX,315,0.059
F,1983,Yesenia,71,TX,586,0.026
F,1983,Yadira,68,TX,601,0.025
F,1983,Yuri,21,TX,1262,0.008
F,1983,Yessica,15,TX,1540,0.006
F,1983,Yasmin,14,TX,1612,0.005
F,1983,Yanira,13,TX,1690,0.005
F,1983,Yessenia,12,TX,1775,0.004
F,1983,Yanet,8,TX,2284,0.003
F,1983,Yuridia,8,TX,2284,0.003
F,1983,Yajaira,7,TX,2486,0.003
F,1983,Yazmin,7,TX,2486,0.003
F,1983,Yara,5,TX,3016,0.002
F,1983,Yen,5,TX,3016,0.002
F,1983,Yesica,5,TX,3016,0.002
F,1983,Yesika,5,TX,3016,0.002
F,1984,Yvette,171,TX,301,0.063
F,1984,Yvonne,154,TX,328,0.056
F,1984,Yolanda,117,TX,417,0.043
F,1984,Yesenia,77,TX,562,0.028
F,1984,Yadira,27,TX,1124,0.01
F,1984,Yuri,18,TX,1416,0.007
F,1984,Yuridia,15,TX,1570,0.005
F,1984,Yajaira,13,TX,1710,0.005
F,1984,Yazmin,13,TX,1710,0.005
F,1984,Yessenia,11,TX,1894,0.004
F,1984,Yuliana,10,TX,2002,0.004
F,1984,Yessica,9,TX,2123,0.003
F,1984,Yanira,8,TX,2294,0.003
F,1984,Yesica,8,TX,2294,0.003
F,1984,Yasmin,6,TX,2751,0.002
F,1985,Yvette,173,TX,304,0.062
F,1985,Yvonne,142,TX,364,0.051
F,1985,Yolanda,111,TX,435,0.04
F,1985,Yesenia,93,TX,497,0.033
F,1985,Yadira,42,TX,871,0.015
F,1985,Yuliana,16,TX,1575,0.006
F,1985,Yajaira,15,TX,1628,0.005
F,1985,Yessenia,15,TX,1628,0.005
F,1985,Yuri,15,TX,1628,0.005
F,1985,Yasmin,13,TX,1784,0.005
F,1985,Yanira,12,TX,1852,0.004
F,1985,Yazmin,10,TX,2062,0.004
F,1985,Yesica,9,TX,2207,0.003
F,1985,Yessica,8,TX,2388,0.003
F,1985,Yara,7,TX,2584,0.002
F,1985,Yuridia,6,TX,2815,0.002
F,1985,Yasmine,5,TX,3179,0.002
F,1985,Yen,5,TX,3179,0.002
F,1986,Yvonne,162,TX,321,0.058
F,1986,Yesenia,157,TX,330,0.056
F,1986,Yvette,155,TX,339,0.056
F,1986,Yolanda,113,TX,437,0.041
F,1986,Yadira,37,TX,943,0.013
F,1986,Yuri,21,TX,1332,0.008
F,1986,Yasmin,16,TX,1567,0.006
F,1986,Yomaira,14,TX,1705,0.005
F,1986,Yanira,13,TX,1784,0.005
F,1986,Yessenia,12,TX,1879,0.004
F,1986,Yessica,12,TX,1879,0.004
F,1986,Yuliana,12,TX,1879,0.004
F,1986,Yajaira,9,TX,2221,0.003
F,1986,Yazmin,9,TX,2221,0.003
F,1986,Yuridia,8,TX,2386,0.003
F,1986,Yahaira,7,TX,2589,0.003
F,1986,Yecenia,7,TX,2589,0.003
F,1986,Ysenia,6,TX,2833,0.002
F,1986,Yasmine,5,TX,3192,0.002
F,1986,Yezenia,5,TX,3192,0.002
F,1987,Yesenia,261,TX,199,0.096
F,1987,Yvette,156,TX,331,0.057
F,1987,Yvonne,135,TX,373,0.05
F,1987,Yolanda,107,TX,452,0.039
F,1987,Yadira,49,TX,768,0.018
F,1987,Yasmin,30,TX,1078,0.011
F,1987,Yessenia,25,TX,1196,0.009
F,1987,Yuri,24,TX,1228,0.009
F,1987,Yazmin,19,TX,1429,0.007
F,1987,Yanira,15,TX,1644,0.006
F,1987,Yajaira,12,TX,1848,0.004
F,1987,Yasmine,11,TX,1946,0.004
F,1987,Yessica,9,TX,2213,0.003
F,1987,Yomaira,8,TX,2388,0.003
F,1987,Yecenia,7,TX,2594,0.003
F,1987,Yuliana,7,TX,2594,0.003
F,1987,Yesica,6,TX,2846,0.002
F,1987,Yuridia,6,TX,2846,0.002
F,1987,Yahaira,5,TX,3209,0.002
F,1987,Yanet,5,TX,3209,0.002
F,1987,Yasmina,5,TX,3209,0.002
F,1987,Ysenia,5,TX,3209,0.002
F,1988,Yesenia,169,TX,312,0.062
F,1988,Yvette,156,TX,328,0.057
F,1988,Yvonne,105,TX,451,0.039
F,1988,Yolanda,95,TX,485,0.035
F,1988,Yadira,56,TX,686,0.021
F,1988,Yajaira,26,TX,1181,0.01
F,1988,Yasmin,21,TX,1372,0.008
F,1988,Yuri,18,TX,1478,0.007
F,1988,Yanira,17,TX,1532,0.006
F,1988,Yazmin,17,TX,1532,0.006
F,1988,Yanet,15,TX,1646,0.006
F,1988,Yessenia,15,TX,1646,0.006
F,1988,Yessica,9,TX,2248,0.003
F,1988,Yuridia,8,TX,2424,0.003
F,1988,Yuriko,8,TX,2424,0.003
F,1988,Yezenia,7,TX,2636,0.003
F,1988,Yasmine,6,TX,2888,0.002
F,1988,Ysenia,6,TX,2888,0.002
F,1988,Yanine,5,TX,3221,0.002
F,1989,Yesenia,181,TX,297,0.064
F,1989,Yvette,138,TX,375,0.049
F,1989,Yvonne,113,TX,442,0.04
F,1989,Yolanda,84,TX,545,0.03
F,1989,Yadira,62,TX,680,0.022
F,1989,Yasmin,31,TX,1100,0.011
F,1989,Yajaira,30,TX,1116,0.011
F,1989,Yessenia,26,TX,1225,0.009
F,1989,Yasmine,17,TX,1581,0.006
F,1989,Yesica,17,TX,1581,0.006
F,1989,Yazmin,14,TX,1798,0.005
F,1989,Yanira,13,TX,1885,0.005
F,1989,Yuridia,13,TX,1885,0.005
F,1989,Yaneli,12,TX,1986,0.004
F,1989,Yessica,12,TX,1986,0.004
F,1989,Yuliana,12,TX,1986,0.004
F,1989,Yuri,12,TX,1986,0.004
F,1989,Yahaira,11,TX,2097,0.004
F,1989,Yaneth,9,TX,2355,0.003
F,1989,Yasmeen,8,TX,2513,0.003
F,1989,Yanet,7,TX,2733,0.002
F,1989,Yecenia,7,TX,2733,0.002
F,1989,Yamel,6,TX,3000,0.002
F,1989,Yanette,5,TX,3381,0.002
F,1989,Yara,5,TX,3381,0.002
F,1990,Yesenia,257,TX,241,0.088
F,1990,Yvette,142,TX,382,0.049
F,1990,Yvonne,129,TX,409,0.044
F,1990,Yolanda,73,TX,628,0.025
F,1990,Yadira,67,TX,667,0.023
F,1990,Yasmin,38,TX,979,0.013
F,1990,Yessenia,34,TX,1043,0.012
F,1990,Yajaira,31,TX,1130,0.011
F,1990,Yessica,19,TX,1530,0.007
F,1990,Yanira,18,TX,1596,0.006
F,1990,Yazmin,17,TX,1647,0.006
F,1990,Yahaira,16,TX,1702,0.006
F,1990,Yanet,15,TX,1762,0.005
F,1990,Yuri,15,TX,1762,0.005
F,1990,Yasmine,13,TX,1921,0.004
F,1990,Yesica,13,TX,1921,0.004
F,1990,Yara,12,TX,2027,0.004
F,1990,Yuliana,11,TX,2153,0.004
F,1990,Yoana,10,TX,2269,0.003
F,1990,Yezenia,8,TX,2583,0.003
F,1990,Yasmeen,6,TX,3079,0.002
F,1990,Yecenia,6,TX,3079,0.002
F,1990,Yanett,5,TX,3474,0.002
F,1990,Yazmine,5,TX,3474,0.002
F,1990,Ysenia,5,TX,3474,0.002
F,1991,Yesenia,220,TX,272,0.076
F,1991,Yvette,129,TX,421,0.045
F,1991,Yvonne,108,TX,493,0.037
F,1991,Yolanda,75,TX,627,0.026
F,1991,Yadira,71,TX,657,0.025
F,1991,Yasmin,51,TX,800,0.018
F,1991,Yessenia,39,TX,971,0.013
F,1991,Yajaira,35,TX,1057,0.012
F,1991,Yuri,24,TX,1354,0.008
F,1991,Yesica,23,TX,1394,0.008
F,1991,Yessica,23,TX,1394,0.008
F,1991,Yanira,20,TX,1529,0.007
F,1991,Yanet,18,TX,1614,0.006
F,1991,Yazmin,18,TX,1614,0.006
F,1991,Yahaira,13,TX,1953,0.004
F,1991,Yasmine,13,TX,1953,0.004
F,1991,Yuliana,13,TX,1953,0.004
F,1991,Yuridia,12,TX,2043,0.004
F,1991,Yasmeen,9,TX,2439,0.003
F,1991,Yaneli,7,TX,2857,0.002
F,1991,Yanely,7,TX,2857,0.002
F,1991,Yecenia,7,TX,2857,0.002
F,1991,Yaquelin,6,TX,3151,0.002
F,1991,Yoana,6,TX,3151,0.002
F,1991,Yaneth,5,TX,3524,0.002
F,1992,Yesenia,281,TX,230,0.097
F,1992,Yvette,155,TX,362,0.053
F,1992,Yvonne,95,TX,545,0.033
F,1992,Yolanda,77,TX,625,0.026
F,1992,Yadira,74,TX,642,0.025
F,1992,Yasmin,47,TX,853,0.016
F,1992,Yajaira,45,TX,883,0.015
F,1992,Yessenia,43,TX,918,0.015
F,1992,Yasmine,33,TX,1098,0.011
F,1992,Yessica,28,TX,1228,0.01
F,1992,Yazmin,25,TX,1337,0.009
F,1992,Yesica,23,TX,1416,0.008
F,1992,Yaritza,20,TX,1550,0.007
F,1992,Yahaira,17,TX,1705,0.006
F,1992,Yanira,14,TX,1927,0.005
F,1992,Yoselin,13,TX,2005,0.004
F,1992,Yuri,13,TX,2005,0.004
F,1992,Yanet,9,TX,2497,0.003
F,1992,Yasmeen,9,TX,2497,0.003
F,1992,Yuridia,9,TX,2497,0.003
F,1992,Yocelin,7,TX,2924,0.002
F,1992,Yuliana,7,TX,2924,0.002
F,1992,Yaneli,6,TX,3264,0.002
F,1992,Yareli,6,TX,3264,0.002
F,1992,Yecenia,6,TX,3264,0.002
F,1992,Yenifer,6,TX,3264,0.002
F,1992,Yaneth,5,TX,3664,0.002
F,1992,Yanette,5,TX,3664,0.002
F,1992,Yazmine,5,TX,3664,0.002
F,1992,Yohana,5,TX,3664,0.002
F,1992,Ysenia,5,TX,3664,0.002
F,1993,Yesenia,230,TX,269,0.079
F,1993,Yvette,97,TX,528,0.033
F,1993,Yvonne,94,TX,542,0.032
F,1993,Yolanda,91,TX,559,0.031
F,1993,Yaritza,87,TX,575,0.03
F,1993,Yadira,79,TX,613,0.027
F,1993,Yasmin,61,TX,732,0.021
F,1993,Yazmin,52,TX,823,0.018
F,1993,Yajaira,49,TX,858,0.017
F,1993,Yessenia,44,TX,920,0.015
F,1993,Yasmine,26,TX,1340,0.009
F,1993,Yesica,25,TX,1370,0.009
F,1993,Yanira,20,TX,1570,0.007
F,1993,Yasmeen,20,TX,1570,0.007
F,1993,Yessica,20,TX,1570,0.007
F,1993,Yoselin,17,TX,1756,0.006
F,1993,Yahaira,16,TX,1823,0.006
F,1993,Yanet,15,TX,1872,0.005
F,1993,Yaneth,15,TX,1872,0.005
F,1993,Yareli,10,TX,2352,0.003
F,1993,Yuliana,9,TX,2504,0.003
F,1993,Yoandra,8,TX,2694,0.003
F,1993,Yarely,7,TX,2941,0.002
F,1993,Yoana,7,TX,2941,0.002
F,1993,Ysenia,7,TX,2941,0.002
F,1993,Yuri,7,TX,2941,0.002
F,1993,Yamilet,6,TX,3231,0.002
F,1993,Yaquelin,6,TX,3231,0.002
F,1993,Yaneli,5,TX,3632,0.002
F,1993,Yannet,5,TX,3632,0.002
F,1993,Yarixa,5,TX,3632,0.002
F,1993,Yazmine,5,TX,3632,0.002
F,1993,Yecenia,5,TX,3632,0.002
F,1993,Yelitza,5,TX,3632,0.002
F,1993,Yenifer,5,TX,3632,0.002
F,1993,Yliana,5,TX,3632,0.002
F,1993,Yocelin,5,TX,3632,0.002
F,1993,Ysabel,5,TX,3632,0.002
F,1993,Yuridia,5,TX,3632,0.002
F,1994,Yesenia,242,TX,258,0.084
F,1994,Yvette,86,TX,579,0.03
F,1994,Yolanda,72,TX,658,0.025
F,1994,Yvonne,69,TX,683,0.024
F,1994,Yasmin,67,TX,700,0.023
F,1994,Yadira,65,TX,715,0.022
F,1994,Yazmin,58,TX,769,0.02
F,1994,Yessenia,47,TX,891,0.016
F,1994,Yajaira,41,TX,980,0.014
F,1994,Yessica,40,TX,998,0.014
F,1994,Yasmine,36,TX,1059,0.012
F,1994,Yaritza,28,TX,1250,0.01
F,1994,Yesica,24,TX,1387,0.008
F,1994,Yahaira,22,TX,1478,0.008
F,1994,Yarima,16,TX,1802,0.006
F,1994,Yanet,15,TX,1871,0.005
F,1994,Yanira,15,TX,1871,0.005
F,1994,Yasmeen,15,TX,1871,0.005
F,1994,Yareli,13,TX,2024,0.004
F,1994,Yenifer,10,TX,2376,0.003
F,1994,Yuliana,10,TX,2376,0.003
F,1994,Yanely,9,TX,2547,0.003
F,1994,Yazmine,9,TX,2547,0.003
F,1994,Yarely,8,TX,2748,0.003
F,1994,Yoselin,8,TX,2748,0.003
F,1994,Yecenia,7,TX,2983,0.002
F,1994,Yoanna,7,TX,2983,0.002
F,1994,Yamilet,6,TX,3286,0.002
F,1994,Yaneli,6,TX,3286,0.002
F,1994,Yaneth,6,TX,3286,0.002
F,1994,Yaquelin,6,TX,3286,0.002
F,1994,Yliana,5,TX,3700,0.002
F,1995,Yesenia,235,TX,261,0.081
F,1995,Yvette,97,TX,540,0.034
F,1995,Yadira,75,TX,649,0.026
F,1995,Yolanda,71,TX,676,0.025
F,1995,Yasmin,69,TX,695,0.024
F,1995,Yvonne,67,TX,707,0.023
F,1995,Yajaira,57,TX,788,0.02
F,1995,Yazmin,46,TX,915,0.016
F,1995,Yessenia,46,TX,915,0.016
F,1995,Yasmine,35,TX,1114,0.012
F,1995,Yamilex,34,TX,1131,0.012
F,1995,Yessica,26,TX,1336,0.009
F,1995,Yesica,25,TX,1366,0.009
F,1995,Yaritza,22,TX,1476,0.008
F,1995,Yahaira,21,TX,1525,0.007
F,1995,Yanet,16,TX,1796,0.006
F,1995,Yasmeen,16,TX,1796,0.006
F,1995,Yareli,14,TX,1959,0.005
F,1995,Yenifer,14,TX,1959,0.005
F,1995,Yoselin,13,TX,2051,0.004
F,1995,Yanira,12,TX,2156,0.004
F,1995,Yoana,9,TX,2566,0.003
F,1995,Yuliana,9,TX,2566,0.003
F,1995,Yarely,8,TX,2753,0.003
F,1995,Yuri,8,TX,2753,0.003
F,1995,Yalitza,7,TX,2994,0.002
F,1995,Yamileth,7,TX,2994,0.002
F,1995,Yaneth,7,TX,2994,0.002
F,1995,Yazmine,7,TX,2994,0.002
F,1995,Yennifer,7,TX,2994,0.002
F,1995,Yanelly,6,TX,3309,0.002
F,1995,Yanely,6,TX,3309,0.002
F,1995,Yara,6,TX,3309,0.002
F,1995,Yecenia,6,TX,3309,0.002
F,1995,Ysenia,6,TX,3309,0.002
F,1995,Yamel,5,TX,3747,0.002
F,1995,Yamilet,5,TX,3747,0.002
F,1995,Yaquelin,5,TX,3747,0.002
F,1995,Yezenia,5,TX,3747,0.002
F,1995,Yomira,5,TX,3747,0.002
F,1995,Yosselin,5,TX,3747,0.002
F,1995,Yuridia,5,TX,3747,0.002
F,1996,Yesenia,259,TX,260,0.088
F,1996,Yasmin,82,TX,607,0.028
F,1996,Yvette,79,TX,626,0.027
F,1996,Yadira,71,TX,681,0.024
F,1996,Yamilex,67,TX,714,0.023
F,1996,Yvonne,67,TX,714,0.023
F,1996,Yolanda,60,TX,777,0.02
F,1996,Yessenia,57,TX,806,0.019
F,1996,Yajaira,48,TX,910,0.016
F,1996,Yazmin,44,TX,965,0.015
F,1996,Yasmine,42,TX,987,0.014
F,1996,Yaritza,37,TX,1079,0.013
F,1996,Yahaira,28,TX,1283,0.009
F,1996,Yasmeen,26,TX,1342,0.009
F,1996,Yessica,25,TX,1374,0.008
F,1996,Yanet,21,TX,1550,0.007
F,1996,Yoselin,21,TX,1550,0.007
F,1996,Yesica,18,TX,1721,0.006
F,1996,Yaquelin,15,TX,1922,0.005
F,1996,Yoana,14,TX,2020,0.005
F,1996,Yanira,13,TX,2103,0.004
F,1996,Yareli,12,TX,2214,0.004
F,1996,Yazmine,11,TX,2335,0.004
F,1996,Yenifer,11,TX,2335,0.004
F,1996,Yuliana,10,TX,2492,0.003
F,1996,Yalitza,9,TX,2658,0.003
F,1996,Yaneth,9,TX,2658,0.003
F,1996,Yecenia,9,TX,2658,0.003
F,1996,Yuridia,8,TX,2857,0.003
F,1996,Yajayra,7,TX,3087,0.002
F,1996,Yara,7,TX,3087,0.002
F,1996,Yoselyn,7,TX,3087,0.002
F,1996,Yanelly,6,TX,3417,0.002
F,1996,Yanely,6,TX,3417,0.002
F,1996,Yarely,6,TX,3417,0.002
F,1996,Yilda,6,TX,3417,0.002
F,1996,Yovana,6,TX,3417,0.002
F,1996,Yudith,6,TX,3417,0.002
F,1996,Yamilet,5,TX,3844,0.002
F,1996,Yuri,5,TX,3844,0.002
F,1997,Yesenia,240,TX,276,0.081
F,1997,Yulissa,194,TX,324,0.065
F,1997,Yasmin,78,TX,647,0.026
F,1997,Yvette,76,TX,661,0.026
F,1997,Yasmine,74,TX,673,0.025
F,1997,Yvonne,62,TX,769,0.021
F,1997,Yadira,54,TX,845,0.018
F,1997,Yessenia,45,TX,946,0.015
F,1997,Yolanda,43,TX,978,0.014
F,1997,Yajaira,42,TX,995,0.014
F,1997,Yazmin,38,TX,1061,0.013
F,1997,Yulisa,37,TX,1083,0.012
F,1997,Yamilex,33,TX,1173,0.011
F,1997,Yessica,29,TX,1256,0.01
F,1997,Yahaira,28,TX,1278,0.009
F,1997,Yanira,26,TX,1348,0.009
F,1997,Yasmeen,26,TX,1348,0.009
F,1997,Yaritza,17,TX,1808,0.006
F,1997,Yenifer,17,TX,1808,0.006
F,1997,Yesica,16,TX,1884,0.005
F,1997,Yuliana,16,TX,1884,0.005
F,1997,Yareli,15,TX,1971,0.005
F,1997,Yoselin,14,TX,2046,0.005
F,1997,Yanet,13,TX,2132,0.004
F,1997,Yuliza,12,TX,2256,0.004
F,1997,Yamilet,11,TX,2372,0.004
F,1997,Yara,11,TX,2372,0.004
F,1997,Yazmine,11,TX,2372,0.004
F,1997,Yuridia,11,TX,2372,0.004
F,1997,Yoana,10,TX,2524,0.003
F,1997,Yaneth,9,TX,2704,0.003
F,1997,Yaneli,8,TX,2909,0.003
F,1997,Yohana,7,TX,3174,0.002
F,1997,Yalitza,6,TX,3494,0.002
F,1997,Yaquelin,6,TX,3494,0.002
F,1997,Yamel,5,TX,3910,0.002
F,1997,Yamileth,5,TX,3910,0.002
F,1997,Yazmeen,5,TX,3910,0.002
F,1997,Yuri,5,TX,3910,0.002
F,1998,Yesenia,205,TX,321,0.067
F,1998,Yasmin,89,TX,610,0.029
F,1998,Yasmine,85,TX,630,0.028
F,1998,Yadira,62,TX,787,0.02
F,1998,Yvette,57,TX,835,0.019
F,1998,Yazmin,53,TX,876,0.017
F,1998,Yulissa,51,TX,897,0.017
F,1998,Yessenia,50,TX,911,0.016
F,1998,Yajaira,48,TX,941,0.016
F,1998,Yolanda,48,TX,941,0.016
F,1998,Yvonne,44,TX,999,0.014
F,1998,Yahaira,34,TX,1193,0.011
F,1998,Yasmeen,30,TX,1274,0.01
F,1998,Yessica,27,TX,1367,0.009
F,1998,Yulisa,27,TX,1367,0.009
F,1998,Yaritza,25,TX,1439,0.008
F,1998,Yazmine,21,TX,1615,0.007
F,1998,Yamilex,20,TX,1658,0.007
F,1998,Yamileth,16,TX,1925,0.005
F,1998,Yanira,13,TX,2200,0.004
F,1998,Yenifer,13,TX,2200,0.004
F,1998,Yoselin,13,TX,2200,0.004
F,1998,Yareli,11,TX,2465,0.004
F,1998,Yaneth,10,TX,2608,0.003
F,1998,Yelitza,10,TX,2608,0.003
F,1998,Yesica,10,TX,2608,0.003
F,1998,Yuliana,10,TX,2608,0.003
F,1998,Yaneli,9,TX,2793,0.003
F,1998,Yanet,8,TX,3019,0.003
F,1998,Yara,8,TX,3019,0.003
F,1998,Yarely,8,TX,3019,0.003
F,1998,Ysabel,8,TX,3019,0.003
F,1998,Yisel,7,TX,3256,0.002
F,1998,Ysenia,7,TX,3256,0.002
F,1998,Yuridia,7,TX,3256,0.002
F,1998,Yalitza,6,TX,3625,0.002
F,1998,Yamilet,6,TX,3625,0.002
F,1998,Yanely,6,TX,3625,0.002
F,1998,Yliana,6,TX,3625,0.002
F,1998,Yuri,6,TX,3625,0.002
F,1998,Yancy,5,TX,4076,0.002
F,1998,Yanelli,5,TX,4076,0.002
F,1998,Yaquelin,5,TX,4076,0.002
F,1998,Yocelyn,5,TX,4076,0.002
F,1998,Yulianna,5,TX,4076,0.002
F,1998,Yusra,5,TX,4076,0.002
F,1999,Yesenia,220,TX,314,0.071
F,1999,Yasmin,98,TX,587,0.031
F,1999,Yasmine,72,TX,733,0.023
F,1999,Yvette,63,TX,800,0.02
F,1999,Yazmin,62,TX,813,0.02
F,1999,Yajaira,55,TX,876,0.018
F,1999,Yolanda,52,TX,906,0.017
F,1999,Yadira,51,TX,920,0.016
F,1999,Yessenia,49,TX,949,0.016
F,1999,Yvonne,44,TX,1015,0.014
F,1999,Yulissa,38,TX,1118,0.012
F,1999,Yahaira,33,TX,1232,0.011
F,1999,Yaritza,23,TX,1567,0.007
F,1999,Yulisa,22,TX,1610,0.007
F,1999,Yareli,21,TX,1664,0.007
F,1999,Yasmeen,20,TX,1709,0.006
F,1999,Yessica,20,TX,1709,0.006
F,1999,Yesica,19,TX,1776,0.006
F,1999,Yazmine,18,TX,1832,0.006
F,1999,Yenifer,16,TX,1975,0.005
F,1999,Yamilex,15,TX,2069,0.005
F,1999,Yaquelin,15,TX,2069,0.005
F,1999,Yuliana,15,TX,2069,0.005
F,1999,Yoselin,14,TX,2174,0.004
F,1999,Yara,11,TX,2543,0.004
F,1999,Yanet,10,TX,2696,0.003
F,1999,Yecenia,10,TX,2696,0.003
F,1999,Ysabel,10,TX,2696,0.003
F,1999,Yanelly,9,TX,2861,0.003
F,1999,Yisel,9,TX,2861,0.003
F,1999,Yailin,8,TX,3108,0.003
F,1999,Yamilet,8,TX,3108,0.003
F,1999,Yanira,8,TX,3108,0.003
F,1999,Yarely,8,TX,3108,0.003
F,1999,Ysenia,8,TX,3108,0.003
F,1999,Yamile,7,TX,3379,0.002
F,1999,Yamileth,7,TX,3379,0.002
F,1999,Yanely,7,TX,3379,0.002
F,1999,Yelitza,7,TX,3379,0.002
F,1999,Yoana,7,TX,3379,0.002
F,1999,Yocelin,7,TX,3379,0.002
F,1999,Yailine,6,TX,3755,0.002
F,1999,Yaneli,6,TX,3755,0.002
F,1999,Yaneth,6,TX,3755,0.002
F,1999,Yomara,6,TX,3755,0.002
F,1999,Yoseline,6,TX,3755,0.002
F,1999,Yakelin,5,TX,4228,0.002
F,1999,Yaqueline,5,TX,4228,0.002
F,1999,Yicel,5,TX,4228,0.002
F,1999,Yuvia,5,TX,4228,0.002
F,2000,Yesenia,222,TX,326,0.068
F,2000,Yasmin,87,TX,667,0.027
F,2000,Yasmine,83,TX,688,0.026
F,2000,Yvette,77,TX,721,0.024
F,2000,Yolanda,58,TX,858,0.018
F,2000,Yulissa,54,TX,906,0.017
F,2000,Yazmin,52,TX,938,0.016
F,2000,Yadira,46,TX,1031,0.014
F,2000,Yajaira,44,TX,1071,0.014
F,2000,Yamilet,44,TX,1071,0.014
F,2000,Yvonne,43,TX,1089,0.013
F,2000,Yamile,42,TX,1108,0.013
F,2000,Yessica,37,TX,1197,0.011
F,2000,Yessenia,35,TX,1251,0.011
F,2000,Yamileth,31,TX,1349,0.01
F,2000,Yaritza,31,TX,1349,0.01
F,2000,Yareli,29,TX,1414,0.009
F,2000,Yazmine,29,TX,1414,0.009
F,2000,Yahaira,26,TX,1530,0.008
F,2000,Yuliana,22,TX,1687,0.007
F,2000,Yasmeen,21,TX,1751,0.006
F,2000,Yoselin,21,TX,1751,0.006
F,2000,Yulisa,20,TX,1800,0.006
F,2000,Yaquelin,18,TX,1923,0.006
F,2000,Yesica,17,TX,2008,0.005
F,2000,Yoana,17,TX,2008,0.005
F,2000,Yanira,15,TX,2169,0.005
F,2000,Yenifer,13,TX,2368,0.004
F,2000,Yisel,13,TX,2368,0.004
F,2000,Yamilex,12,TX,2488,0.004
F,2000,Yaneli,11,TX,2635,0.003
F,2000,Yara,10,TX,2801,0.003
F,2000,Ysenia,10,TX,2801,0.003
F,2000,Yadhira,9,TX,3018,0.003
F,2000,Yarely,9,TX,3018,0.003
F,2000,Yatzari,9,TX,3018,0.003
F,2000,Ysabel,9,TX,3018,0.003
F,2000,Yuliza,9,TX,3018,0.003
F,2000,Yailin,8,TX,3276,0.002
F,2000,Yudith,8,TX,3276,0.002
F,2000,Yanely,7,TX,3582,0.002
F,2000,Yanet,7,TX,3582,0.002
F,2000,Yliana,7,TX,3582,0.002
F,2000,Yailyn,6,TX,3914,0.002
F,2000,Yakelin,6,TX,3914,0.002
F,2000,Yocelyn,6,TX,3914,0.002
F,2000,Yohana,6,TX,3914,0.002
F,2000,Yuri,6,TX,3914,0.002
F,2000,Yanelly,5,TX,4416,0.002
F,2000,Yareth,5,TX,4416,0.002
F,2000,Yatzary,5,TX,4416,0.002
F,2000,Yennifer,5,TX,4416,0.002
F,2000,Yoselyn,5,TX,4416,0.002
F,2001,Yesenia,202,TX,354,0.062
F,2001,Yasmin,111,TX,558,0.034
F,2001,Yasmine,78,TX,717,0.024
F,2001,Yuliana,78,TX,717,0.024
F,2001,Yvette,69,TX,777,0.021
F,2001,Yulissa,58,TX,886,0.018
F,2001,Yadira,57,TX,899,0.018
F,2001,Yazmin,56,TX,912,0.017
F,2001,Yessenia,50,TX,1001,0.015
F,2001,Yahaira,46,TX,1056,0.014
F,2001,Yajaira,44,TX,1086,0.014
F,2001,Yolanda,40,TX,1169,0.012
F,2001,Yaritza,36,TX,1250,0.011
F,2001,Yamileth,32,TX,1345,0.01
F,2001,Yareli,32,TX,1345,0.01
F,2001,Yessica,32,TX,1345,0.01
F,2001,Yoselin,32,TX,1345,0.01
F,2001,Yaire,27,TX,1502,0.008
F,2001,Yulisa,27,TX,1502,0.008
F,2001,Yvonne,25,TX,1563,0.008
F,2001,Yaquelin,23,TX,1655,0.007
F,2001,Yamilet,22,TX,1707,0.007
F,2001,Yamile,19,TX,1893,0.006
F,2001,Yarely,19,TX,1893,0.006
F,2001,Yoana,18,TX,1965,0.006
F,2001,Yesica,17,TX,2037,0.005
F,2001,Yadhira,16,TX,2113,0.005
F,2001,Yanet,15,TX,2197,0.005
F,2001,Yasmeen,15,TX,2197,0.005
F,2001,Yovana,15,TX,2197,0.005
F,2001,Yaneli,14,TX,2303,0.004
F,2001,Yara,14,TX,2303,0.004
F,2001,Yazmine,12,TX,2561,0.004
F,2001,Yailin,11,TX,2699,0.003
F,2001,Yenifer,11,TX,2699,0.003
F,2001,Yulianna,11,TX,2699,0.003
F,2001,Yamilex,10,TX,2870,0.003
F,2001,Yanira,10,TX,2870,0.003
F,2001,Yisel,9,TX,3096,0.003
F,2001,Yanely,8,TX,3312,0.002
F,2001,Yaneth,8,TX,3312,0.002
F,2001,Yatzari,8,TX,3312,0.002
F,2001,Yanelly,7,TX,3637,0.002
F,2001,Yaretzy,7,TX,3637,0.002
F,2001,Yennifer,7,TX,3637,0.002
F,2001,Yuliza,7,TX,3637,0.002
F,2001,Yaileen,6,TX,4011,0.002
F,2001,Yaira,6,TX,4011,0.002
F,2001,Yoselyn,6,TX,4011,0.002
F,2001,Yudith,6,TX,4011,0.002
F,2001,Yuri,6,TX,4011,0.002
F,2001,Yamel,5,TX,4541,0.002
F,2001,Yaqueline,5,TX,4541,0.002
F,2001,Yaretzi,5,TX,4541,0.002
F,2001,Yazmeen,5,TX,4541,0.002
F,2001,Yesli,5,TX,4541,0.002
F,2001,Yliana,5,TX,4541,0.002
F,2001,Yoanna,5,TX,4541,0.002
F,2001,Yohana,5,TX,4541,0.002
F,2001,Ysabel,5,TX,4541,0.002
F,2001,Ysabella,5,TX,4541,0.002
F,2001,Ysenia,5,TX,4541,0.002
F,2001,Yuleidy,5,TX,4541,0.002
F,2001,Yumi,5,TX,4541,0.002
F,2001,Yuriana,5,TX,4541,0.002
F,2002,Yesenia,191,TX,365,0.058
F,2002,Yasmin,119,TX,546,0.036
F,2002,Yadira,73,TX,763,0.022
F,2002,Yasmine,68,TX,807,0.021
F,2002,Yazmin,64,TX,842,0.019
F,2002,Yvette,61,TX,877,0.018
F,2002,Yuliana,53,TX,982,0.016
F,2002,Yessenia,45,TX,1093,0.014
F,2002,Yahaira,43,TX,1130,0.013
F,2002,Yulisa,39,TX,1204,0.012
F,2002,Yulissa,38,TX,1229,0.011
F,2002,Yvonne,37,TX,1252,0.011
F,2002,Yareli,35,TX,1300,0.011
F,2002,Yaritza,34,TX,1328,0.01
F,2002,Yolanda,28,TX,1490,0.008
F,2002,Yajaira,26,TX,1567,0.008
F,2002,Yamilet,26,TX,1567,0.008
F,2002,Yamileth,24,TX,1665,0.007
F,2002,Yadhira,23,TX,1714,0.007
F,2002,Yarely,22,TX,1772,0.007
F,2002,Yessica,22,TX,1772,0.007
F,2002,Yoselin,21,TX,1826,0.006
F,2002,Yaire,20,TX,1899,0.006
F,2002,Yasmeen,20,TX,1899,0.006
F,2002,Yulianna,19,TX,1953,0.006
F,2002,Yazmine,17,TX,2078,0.005
F,2002,Yoana,16,TX,2165,0.005
F,2002,Yamilex,15,TX,2274,0.005
F,2002,Yanira,15,TX,2274,0.005
F,2002,Yamile,14,TX,2389,0.004
F,2002,Yenifer,14,TX,2389,0.004
F,2002,Ysabella,14,TX,2389,0.004
F,2002,Yaneth,13,TX,2502,0.004
F,2002,Yaquelin,13,TX,2502,0.004
F,2002,Yesica,13,TX,2502,0.004
F,2002,Yaneli,12,TX,2637,0.004
F,2002,Yanet,10,TX,2986,0.003
F,2002,Yennifer,9,TX,3194,0.003
F,2002,Yakelin,8,TX,3412,0.002
F,2002,Yanely,8,TX,3412,0.002
F,2002,Yisel,8,TX,3412,0.002
F,2002,Yailin,7,TX,3745,0.002
F,2002,Yamilett,7,TX,3745,0.002
F,2002,Yancy,6,TX,4124,0.002
F,2002,Yara,6,TX,4124,0.002
F,2002,Yaretzi,6,TX,4124,0.002
F,2002,Yeimi,6,TX,4124,0.002
F,2002,Yocelin,6,TX,4124,0.002
F,2002,Yohana,6,TX,4124,0.002
F,2002,Yuliza,6,TX,4124,0.002
F,2002,Yuriana,6,TX,4124,0.002
F,2002,Yuridia,6,TX,4124,0.002
F,2002,Yahayra,5,TX,4637,0.002
F,2002,Yamel,5,TX,4637,0.002
F,2002,Yanitza,5,TX,4637,0.002
F,2002,Yatziri,5,TX,4637,0.002
F,2002,Yelitza,5,TX,4637,0.002
F,2002,Yoanna,5,TX,4637,0.002
F,2002,Yocelyn,5,TX,4637,0.002
F,2002,Yoseline,5,TX,4637,0.002
F,2002,Ysela,5,TX,4637,0.002
F,2002,Yuri,5,TX,4637,0.002
F,2002,Yuvia,5,TX,4637,0.002
F,2003,Yesenia,195,TX,370,0.058
F,2003,Yasmin,123,TX,540,0.037
F,2003,Yadira,80,TX,724,0.024
F,2003,Yasmine,78,TX,743,0.023
F,2003,Yazmin,73,TX,778,0.022
F,2003,Yvette,69,TX,815,0.021
F,2003,Yuliana,60,TX,911,0.018
F,2003,Yahaira,59,TX,921,0.018
F,2003,Yaritza,47,TX,1080,0.014
F,2003,Yareli,45,TX,1104,0.013
F,2003,Yessenia,40,TX,1200,0.012
F,2003,Yajaira,39,TX,1226,0.012
F,2003,Yolanda,39,TX,1226,0.012
F,2003,Yessica,31,TX,1435,0.009
F,2003,Yamileth,30,TX,1465,0.009
F,2003,Yoselin,30,TX,1465,0.009
F,2003,Yulissa,30,TX,1465,0.009
F,2003,Yvonne,29,TX,1507,0.009
F,2003,Yamilet,28,TX,1546,0.008
F,2003,Yasmeen,22,TX,1803,0.007
F,2003,Yulisa,20,TX,1921,0.006
F,2003,Yadhira,19,TX,2001,0.006
F,2003,Yaneli,19,TX,2001,0.006
F,2003,Yaire,17,TX,2125,0.005
F,2003,Yazmine,17,TX,2125,0.005
F,2003,Yulianna,16,TX,2217,0.005
F,2003,Yanira,15,TX,2309,0.004
F,2003,Yarely,15,TX,2309,0.004
F,2003,Yenifer,14,TX,2415,0.004
F,2003,Yoana,14,TX,2415,0.004
F,2003,Ysabella,14,TX,2415,0.004
F,2003,Yamilex,13,TX,2527,0.004
F,2003,Yesica,13,TX,2527,0.004
F,2003,Yanet,12,TX,2670,0.004
F,2003,Yaquelin,11,TX,2831,0.003
F,2003,Yaneth,10,TX,2981,0.003
F,2003,Yara,10,TX,2981,0.003
F,2003,Yoseline,10,TX,2981,0.003
F,2003,Yakelin,9,TX,3210,0.003
F,2003,Yoselyn,9,TX,3210,0.003
F,2003,Ysabel,8,TX,3473,0.002
F,2003,Yaretzi,7,TX,3767,0.002
F,2003,Yelena,7,TX,3767,0.002
F,2003,Yelitza,7,TX,3767,0.002
F,2003,Yeni,7,TX,3767,0.002
F,2003,Yocelin,7,TX,3767,0.002
F,2003,Yocelyn,7,TX,3767,0.002
F,2003,Yuridia,7,TX,3767,0.002
F,2003,Yamila,6,TX,4176,0.002
F,2003,Yamile,6,TX,4176,0.002
F,2003,Yamilett,6,TX,4176,0.002
F,2003,Yanely,6,TX,4176,0.002
F,2003,Yanitza,6,TX,4176,0.002
F,2003,Yoanna,6,TX,4176,0.002
F,2003,Yudith,6,TX,4176,0.002
F,2003,Yaira,5,TX,4726,0.001
F,2003,Yanelli,5,TX,4726,0.001
F,2003,Yanelly,5,TX,4726,0.001
F,2003,Yaqueline,5,TX,4726,0.001
F,2003,Yatziri,5,TX,4726,0.001
F,2003,Yazmyn,5,TX,4726,0.001
F,2003,Yeimi,5,TX,4726,0.001
F,2003,Yisel,5,TX,4726,0.001
F,2003,Yosselin,5,TX,4726,0.001
F,2003,Yovanna,5,TX,4726,0.001
F,2003,Yuritzi,5,TX,4726,0.001
F,2003,Yuvia,5,TX,4726,0.001
F,2004,Yesenia,158,TX,444,0.047
F,2004,Yasmin,133,TX,508,0.039
F,2004,Yadira,96,TX,655,0.028
F,2004,Yazmin,80,TX,737,0.024
F,2004,Yasmine,66,TX,856,0.02
F,2004,Yareli,64,TX,869,0.019
F,2004,Yuliana,54,TX,991,0.016
F,2004,Yvette,51,TX,1031,0.015
F,2004,Yessenia,50,TX,1050,0.015
F,2004,Yulissa,50,TX,1050,0.015
F,2004,Yajaira,43,TX,1160,0.013
F,2004,Yahaira,39,TX,1250,0.012
F,2004,Yoselin,39,TX,1250,0.012
F,2004,Yadhira,32,TX,1424,0.009
F,2004,Yarely,32,TX,1424,0.009
F,2004,Yolanda,32,TX,1424,0.009
F,2004,Yamilet,28,TX,1559,0.008
F,2004,Yvonne,28,TX,1559,0.008
F,2004,Yamileth,25,TX,1677,0.007
F,2004,Yaritza,25,TX,1677,0.007
F,2004,Yessica,24,TX,1738,0.007
F,2004,Yanira,22,TX,1831,0.007
F,2004,Yaneli,19,TX,2016,0.006
F,2004,Yulisa,19,TX,2016,0.006
F,2004,Yaretzy,18,TX,2089,0.005
F,2004,Yazmine,17,TX,2180,0.005
F,2004,Yesica,15,TX,2360,0.004
F,2004,Yulianna,15,TX,2360,0.004
F,2004,Ysabella,14,TX,2469,0.004
F,2004,Yanet,13,TX,2587,0.004
F,2004,Yelitza,13,TX,2587,0.004
F,2004,Yara,12,TX,2732,0.004
F,2004,Yamilex,11,TX,2879,0.003
F,2004,Yaneth,11,TX,2879,0.003
F,2004,Yaquelin,11,TX,2879,0.003
F,2004,Yaretzi,11,TX,2879,0.003
F,2004,Yuridia,10,TX,3075,0.003
F,2004,Yamile,9,TX,3289,0.003
F,2004,Yasmeen,9,TX,3289,0.003
F,2004,Yailin,8,TX,3529,0.002
F,2004,Yaire,8,TX,3529,0.002
F,2004,Yenifer,8,TX,3529,0.002
F,2004,Yoana,8,TX,3529,0.002
F,2004,Yoseline,8,TX,3529,0.002
F,2004,Yelena,7,TX,3850,0.002
F,2004,Yocelyn,7,TX,3850,0.002
F,2004,Yuliza,7,TX,3850,0.002
F,2004,Yahira,6,TX,4273,0.002
F,2004,Yecenia,6,TX,4273,0.002
F,2004,Yeimi,6,TX,4273,0.002
F,2004,Yliana,6,TX,4273,0.002
F,2004,Yocelin,6,TX,4273,0.002
F,2004,Yohana,6,TX,4273,0.002
F,2004,Yuri,6,TX,4273,0.002
F,2004,Yaira,5,TX,4839,0.001
F,2004,Yamilett,5,TX,4839,0.001
F,2004,Yanelli,5,TX,4839,0.001
F,2004,Yanelly,5,TX,4839,0.001
F,2004,Yanely,5,TX,4839,0.001
F,2004,Yanitza,5,TX,4839,0.001
F,2004,Yatziry,5,TX,4839,0.001
F,2004,Yeilin,5,TX,4839,0.001
F,2004,Yisel,5,TX,4839,0.001
F,2004,Yoanna,5,TX,4839,0.001
F,2004,Yoselyn,5,TX,4839,0.001
F,2004,Yuriana,5,TX,4839,0.001
F,2005,Yesenia,131,TX,514,0.038
F,2005,Yasmin,117,TX,571,0.034
F,2005,Yadira,107,TX,623,0.031
F,2005,Yazmin,88,TX,709,0.026
F,2005,Yahaira,69,TX,843,0.02
F,2005,Yaritza,65,TX,883,0.019
F,2005,Yasmine,61,TX,916,0.018
F,2005,Yvette,56,TX,968,0.016
F,2005,Yareli,50,TX,1058,0.015
F,2005,Yuridia,50,TX,1058,0.015
F,2005,Yamileth,48,TX,1090,0.014
F,2005,Yessenia,47,TX,1102,0.014
F,2005,Yajaira,40,TX,1226,0.012
F,2005,Yadhira,39,TX,1250,0.011
F,2005,Yuliana,37,TX,1302,0.011
F,2005,Yoselin,33,TX,1427,0.01
F,2005,Yulissa,33,TX,1427,0.01
F,2005,Yvonne,30,TX,1521,0.009
F,2005,Yolanda,29,TX,1555,0.008
F,2005,Yarely,26,TX,1666,0.008
F,2005,Yaretzi,24,TX,1756,0.007
F,2005,Yulisa,24,TX,1756,0.007
F,2005,Yamilet,21,TX,1916,0.006
F,2005,Yaneli,21,TX,1916,0.006
F,2005,Yazmine,18,TX,2138,0.005
F,2005,Yessica,18,TX,2138,0.005
F,2005,Yasmeen,14,TX,2510,0.004
F,2005,Yesica,14,TX,2510,0.004
F,2005,Yocelin,14,TX,2510,0.004
F,2005,Yanira,13,TX,2636,0.004
F,2005,Yara,13,TX,2636,0.004
F,2005,Yoselyn,13,TX,2636,0.004
F,2005,Yanet,11,TX,2953,0.003
F,2005,Yamile,10,TX,3153,0.003
F,2005,Ysabella,10,TX,3153,0.003
F,2005,Yulianna,9,TX,3382,0.003
F,2005,Yanely,8,TX,3652,0.002
F,2005,Yaneth,8,TX,3652,0.002
F,2005,Yaquelin,8,TX,3652,0.002
F,2005,Yareth,8,TX,3652,0.002
F,2005,Yaretzy,7,TX,4009,0.002
F,2005,Yamilett,6,TX,4410,0.002
F,2005,Yamilette,6,TX,4410,0.002
F,2005,Yelitza,6,TX,4410,0.002
F,2005,Yamila,5,TX,4989,0.001
F,2005,Yanellie,5,TX,4989,0.001
F,2005,Yanelly,5,TX,4989,0.001
F,2005,Yatana,5,TX,4989,0.001
F,2005,Yatziri,5,TX,4989,0.001
F,2005,Yenifer,5,TX,4989,0.001
F,2005,Yisel,5,TX,4989,0.001
F,2005,Yliana,5,TX,4989,0.001
F,2005,Yoana,5,TX,4989,0.001
F,2005,Yocelyn,5,TX,4989,0.001
F,2005,Yoseline,5,TX,4989,0.001
F,2005,Yosselin,5,TX,4989,0.001
F,2005,Yudith,5,TX,4989,0.001
F,2005,Yuli,5,TX,4989,0.001
F,2005,Yuri,5,TX,4989,0.001
F,2005,Yuvia,5,TX,4989,0.001
F,2006,Yasmin,136,TX,507,0.039
F,2006,Yesenia,125,TX,546,0.035
F,2006,Yazmin,124,TX,552,0.035
F,2006,Yadira,109,TX,613,0.031
F,2006,Yareli,86,TX,733,0.024
F,2006,Yoselin,75,TX,815,0.021
F,2006,Yuridia,62,TX,933,0.018
F,2006,Yasmine,58,TX,972,0.016
F,2006,Yamileth,55,TX,1013,0.016
F,2006,Yvette,55,TX,1013,0.016
F,2006,Yaretzi,48,TX,1116,0.014
F,2006,Yolanda,47,TX,1137,0.013
F,2006,Yaritza,46,TX,1152,0.013
F,2006,Yahaira,44,TX,1191,0.012
F,2006,Yuliana,43,TX,1209,0.012
F,2006,Yadhira,40,TX,1275,0.011
F,2006,Yaretzy,37,TX,1350,0.01
F,2006,Yulissa,36,TX,1377,0.01
F,2006,Yessenia,33,TX,1478,0.009
F,2006,Yamilet,27,TX,1718,0.008
F,2006,Yessica,26,TX,1769,0.007
F,2006,Yvonne,26,TX,1769,0.007
F,2006,Yazmine,25,TX,1809,0.007
F,2006,Yarely,24,TX,1861,0.007
F,2006,Yoselyn,22,TX,1964,0.006
F,2006,Yajaira,21,TX,2029,0.006
F,2006,Yocelin,20,TX,2099,0.006
F,2006,Yara,17,TX,2309,0.005
F,2006,Yaneli,16,TX,2410,0.005
F,2006,Yulianna,15,TX,2527,0.004
F,2006,Yaquelin,13,TX,2780,0.004
F,2006,Yoana,13,TX,2780,0.004
F,2006,Yulisa,13,TX,2780,0.004
F,2006,Yaneth,12,TX,2933,0.003
F,2006,Yanet,11,TX,3094,0.003
F,2006,Yanely,10,TX,3298,0.003
F,2006,Yanira,10,TX,3298,0.003
F,2006,Yasmeen,10,TX,3298,0.003
F,2006,Yelitza,10,TX,3298,0.003
F,2006,Ysabella,10,TX,3298,0.003
F,2006,Yeimi,9,TX,3547,0.003
F,2006,Yoseline,9,TX,3547,0.003
F,2006,Yuri,9,TX,3547,0.003
F,2006,Yailin,8,TX,3801,0.002
F,2006,Yocelyn,8,TX,3801,0.002
F,2006,Yudith,8,TX,3801,0.002
F,2006,Yamilett,7,TX,4140,0.002
F,2006,Yenifer,7,TX,4140,0.002
F,2006,Yliana,7,TX,4140,0.002
F,2006,Yohana,7,TX,4140,0.002
F,2006,Yamila,6,TX,4557,0.002
F,2006,Yamile,6,TX,4557,0.002
F,2006,Yarelli,6,TX,4557,0.002
F,2006,Yesica,6,TX,4557,0.002
F,2006,Yosselin,6,TX,4557,0.002
F,2006,Yael,5,TX,5165,0.001
F,2006,Yaira,5,TX,5165,0.001
F,2006,Yamilette,5,TX,5165,0.001
F,2006,Yanelly,5,TX,5165,0.001
F,2006,Yaritzi,5,TX,5165,0.001
F,2006,Yatziry,5,TX,5165,0.001
F,2006,Yelena,5,TX,5165,0.001
F,2007,Yesenia,122,TX,569,0.034
F,2007,Yasmin,114,TX,601,0.032
F,2007,Yoselin,106,TX,642,0.029
F,2007,Yazmin,97,TX,691,0.027
F,2007,Yareli,81,TX,769,0.023
F,2007,Yamileth,67,TX,907,0.019
F,2007,Yadira,63,TX,952,0.018
F,2007,Yuliana,63,TX,952,0.018
F,2007,Yaretzi,54,TX,1072,0.015
F,2007,Yasmine,53,TX,1079,0.015
F,2007,Yaritza,52,TX,1093,0.014
F,2007,Yamilet,51,TX,1109,0.014
F,2007,Yulissa,50,TX,1123,0.014
F,2007,Yuridia,38,TX,1367,0.011
F,2007,Yarely,37,TX,1397,0.01
F,2007,Yara,35,TX,1462,0.01
F,2007,Yolanda,34,TX,1498,0.009
F,2007,Yahaira,33,TX,1526,0.009
F,2007,Yajaira,33,TX,1526,0.009
F,2007,Yvette,31,TX,1593,0.009
F,2007,Yadhira,29,TX,1667,0.008
F,2007,Yoselyn,29,TX,1667,0.008
F,2007,Yvonne,27,TX,1761,0.008
F,2007,Yazmine,26,TX,1811,0.007
F,2007,Yaretzy,24,TX,1923,0.007
F,2007,Yessenia,24,TX,1923,0.007
F,2007,Yessica,21,TX,2086,0.006
F,2007,Yocelyn,19,TX,2229,0.005
F,2007,Yaneli,17,TX,2392,0.005
F,2007,Yoseline,17,TX,2392,0.005
F,2007,Yaquelin,15,TX,2588,0.004
F,2007,Yanely,14,TX,2703,0.004
F,2007,Yulianna,14,TX,2703,0.004
F,2007,Yulisa,14,TX,2703,0.004
F,2007,Yanet,13,TX,2840,0.004
F,2007,Ysabella,13,TX,2840,0.004
F,2007,Yasmeen,10,TX,3375,0.003
F,2007,Yoanna,10,TX,3375,0.003
F,2007,Yaira,9,TX,3620,0.003
F,2007,Yamile,9,TX,3620,0.003
F,2007,Yohana,9,TX,3620,0.003
F,2007,Yuri,9,TX,3620,0.003
F,2007,Yanelly,8,TX,3939,0.002
F,2007,Yanira,8,TX,3939,0.002
F,2007,Yelena,8,TX,3939,0.002
F,2007,Yissel,8,TX,3939,0.002
F,2007,Yoana,8,TX,3939,0.002
F,2007,Yosselin,8,TX,3939,0.002
F,2007,Ytzel,8,TX,3939,0.002
F,2007,Yalitza,7,TX,4298,0.002
F,2007,Yelitza,7,TX,4298,0.002
F,2007,Yesica,7,TX,4298,0.002
F,2007,Yocelin,7,TX,4298,0.002
F,2007,Ysabel,7,TX,4298,0.002
F,2007,Yzabella,7,TX,4298,0.002
F,2007,Yarelin,6,TX,4739,0.002
F,2007,Yareth,6,TX,4739,0.002
F,2007,Yeimi,6,TX,4739,0.002
F,2007,Yosselyn,6,TX,4739,0.002
F,2007,Yuliza,6,TX,4739,0.002
F,2007,Yuvia,6,TX,4739,0.002
F,2007,Yadirah,5,TX,5363,0.001
F,2007,Yamilette,5,TX,5363,0.001
F,2007,Yamilex,5,TX,5363,0.001
F,2007,Yanelli,5,TX,5363,0.001
F,2007,Yaneth,5,TX,5363,0.001
F,2007,Yarelli,5,TX,5363,0.001
F,2007,Yaretsi,5,TX,5363,0.001
F,2007,Yatziri,5,TX,5363,0.001
F,2007,Yatziry,5,TX,5363,0.001
F,2007,Yenifer,5,TX,5363,0.001
F,2007,Yliana,5,TX,5363,0.001
F,2007,Yolette,5,TX,5363,0.001
F,2007,Yuliet,5,TX,5363,0.001
F,2007,Yumalay,5,TX,5363,0.001
F,2007,Yuna,5,TX,5363,0.001
F,2007,Yunuen,5,TX,5363,0.001
F,2007,Yveth,5,TX,5363,0.001
F,2008,Yesenia,111,TX,624,0.031
F,2008,Yasmin,97,TX,697,0.027
F,2008,Yazmin,96,TX,702,0.027
F,2008,Yaritza,84,TX,765,0.024
F,2008,Yareli,79,TX,807,0.022
F,2008,Yoselin,65,TX,928,0.018
F,2008,Yadira,63,TX,952,0.018
F,2008,Yamileth,63,TX,952,0.018
F,2008,Yaretzi,63,TX,952,0.018
F,2008,Yuliana,59,TX,990,0.017
F,2008,Yahaira,58,TX,1004,0.016
F,2008,Yamilet,53,TX,1077,0.015
F,2008,Yarely,44,TX,1252,0.012
F,2008,Yuridia,40,TX,1350,0.011
F,2008,Yvette,36,TX,1458,0.01
F,2008,Yasmine,31,TX,1610,0.009
F,2008,Yessenia,31,TX,1610,0.009
F,2008,Yvonne,25,TX,1857,0.007
F,2008,Yadhira,23,TX,1969,0.006
F,2008,Yajaira,23,TX,1969,0.006
F,2008,Yessica,23,TX,1969,0.006
F,2008,Yolanda,23,TX,1969,0.006
F,2008,Yoselyn,20,TX,2181,0.006
F,2008,Yulissa,20,TX,2181,0.006
F,2008,Yaneli,19,TX,2247,0.005
F,2008,Yaretzy,19,TX,2247,0.005
F,2008,Ysabella,17,TX,2426,0.005
F,2008,Yazmine,16,TX,2530,0.004
F,2008,Yara,15,TX,2645,0.004
F,2008,Yoseline,12,TX,3056,0.003
F,2008,Yulianna,12,TX,3056,0.003
F,2008,Yanely,11,TX,3220,0.003
F,2008,Yanet,11,TX,3220,0.003
F,2008,Yulisa,11,TX,3220,0.003
F,2008,Yaneth,10,TX,3432,0.003
F,2008,Yasmeen,9,TX,3669,0.003
F,2008,Yelena,9,TX,3669,0.003
F,2008,Yeraldin,9,TX,3669,0.003
F,2008,Yocelyn,9,TX,3669,0.003
F,2008,Yariana,8,TX,3950,0.002
F,2008,Yailin,7,TX,4320,0.002
F,2008,Yaquelin,7,TX,4320,0.002
F,2008,Yarel,7,TX,4320,0.002
F,2008,Yeraldi,7,TX,4320,0.002
F,2008,Yocelin,7,TX,4320,0.002
F,2008,Yosselin,7,TX,4320,0.002
F,2008,Yuri,7,TX,4320,0.002
F,2008,Yusra,7,TX,4320,0.002
F,2008,Yancy,6,TX,4804,0.002
F,2008,Yareth,6,TX,4804,0.002
F,2008,Yael,5,TX,5433,0.001
F,2008,Yaiza,5,TX,5433,0.001
F,2008,Yalitza,5,TX,5433,0.001
F,2008,Yamile,5,TX,5433,0.001
F,2008,Yamilette,5,TX,5433,0.001
F,2008,Yanelli,5,TX,5433,0.001
F,2008,Yanelly,5,TX,5433,0.001
F,2008,Yanira,5,TX,5433,0.001
F,2008,Yarelli,5,TX,5433,0.001
F,2008,Yaslin,5,TX,5433,0.001
F,2008,Yeimi,5,TX,5433,0.001
F,2008,Yohana,5,TX,5433,0.001
F,2008,Yuliza,5,TX,5433,0.001
F,2008,Yuvia,5,TX,5433,0.001
F,2008,Yvanna,5,TX,5433,0.001
F,2008,Yzabella,5,TX,5433,0.001
F,2009,Yareli,122,TX,568,0.035
F,2009,Yaretzi,113,TX,606,0.032
F,2009,Yasmin,94,TX,707,0.027
F,2009,Yazmin,79,TX,813,0.022
F,2009,Yesenia,74,TX,855,0.021
F,2009,Yuliana,70,TX,882,0.02
F,2009,Yaritza,64,TX,952,0.018
F,2009,Yamileth,63,TX,961,0.018
F,2009,Yoselin,59,TX,999,0.017
F,2009,Yadira,57,TX,1021,0.016
F,2009,Yamilet,52,TX,1110,0.015
F,2009,Yarely,41,TX,1350,0.012
F,2009,Yaneli,39,TX,1392,0.011
F,2009,Yvette,31,TX,1633,0.009
F,2009,Yuridia,30,TX,1674,0.008
F,2009,Yahaira,29,TX,1717,0.008
F,2009,Yaretzy,28,TX,1756,0.008
F,2009,Yulissa,28,TX,1756,0.008
F,2009,Yajaira,27,TX,1803,0.008
F,2009,Yessenia,27,TX,1803,0.008
F,2009,Yolanda,27,TX,1803,0.008
F,2009,Yasmine,24,TX,1954,0.007
F,2009,Yessica,20,TX,2200,0.006
F,2009,Ysabella,18,TX,2350,0.005
F,2009,Yarel,17,TX,2438,0.005
F,2009,Yulianna,16,TX,2534,0.005
F,2009,Yuvia,16,TX,2534,0.005
F,2009,Yara,14,TX,2776,0.004
F,2009,Yoselyn,14,TX,2776,0.004
F,2009,Yulisa,13,TX,2886,0.004
F,2009,Yazmine,12,TX,3052,0.003
F,2009,Yocelin,12,TX,3052,0.003
F,2009,Yvonne,12,TX,3052,0.003
F,2009,Yanira,9,TX,3678,0.003
F,2009,Yoana,9,TX,3678,0.003
F,2009,Yoseline,9,TX,3678,0.003
F,2009,Yzabella,9,TX,3678,0.003
F,2009,Yadhira,7,TX,4367,0.002
F,2009,Yael,7,TX,4367,0.002
F,2009,Yahira,7,TX,4367,0.002
F,2009,Yailin,7,TX,4367,0.002
F,2009,Yakelin,7,TX,4367,0.002
F,2009,Yanely,7,TX,4367,0.002
F,2009,Yaneth,7,TX,4367,0.002
F,2009,Yaquelin,7,TX,4367,0.002
F,2009,Yatziri,7,TX,4367,0.002
F,2009,Yuna,7,TX,4367,0.002
F,2009,Yuritza,7,TX,4367,0.002
F,2009,Yareni,6,TX,4832,0.002
F,2009,Yasmeen,6,TX,4832,0.002
F,2009,Yisel,6,TX,4832,0.002
F,2009,Yuliet,6,TX,4832,0.002
F,2009,Yuriana,6,TX,4832,0.002
F,2009,Yusra,6,TX,4832,0.002
F,2009,Yalitza,5,TX,5455,0.001
F,2009,Yamile,5,TX,5455,0.001
F,2009,Yamilett,5,TX,5455,0.001
F,2009,Yanelly,5,TX,5455,0.001
F,2009,Yanet,5,TX,5455,0.001
F,2009,Yariana,5,TX,5455,0.001
F,2009,Yaritzel,5,TX,5455,0.001
F,2009,Yashvi,5,TX,5455,0.001
F,2009,Yatziry,5,TX,5455,0.001
F,2009,Yelena,5,TX,5455,0.001
F,2009,Yeraldin,5,TX,5455,0.001
F,2009,Yesica,5,TX,5455,0.001
F,2009,Yesli,5,TX,5455,0.001
F,2009,Yisell,5,TX,5455,0.001
F,2009,Yliana,5,TX,5455,0.001
F,2009,Yudith,5,TX,5455,0.001
F,2009,Yuri,5,TX,5455,0.001
F,2010,Yaretzi,140,TX,483,0.041
F,2010,Yareli,106,TX,612,0.031
F,2010,Yesenia,75,TX,816,0.022
F,2010,Yazmin,69,TX,858,0.02
F,2010,Yamileth,67,TX,877,0.02
F,2010,Yaritza,65,TX,903,0.019
F,2010,Yasmin,63,TX,933,0.019
F,2010,Yoselin,53,TX,1073,0.016
F,2010,Yamilet,51,TX,1094,0.015
F,2010,Yarely,47,TX,1169,0.014
F,2010,Yuliana,44,TX,1232,0.013
F,2010,Yadira,40,TX,1322,0.012
F,2010,Yvette,34,TX,1488,0.01
F,2010,Yaretzy,33,TX,1516,0.01
F,2010,Yulissa,32,TX,1550,0.009
F,2010,Yahaira,26,TX,1803,0.008
F,2010,Yolanda,26,TX,1803,0.008
F,2010,Yajaira,24,TX,1899,0.007
F,2010,Yaneli,23,TX,1953,0.007
F,2010,Yasmine,22,TX,2033,0.007
F,2010,Yuridia,22,TX,2033,0.007
F,2010,Yessenia,21,TX,2098,0.006
F,2010,Yulianna,21,TX,2098,0.006
F,2010,Yvonne,20,TX,2173,0.006
F,2010,Yara,17,TX,2418,0.005
F,2010,Yarel,14,TX,2713,0.004
F,2010,Yazmine,14,TX,2713,0.004
F,2010,Yoselyn,14,TX,2713,0.004
F,2010,Yadhira,12,TX,2988,0.004
F,2010,Yamile,12,TX,2988,0.004
F,2010,Ysabella,12,TX,2988,0.004
F,2010,Yanira,11,TX,3173,0.003
F,2010,Yanely,9,TX,3620,0.003
F,2010,Yulisa,9,TX,3620,0.003
F,2010,Yuna,9,TX,3620,0.003
F,2010,Yvanna,9,TX,3620,0.003
F,2010,Yamila,8,TX,3906,0.002
F,2010,Yatziri,8,TX,3906,0.002
F,2010,Yessica,8,TX,3906,0.002
F,2010,Yzabella,8,TX,3906,0.002
F,2010,Yamilette,7,TX,4282,0.002
F,2010,Yatzil,7,TX,4282,0.002
F,2010,Yazlin,7,TX,4282,0.002
F,2010,Yoana,7,TX,4282,0.002
F,2010,Yaira,6,TX,4748,0.002
F,2010,Yalitza,6,TX,4748,0.002
F,2010,Yamilex,6,TX,4748,0.002
F,2010,Yanet,6,TX,4748,0.002
F,2010,Yaneth,6,TX,4748,0.002
F,2010,Yaquelin,6,TX,4748,0.002
F,2010,Yarelli,6,TX,4748,0.002
F,2010,Yaritzel,6,TX,4748,0.002
F,2010,Yaslin,6,TX,4748,0.002
F,2010,Yeimi,6,TX,4748,0.002
F,2010,Yelitza,6,TX,4748,0.002
F,2010,Yocelyn,6,TX,4748,0.002
F,2010,Yohana,6,TX,4748,0.002
F,2010,Yoseline,6,TX,4748,0.002
F,2010,Yael,5,TX,5404,0.001
F,2010,Yasmeen,5,TX,5404,0.001
F,2010,Yeraldin,5,TX,5404,0.001
F,2010,Yisel,5,TX,5404,0.001
F,2010,Yissel,5,TX,5404,0.001
F,2010,Yorley,5,TX,5404,0.001
F,2010,Yosselin,5,TX,5404,0.001
F,2010,Yuri,5,TX,5404,0.001
F,2010,Yuritzi,5,TX,5404,0.001
F,2011,Yaretzi,117,TX,559,0.035
F,2011,Yareli,104,TX,618,0.031
F,2011,Yazmin,65,TX,908,0.02
F,2011,Yamileth,64,TX,919,0.019
F,2011,Yasmin,60,TX,966,0.018
F,2011,Yesenia,57,TX,995,0.017
F,2011,Yoselin,52,TX,1086,0.016
F,2011,Yarely,47,TX,1159,0.014
F,2011,Yuliana,46,TX,1184,0.014
F,2011,Yaritza,44,TX,1226,0.013
F,2011,Yadira,40,TX,1298,0.012
F,2011,Yahaira,40,TX,1298,0.012
F,2011,Yamilet,37,TX,1377,0.011
F,2011,Yvette,33,TX,1499,0.01
F,2011,Yaretzy,31,TX,1552,0.009
F,2011,Yolanda,24,TX,1878,0.007
F,2011,Yulissa,24,TX,1878,0.007
F,2011,Yorley,23,TX,1942,0.007
F,2011,Yasmine,22,TX,1998,0.007
F,2011,Yara,20,TX,2127,0.006
F,2011,Yuridia,20,TX,2127,0.006
F,2011,Yaneli,19,TX,2204,0.006
F,2011,Yvonne,19,TX,2204,0.006
F,2011,Ysabella,16,TX,2467,0.005
F,2011,Yessenia,15,TX,2568,0.005
F,2011,Yadhira,13,TX,2832,0.004
F,2011,Yajaira,13,TX,2832,0.004
F,2011,Yessica,13,TX,2832,0.004
F,2011,Yanely,12,TX,2967,0.004
F,2011,Yarel,12,TX,2967,0.004
F,2011,Yazmine,12,TX,2967,0.004
F,2011,Yoselyn,12,TX,2967,0.004
F,2011,Yulianna,11,TX,3166,0.003
F,2011,Yzabella,11,TX,3166,0.003
F,2011,Yanelly,10,TX,3367,0.003
F,2011,Yanet,9,TX,3603,0.003
F,2011,Yaritzi,8,TX,3900,0.002
F,2011,Yatziri,8,TX,3900,0.002
F,2011,Yasmeen,7,TX,4236,0.002
F,2011,Yatzil,7,TX,4236,0.002
F,2011,Yitzel,7,TX,4236,0.002
F,2011,Yulisa,7,TX,4236,0.002
F,2011,Yaneth,6,TX,4694,0.002
F,2011,Yanilen,6,TX,4694,0.002
F,2011,Yazlin,6,TX,4694,0.002
F,2011,Yeraldine,6,TX,4694,0.002
F,2011,Yosselin,6,TX,4694,0.002
F,2011,Yudith,6,TX,4694,0.002
F,2011,Yuna,6,TX,4694,0.002
F,2011,Yuritzi,6,TX,4694,0.002
F,2011,Yareni,5,TX,5333,0.002
F,2011,Yeimi,5,TX,5333,0.002
F,2011,Yelena,5,TX,5333,0.002
F,2011,Yisel,5,TX,5333,0.002
F,2011,Yizel,5,TX,5333,0.002
F,2011,Yocelin,5,TX,5333,0.002
F,2011,Ysabel,5,TX,5333,0.002
F,2011,Ytzel,5,TX,5333,0.002
F,2011,Yuritzy,5,TX,5333,0.002
F,2011,Yvanna,5,TX,5333,0.002
F,2012,Yaretzi,161,TX,436,0.048
F,2012,Yareli,96,TX,681,0.029
F,2012,Yaritza,76,TX,823,0.023
F,2012,Yamileth,67,TX,897,0.02
F,2012,Yesenia,49,TX,1141,0.015
F,2012,Yaretzy,48,TX,1157,0.014
F,2012,Yasmin,46,TX,1187,0.014
F,2012,Yazmin,46,TX,1187,0.014
F,2012,Yamilet,45,TX,1216,0.013
F,2012,Yarely,40,TX,1331,0.012
F,2012,Yuliana,37,TX,1411,0.011
F,2012,Yadira,32,TX,1556,0.01
F,2012,Yulissa,27,TX,1749,0.008
F,2012,Yvette,26,TX,1789,0.008
F,2012,Yaneli,24,TX,1897,0.007
F,2012,Yolanda,24,TX,1897,0.007
F,2012,Yoselin,23,TX,1958,0.007
F,2012,Yara,21,TX,2095,0.006
F,2012,Yahaira,19,TX,2227,0.006
F,2012,Yasmine,16,TX,2506,0.005
F,2012,Yessenia,16,TX,2506,0.005
F,2012,Yajaira,14,TX,2742,0.004
F,2012,Yessica,14,TX,2742,0.004
F,2012,Yvonne,13,TX,2881,0.004
F,2012,Yuridia,12,TX,3037,0.004
F,2012,Yanelly,11,TX,3216,0.003
F,2012,Yatziri,11,TX,3216,0.003
F,2012,Ysabella,11,TX,3216,0.003
F,2012,Yulianna,10,TX,3431,0.003
F,2012,Yohana,9,TX,3680,0.003
F,2012,Yoselyn,9,TX,3680,0.003
F,2012,Yarel,8,TX,3970,0.002
F,2012,Yasmeen,8,TX,3970,0.002
F,2012,Yazmine,8,TX,3970,0.002
F,2012,Yelena,8,TX,3970,0.002
F,2012,Yocelyn,8,TX,3970,0.002
F,2012,Ysabel,8,TX,3970,0.002
F,2012,Yanely,7,TX,4353,0.002
F,2012,Yanet,7,TX,4353,0.002
F,2012,Yanilen,7,TX,4353,0.002
F,2012,Yarelly,7,TX,4353,0.002
F,2012,Yaritzel,7,TX,4353,0.002
F,2012,Yocelin,7,TX,4353,0.002
F,2012,Yohanna,7,TX,4353,0.002
F,2012,Yorley,7,TX,4353,0.002
F,2012,Yuvia,7,TX,4353,0.002
F,2012,Yaneth,6,TX,4838,0.002
F,2012,Yareni,6,TX,4838,0.002
F,2012,Yarexi,6,TX,4838,0.002
F,2012,Yaslin,6,TX,4838,0.002
F,2012,Yatzil,6,TX,4838,0.002
F,2012,Yatziry,6,TX,4838,0.002
F,2012,Yvanna,6,TX,4838,0.002
F,2012,Yadhira,5,TX,5432,0.001
F,2012,Yalexi,5,TX,5432,0.001
F,2012,Yamilett,5,TX,5432,0.001
F,2012,Yamilex,5,TX,5432,0.001
F,2012,Yana,5,TX,5432,0.001
F,2012,Yanelli,5,TX,5432,0.001
F,2012,Yarelie,5,TX,5432,0.001
F,2012,Yelitza,5,TX,5432,0.001
F,2012,Yitzel,5,TX,5432,0.001
F,2012,Yliana,5,TX,5432,0.001
F,2012,Ytzel,5,TX,5432,0.001
F,2012,Yulisa,5,TX,5432,0.001
F,2012,Yumi,5,TX,5432,0.001
F,2012,Yusra,5,TX,5432,0.001
F,2013,Yaretzi,171,TX,428,0.05
F,2013,Yareli,108,TX,628,0.032
F,2013,Yamileth,81,TX,794,0.024
F,2013,Yaritza,69,TX,899,0.02
F,2013,Yamilet,53,TX,1092,0.016
F,2013,Yaretzy,41,TX,1314,0.012
F,2013,Yesenia,41,TX,1314,0.012
F,2013,Yazmin,39,TX,1368,0.011
F,2013,Yasmin,33,TX,1538,0.01
F,2013,Yuliana,32,TX,1567,0.009
F,2013,Yulissa,32,TX,1567,0.009
F,2013,Yaneli,30,TX,1645,0.009
F,2013,Yoselin,27,TX,1782,0.008
F,2013,Yolanda,26,TX,1816,0.008
F,2013,Yadira,25,TX,1859,0.007
F,2013,Yarely,24,TX,1909,0.007
F,2013,Yara,20,TX,2159,0.006
F,2013,Yuridia,19,TX,2239,0.006
F,2013,Yvette,19,TX,2239,0.006
F,2013,Yessenia,17,TX,2420,0.005
F,2013,Yulianna,17,TX,2420,0.005
F,2013,Yarel,16,TX,2520,0.005
F,2013,Yvonne,13,TX,2866,0.004
F,2013,Yahaira,11,TX,3244,0.003
F,2013,Yajaira,11,TX,3244,0.003
F,2013,Yessica,11,TX,3244,0.003
F,2013,Yisel,11,TX,3244,0.003
F,2013,Yzabella,11,TX,3244,0.003
F,2013,Yanely,10,TX,3445,0.003
F,2013,Yasmine,10,TX,3445,0.003
F,2013,Yatziri,10,TX,3445,0.003
F,2013,Yazmine,10,TX,3445,0.003
F,2013,Yaneth,9,TX,3684,0.003
F,2013,Yanilen,9,TX,3684,0.003
F,2013,Yatziry,9,TX,3684,0.003
F,2013,Yoselyn,9,TX,3684,0.003
F,2013,Ysabella,9,TX,3684,0.003
F,2013,Yalitza,8,TX,3980,0.002
F,2013,Yana,7,TX,4337,0.002
F,2013,Yanira,7,TX,4337,0.002
F,2013,Yazlin,7,TX,4337,0.002
F,2013,Yelena,7,TX,4337,0.002
F,2013,Yelitza,7,TX,4337,0.002
F,2013,Yuna,7,TX,4337,0.002
F,2013,Yvanna,7,TX,4337,0.002
F,2013,Yailin,6,TX,4838,0.002
F,2013,Yamilett,6,TX,4838,0.002
F,2013,Yamilex,6,TX,4838,0.002
F,2013,Yanelli,6,TX,4838,0.002
F,2013,Yanelly,6,TX,4838,0.002
F,2013,Yasmeen,6,TX,4838,0.002
F,2013,Yeimi,6,TX,4838,0.002
F,2013,Yohanna,6,TX,4838,0.002
F,2013,Yuritzi,6,TX,4838,0.002
F,2013,Yamila,5,TX,5452,0.001
F,2013,Yarexi,5,TX,5452,0.001
F,2013,Yaritzel,5,TX,5452,0.001
F,2013,Yatzil,5,TX,5452,0.001
F,2013,Yosselin,5,TX,5452,0.001
F,2013,Ytzel,5,TX,5452,0.001
F,2013,Yuritzy,5,TX,5452,0.001
F,2014,Yaretzi,138,TX,530,0.039
F,2014,Yamileth,88,TX,774,0.025
F,2014,Yareli,58,TX,1072,0.016
F,2014,Yaritza,52,TX,1169,0.015
F,2014,Yasmin,35,TX,1539,0.01
F,2014,Yaneli,33,TX,1602,0.009
F,2014,Yuliana,33,TX,1602,0.009
F,2014,Yesenia,31,TX,1667,0.009
F,2014,Yvette,31,TX,1667,0.009
F,2014,Yaretzy,30,TX,1706,0.008
F,2014,Yazmin,29,TX,1741,0.008
F,2014,Yamilet,27,TX,1825,0.008
F,2014,Yarely,26,TX,1874,0.007
F,2014,Yadira,20,TX,2256,0.006
F,2014,Yulissa,20,TX,2256,0.006
F,2014,Yolanda,17,TX,2512,0.005
F,2014,Yanely,16,TX,2620,0.005
F,2014,Yara,16,TX,2620,0.005
F,2014,Yasmine,16,TX,2620,0.005
F,2014,Yessenia,16,TX,2620,0.005
F,2014,Yoselin,16,TX,2620,0.005
F,2014,Yvonne,13,TX,2986,0.004
F,2014,Yaiza,11,TX,3303,0.003
F,2014,Yatziri,11,TX,3303,0.003
F,2014,Yanira,10,TX,3516,0.003
F,2014,Yasmeen,10,TX,3516,0.003
F,2014,Yael,9,TX,3720,0.003
F,2014,Yahaira,9,TX,3720,0.003
F,2014,Yamilex,9,TX,3720,0.003
F,2014,Yatziry,9,TX,3720,0.003
F,2014,Yelitza,9,TX,3720,0.003
F,2014,Yoselyn,9,TX,3720,0.003
F,2014,Yanelly,8,TX,4036,0.002
F,2014,Yarel,8,TX,4036,0.002
F,2014,Yohanna,8,TX,4036,0.002
F,2014,Ysabella,8,TX,4036,0.002
F,2014,Yulianna,8,TX,4036,0.002
F,2014,Yajaira,7,TX,4435,0.002
F,2014,Yamile,7,TX,4435,0.002
F,2014,Yazleemar,7,TX,4435,0.002
F,2014,Yazmine,7,TX,4435,0.002
F,2014,Yocelin,7,TX,4435,0.002
F,2014,Yuridia,7,TX,4435,0.002
F,2014,Yzabella,7,TX,4435,0.002
F,2014,Yana,6,TX,4933,0.002
F,2014,Yaneisy,6,TX,4933,0.002
F,2014,Yatzil,6,TX,4933,0.002
F,2014,Yelena,6,TX,4933,0.002
F,2014,Yuvia,6,TX,4933,0.002
F,2014,Yaneth,5,TX,5529,0.001
F,2014,Yohana,5,TX,5529,0.001
F,2014,Yulisa,5,TX,5529,0.001
F,2014,Yuna,5,TX,5529,0.001
F,2014,Yuri,5,TX,5529,0.001
F,2014,Yvanna,5,TX,5529,0.001
F,2015,Yaretzi,148,TX,495,0.041
F,2015,Yamileth,66,TX,980,0.018
F,2015,Yareli,66,TX,980,0.018
F,2015,Yaritza,53,TX,1161,0.015
F,2015,Yasmin,45,TX,1300,0.013
F,2015,Yazmin,37,TX,1489,0.01
F,2015,Yvette,31,TX,1688,0.009
F,2015,Yaneli,29,TX,1782,0.008
F,2015,Yara,29,TX,1782,0.008
F,2015,Yuliana,29,TX,1782,0.008
F,2015,Yulissa,28,TX,1828,0.008
F,2015,Yarely,27,TX,1869,0.008
F,2015,Yesenia,27,TX,1869,0.008
F,2015,Yoselin,27,TX,1869,0.008
F,2015,Yvonne,24,TX,2020,0.007
F,2015,Yaretzy,23,TX,2059,0.006
F,2015,Yamilet,22,TX,2127,0.006
F,2015,Yasmine,19,TX,2343,0.005
F,2015,Yaiza,18,TX,2421,0.005
F,2015,Yadira,17,TX,2507,0.005
F,2015,Yatziri,17,TX,2507,0.005
F,2015,Yahaira,15,TX,2731,0.004
F,2015,Yolanda,15,TX,2731,0.004
F,2015,Yanely,14,TX,2865,0.004
F,2015,Ysabella,14,TX,2865,0.004
F,2015,Yulianna,11,TX,3365,0.003
F,2015,Yusra,11,TX,3365,0.003
F,2015,Yatzil,10,TX,3579,0.003
F,2015,Yazaira,10,TX,3579,0.003
F,2015,Yohanna,9,TX,3846,0.003
F,2015,Yelitza,8,TX,4127,0.002
F,2015,Yelena,7,TX,4489,0.002
F,2015,Yessenia,7,TX,4489,0.002
F,2015,Yessica,7,TX,4489,0.002
F,2015,Yohana,7,TX,4489,0.002
F,2015,Yajaira,6,TX,4979,0.002
F,2015,Yalitza,6,TX,4979,0.002
F,2015,Yana,6,TX,4979,0.002
F,2015,Yanet,6,TX,4979,0.002
F,2015,Yazlynn,6,TX,4979,0.002
F,2015,Yazmine,6,TX,4979,0.002
F,2015,Yliana,6,TX,4979,0.002
F,2015,Yuna,6,TX,4979,0.002
F,2015,Yuridia,6,TX,4979,0.002
F,2015,Yamilett,5,TX,5641,0.001
F,2015,Yaneth,5,TX,5641,0.001
F,2015,Yaritzel,5,TX,5641,0.001
F,2015,Yazleemar,5,TX,5641,0.001
F,2015,Yesica,5,TX,5641,0.001
F,2015,Yocelyn,5,TX,5641,0.001
F,2015,Yoselyn,5,TX,5641,0.001
F,2015,Ysabel,5,TX,5641,0.001
F,2015,Yulieth,5,TX,5641,0.001
F,2015,Yuvia,5,TX,5641,0.001
F,2016,Yaretzi,116,TX,604,0.033
F,2016,Yareli,76,TX,882,0.022
F,2016,Yamileth,67,TX,973,0.019
F,2016,Yaritza,42,TX,1374,0.012
F,2016,Yazmin,39,TX,1447,0.011
F,2016,Yaretzy,38,TX,1473,0.011
F,2016,Yuliana,35,TX,1561,0.01
F,2016,Yarely,29,TX,1750,0.008
F,2016,Yasmin,28,TX,1797,0.008
F,2016,Yesenia,26,TX,1897,0.007
F,2016,Yulissa,24,TX,1996,0.007
F,2016,Yamilet,22,TX,2127,0.006
F,2016,Yoselin,22,TX,2127,0.006
F,2016,Yaneli,20,TX,2268,0.006
F,2016,Yurani,19,TX,2331,0.005
F,2016,Yadira,16,TX,2618,0.005
F,2016,Yahaira,16,TX,2618,0.005
F,2016,Yolanda,16,TX,2618,0.005
F,2016,Yvonne,15,TX,2738,0.004
F,2016,Yulianna,14,TX,2866,0.004
F,2016,Yvette,14,TX,2866,0.004
F,2016,Yasmine,13,TX,2999,0.004
F,2016,Yara,12,TX,3176,0.003
F,2016,Yatziri,12,TX,3176,0.003
F,2016,Yazmine,12,TX,3176,0.003
F,2016,Yamila,11,TX,3375,0.003
F,2016,Yaiza,10,TX,3563,0.003
F,2016,Yatzil,10,TX,3563,0.003
F,2016,Yusra,10,TX,3563,0.003
F,2016,Yael,9,TX,3793,0.003
F,2016,Yaneth,9,TX,3793,0.003
F,2016,Yanely,8,TX,4118,0.002
F,2016,Yulieth,8,TX,4118,0.002
F,2016,Yana,7,TX,4502,0.002
F,2016,Yatziry,7,TX,4502,0.002
F,2016,Yessenia,7,TX,4502,0.002
F,2016,Yoselyn,7,TX,4502,0.002
F,2016,Yzabella,7,TX,4502,0.002
F,2016,Yajaira,6,TX,4989,0.002
F,2016,Yamilex,6,TX,4989,0.002
F,2016,Yanet,6,TX,4989,0.002
F,2016,Yareni,6,TX,4989,0.002
F,2016,Yaritzy,6,TX,4989,0.002
F,2016,Yliana,6,TX,4989,0.002
F,2016,Yohana,6,TX,4989,0.002
F,2016,Yuna,6,TX,4989,0.002
F,2016,Yuri,6,TX,4989,0.002
F,2016,Yuritzy,6,TX,4989,0.002
F,2016,Yamilette,5,TX,5649,0.001
F,2016,Yelena,5,TX,5649,0.001
F,2016,Yessica,5,TX,5649,0.001
F,2016,Ysabella,5,TX,5649,0.001
F,2016,Yulisa,5,TX,5649,0.001
F,2016,Yurany,5,TX,5649,0.001
F,2017,Yaretzi,116,TX,592,0.035
F,2017,Yareli,80,TX,810,0.024
F,2017,Yamileth,67,TX,942,0.02
F,2017,Yaretzy,39,TX,1408,0.012
F,2017,Yarely,33,TX,1571,0.01
F,2017,Yaritza,28,TX,1763,0.008
F,2017,Yuliana,27,TX,1821,0.008
F,2017,Yulissa,27,TX,1821,0.008
F,2017,Yaneli,26,TX,1871,0.008
F,2017,Yasmine,24,TX,1967,0.007
F,2017,Yazmin,23,TX,2031,0.007
F,2017,Yara,22,TX,2084,0.007
F,2017,Yolanda,22,TX,2084,0.007
F,2017,Yesenia,21,TX,2154,0.006
F,2017,Yadira,20,TX,2231,0.006
F,2017,Yasmin,20,TX,2231,0.006
F,2017,Yatziri,19,TX,2301,0.006
F,2017,Yamila,17,TX,2475,0.005
F,2017,Yamilet,17,TX,2475,0.005
F,2017,Ysabella,15,TX,2686,0.004
F,2017,Yahaira,14,TX,2799,0.004
F,2017,Yoselin,14,TX,2799,0.004
F,2017,Yvette,13,TX,2940,0.004
F,2017,Yvonne,12,TX,3098,0.004
F,2017,Yasmeen,9,TX,3780,0.003
F,2017,Yatzil,9,TX,3780,0.003
F,2017,Yessenia,9,TX,3780,0.003
F,2017,Yuna,9,TX,3780,0.003
F,2017,Yuritzi,9,TX,3780,0.003
F,2017,Yanely,8,TX,4096,0.002
F,2017,Yaneth,8,TX,4096,0.002
F,2017,Yashvi,8,TX,4096,0.002
F,2017,Yuridia,8,TX,4096,0.002
F,2017,Yael,7,TX,4456,0.002
F,2017,Yamilex,7,TX,4456,0.002
F,2017,Yohana,7,TX,4456,0.002
F,2017,Yurani,7,TX,4456,0.002
F,2017,Yusra,7,TX,4456,0.002
F,2017,Yzabella,7,TX,4456,0.002
F,2017,Yazmine,6,TX,4888,0.002
F,2017,Yuri,6,TX,4888,0.002
F,2017,Yanelli,5,TX,5480,0.001
F,2017,Yanelly,5,TX,5480,0.001
F,2017,Yelitza,5,TX,5480,0.001
F,2017,Yessica,5,TX,5480,0.001
F,2017,Yetzali,5,TX,5480,0.001
F,2017,Yuleimy,5,TX,5480,0.001
F,2017,Yulianna,5,TX,5480,0.001
F,2018,Yaretzi,133,TX,531,0.04
F,2018,Yareli,86,TX,770,0.026
F,2018,Yamileth,66,TX,964,0.02
F,2018,Yuliana,41,TX,1380,0.012
F,2018,Yaritza,39,TX,1420,0.012
F,2018,Yara,35,TX,1538,0.01
F,2018,Yaretzy,30,TX,1698,0.009
F,2018,Yasmin,25,TX,1927,0.007
F,2018,Yazmin,24,TX,1971,0.007
F,2018,Yesenia,23,TX,2039,0.007
F,2018,Yaneli,21,TX,2165,0.006
F,2018,Yvette,21,TX,2165,0.006
F,2018,Yarely,19,TX,2312,0.006
F,2018,Yamila,18,TX,2393,0.005
F,2018,Yulissa,18,TX,2393,0.005
F,2018,Yamilet,17,TX,2486,0.005
F,2018,Yoselin,17,TX,2486,0.005
F,2018,Ysabella,17,TX,2486,0.005
F,2018,Yusra,17,TX,2486,0.005
F,2018,Yasmine,14,TX,2808,0.004
F,2018,Yahaira,13,TX,2945,0.004
F,2018,Yasmeen,13,TX,2945,0.004
F,2018,Yulianna,13,TX,2945,0.004
F,2018,Yazmine,12,TX,3104,0.004
F,2018,Yolanda,12,TX,3104,0.004
F,2018,Yatziri,11,TX,3297,0.003
F,2018,Yohana,11,TX,3297,0.003
F,2018,Yvonne,11,TX,3297,0.003
F,2018,Yuna,10,TX,3525,0.003
F,2018,Yeimy,9,TX,3778,0.003
F,2018,Yessenia,8,TX,4068,0.002
F,2018,Yzabella,8,TX,4068,0.002
F,2018,Yamilex,7,TX,4441,0.002
F,2018,Yana,7,TX,4441,0.002
F,2018,Yanelly,7,TX,4441,0.002
F,2018,Yaneth,7,TX,4441,0.002
F,2018,Yareni,7,TX,4441,0.002
F,2018,Yaslin,7,TX,4441,0.002
F,2018,Yaiza,6,TX,4934,0.002
F,2018,Yajaira,6,TX,4934,0.002
F,2018,Yadira,5,TX,5525,0.001
F,2018,Yaeli,5,TX,5525,0.001
F,2018,Yatzil,5,TX,5525,0.001
F,2018,Yazlin,5,TX,5525,0.001
F,2018,Yelitza,5,TX,5525,0.001
F,2018,Yetzali,5,TX,5525,0.001
F,2018,Ysabel,5,TX,5525,0.001
F,2018,Yurani,5,TX,5525,0.001
F,2018,Yuri,5,TX,5525,0.001
F,2018,Yuriana,5,TX,5525,0.001
F,2019,Yaretzi,140,TX,508,0.042
F,2019,Yareli,70,TX,923,0.021
F,2019,Yamileth,66,TX,970,0.02
F,2019,Yaritza,45,TX,1290,0.014
F,2019,Yasmin,40,TX,1391,0.012
F,2019,Yuliana,40,TX,1391,0.012
F,2019,Yamilet,35,TX,1536,0.011
F,2019,Yalitza,32,TX,1634,0.01
F,2019,Yara,29,TX,1759,0.009
F,2019,Yvette,27,TX,1840,0.008
F,2019,Yazmin,23,TX,2036,0.007
F,2019,Yarely,20,TX,2225,0.006
F,2019,Yaneli,18,TX,2385,0.005
F,2019,Yesenia,18,TX,2385,0.005
F,2019,Yvonne,18,TX,2385,0.005
F,2019,Yaretzy,17,TX,2497,0.005
F,2019,Yolanda,17,TX,2497,0.005
F,2019,Yasmine,16,TX,2598,0.005
F,2019,Yeimy,14,TX,2833,0.004
F,2019,Yulissa,12,TX,3144,0.004
F,2019,Yusra,11,TX,3339,0.003
F,2019,Yoselin,10,TX,3543,0.003
F,2019,Ysabella,10,TX,3543,0.003
F,2019,Yuri,10,TX,3543,0.003
F,2019,Yessica,8,TX,4117,0.002
F,2019,Yohana,8,TX,4117,0.002
F,2019,Yulianna,8,TX,4117,0.002
F,2019,Yuna,8,TX,4117,0.002
F,2019,Yurani,8,TX,4117,0.002
F,2019,Yana,7,TX,4514,0.002
F,2019,Yanelly,7,TX,4514,0.002
F,2019,Yanira,7,TX,4514,0.002
F,2019,Yahaira,6,TX,4932,0.002
F,2019,Yamila,6,TX,4932,0.002
F,2019,Yarishna,6,TX,4932,0.002
F,2019,Yatziry,6,TX,4932,0.002
F,2019,Yeimi,6,TX,4932,0.002
F,2019,Yemaya,6,TX,4932,0.002
F,2019,Yessenia,6,TX,4932,0.002
F,2019,Yael,5,TX,5546,0.002
F,2019,Yajaira,5,TX,5546,0.002
F,2019,Yameli,5,TX,5546,0.002
F,2019,Yaneth,5,TX,5546,0.002
F,2019,Yari,5,TX,5546,0.002
F,2019,Yashvi,5,TX,5546,0.002
F,2019,Yatzil,5,TX,5546,0.002
F,2019,Yatziri,5,TX,5546,0.002
F,2019,Yelitza,5,TX,5546,0.002
F,2019,Yetzali,5,TX,5546,0.002
F,2019,Yoana,5,TX,5546,0.002
F,2019,Yoselyn,5,TX,5546,0.002
F,2020,Yaretzi,108,TX,629,0.034
F,2020,Yareli,72,TX,890,0.022
F,2020,Yamileth,51,TX,1161,0.016
F,2020,Yara,38,TX,1451,0.012
F,2020,Yaritza,35,TX,1539,0.011
F,2020,Yasmin,26,TX,1887,0.008
F,2020,Yaretzy,24,TX,1989,0.007
F,2020,Yuliana,24,TX,1989,0.007
F,2020,Yazmin,23,TX,2042,0.007
F,2020,Yesenia,21,TX,2169,0.007
F,2020,Yarely,20,TX,2231,0.006
F,2020,Yvette,20,TX,2231,0.006
F,2020,Yaneli,18,TX,2384,0.006
F,2020,Yamilet,16,TX,2594,0.005
F,2020,Yasmine,16,TX,2594,0.005
F,2020,Yolanda,16,TX,2594,0.005
F,2020,Yusra,13,TX,2969,0.004
F,2020,Ysabella,12,TX,3134,0.004
F,2020,Yuri,12,TX,3134,0.004
F,2020,Yoselin,11,TX,3307,0.003
F,2020,Yulissa,11,TX,3307,0.003
F,2020,Yvonne,11,TX,3307,0.003
F,2020,Yatziri,10,TX,3509,0.003
F,2020,Yessenia,10,TX,3509,0.003
F,2020,Yael,8,TX,4050,0.002
F,2020,Yameli,8,TX,4050,0.002
F,2020,Yulianna,8,TX,4050,0.002
F,2020,Yahaira,7,TX,4421,0.002
F,2020,Yasmeen,7,TX,4421,0.002
F,2020,Yuna,7,TX,4421,0.002
F,2020,Yanelly,6,TX,4881,0.002
F,2020,Yanira,6,TX,4881,0.002
F,2020,Yelitza,6,TX,4881,0.002
F,2020,Yemariam,6,TX,4881,0.002
F,2020,Yemaya,6,TX,4881,0.002
F,2020,Yetzali,6,TX,4881,0.002
F,2020,Yoatzi,6,TX,4881,0.002
F,2020,Yajaira,5,TX,5515,0.002
F,2020,Yalitza,5,TX,5515,0.002
F,2020,Yanelli,5,TX,5515,0.002
F,2020,Yaneth,5,TX,5515,0.002
F,2020,Yareni,5,TX,5515,0.002
F,2020,Yashika,5,TX,5515,0.002
F,2020,Yazlin,5,TX,5515,0.002
F,2020,Yeimy,5,TX,5515,0.002
F,2020,Yohana,5,TX,5515,0.002
F,2020,Yoselyn,5,TX,5515,0.002
F,2021,Yaretzi,90,TX,740,0.028
F,2021,Yareli,78,TX,841,0.024
F,2021,Yamileth,54,TX,1137,0.017
F,2021,Yara,50,TX,1225,0.015
F,2021,Yaritza,40,TX,1438,0.012
F,2021,Yasmin,24,TX,2022,0.007
F,2021,Yazmin,22,TX,2133,0.007
F,2021,Yaretzy,21,TX,2204,0.006
F,2021,Yuliana,21,TX,2204,0.006
F,2021,Yaneli,19,TX,2347,0.006
F,2021,Yesenia,18,TX,2449,0.006
F,2021,Yvette,17,TX,2552,0.005
F,2021,Yarely,15,TX,2769,0.005
F,2021,Yuna,15,TX,2769,0.005
F,2021,Yusra,15,TX,2769,0.005
F,2021,Yasmeen,14,TX,2912,0.004
F,2021,Yulissa,14,TX,2912,0.004
F,2021,Yamilet,13,TX,3059,0.004
F,2021,Yatziri,13,TX,3059,0.004
F,2021,Yolanda,13,TX,3059,0.004
F,2021,Ysabella,13,TX,3059,0.004
F,2021,Yuri,13,TX,3059,0.004
F,2021,Yasmine,12,TX,3219,0.004
F,2021,Yoselin,12,TX,3219,0.004
F,2021,Yajaira,11,TX,3387,0.003
F,2021,Yoselyn,11,TX,3387,0.003
F,2021,Yael,10,TX,3598,0.003
F,2021,Yeimy,10,TX,3598,0.003
F,2021,Yelena,9,TX,3856,0.003
F,2021,Yaslin,8,TX,4148,0.002
F,2021,Yazlin,8,TX,4148,0.002
F,2021,Yahaira,7,TX,4556,0.002
F,2021,Yana,7,TX,4556,0.002
F,2021,Yvonne,7,TX,4556,0.002
F,2021,Yanelli,6,TX,5045,0.002
F,2021,Yaxeni,6,TX,5045,0.002
F,2021,Yadira,5,TX,5656,0.002
F,2021,Yaiza,5,TX,5656,0.002
F,2021,Yamila,5,TX,5656,0.002
F,2021,Yari,5,TX,5656,0.002
F,2021,Yemaya,5,TX,5656,0.002
F,2021,Yesica,5,TX,5656,0.002
F,2021,Yoatzi,5,TX,5656,0.002
F,2021,Yohana,5,TX,5656,0.002
F,2021,Yosselin,5,TX,5656,0.002
F,2021,Yumi,5,TX,5656,0.002
F,2022,Yaretzi,130,TX,562,0.038
F,2022,Yareli,89,TX,783,0.026
F,2022,Yamileth,71,TX,966,0.021
F,2022,Yara,52,TX,1209,0.015
F,2022,Yaritza,46,TX,1348,0.013
F,2022,Yasmin,40,TX,1496,0.012
F,2022,Yuliana,28,TX,1911,0.008
F,2022,Yaneli,27,TX,1964,0.008
F,2022,Yazmin,27,TX,1964,0.008
F,2022,Yelena,27,TX,1964,0.008
F,2022,Yusra,25,TX,2063,0.007
F,2022,Yvette,22,TX,2255,0.006
F,2022,Yarely,21,TX,2321,0.006
F,2022,Yesenia,21,TX,2321,0.006
F,2022,Yuna,19,TX,2489,0.006
F,2022,Yamilet,18,TX,2568,0.005
F,2022,Yailin,16,TX,2738,0.005
F,2022,Yaretzy,16,TX,2738,0.005
F,2022,Yuri,15,TX,2879,0.004
F,2022,Yana,14,TX,3012,0.004
F,2022,Yasmine,14,TX,3012,0.004
F,2022,Yeimy,13,TX,3150,0.004
F,2022,Yatziri,12,TX,3311,0.004
F,2022,Yulissa,11,TX,3492,0.003
F,2022,Yessenia,10,TX,3735,0.003
F,2022,Yasmeen,9,TX,4017,0.003
F,2022,Yohanna,9,TX,4017,0.003
F,2022,Yolanda,9,TX,4017,0.003
F,2022,Yoselin,9,TX,4017,0.003
F,2022,Yulianna,9,TX,4017,0.003
F,2022,Yadira,8,TX,4375,0.002
F,2022,Yael,8,TX,4375,0.002
F,2022,Yahaira,8,TX,4375,0.002
F,2022,Yahritza,8,TX,4375,0.002
F,2022,Yalitza,8,TX,4375,0.002
F,2022,Yvonne,8,TX,4375,0.002
F,2022,Yajaira,7,TX,4781,0.002
F,2022,Yamilex,7,TX,4781,0.002
F,2022,Yanira,7,TX,4781,0.002
F,2022,Yazmine,7,TX,4781,0.002
F,2022,Yessica,7,TX,4781,0.002
F,2022,Yetzali,7,TX,4781,0.002
F,2022,Yohana,7,TX,4781,0.002
F,2022,Yanelli,6,TX,5268,0.002
F,2022,Yanet,6,TX,5268,0.002
F,2022,Yareni,6,TX,5268,0.002
F,2022,Yashvi,6,TX,5268,0.002
F,2022,Yeilani,6,TX,5268,0.002
F,2022,Yeimi,6,TX,5268,0.002
F,2022,Yoatzi,6,TX,5268,0.002
F,2022,Yuli,6,TX,5268,0.002
F,2022,Yailyn,5,TX,5906,0.001
F,2022,Yanely,5,TX,5906,0.001
F,2022,Yaneth,5,TX,5906,0.001
F,2022,Yashika,5,TX,5906,0.001
F,2022,Yatziry,5,TX,5906,0.001
F,2022,Yelitza,5,TX,5906,0.001
F,2022,Yesly,5,TX,5906,0.001
F,2022,Yoana,5,TX,5906,0.001
F,2022,Ysabella,5,TX,5906,0.001
F,2022,Yumi,5,TX,5906,0.001
F,2023,Yaretzi,100,TX,702,0.029
F,2023,Yareli,76,TX,900,0.022
F,2023,Yamileth,55,TX,1172,0.016
F,2023,Yara,45,TX,1367,0.013
F,2023,Yasmin,41,TX,1481,0.012
F,2023,Yaritza,36,TX,1627,0.011
F,2023,Yaneli,33,TX,1736,0.01
F,2023,Yuliana,29,TX,1884,0.009
F,2023,Yazmin,24,TX,2130,0.007
F,2023,Yamilet,23,TX,2206,0.007
F,2023,Yatziri,20,TX,2411,0.006
F,2023,Yarely,18,TX,2579,0.005
F,2023,Yoselin,18,TX,2579,0.005
F,2023,Yulissa,18,TX,2579,0.005
F,2023,Yuri,18,TX,2579,0.005
F,2023,Yesenia,17,TX,2667,0.005
F,2023,Yusra,16,TX,2764,0.005
F,2023,Yelena,15,TX,2894,0.004
F,2023,Yuna,15,TX,2894,0.004
F,2023,Yailin,14,TX,3032,0.004
F,2023,Yelitza,13,TX,3180,0.004
F,2023,Yvette,13,TX,3180,0.004
F,2023,Yasmine,12,TX,3347,0.004
F,2023,Yadira,11,TX,3551,0.003
F,2023,Yaretzy,11,TX,3551,0.003
F,2023,Yemaya,10,TX,3793,0.003
F,2023,Ysabella,10,TX,3793,0.003
F,2023,Yvonne,10,TX,3793,0.003
F,2023,Yael,9,TX,4038,0.003
F,2023,Yahritza,9,TX,4038,0.003
F,2023,Yana,9,TX,4038,0.003
F,2023,Yessenia,9,TX,4038,0.003
F,2023,Yolanda,9,TX,4038,0.003
F,2023,Yulianna,9,TX,4038,0.003
F,2023,Yeimy,7,TX,4771,0.002
F,2023,Yessica,7,TX,4771,0.002
F,2023,Yanaisy,6,TX,5270,0.002
F,2023,Yanely,6,TX,5270,0.002
F,2023,Yashika,6,TX,5270,0.002
F,2023,Yatzil,6,TX,5270,0.002
F,2023,Yazlyn,6,TX,5270,0.002
F,2023,Yohana,6,TX,5270,0.002
F,2023,Yumna,6,TX,5270,0.002
F,2023,Yahaira,5,TX,5922,0.001
F,2023,Yajaira,5,TX,5922,0.001
F,2023,Yalda,5,TX,5922,0.001
F,2023,Yamila,5,TX,5922,0.001
F,2023,Yamilex,5,TX,5922,0.001
F,2023,Yaneth,5,TX,5922,0.001
F,2023,Yareni,5,TX,5922,0.001
F,2023,Yaslin,5,TX,5922,0.001
F,2023,Yoatzi,5,TX,5922,0.001
F,2023,Yulieth,5,TX,5922,0.001
F,2024,Yareli,74,TX,918,0.022
F,2024,Yamileth,67,TX,988,0.02
F,2024,Yara,55,TX,1169,0.016
F,2024,Yaretzi,49,TX,1275,0.014
F,2024,Yashna,40,TX,1494,0.012
F,2024,Yaneli,36,TX,1607,0.011
F,2024,Yusra,36,TX,1607,0.011
F,2024,Yasmin,34,TX,1676,0.01
F,2024,Yuliana,29,TX,1860,0.008
F,2024,Yesenia,24,TX,2121,0.007
F,2024,Yasmine,22,TX,2246,0.006
F,2024,Yazmin,22,TX,2246,0.006
F,2024,Yuna,18,TX,2546,0.005
F,2024,Yvette,18,TX,2546,0.005
F,2024,Yatziri,15,TX,2893,0.004
F,2024,Yailin,14,TX,3023,0.004
F,2024,Yarely,14,TX,3023,0.004
F,2024,Yvonne,14,TX,3023,0.004
F,2024,Yasmina,13,TX,3159,0.004
F,2024,Yoselin,13,TX,3159,0.004
F,2024,Yuri,13,TX,3159,0.004
F,2024,Yamilet,12,TX,3330,0.004
F,2024,Yeshna,10,TX,3798,0.003
F,2024,Yulieth,10,TX,3798,0.003
F,2024,Yaritza,9,TX,4082,0.003
F,2024,Yelena,9,TX,4082,0.003
F,2024,Yolanda,9,TX,4082,0.003
F,2024,Yahaira,8,TX,4388,0.002
F,2024,Yaretzy,8,TX,4388,0.002
F,2024,Yesly,8,TX,4388,0.002
F,2024,Ysabella,8,TX,4388,0.002
F,2024,Yael,7,TX,4790,0.002
F,2024,Yashika,7,TX,4790,0.002
F,2024,Yeimi,7,TX,4790,0.002
F,2024,Yesbeth,7,TX,4790,0.002
F,2024,Yohana,7,TX,4790,0.002
F,2024,Yumi,7,TX,4790,0.002
F,2024,Yadira,6,TX,5273,0.002
F,2024,Yafa,6,TX,5273,0.002
F,2024,Yamila,6,TX,5273,0.002
F,2024,Yashvi,6,TX,5273,0.002
F,2024,Yohanna,6,TX,5273,0.002
F,2024,Yulianna,6,TX,5273,0.002
F,2024,Yumna,6,TX,5273,0.002
F,2024,Yaeli,5,TX,5929,0.001
F,2024,Yahritza,5,TX,5929,0.001
F,2024,Yajaira,5,TX,5929,0.001
F,2024,Yamari,5,TX,5929,0.001
F,2024,Yana,5,TX,5929,0.001
F,2024,Yanelli,5,TX,5929,0.001
F,2024,Yaritzel,5,TX,5929,0.001
F,2024,Yashnareddy,5,TX,5929,0.001
F,2024,Yasmeen,5,TX,5929,0.001
F,2024,Yatzil,5,TX,5929,0.001
F,2024,Yazlin,5,TX,5929,0.001
F,2024,Yazlyn,5,TX,5929,0.001
F,2024,Yazmine,5,TX,5929,0.001
F,2024,Yeimy,5,TX,5929,0.001
F,2024,Ysabel,5,TX,5929,0.001
F,2024,Yuki,5,TX,5929,0.001
F,2024,Yulissa,5,TX,5929,0.001
F,2024,Yzabella,5,TX,5929,0.001
M,1910,Ygnacio,7,TX,664,0.025
M,1911,Ysidro,7,TX,675,0.024
M,1913,Ysidro,9,TX,821,0.017
M,1914,Ysidro,9,TX,940,0.014
M,1914,Ygnacio,6,TX,1197,0.009
M,1915,Ygnacio,7,TX,1239,0.009
M,1915,Ysidro,7,TX,1239,0.009
M,1915,Ysabel,5,TX,1523,0.006
M,1916,Ygnacio,8,TX,1165,0.01
M,1917,Ygnacio,10,TX,1045,0.012
M,1917,Ysidro,9,TX,1112,0.01
M,1917,Young,7,TX,1315,0.008
M,1917,Ysabel,7,TX,1315,0.008
M,1918,Ysabel,9,TX,1148,0.01
M,1918,Ygnacio,8,TX,1225,0.009
M,1918,Ysidro,6,TX,1455,0.007
M,1919,Ygnacio,9,TX,1187,0.009
M,1919,Ysabel,6,TX,1514,0.006
M,1920,Ygnacio,14,TX,954,0.013
M,1920,Ysidro,7,TX,1478,0.006
M,1921,Ysidro,16,TX,894,0.014
M,1921,Ygnacio,11,TX,1137,0.01
M,1921,Ysabel,7,TX,1481,0.006
M,1922,Ysidro,22,TX,752,0.02
M,1922,Ynes,7,TX,1473,0.006
M,1922,Ysabel,6,TX,1635,0.005
M,1922,Ygnacio,5,TX,1802,0.004
M,1923,Ysidro,9,TX,1270,0.008
M,1923,Ysabel,7,TX,1476,0.006
M,1924,Ysidro,13,TX,1071,0.011
M,1924,Ysabel,8,TX,1423,0.007
M,1925,Ysidro,9,TX,1317,0.008
M,1925,Ysabel,8,TX,1410,0.007
M,1926,Ygnacio,6,TX,1635,0.005
M,1926,Ysidro,5,TX,1828,0.004
M,1926,Ysmael,5,TX,1828,0.004
M,1927,Ysidro,7,TX,1508,0.006
M,1927,Ygnacio,6,TX,1643,0.005
M,1927,Ysabel,6,TX,1643,0.005
M,1928,Ysidro,8,TX,1348,0.007
M,1928,Ysabel,6,TX,1622,0.005
M,1928,Ygnacio,5,TX,1818,0.004
M,1928,Ysidoro,5,TX,1818,0.004
M,1929,Ygnacio,17,TX,890,0.014
M,1929,Ysidro,13,TX,1054,0.011
M,1930,Ysidro,8,TX,1373,0.007
M,1930,Ysabel,7,TX,1478,0.006
M,1931,Ygnacio,6,TX,1576,0.005
M,1931,Ysidro,5,TX,1737,0.004
M,1931,Ysmael,5,TX,1737,0.004
M,1932,Ysidro,8,TX,1303,0.007
M,1932,Ygnacio,7,TX,1409,0.006
M,1933,Ysidro,12,TX,1043,0.011
M,1933,Ygnacio,6,TX,1506,0.006
M,1934,Ysidro,8,TX,1370,0.007
M,1934,Ygnacio,7,TX,1463,0.006
M,1935,Ysidro,9,TX,1244,0.008
M,1935,Ysabel,5,TX,1760,0.004
M,1936,Ysidro,7,TX,1406,0.006
M,1937,Ygnacio,7,TX,1426,0.006
M,1937,Ysidro,6,TX,1542,0.005
M,1938,Ygnacio,5,TX,1686,0.004
M,1938,Ysidro,5,TX,1686,0.004
M,1939,Ysidro,9,TX,1216,0.008
M,1940,Ysidro,9,TX,1246,0.007
M,1941,Ysidro,15,TX,946,0.012
M,1941,Ysabel,7,TX,1457,0.005
M,1941,Ysmael,5,TX,1757,0.004
M,1942,Ysidro,12,TX,1101,0.009
M,1943,Ysidro,15,TX,1019,0.01
M,1944,Ysidro,9,TX,1368,0.006
M,1944,Ygnacio,5,TX,1869,0.003
M,1944,Ysabel,5,TX,1869,0.003
M,1945,Ysidro,10,TX,1259,0.007
M,1945,Ygnacio,8,TX,1418,0.005
M,1946,Ysidro,9,TX,1393,0.005
M,1946,Ysmael,7,TX,1608,0.004
M,1946,Yolanda,5,TX,1911,0.003
M,1947,Ysidro,7,TX,1682,0.004
M,1947,Ygnacio,6,TX,1824,0.003
M,1948,Ysidro,13,TX,1190,0.007
M,1949,Yolanda,10,TX,1360,0.005
M,1950,Ygnacio,7,TX,1680,0.004
M,1950,Yolanda,5,TX,2018,0.003
M,1950,Ysidro,5,TX,2018,0.003
M,1951,Ysidro,11,TX,1361,0.005
M,1952,Ysidro,6,TX,1914,0.003
M,1952,Yolanda,5,TX,2110,0.002
M,1953,Ygnacio,8,TX,1657,0.003
M,1953,Ysidro,8,TX,1657,0.003
M,1953,Yolanda,7,TX,1800,0.003
M,1954,Ysidro,5,TX,2175,0.002
M,1955,Yolanda,5,TX,2196,0.002
M,1955,Ysidro,5,TX,2196,0.002
M,1956,Ysidro,8,TX,1752,0.003
M,1956,Ysidoro,6,TX,2038,0.003
M,1957,Ysidro,8,TX,1784,0.003
M,1958,Ysidro,5,TX,2240,0.002
M,1959,Ysidro,11,TX,1514,0.005
M,1959,Yancy,8,TX,1797,0.003
M,1960,Yolanda,8,TX,1795,0.003
M,1960,Ysidro,6,TX,2088,0.003
M,1960,Yancy,5,TX,2277,0.002
M,1962,Ysidro,8,TX,1796,0.003
M,1963,Ysidro,9,TX,1701,0.004
M,1964,Yancy,7,TX,1926,0.003
M,1964,Ysidro,7,TX,1926,0.003
M,1965,Ysidro,7,TX,1824,0.004
M,1966,Ysidro,6,TX,1975,0.003
M,1966,Yancy,5,TX,2185,0.003
M,1966,Yul,5,TX,2185,0.003
M,1967,Yancy,7,TX,1808,0.004
M,1967,Ysidro,6,TX,1967,0.003
M,1968,Ysidro,5,TX,2266,0.003
M,1969,Yancy,5,TX,2356,0.002
M,1970,Yancy,8,TX,1908,0.004
M,1971,Yancey,8,TX,1956,0.004
M,1972,Yuri,6,TX,2235,0.003
M,1972,Yusef,6,TX,2235,0.003
M,1973,Yancy,9,TX,1781,0.005
M,1973,Ysidro,7,TX,2055,0.004
M,1973,Yancey,5,TX,2480,0.003
M,1974,Ysidro,6,TX,2250,0.003
M,1974,Yancy,5,TX,2478,0.002
M,1975,Ysidro,6,TX,2293,0.003
M,1976,Yancy,9,TX,1861,0.004
M,1976,Ysidro,6,TX,2353,0.003
M,1976,Ygnacio,5,TX,2600,0.002
M,1977,Ysidro,7,TX,2196,0.003
M,1978,Young,5,TX,2733,0.002
M,1980,Yolanda,6,TX,2619,0.002
M,1981,Yancy,5,TX,3019,0.002
M,1981,Young,5,TX,3019,0.002
M,1983,Yancey,5,TX,3016,0.002
M,1984,Yancy,5,TX,3066,0.002
M,1984,Ysidro,5,TX,3066,0.002
M,1986,Yoshio,5,TX,3192,0.002
M,1986,Ysidro,5,TX,3192,0.002
M,1987,Ysidro,7,TX,2594,0.003
M,1987,Yesenia,5,TX,3209,0.002
M,1987,Yousef,5,TX,3209,0.002
M,1988,Yousef,5,TX,3221,0.002
M,1989,Yusuf,5,TX,3381,0.002
M,1990,Ysidro,5,TX,3474,0.002
M,1991,Yovani,5,TX,3524,0.002
M,1992,Yobani,7,TX,2924,0.002
M,1992,Yonathan,6,TX,3264,0.002
M,1992,Yonatan,5,TX,3664,0.002
M,1993,Yair,6,TX,3231,0.002
M,1993,Yonatan,5,TX,3632,0.002
M,1993,Young,5,TX,3632,0.002
M,1994,Yousef,8,TX,2748,0.003
M,1994,Yair,5,TX,3700,0.002
M,1994,Yancy,5,TX,3700,0.002
M,1994,Yazan,5,TX,3700,0.002
M,1994,Yobani,5,TX,3700,0.002
M,1995,Yovani,9,TX,2566,0.003
M,1995,Ysidro,7,TX,2994,0.002
M,1995,Yonatan,5,TX,3747,0.002
M,1995,Yusef,5,TX,3747,0.002
M,1995,Yusuf,5,TX,3747,0.002
M,1996,Yonatan,10,TX,2492,0.003
M,1996,Yobani,7,TX,3087,0.002
M,1996,Yonathan,6,TX,3417,0.002
M,1996,Yousef,6,TX,3417,0.002
M,1996,Yovani,5,TX,3844,0.002
M,1996,Yusuf,5,TX,3844,0.002
M,1997,Yair,10,TX,2524,0.003
M,1997,Yovany,7,TX,3174,0.002
M,1997,Yonatan,6,TX,3494,0.002
M,1997,Ysidro,6,TX,3494,0.002
M,1997,Yobani,5,TX,3910,0.002
M,1997,Yonathan,5,TX,3910,0.002
M,1997,Yousef,5,TX,3910,0.002
M,1997,Yovani,5,TX,3910,0.002
M,1998,Yousef,11,TX,2465,0.004
M,1998,Yovani,10,TX,2608,0.003
M,1998,Yash,7,TX,3256,0.002
M,1998,Yair,6,TX,3625,0.002
M,1998,Yazan,5,TX,4076,0.002
M,1998,Yusuf,5,TX,4076,0.002
M,1999,Yonatan,8,TX,3108,0.003
M,1999,Yonathan,7,TX,3379,0.002
M,1999,Yousef,7,TX,3379,0.002
M,1999,Yael,5,TX,4228,0.002
M,1999,Yahir,5,TX,4228,0.002
M,1999,Yahya,5,TX,4228,0.002
M,1999,Yobani,5,TX,4228,0.002
M,1999,Yvan,5,TX,4228,0.002
M,2000,Yusuf,14,TX,2257,0.004
M,2000,Yousef,12,TX,2488,0.004
M,2000,Yovani,9,TX,3018,0.003
M,2000,Yash,8,TX,3276,0.002
M,2000,Yonatan,8,TX,3276,0.002
M,2000,Yonathan,7,TX,3582,0.002
M,2000,Yael,6,TX,3914,0.002
M,2000,Yahir,6,TX,3914,0.002
M,2000,Yoel,6,TX,3914,0.002
M,2000,Yahya,5,TX,4416,0.002
M,2000,Yair,5,TX,4416,0.002
M,2000,Yancey,5,TX,4416,0.002
M,2000,Yasir,5,TX,4416,0.002
M,2000,Yordi,5,TX,4416,0.002
M,2001,Yonatan,12,TX,2561,0.004
M,2001,Yousef,12,TX,2561,0.004
M,2001,Yair,11,TX,2699,0.003
M,2001,Yusuf,10,TX,2870,0.003
M,2001,Yovani,9,TX,3096,0.003
M,2001,Yazan,7,TX,3637,0.002
M,2001,Yash,6,TX,4011,0.002
M,2001,Youssef,6,TX,4011,0.002
M,2001,Yancy,5,TX,4541,0.002
M,2001,Yonathan,5,TX,4541,0.002
M,2001,Yousuf,5,TX,4541,0.002
M,2002,Yahir,73,TX,763,0.022
M,2002,Yair,22,TX,1772,0.007
M,2002,Yousef,15,TX,2274,0.005
M,2002,Yonatan,14,TX,2389,0.004
M,2002,Yash,11,TX,2785,0.003
M,2002,Yael,10,TX,2986,0.003
M,2002,Yordi,7,TX,3745,0.002
M,2002,Yosef,7,TX,3745,0.002
M,2002,Youssef,7,TX,3745,0.002
M,2002,Yonathan,6,TX,4124,0.002
M,2002,Yovani,6,TX,4124,0.002
M,2002,Yancy,5,TX,4637,0.002
M,2002,Yazan,5,TX,4637,0.002
M,2002,Yoni,5,TX,4637,0.002
M,2002,Yusef,5,TX,4637,0.002
M,2003,Yahir,265,TX,282,0.079
M,2003,Yair,34,TX,1347,0.01
M,2003,Yael,18,TX,2066,0.005
M,2003,Yonatan,12,TX,2670,0.004
M,2003,Yusuf,11,TX,2831,0.003
M,2003,Yonathan,10,TX,2981,0.003
M,2003,Yoel,9,TX,3210,0.003
M,2003,Yash,7,TX,3767,0.002
M,2003,Yared,6,TX,4176,0.002
M,2003,Yousef,6,TX,4176,0.002
M,2003,Yovani,5,TX,4726,0.001
M,2004,Yahir,170,TX,414,0.05
M,2004,Yair,45,TX,1135,0.013
M,2004,Yael,25,TX,1677,0.007
M,2004,Yousef,17,TX,2180,0.005
M,2004,Yovani,12,TX,2732,0.004
M,2004,Yeshua,10,TX,3075,0.003
M,2004,Yash,9,TX,3289,0.003
M,2004,Yonatan,9,TX,3289,0.003
M,2004,Yusuf,9,TX,3289,0.003
M,2004,Yovany,7,TX,3850,0.002
M,2004,Yobani,6,TX,4273,0.002
M,2004,Yordi,6,TX,4273,0.002
M,2004,Yasir,5,TX,4839,0.001
M,2004,Yehoshua,5,TX,4839,0.001
M,2004,Yosef,5,TX,4839,0.001
M,2005,Yahir,133,TX,508,0.039
M,2005,Yair,34,TX,1400,0.01
M,2005,Yael,24,TX,1756,0.007
M,2005,Yovani,19,TX,2051,0.006
M,2005,Yousef,13,TX,2636,0.004
M,2005,Yusuf,9,TX,3382,0.003
M,2005,Youssef,8,TX,3652,0.002
M,2005,Yamil,7,TX,4009,0.002
M,2005,Yash,7,TX,4009,0.002
M,2005,Yeshua,7,TX,4009,0.002
M,2005,Yahya,6,TX,4410,0.002
M,2005,Yasir,6,TX,4410,0.002
M,2005,Yobani,6,TX,4410,0.002
M,2005,Yandel,5,TX,4989,0.001
M,2005,Yaseen,5,TX,4989,0.001
M,2005,Yoel,5,TX,4989,0.001
M,2005,Yovanni,5,TX,4989,0.001
M,2006,Yahir,127,TX,538,0.036
M,2006,Yair,41,TX,1250,0.012
M,2006,Yandel,33,TX,1478,0.009
M,2006,Yael,32,TX,1507,0.009
M,2006,Yusuf,13,TX,2780,0.004
M,2006,Yousef,12,TX,2933,0.003
M,2006,Yovani,11,TX,3094,0.003
M,2006,Yash,10,TX,3298,0.003
M,2006,Yamil,9,TX,3547,0.003
M,2006,Yasir,9,TX,3547,0.003
M,2006,Yobani,7,TX,4140,0.002
M,2006,Yosef,7,TX,4140,0.002
M,2006,Yahya,6,TX,4557,0.002
M,2006,Yasin,6,TX,4557,0.002
M,2006,Yeshua,6,TX,4557,0.002
M,2006,Yordi,6,TX,4557,0.002
M,2006,Yadier,5,TX,5165,0.001
M,2006,Yunus,5,TX,5165,0.001
M,2007,Yahir,118,TX,591,0.033
M,2007,Yurem,47,TX,1171,0.013
M,2007,Yandel,46,TX,1193,0.013
M,2007,Yair,37,TX,1397,0.01
M,2007,Yael,31,TX,1593,0.009
M,2007,Yusuf,27,TX,1761,0.008
M,2007,Yeshua,13,TX,2840,0.004
M,2007,Yamil,12,TX,3002,0.003
M,2007,Yahya,11,TX,3173,0.003
M,2007,Yousef,10,TX,3375,0.003
M,2007,Yonatan,8,TX,3939,0.002
M,2007,Yovani,8,TX,3939,0.002
M,2007,Yadier,7,TX,4298,0.002
M,2007,Yaseen,6,TX,4739,0.002
M,2007,Yobani,6,TX,4739,0.002
M,2007,Yonathan,6,TX,4739,0.002
M,2007,Yovanni,6,TX,4739,0.002
M,2007,Yovany,6,TX,4739,0.002
M,2007,Yuri,6,TX,4739,0.002
M,2007,Yash,5,TX,5363,0.001
M,2007,Yerik,5,TX,5363,0.001
M,2007,Yulian,5,TX,5363,0.001
M,2008,Yahir,123,TX,571,0.034
M,2008,Yandel,73,TX,856,0.02
M,2008,Yael,40,TX,1350,0.011
M,2008,Yair,39,TX,1373,0.011
M,2008,Yurem,39,TX,1373,0.011
M,2008,Yahel,24,TX,1900,0.007
M,2008,Yusuf,20,TX,2181,0.006
M,2008,Yamil,14,TX,2753,0.004
M,2008,Yanixan,14,TX,2753,0.004
M,2008,Yeshua,14,TX,2753,0.004
M,2008,Yousef,14,TX,2753,0.004
M,2008,Yovani,13,TX,2887,0.004
M,2008,Yobani,11,TX,3220,0.003
M,2008,Yosgart,10,TX,3432,0.003
M,2008,Yash,7,TX,4320,0.002
M,2008,Yoel,7,TX,4320,0.002
M,2008,Yonatan,6,TX,4804,0.002
M,2008,Yosef,6,TX,4804,0.002
M,2008,Yuri,6,TX,4804,0.002
M,2008,Yadiel,5,TX,5433,0.001
M,2008,Yaseen,5,TX,5433,0.001
M,2008,Yerik,5,TX,5433,0.001
M,2008,Yhair,5,TX,5433,0.001
M,2008,Yohan,5,TX,5433,0.001
M,2008,Yonathan,5,TX,5433,0.001
M,2008,Yordi,5,TX,5433,0.001
M,2008,Yosgar,5,TX,5433,0.001
M,2008,Yousuf,5,TX,5433,0.001
M,2008,Yusef,5,TX,5433,0.001
M,2009,Yahir,139,TX,502,0.039
M,2009,Yandel,88,TX,741,0.025
M,2009,Yael,41,TX,1350,0.012
M,2009,Yair,37,TX,1452,0.01
M,2009,Yurem,22,TX,2082,0.006
M,2009,Yusuf,20,TX,2200,0.006
M,2009,Yadiel,18,TX,2350,0.005
M,2009,Yahya,16,TX,2534,0.005
M,2009,Yovani,16,TX,2534,0.005
M,2009,Yousef,13,TX,2886,0.004
M,2009,Yamil,12,TX,3052,0.003
M,2009,Yosgart,12,TX,3052,0.003
M,2009,Yeshua,10,TX,3439,0.003
M,2009,Yoel,9,TX,3678,0.003
M,2009,Yosgar,9,TX,3678,0.003
M,2009,Yanixan,8,TX,3970,0.002
M,2009,Yaseen,8,TX,3970,0.002
M,2009,Yerik,8,TX,3970,0.002
M,2009,Yosef,8,TX,3970,0.002
M,2009,Yahel,7,TX,4367,0.002
M,2009,Yamir,6,TX,4832,0.002
M,2009,Yonatan,6,TX,4832,0.002
M,2009,Yonathan,6,TX,4832,0.002
M,2009,Yadir,5,TX,5455,0.001
M,2009,Yarel,5,TX,5455,0.001
M,2009,Yash,5,TX,5455,0.001
M,2009,Yasin,5,TX,5455,0.001
M,2009,Youssef,5,TX,5455,0.001
M,2009,Yuri,5,TX,5455,0.001
M,2010,Yahir,130,TX,512,0.038
M,2010,Yandel,67,TX,877,0.02
M,2010,Yael,40,TX,1322,0.012
M,2010,Yair,31,TX,1591,0.009
M,2010,Yusuf,22,TX,2033,0.007
M,2010,Yadiel,21,TX,2098,0.006
M,2010,Yousef,16,TX,2513,0.005
M,2010,Yeshua,14,TX,2713,0.004
M,2010,Yovani,14,TX,2713,0.004
M,2010,Yerik,13,TX,2846,0.004
M,2010,Yariel,11,TX,3173,0.003
M,2010,Yash,11,TX,3173,0.003
M,2010,Yamil,9,TX,3620,0.003
M,2010,Yovany,9,TX,3620,0.003
M,2010,Yahel,8,TX,3906,0.002
M,2010,Yohan,8,TX,3906,0.002
M,2010,Yurem,8,TX,3906,0.002
M,2010,Yuri,8,TX,3906,0.002
M,2010,Yonathan,7,TX,4282,0.002
M,2010,Yasin,6,TX,4748,0.002
M,2010,Yobani,6,TX,4748,0.002
M,2010,Yoel,6,TX,4748,0.002
M,2010,Yosgart,6,TX,4748,0.002
M,2010,Yousif,6,TX,4748,0.002
M,2010,Yusef,6,TX,4748,0.002
M,2010,Yadier,5,TX,5404,0.001
M,2010,Yahya,5,TX,5404,0.001
M,2010,Yonatan,5,TX,5404,0.001
M,2010,Yosef,5,TX,5404,0.001
M,2010,Yostin,5,TX,5404,0.001
M,2010,Yousuf,5,TX,5404,0.001
M,2010,Yulian,5,TX,5404,0.001
M,2010,Yunus,5,TX,5404,0.001
M,2011,Yahir,131,TX,512,0.04
M,2011,Yandel,47,TX,1159,0.014
M,2011,Yael,28,TX,1697,0.008
M,2011,Yair,26,TX,1780,0.008
M,2011,Yusuf,23,TX,1942,0.007
M,2011,Yadiel,19,TX,2204,0.006
M,2011,Yousef,14,TX,2702,0.004
M,2011,Yurem,13,TX,2832,0.004
M,2011,Yerik,12,TX,2967,0.004
M,2011,Yeshua,12,TX,2967,0.004
M,2011,Yonathan,12,TX,2967,0.004
M,2011,Yousif,10,TX,3367,0.003
M,2011,Yariel,9,TX,3603,0.003
M,2011,Yoel,9,TX,3603,0.003
M,2011,Yohan,9,TX,3603,0.003
M,2011,Yadier,8,TX,3900,0.002
M,2011,Yaseen,8,TX,3900,0.002
M,2011,Yash,8,TX,3900,0.002
M,2011,Yovani,8,TX,3900,0.002
M,2011,Yovany,8,TX,3900,0.002
M,2011,Yahya,7,TX,4236,0.002
M,2011,Yamil,7,TX,4236,0.002
M,2011,Youssef,7,TX,4236,0.002
M,2011,Yoseph,6,TX,4694,0.002
M,2011,Yafet,5,TX,5333,0.002
M,2011,Yamir,5,TX,5333,0.002
M,2011,Yanuel,5,TX,5333,0.002
M,2011,Yavuz,5,TX,5333,0.002
M,2011,Yazan,5,TX,5333,0.002
M,2011,Yousuf,5,TX,5333,0.002
M,2011,Yulian,5,TX,5333,0.002
M,2011,Yuriel,5,TX,5333,0.002
M,2012,Yahir,100,TX,662,0.03
M,2012,Yael,45,TX,1216,0.013
M,2012,Yusuf,40,TX,1331,0.012
M,2012,Yandel,26,TX,1789,0.008
M,2012,Yahel,22,TX,2017,0.007
M,2012,Yeshua,21,TX,2095,0.006
M,2012,Yair,16,TX,2506,0.005
M,2012,Yerik,16,TX,2506,0.005
M,2012,Yousef,15,TX,2610,0.004
M,2012,Yadiel,13,TX,2881,0.004
M,2012,Youssef,11,TX,3216,0.003
M,2012,Yahya,10,TX,3431,0.003
M,2012,Yash,10,TX,3431,0.003
M,2012,Yazan,10,TX,3431,0.003
M,2012,Yadier,8,TX,3970,0.002
M,2012,Yoel,8,TX,3970,0.002
M,2012,Yohan,8,TX,3970,0.002
M,2012,Yosef,8,TX,3970,0.002
M,2012,Yovani,8,TX,3970,0.002
M,2012,Yamil,7,TX,4353,0.002
M,2012,Yamir,7,TX,4353,0.002
M,2012,Yariel,7,TX,4353,0.002
M,2012,Yobani,6,TX,4838,0.002
M,2012,Yonatan,6,TX,4838,0.002
M,2012,Yonathan,6,TX,4838,0.002
M,2012,Yousuf,6,TX,4838,0.002
M,2012,Yovanni,6,TX,4838,0.002
M,2012,Yuvan,6,TX,4838,0.002
M,2012,Yareth,5,TX,5432,0.001
M,2012,Yasir,5,TX,5432,0.001
M,2012,Yeray,5,TX,5432,0.001
M,2012,Yohann,5,TX,5432,0.001
M,2012,Yordi,5,TX,5432,0.001
M,2012,Yurem,5,TX,5432,0.001
M,2013,Yahir,89,TX,737,0.026
M,2013,Yael,48,TX,1179,0.014
M,2013,Yusuf,35,TX,1472,0.01
M,2013,Yandel,30,TX,1645,0.009
M,2013,Yair,24,TX,1909,0.007
M,2013,Yadiel,23,TX,1963,0.007
M,2013,Yeshua,17,TX,2420,0.005
M,2013,Yahya,16,TX,2520,0.005
M,2013,Yousef,14,TX,2739,0.004
M,2013,Yoel,13,TX,2866,0.004
M,2013,Youssef,13,TX,2866,0.004
M,2013,Yousuf,12,TX,3055,0.004
M,2013,Yariel,10,TX,3445,0.003
M,2013,Yadier,9,TX,3684,0.003
M,2013,Yahel,9,TX,3684,0.003
M,2013,Yazan,9,TX,3684,0.003
M,2013,Yohan,9,TX,3684,0.003
M,2013,Yamil,8,TX,3980,0.002
M,2013,Yaseen,8,TX,3980,0.002
M,2013,Yared,7,TX,4337,0.002
M,2013,Yosef,7,TX,4337,0.002
M,2013,Yanuel,6,TX,4838,0.002
M,2013,Yash,6,TX,4838,0.002
M,2013,Yasin,6,TX,4838,0.002
M,2013,Yassin,6,TX,4838,0.002
M,2013,Yeiden,6,TX,4838,0.002
M,2013,Yousif,6,TX,4838,0.002
M,2013,Yunus,6,TX,4838,0.002
M,2013,Yasiel,5,TX,5452,0.001
M,2013,Yasser,5,TX,5452,0.001
M,2013,Yerik,5,TX,5452,0.001
M,2013,Yobani,5,TX,5452,0.001
M,2013,Yonatan,5,TX,5452,0.001
M,2013,Yonathan,5,TX,5452,0.001
M,2013,Yurem,5,TX,5452,0.001
M,2014,Yahir,80,TX,831,0.023
M,2014,Yusuf,41,TX,1377,0.012
M,2014,Yael,34,TX,1560,0.01
M,2014,Yandel,33,TX,1602,0.009
M,2014,Yadiel,28,TX,1777,0.008
M,2014,Yousef,28,TX,1777,0.008
M,2014,Yeshua,26,TX,1874,0.007
M,2014,Yahel,21,TX,2188,0.006
M,2014,Yahya,16,TX,2620,0.005
M,2014,Yoel,16,TX,2620,0.005
M,2014,Yair,15,TX,2731,0.004
M,2014,Yohan,13,TX,2986,0.004
M,2014,Yaseen,10,TX,3516,0.003
M,2014,Yousif,10,TX,3516,0.003
M,2014,Yovani,10,TX,3516,0.003
M,2014,Yash,9,TX,3720,0.003
M,2014,Yeray,9,TX,3720,0.003
M,2014,Yurem,9,TX,3720,0.003
M,2014,Yadier,8,TX,4036,0.002
M,2014,Youssef,8,TX,4036,0.002
M,2014,Yareth,7,TX,4435,0.002
M,2014,Yazan,7,TX,4435,0.002
M,2014,Yoshua,7,TX,4435,0.002
M,2014,Yusef,7,TX,4435,0.002
M,2014,Yariel,6,TX,4933,0.002
M,2014,Yasir,6,TX,4933,0.002
M,2014,Yassin,6,TX,4933,0.002
M,2014,Yared,5,TX,5529,0.001
M,2014,Yasin,5,TX,5529,0.001
M,2014,Yerik,5,TX,5529,0.001
M,2014,Yonathan,5,TX,5529,0.001
M,2014,Yosef,5,TX,5529,0.001
M,2014,Yovany,5,TX,5529,0.001
M,2015,Yahir,84,TX,803,0.023
M,2015,Yusuf,51,TX,1190,0.014
M,2015,Yadiel,34,TX,1569,0.01
M,2015,Yael,33,TX,1607,0.009
M,2015,Yousef,29,TX,1782,0.008
M,2015,Yandel,23,TX,2059,0.006
M,2015,Yahya,21,TX,2199,0.006
M,2015,Yair,20,TX,2272,0.006
M,2015,Youssef,17,TX,2507,0.005
M,2015,Yeshua,15,TX,2731,0.004
M,2015,Yousif,14,TX,2865,0.004
M,2015,Yovani,13,TX,2994,0.004
M,2015,Yadier,12,TX,3165,0.003
M,2015,Yariel,12,TX,3165,0.003
M,2015,Yaseen,11,TX,3365,0.003
M,2015,Yahel,10,TX,3579,0.003
M,2015,Yazan,9,TX,3846,0.003
M,2015,Yonatan,9,TX,3846,0.003
M,2015,Yeiden,8,TX,4127,0.002
M,2015,Yosef,8,TX,4127,0.002
M,2015,Yasin,7,TX,4489,0.002
M,2015,Yeray,7,TX,4489,0.002
M,2015,Yerik,7,TX,4489,0.002
M,2015,Yoel,7,TX,4489,0.002
M,2015,Yohan,7,TX,4489,0.002
M,2015,Yousuf,7,TX,4489,0.002
M,2015,Yuvan,6,TX,4979,0.002
M,2015,Yareth,5,TX,5641,0.001
M,2015,Yash,5,TX,5641,0.001
M,2015,Yasiel,5,TX,5641,0.001
M,2015,Yasir,5,TX,5641,0.001
M,2015,Yassin,5,TX,5641,0.001
M,2015,Yonathan,5,TX,5641,0.001
M,2015,Yulian,5,TX,5641,0.001
M,2015,Yunus,5,TX,5641,0.001
M,2015,Yurem,5,TX,5641,0.001
M,2016,Yahir,63,TX,1023,0.018
M,2016,Yusuf,37,TX,1502,0.01
M,2016,Yousef,34,TX,1594,0.01
M,2016,Yair,29,TX,1750,0.008
M,2016,Yeshua,26,TX,1897,0.007
M,2016,Yael,22,TX,2127,0.006
M,2016,Yahya,21,TX,2202,0.006
M,2016,Yandel,20,TX,2268,0.006
M,2016,Yoel,20,TX,2268,0.006
M,2016,Yadiel,19,TX,2331,0.005
M,2016,Yousuf,15,TX,2738,0.004
M,2016,Yaseen,14,TX,2866,0.004
M,2016,Yousif,14,TX,2866,0.004
M,2016,Youssef,14,TX,2866,0.004
M,2016,Yadier,13,TX,2999,0.004
M,2016,Yariel,12,TX,3176,0.003
M,2016,Yosef,11,TX,3375,0.003
M,2016,Yuvan,9,TX,3793,0.003
M,2016,Yulian,8,TX,4118,0.002
M,2016,Yuvaan,8,TX,4118,0.002
M,2016,Yuvraj,8,TX,4118,0.002
M,2016,Yash,7,TX,4502,0.002
M,2016,Yazan,7,TX,4502,0.002
M,2016,Yerik,7,TX,4502,0.002
M,2016,Yoandri,7,TX,4502,0.002
M,2016,Yahia,6,TX,4989,0.002
M,2016,Yamil,6,TX,4989,0.002
M,2016,Yannick,6,TX,4989,0.002
M,2016,Yafet,5,TX,5649,0.001
M,2016,Yamen,5,TX,5649,0.001
M,2016,Yasiel,5,TX,5649,0.001
M,2016,Yasin,5,TX,5649,0.001
M,2016,Yovani,5,TX,5649,0.001
M,2016,Yuvin,5,TX,5649,0.001
M,2017,Yusuf,48,TX,1201,0.014
M,2017,Yahir,37,TX,1450,0.011
M,2017,Yael,35,TX,1504,0.01
M,2017,Yadiel,28,TX,1763,0.008
M,2017,Yousef,28,TX,1763,0.008
M,2017,Yair,22,TX,2084,0.007
M,2017,Yousif,19,TX,2301,0.006
M,2017,Yeshua,18,TX,2375,0.005
M,2017,Youssef,18,TX,2375,0.005
M,2017,Yuvaan,18,TX,2375,0.005
M,2017,Yahya,16,TX,2574,0.005
M,2017,Yariel,16,TX,2574,0.005
M,2017,Yaseen,16,TX,2574,0.005
M,2017,Yuvan,16,TX,2574,0.005
M,2017,Yoel,15,TX,2686,0.004
M,2017,Yandel,13,TX,2940,0.004
M,2017,Yousuf,12,TX,3098,0.004
M,2017,Yadier,11,TX,3290,0.003
M,2017,Yahel,11,TX,3290,0.003
M,2017,Yazan,10,TX,3512,0.003
M,2017,Yannick,9,TX,3780,0.003
M,2017,Yohan,9,TX,3780,0.003
M,2017,Yash,8,TX,4096,0.002
M,2017,Yasser,7,TX,4456,0.002
M,2017,Yaziel,7,TX,4456,0.002
M,2017,Yerik,7,TX,4456,0.002
M,2017,Yasir,6,TX,4888,0.002
M,2017,Yonatan,6,TX,4888,0.002
M,2017,Yarel,5,TX,5480,0.001
M,2017,Yasiel,5,TX,5480,0.001
M,2017,Yosef,5,TX,5480,0.001
M,2017,Yovani,5,TX,5480,0.001
M,2017,Yuvraj,5,TX,5480,0.001
M,2018,Yahir,53,TX,1131,0.016
M,2018,Yusuf,38,TX,1452,0.011
M,2018,Yael,31,TX,1657,0.009
M,2018,Yair,31,TX,1657,0.009
M,2018,Yadiel,27,TX,1822,0.008
M,2018,Yousef,26,TX,1879,0.008
M,2018,Yahya,16,TX,2575,0.005
M,2018,Yasiel,15,TX,2689,0.004
M,2018,Yeshua,15,TX,2689,0.004
M,2018,Yoel,14,TX,2808,0.004
M,2018,Yuvaan,13,TX,2945,0.004
M,2018,Yuvan,13,TX,2945,0.004
M,2018,Yousif,12,TX,3104,0.004
M,2018,Youssef,11,TX,3297,0.003
M,2018,Yerik,10,TX,3525,0.003
M,2018,Yusef,10,TX,3525,0.003
M,2018,Yaseen,9,TX,3778,0.003
M,2018,Yohan,9,TX,3778,0.003
M,2018,Yandel,8,TX,4068,0.002
M,2018,Yasir,8,TX,4068,0.002
M,2018,Yasser,8,TX,4068,0.002
M,2018,Yonatan,8,TX,4068,0.002
M,2018,Yousuf,8,TX,4068,0.002
M,2018,Yuri,8,TX,4068,0.002
M,2018,Yahel,7,TX,4441,0.002
M,2018,Yash,7,TX,4441,0.002
M,2018,Yosef,7,TX,4441,0.002
M,2018,Yurem,7,TX,4441,0.002
M,2018,Yanis,6,TX,4934,0.002
M,2018,Yariel,6,TX,4934,0.002
M,2018,Yaziel,6,TX,4934,0.002
M,2018,Yovani,6,TX,4934,0.002
M,2018,Yago,5,TX,5525,0.001
M,2018,Yamil,5,TX,5525,0.001
M,2018,Yannick,5,TX,5525,0.001
M,2018,Yasin,5,TX,5525,0.001
M,2018,Yazeed,5,TX,5525,0.001
M,2018,Yeiden,5,TX,5525,0.001
M,2018,Yunus,5,TX,5525,0.001
M,2018,Yuvraj,5,TX,5525,0.001
M,2019,Yahir,59,TX,1057,0.018
M,2019,Yusuf,42,TX,1349,0.013
M,2019,Yael,37,TX,1475,0.011
M,2019,Yadiel,32,TX,1634,0.01
M,2019,Yousef,28,TX,1795,0.008
M,2019,Yair,26,TX,1886,0.008
M,2019,Yoel,24,TX,1979,0.007
M,2019,Yerik,19,TX,2298,0.006
M,2019,Yuvaan,16,TX,2598,0.005
M,2019,Yahya,14,TX,2833,0.004
M,2019,Yeshua,14,TX,2833,0.004
M,2019,Yuvan,14,TX,2833,0.004
M,2019,Yariel,13,TX,2980,0.004
M,2019,Yadier,10,TX,3543,0.003
M,2019,Yuri,10,TX,3543,0.003
M,2019,Yandel,9,TX,3799,0.003
M,2019,Youssef,9,TX,3799,0.003
M,2019,Yohan,8,TX,4117,0.002
M,2019,Yousuf,8,TX,4117,0.002
M,2019,Yahel,7,TX,4514,0.002
M,2019,Yanuel,7,TX,4514,0.002
M,2019,Yareth,7,TX,4514,0.002
M,2019,Yaseen,7,TX,4514,0.002
M,2019,Yasiel,7,TX,4514,0.002
M,2019,Yurem,7,TX,4514,0.002
M,2019,Yahia,6,TX,4932,0.002
M,2019,Yasin,6,TX,4932,0.002
M,2019,Yasir,6,TX,4932,0.002
M,2019,Yousif,6,TX,4932,0.002
M,2019,Yamir,5,TX,5546,0.002
M,2019,Yazan,5,TX,5546,0.002
M,2019,Yaziel,5,TX,5546,0.002
M,2019,Yosef,5,TX,5546,0.002
M,2019,Yusef,5,TX,5546,0.002
M,2020,Yusuf,43,TX,1318,0.013
M,2020,Yahir,39,TX,1424,0.012
M,2020,Yadiel,25,TX,1941,0.008
M,2020,Yael,23,TX,2042,0.007
M,2020,Yahya,23,TX,2042,0.007
M,2020,Yousef,21,TX,2169,0.007
M,2020,Yoel,20,TX,2231,0.006
M,2020,Yerik,17,TX,2484,0.005
M,2020,Yeshua,16,TX,2594,0.005
M,2020,Yousif,14,TX,2825,0.004
M,2020,Yaseen,13,TX,2969,0.004
M,2020,Yair,12,TX,3134,0.004
M,2020,Yousuf,11,TX,3307,0.003
M,2020,Yadier,9,TX,3744,0.003
M,2020,Yared,9,TX,3744,0.003
M,2020,Yadriel,8,TX,4050,0.002
M,2020,Yasin,8,TX,4050,0.002
M,2020,Yasir,8,TX,4050,0.002
M,2020,Yuvan,8,TX,4050,0.002
M,2020,Yahel,7,TX,4421,0.002
M,2020,Yannick,7,TX,4421,0.002
M,2020,Yariel,7,TX,4421,0.002
M,2020,Yasiel,7,TX,4421,0.002
M,2020,Yeray,7,TX,4421,0.002
M,2020,Yosef,7,TX,4421,0.002
M,2020,Yunus,7,TX,4421,0.002
M,2020,Yazan,6,TX,4881,0.002
M,2020,Yohan,6,TX,4881,0.002
M,2020,Yamir,5,TX,5515,0.002
M,2020,Youssef,5,TX,5515,0.002
M,2020,Yug,5,TX,5515,0.002
M,2020,Yuvaan,5,TX,5515,0.002
M,2020,Yuvraj,5,TX,5515,0.002
M,2021,Yahir,51,TX,1204,0.016
M,2021,Yusuf,48,TX,1251,0.015
M,2021,Yael,40,TX,1438,0.012
M,2021,Yadiel,29,TX,1809,0.009
M,2021,Yahya,23,TX,2091,0.007
M,2021,Yuvaan,20,TX,2271,0.006
M,2021,Yousef,19,TX,2347,0.006
M,2021,Yerik,15,TX,2769,0.005
M,2021,Yeshua,15,TX,2769,0.005
M,2021,Yoel,12,TX,3219,0.004
M,2021,Yariel,11,TX,3387,0.003
M,2021,Yaseen,11,TX,3387,0.003
M,2021,Yuvan,11,TX,3387,0.003
M,2021,Yair,10,TX,3598,0.003
M,2021,Yazan,10,TX,3598,0.003
M,2021,Yohan,10,TX,3598,0.003
M,2021,Yovani,9,TX,3856,0.003
M,2021,Yeiden,8,TX,4148,0.002
M,2021,Yousif,8,TX,4148,0.002
M,2021,Yousuf,8,TX,4148,0.002
M,2021,Yunus,8,TX,4148,0.002
M,2021,Yanis,7,TX,4556,0.002
M,2021,Yasin,7,TX,4556,0.002
M,2021,Yadier,6,TX,5045,0.002
M,2021,Yadriel,6,TX,5045,0.002
M,2021,Yosef,6,TX,5045,0.002
M,2021,Younes,6,TX,5045,0.002
M,2021,Yulian,6,TX,5045,0.002
M,2021,Yaakov,5,TX,5656,0.002
M,2021,Yash,5,TX,5656,0.002
M,2021,Yasir,5,TX,5656,0.002
M,2021,Yehuda,5,TX,5656,0.002
M,2021,Yonatan,5,TX,5656,0.002
M,2021,Younis,5,TX,5656,0.002
M,2021,Yovanni,5,TX,5656,0.002
M,2021,Yuri,5,TX,5656,0.002
M,2021,Yuvraj,5,TX,5656,0.002
M,2022,Yahir,45,TX,1370,0.013
M,2022,Yael,44,TX,1396,0.013
M,2022,Yusuf,42,TX,1442,0.012
M,2022,Yousef,27,TX,1964,0.008
M,2022,Yair,25,TX,2063,0.007
M,2022,Yaseen,23,TX,2186,0.007
M,2022,Yadiel,22,TX,2255,0.006
M,2022,Yeshua,21,TX,2321,0.006
M,2022,Yahya,19,TX,2489,0.006
M,2022,Yousuf,17,TX,2651,0.005
M,2022,Yoel,16,TX,2738,0.005
M,2022,Yasir,15,TX,2879,0.004
M,2022,Yuvaan,13,TX,3150,0.004
M,2022,Yohan,12,TX,3311,0.004
M,2022,Younis,12,TX,3311,0.004
M,2022,Yuri,12,TX,3311,0.004
M,2022,Yariel,11,TX,3492,0.003
M,2022,Yosef,11,TX,3492,0.003
M,2022,Yannick,10,TX,3735,0.003
M,2022,Yadriel,9,TX,4017,0.003
M,2022,Yasiel,9,TX,4017,0.003
M,2022,Yasin,9,TX,4017,0.003
M,2022,Yonatan,9,TX,4017,0.003
M,2022,Yousif,9,TX,4017,0.003
M,2022,Yunus,9,TX,4017,0.003
M,2022,Yandel,7,TX,4781,0.002
M,2022,Yared,7,TX,4781,0.002
M,2022,Yash,7,TX,4781,0.002
M,2022,Yasser,7,TX,4781,0.002
M,2022,Yeison,7,TX,4781,0.002
M,2022,Yuvan,7,TX,4781,0.002
M,2022,Yadier,6,TX,5268,0.002
M,2022,Yannis,6,TX,5268,0.002
M,2022,Yazan,6,TX,5268,0.002
M,2022,Yoshua,6,TX,5268,0.002
M,2022,Yug,6,TX,5268,0.002
M,2022,Yuriel,6,TX,5268,0.002
M,2022,Yuvin,6,TX,5268,0.002
M,2022,Yan,5,TX,5906,0.001
M,2022,Yaziel,5,TX,5906,0.001
M,2022,Yerik,5,TX,5906,0.001
M,2022,Youssef,5,TX,5906,0.001
M,2022,Yovanni,5,TX,5906,0.001
M,2022,Yulian,5,TX,5906,0.001
M,2022,Yurem,5,TX,5906,0.001
M,2023,Yael,60,TX,1103,0.018
M,2023,Yahir,56,TX,1162,0.017
M,2023,Yusuf,51,TX,1242,0.015
M,2023,Yair,32,TX,1775,0.009
M,2023,Yadiel,31,TX,1809,0.009
M,2023,Yahya,28,TX,1923,0.008
M,2023,Yeshua,27,TX,1965,0.008
M,2023,Yoel,19,TX,2478,0.006
M,2023,Yousef,19,TX,2478,0.006
M,2023,Yuvaan,15,TX,2894,0.004
M,2023,Yareth,13,TX,3180,0.004
M,2023,Yousif,13,TX,3180,0.004
M,2023,Yaseen,12,TX,3347,0.004
M,2023,Yosef,12,TX,3347,0.004
M,2023,Yunus,12,TX,3347,0.004
M,2023,Yared,11,TX,3551,0.003
M,2023,Yosiah,11,TX,3551,0.003
M,2023,Youssef,11,TX,3551,0.003
M,2023,Yousuf,10,TX,3793,0.003
M,2023,Yuvan,10,TX,3793,0.003
M,2023,Yadier,9,TX,4038,0.003
M,2023,Yasin,9,TX,4038,0.003
M,2023,Yetzael,9,TX,4038,0.003
M,2023,Yohan,9,TX,4038,0.003
M,2023,Yandel,8,TX,4364,0.002
M,2023,Yash,8,TX,4364,0.002
M,2023,Yulian,8,TX,4364,0.002
M,2023,Yusef,8,TX,4364,0.002
M,2023,Yariel,7,TX,4771,0.002
M,2023,Yasir,7,TX,4771,0.002
M,2023,Yoshua,7,TX,4771,0.002
M,2023,Yunay,7,TX,4771,0.002
M,2023,Yahel,6,TX,5270,0.002
M,2023,Yaman,6,TX,5270,0.002
M,2023,Yasiel,6,TX,5270,0.002
M,2023,Yazan,6,TX,5270,0.002
M,2023,Yeiden,6,TX,5270,0.002
M,2023,Yerik,6,TX,5270,0.002
M,2023,Yordan,6,TX,5270,0.002
M,2023,Yovani,6,TX,5270,0.002
M,2023,Yug,6,TX,5270,0.002
M,2023,Yadriel,5,TX,5922,0.001
M,2023,Yanis,5,TX,5922,0.001
M,2023,Yasser,5,TX,5922,0.001
M,2023,Yeidan,5,TX,5922,0.001
M,2023,Yeray,5,TX,5922,0.001
M,2023,Yonathan,5,TX,5922,0.001
M,2023,Younis,5,TX,5922,0.001
M,2023,Yousaf,5,TX,5922,0.001
M,2024,Yahir,79,TX,871,0.023
M,2024,Yusuf,48,TX,1289,0.014
M,2024,Yael,44,TX,1384,0.013
M,2024,Yeshua,39,TX,1514,0.011
M,2024,Yahya,33,TX,1715,0.01
M,2024,Yousef,31,TX,1780,0.009
M,2024,Yadiel,28,TX,1904,0.008
M,2024,Yair,23,TX,2181,0.007
M,2024,Yohan,20,TX,2378,0.006
M,2024,Yaseen,17,TX,2646,0.005
M,2024,Yazan,14,TX,3023,0.004
M,2024,Yoel,14,TX,3023,0.004
M,2024,Yuvaan,14,TX,3023,0.004
M,2024,Yousif,12,TX,3330,0.004
M,2024,Yunus,12,TX,3330,0.004
M,2024,Yash,11,TX,3551,0.003
M,2024,Yusef,11,TX,3551,0.003
M,2024,Yadier,9,TX,4082,0.003
M,2024,Yamin,9,TX,4082,0.003
M,2024,Yasiel,9,TX,4082,0.003
M,2024,Yasir,9,TX,4082,0.003
M,2024,Yosef,9,TX,4082,0.003
M,2024,Youssef,9,TX,4082,0.003
M,2024,Yuvan,9,TX,4082,0.003
M,2024,Yousuf,8,TX,4388,0.002
M,2024,Yulian,8,TX,4388,0.002
M,2024,Yaman,7,TX,4790,0.002
M,2024,Yandel,7,TX,4790,0.002
M,2024,Younis,7,TX,4790,0.002
M,2024,Yuri,7,TX,4790,0.002
M,2024,Yahel,6,TX,5273,0.002
M,2024,Yamir,6,TX,5273,0.002
M,2024,Yariel,6,TX,5273,0.002
M,2024,Yasin,6,TX,5273,0.002
M,2024,Yaziel,6,TX,5273,0.002
M,2024,Yonatan,6,TX,5273,0.002
M,2024,Yovani,6,TX,5273,0.002
M,2024,Yahia,5,TX,5929,0.001
M,2024,Yanis,5,TX,5929,0.001
M,2024,Yeiden,5,TX,5929,0.001
M,2024,Yetzael,5,TX,5929,0.001
M,2024,Yoshua,5,TX,5929,0.001
M,2024,Yug,5,TX,5929,0.001
F,1921,Yvonne,5,TN,926,0.009
F,1923,Yvonne,8,TN,692,0.015
F,1924,Yvonne,8,TN,707,0.015
F,1925,Yvonne,12,TN,526,0.022
F,1926,Yvonne,7,TN,720,0.014
F,1927,Yvonne,9,TN,641,0.017
F,1930,Yvonne,5,TN,856,0.01
F,1931,Yvonne,16,TN,421,0.032
F,1932,Yvonne,12,TN,525,0.023
F,1933,Yvonne,10,TN,568,0.02
F,1934,Yvonne,12,TN,515,0.023
F,1935,Yvonne,39,TN,265,0.073
F,1936,Yvonne,55,TN,196,0.106
F,1937,Yvonne,54,TN,190,0.103
F,1938,Yvonne,49,TN,222,0.091
F,1939,Yvonne,31,TN,316,0.057
F,1940,Yvonne,24,TN,367,0.043
F,1941,Yvonne,34,TN,308,0.058
F,1942,Yvonne,36,TN,309,0.057
F,1943,Yvonne,19,TN,454,0.029
F,1944,Yvonne,23,TN,391,0.037
F,1945,Yvonne,31,TN,313,0.051
F,1946,Yvonne,30,TN,362,0.041
F,1947,Yvonne,43,TN,292,0.052
F,1948,Yvonne,58,TN,240,0.075
F,1949,Yvonne,38,TN,317,0.05
F,1949,Yvette,5,TN,931,0.007
F,1950,Yvonne,49,TN,266,0.065
F,1950,Yolanda,9,TN,701,0.012
F,1951,Yvonne,50,TN,261,0.064
F,1951,Yolanda,9,TN,705,0.012
F,1951,Yvette,5,TN,942,0.006
F,1952,Yvonne,60,TN,224,0.079
F,1952,Yolanda,8,TN,759,0.01
F,1953,Yvonne,73,TN,195,0.094
F,1953,Yolanda,11,TN,648,0.014
F,1954,Yvonne,57,TN,254,0.071
F,1954,Yolanda,25,TN,420,0.031
F,1954,Yvette,8,TN,790,0.01
F,1955,Yvonne,62,TN,224,0.078
F,1955,Yolanda,15,TN,565,0.019
F,1956,Yvonne,66,TN,228,0.083
F,1956,Yolanda,26,TN,422,0.033
F,1956,Yvette,12,TN,632,0.015
F,1957,Yvonne,64,TN,230,0.081
F,1957,Yolanda,23,TN,455,0.029
F,1958,Yvonne,42,TN,304,0.055
F,1958,Yolanda,13,TN,626,0.017
F,1958,Yvette,5,TN,1013,0.007
F,1959,Yvonne,44,TN,303,0.058
F,1959,Yolanda,24,TN,451,0.031
F,1959,Yvette,21,TN,487,0.027
F,1960,Yvonne,56,TN,255,0.074
F,1960,Yolanda,28,TN,418,0.037
F,1960,Yvette,11,TN,686,0.014
F,1961,Yvonne,50,TN,272,0.066
F,1961,Yolanda,35,TN,371,0.046
F,1961,Yvette,18,TN,527,0.024
F,1962,Yvonne,47,TN,286,0.063
F,1962,Yolanda,33,TN,375,0.044
F,1962,Yvette,21,TN,498,0.028
F,1963,Yolanda,46,TN,290,0.063
F,1963,Yvonne,34,TN,359,0.047
F,1963,Yvette,28,TN,411,0.038
F,1964,Yolanda,55,TN,256,0.075
F,1964,Yvonne,28,TN,416,0.038
F,1964,Yvette,21,TN,491,0.029
F,1964,Yolonda,9,TN,762,0.012
F,1965,Yolanda,42,TN,295,0.063
F,1965,Yvonne,31,TN,364,0.046
F,1965,Yvette,22,TN,459,0.033
F,1966,Yolanda,56,TN,219,0.088
F,1966,Yvette,23,TN,429,0.036
F,1966,Yvonne,23,TN,429,0.036
F,1967,Yolanda,64,TN,197,0.102
F,1967,Yvette,20,TN,450,0.032
F,1967,Yvonne,20,TN,450,0.032
F,1968,Yolanda,81,TN,164,0.131
F,1968,Yvette,24,TN,402,0.039
F,1968,Yvonne,19,TN,470,0.031
F,1968,Youlanda,5,TN,980,0.008
F,1969,Yolanda,103,TN,138,0.16
F,1969,Yvonne,22,TN,454,0.034
F,1969,Yvette,13,TN,595,0.02
F,1969,Yolonda,6,TN,901,0.009
F,1970,Yolanda,105,TN,140,0.157
F,1970,Yvonne,25,TN,420,0.037
F,1970,Yvette,18,TN,511,0.027
F,1970,Yolonda,6,TN,945,0.009
F,1971,Yolanda,79,TN,180,0.12
F,1971,Yvonne,20,TN,488,0.03
F,1971,Yvette,11,TN,688,0.017
F,1971,Yolonda,8,TN,841,0.012
F,1972,Yolanda,79,TN,166,0.131
F,1972,Yvonne,15,TN,552,0.025
F,1972,Yolonda,13,TN,599,0.022
F,1972,Yvette,8,TN,793,0.013
F,1973,Yolanda,78,TN,162,0.133
F,1973,Yvonne,20,TN,461,0.034
F,1973,Yolonda,6,TN,913,0.01
F,1974,Yolanda,65,TN,186,0.111
F,1974,Yvette,11,TN,651,0.019
F,1974,Yolonda,8,TN,793,0.014
F,1974,Yvonne,8,TN,793,0.014
F,1975,Yolanda,74,TN,157,0.131
F,1975,Yolonda,8,TN,772,0.014
F,1975,Yvonne,8,TN,772,0.014
F,1975,Yvette,6,TN,939,0.011
F,1975,Yulanda,5,TN,1054,0.009
F,1976,Yolanda,63,TN,178,0.113
F,1976,Yvonne,8,TN,746,0.014
F,1977,Yolanda,51,TN,227,0.085
F,1977,Yvonne,10,TN,719,0.017
F,1977,Yolonda,6,TN,971,0.01
F,1978,Yolanda,48,TN,239,0.08
F,1978,Yvonne,9,TN,753,0.015
F,1979,Yolanda,37,TN,305,0.06
F,1979,Yvonne,11,TN,682,0.018
F,1979,Yvette,7,TN,903,0.011
F,1980,Yolanda,28,TN,353,0.045
F,1980,Yvonne,8,TN,808,0.013
F,1981,Yolanda,21,TN,424,0.035
F,1981,Yvette,8,TN,780,0.013
F,1981,Yvonne,8,TN,780,0.013
F,1982,Yolanda,28,TN,354,0.046
F,1982,Yvonne,7,TN,852,0.012
F,1982,Yvette,5,TN,1046,0.008
F,1983,Yolanda,21,TN,423,0.035
F,1983,Yvonne,5,TN,1025,0.008
F,1984,Yolanda,12,TN,603,0.02
F,1984,Yvonne,6,TN,930,0.01
F,1984,Yvette,5,TN,1054,0.008
F,1985,Yolanda,18,TN,459,0.03
F,1985,Yvonne,5,TN,1064,0.008
F,1986,Yolanda,14,TN,549,0.024
F,1986,Yvonne,5,TN,1080,0.008
F,1987,Yolanda,16,TN,508,0.026
F,1988,Yolanda,7,TN,941,0.011
F,1989,Yolanda,9,TN,815,0.014
F,1990,Yolanda,8,TN,916,0.012
F,1992,Yolanda,10,TN,807,0.015
F,1992,Yasmine,8,TN,938,0.012
F,1992,Yasmeen,5,TN,1273,0.008
F,1993,Yasmine,9,TN,848,0.014
F,1993,Yolanda,5,TN,1274,0.008
F,1994,Yolanda,5,TN,1309,0.008
F,1995,Yasmeen,8,TN,969,0.013
F,1995,Yasmine,5,TN,1356,0.008
F,1996,Yasmine,13,TN,682,0.02
F,1996,Yasmeen,8,TN,973,0.013
F,1997,Yasmine,9,TN,920,0.014
F,1997,Yasmin,7,TN,1094,0.011
F,1997,Yesenia,5,TN,1371,0.008
F,1998,Yasmine,12,TN,801,0.018
F,1998,Yasmin,6,TN,1309,0.009
F,1998,Yesenia,5,TN,1460,0.008
F,1999,Yasmine,11,TN,850,0.016
F,1999,Yasmin,7,TN,1171,0.01
F,2000,Yasmine,15,TN,712,0.022
F,2000,Yasmin,8,TN,1102,0.012
F,2000,Yesenia,6,TN,1339,0.009
F,2000,Yasmeen,5,TN,1525,0.007
F,2001,Yasmine,18,TN,632,0.027
F,2001,Yasmin,7,TN,1205,0.011
F,2001,Yesenia,6,TN,1350,0.009
F,2001,Yolanda,5,TN,1544,0.008
F,2002,Yasmin,16,TN,692,0.025
F,2002,Yasmine,9,TN,1038,0.014
F,2002,Yesenia,9,TN,1038,0.014
F,2003,Yasmin,17,TN,673,0.026
F,2003,Yasmine,13,TN,855,0.02
F,2003,Yamilet,6,TN,1413,0.009
F,2004,Yesenia,13,TN,856,0.02
F,2004,Yasmin,11,TN,964,0.017
F,2004,Yaquelin,8,TN,1210,0.012
F,2004,Yoselin,8,TN,1210,0.012
F,2004,Yasmine,6,TN,1445,0.009
F,2005,Yasmin,15,TN,803,0.022
F,2005,Yadira,10,TN,1088,0.015
F,2005,Yasmine,7,TN,1406,0.01
F,2005,Yessica,6,TN,1549,0.009
F,2005,Yareli,5,TN,1734,0.007
F,2005,Yazmin,5,TN,1734,0.007
F,2005,Yoselin,5,TN,1734,0.007
F,2006,Yasmin,15,TN,827,0.022
F,2006,Yasmine,13,TN,929,0.019
F,2006,Yoselin,9,TN,1195,0.013
F,2006,Yesenia,8,TN,1315,0.012
F,2006,Yareli,5,TN,1810,0.007
F,2006,Yazmin,5,TN,1810,0.007
F,2006,Yuridia,5,TN,1810,0.007
F,2007,Yazmin,12,TN,1015,0.017
F,2007,Yasmin,11,TN,1079,0.015
F,2007,Yareli,10,TN,1161,0.014
F,2007,Yoselin,9,TN,1243,0.013
F,2007,Yesenia,7,TN,1438,0.01
F,2007,Yadira,6,TN,1617,0.008
F,2007,Yasmine,6,TN,1617,0.008
F,2007,Yuliana,6,TN,1617,0.008
F,2007,Yvonne,6,TN,1617,0.008
F,2007,Yajaira,5,TN,1837,0.007
F,2007,Yamilet,5,TN,1837,0.007
F,2008,Yoselin,13,TN,964,0.019
F,2008,Yasmin,12,TN,1031,0.017
F,2008,Yasmine,7,TN,1498,0.01
F,2008,Yaretzi,6,TN,1672,0.009
F,2008,Yesenia,6,TN,1672,0.009
F,2008,Yessica,6,TN,1672,0.009
F,2008,Yamileth,5,TN,1916,0.007
F,2008,Yaritza,5,TN,1916,0.007
F,2008,Yazmin,5,TN,1916,0.007
F,2009,Yasmin,10,TN,1149,0.015
F,2009,Yamilet,8,TN,1353,0.012
F,2009,Yaretzi,8,TN,1353,0.012
F,2009,Yazmin,8,TN,1353,0.012
F,2009,Yesenia,8,TN,1353,0.012
F,2009,Yoselin,8,TN,1353,0.012
F,2009,Yareli,6,TN,1654,0.009
F,2009,Yaritza,5,TN,1873,0.007
F,2009,Yasmine,5,TN,1873,0.007
F,2010,Yasmin,7,TN,1450,0.011
F,2010,Yoselin,7,TN,1450,0.011
F,2010,Yamileth,6,TN,1627,0.009
F,2010,Yaretzi,5,TN,1844,0.008
F,2011,Yoselin,11,TN,1062,0.017
F,2011,Yaretzi,8,TN,1326,0.012
F,2011,Yaritza,8,TN,1326,0.012
F,2011,Yareli,6,TN,1635,0.009
F,2011,Yasmin,6,TN,1635,0.009
F,2012,Yaretzi,12,TN,1012,0.018
F,2012,Yoselin,9,TN,1260,0.014
F,2012,Yareli,6,TN,1687,0.009
F,2012,Yasmin,6,TN,1687,0.009
F,2012,Yamileth,5,TN,1921,0.008
F,2012,Yaretzy,5,TN,1921,0.008
F,2012,Yesenia,5,TN,1921,0.008
F,2013,Yaretzi,14,TN,892,0.021
F,2013,Yoselin,7,TN,1490,0.011
F,2013,Yareli,5,TN,1894,0.008
F,2013,Yasmin,5,TN,1894,0.008
F,2014,Yaretzi,11,TN,1115,0.016
F,2014,Yaretzy,6,TN,1741,0.009
F,2014,Yamileth,5,TN,1959,0.007
F,2014,Yaneli,5,TN,1959,0.007
F,2014,Yasmin,5,TN,1959,0.007
F,2015,Yaretzi,12,TN,1069,0.018
F,2015,Yasmin,6,TN,1743,0.009
F,2015,Yesenia,6,TN,1743,0.009
F,2015,Yamileth,5,TN,1975,0.007
F,2016,Yaretzi,7,TN,1602,0.01
F,2016,Yara,6,TN,1775,0.009
F,2016,Yaritza,5,TN,2012,0.007
F,2016,Yasmin,5,TN,2012,0.007
F,2017,Yaretzi,10,TN,1218,0.015
F,2017,Yoselin,6,TN,1762,0.009
F,2017,Yamileth,5,TN,1997,0.007
F,2017,Yara,5,TN,1997,0.007
F,2018,Yareli,7,TN,1615,0.011
F,2018,Yara,6,TN,1829,0.009
F,2018,Yaretzi,6,TN,1829,0.009
F,2018,Yamila,5,TN,2045,0.008
F,2019,Yamileth,8,TN,1458,0.012
F,2019,Yaretzi,8,TN,1458,0.012
F,2019,Yara,7,TN,1604,0.011
F,2019,Yareli,7,TN,1604,0.011
F,2019,Yasmin,6,TN,1818,0.009
F,2019,Yoselin,5,TN,2050,0.008
F,2019,Yuliana,5,TN,2050,0.008
F,2020,Yaretzi,11,TN,1190,0.017
F,2020,Yara,7,TN,1610,0.011
F,2020,Yareli,7,TN,1610,0.011
F,2020,Yasmin,7,TN,1610,0.011
F,2021,Yaretzi,11,TN,1215,0.016
F,2021,Yara,7,TN,1700,0.01
F,2021,Yareli,6,TN,1886,0.009
F,2021,Yamileth,5,TN,2139,0.007
F,2022,Yaretzi,10,TN,1340,0.015
F,2022,Yamileth,9,TN,1452,0.013
F,2022,Yareli,8,TN,1573,0.012
F,2022,Yasmin,6,TN,1926,0.009
F,2022,Yara,5,TN,2169,0.007
F,2022,Yoselin,5,TN,2169,0.007
F,2023,Yasmin,9,TN,1463,0.013
F,2023,Yara,8,TN,1586,0.012
F,2023,Yaneli,6,TN,1931,0.009
F,2023,Yaretzi,6,TN,1931,0.009
F,2023,Yoselin,6,TN,1931,0.009
F,2023,Yaritza,5,TN,2185,0.007
F,2023,Yuri,5,TN,2185,0.007
F,2024,Yara,8,TN,1602,0.012
F,2024,Yohana,6,TN,1942,0.009
F,2024,Yoselin,6,TN,1942,0.009
F,2024,Yamileth,5,TN,2192,0.007
F,2024,Yaretzi,5,TN,2192,0.007
F,2024,Yasmina,5,TN,2192,0.007
F,2024,Yusra,5,TN,2192,0.007
M,2002,Yousef,5,TN,1545,0.008
M,2003,Yahir,11,TN,958,0.017
M,2004,Yahir,19,TN,657,0.029
M,2005,Yahir,9,TN,1172,0.013
M,2005,Yousef,6,TN,1549,0.009
M,2006,Yash,5,TN,1810,0.007
M,2006,Yovani,5,TN,1810,0.007
M,2007,Yahir,13,TN,951,0.018
M,2007,Yair,7,TN,1438,0.01
M,2007,Yurem,5,TN,1837,0.007
M,2007,Yusuf,5,TN,1837,0.007
M,2008,Yahir,10,TN,1169,0.014
M,2009,Yahir,14,TN,885,0.021
M,2009,Yusuf,5,TN,1873,0.007
M,2010,Yahir,10,TN,1109,0.016
M,2010,Yovani,6,TN,1627,0.009
M,2011,Yahir,7,TN,1461,0.011
M,2011,Yahya,5,TN,1859,0.008
M,2011,Yousef,5,TN,1859,0.008
M,2012,Yousif,9,TN,1260,0.014
M,2012,Yahir,7,TN,1515,0.011
M,2012,Yael,6,TN,1687,0.009
M,2012,Yusuf,6,TN,1687,0.009
M,2012,Yair,5,TN,1921,0.008
M,2013,Yahir,10,TN,1146,0.015
M,2013,Yael,5,TN,1894,0.008
M,2013,Yusuf,5,TN,1894,0.008
M,2014,Yusuf,6,TN,1741,0.009
M,2015,Yusuf,7,TN,1575,0.01
M,2015,Yair,6,TN,1743,0.009
M,2015,Yahir,5,TN,1975,0.007
M,2015,Yousif,5,TN,1975,0.007
M,2016,Yahir,6,TN,1775,0.009
M,2016,Yousef,6,TN,1775,0.009
M,2016,Yael,5,TN,2012,0.007
M,2017,Yusuf,10,TN,1218,0.015
M,2017,Yahir,5,TN,1997,0.007
M,2017,Yeshua,5,TN,1997,0.007
M,2017,Youssef,5,TN,1997,0.007
M,2018,Yousef,10,TN,1259,0.015
M,2018,Yusuf,8,TN,1458,0.012
M,2018,Yael,7,TN,1615,0.011
M,2018,Yahir,5,TN,2045,0.008
M,2018,Yousif,5,TN,2045,0.008
M,2018,Yunus,5,TN,2045,0.008
M,2019,Yusuf,7,TN,1604,0.011
M,2019,Yael,5,TN,2050,0.008
M,2020,Yousef,9,TN,1368,0.014
M,2020,Yahir,8,TN,1476,0.012
M,2020,Yoel,7,TN,1610,0.011
M,2020,Yusuf,7,TN,1610,0.011
M,2021,Yusuf,9,TN,1435,0.013
M,2021,Yousef,7,TN,1700,0.01
M,2021,Yoel,5,TN,2139,0.007
M,2021,Youssef,5,TN,2139,0.007
M,2022,Yahir,11,TN,1257,0.016
M,2022,Youssef,6,TN,1926,0.009
M,2022,Yasir,5,TN,2169,0.007
M,2022,Yousef,5,TN,2169,0.007
M,2023,Yusuf,11,TN,1260,0.016
M,2023,Yahya,7,TN,1724,0.01
M,2023,Yael,6,TN,1931,0.009
M,2023,Yeshua,6,TN,1931,0.009
M,2023,Yadiel,5,TN,2185,0.007
M,2024,Yahir,8,TN,1602,0.012
M,2024,Yahya,8,TN,1602,0.012
M,2024,Yusuf,7,TN,1756,0.01
M,2024,Yael,5,TN,2192,0.007
M,2024,Yohan,5,TN,2192,0.007
M,2024,Youssef,5,TN,2192,0.007
F,1911,Yolanda,6,NJ,311,0.039
F,1913,Yolanda,12,NJ,311,0.041
F,1913,Yetta,5,NJ,452,0.017
F,1914,Yolanda,8,NJ,417,0.021
F,1915,Yolanda,16,NJ,350,0.032
F,1915,Yetta,11,NJ,403,0.022
F,1915,Yvonne,7,NJ,498,0.014
F,1916,Yolanda,29,NJ,278,0.055
F,1916,Yola,5,NJ,620,0.009
F,1917,Yolanda,29,NJ,276,0.052
F,1917,Yvonne,15,NJ,361,0.027
F,1917,Yetta,5,NJ,635,0.009
F,1918,Yolanda,19,NJ,339,0.032
F,1918,Yetta,8,NJ,523,0.014
F,1919,Yolanda,23,NJ,320,0.04
F,1919,Yetta,11,NJ,434,0.019
F,1919,Yvonne,11,NJ,434,0.019
F,1920,Yolanda,30,NJ,284,0.049
F,1920,Yetta,9,NJ,484,0.015
F,1921,Yolanda,25,NJ,310,0.041
F,1921,Yvonne,13,NJ,401,0.021
F,1922,Yolanda,51,NJ,210,0.085
F,1922,Yvonne,11,NJ,431,0.018
F,1922,Yetta,10,NJ,461,0.017
F,1923,Yolanda,67,NJ,176,0.11
F,1923,Yetta,7,NJ,569,0.011
F,1923,Yvonne,7,NJ,569,0.011
F,1924,Yolanda,65,NJ,187,0.104
F,1924,Yvonne,10,NJ,470,0.016
F,1925,Yolanda,46,NJ,224,0.076
F,1925,Yvonne,23,NJ,321,0.038
F,1926,Yolanda,41,NJ,237,0.068
F,1926,Yvonne,11,NJ,451,0.018
F,1927,Yolanda,29,NJ,287,0.047
F,1927,Yvonne,14,NJ,395,0.023
F,1928,Yolanda,46,NJ,218,0.077
F,1928,Yvonne,15,NJ,389,0.025
F,1929,Yolanda,35,NJ,251,0.06
F,1929,Yvonne,18,NJ,349,0.031
F,1930,Yolanda,18,NJ,350,0.031
F,1930,Yvonne,9,NJ,503,0.015
F,1931,Yolanda,19,NJ,320,0.035
F,1931,Yvonne,19,NJ,320,0.035
F,1931,Yvette,5,NJ,614,0.009
F,1932,Yvonne,19,NJ,326,0.036
F,1932,Yolanda,16,NJ,364,0.03
F,1933,Yvonne,28,NJ,248,0.058
F,1933,Yolanda,15,NJ,352,0.031
F,1934,Yvonne,21,NJ,289,0.044
F,1934,Yolanda,9,NJ,447,0.019
F,1935,Yvonne,32,NJ,230,0.067
F,1936,Yvonne,26,NJ,253,0.055
F,1936,Yolanda,9,NJ,446,0.019
F,1937,Yvonne,69,NJ,143,0.142
F,1937,Yolanda,8,NJ,475,0.016
F,1938,Yvonne,41,NJ,204,0.082
F,1938,Yolanda,9,NJ,465,0.018
F,1939,Yvonne,44,NJ,197,0.087
F,1939,Yolanda,11,NJ,416,0.022
F,1940,Yvonne,41,NJ,203,0.077
F,1940,Yolanda,5,NJ,645,0.009
F,1941,Yvonne,44,NJ,213,0.074
F,1941,Yolanda,6,NJ,611,0.01
F,1942,Yvonne,49,NJ,222,0.067
F,1942,Yolanda,5,NJ,735,0.007
F,1943,Yvonne,37,NJ,265,0.05
F,1943,Yolanda,6,NJ,696,0.008
F,1944,Yvonne,42,NJ,236,0.063
F,1945,Yvonne,44,NJ,227,0.064
F,1945,Yvette,7,NJ,615,0.01
F,1946,Yvonne,66,NJ,204,0.077
F,1946,Yolanda,8,NJ,627,0.009
F,1947,Yvonne,63,NJ,227,0.066
F,1947,Yolanda,10,NJ,615,0.01
F,1948,Yvonne,77,NJ,196,0.087
F,1948,Yolanda,5,NJ,825,0.006
F,1949,Yvonne,69,NJ,213,0.078
F,1949,Yolanda,7,NJ,694,0.008
F,1950,Yvonne,67,NJ,216,0.075
F,1950,Yvette,15,NJ,475,0.017
F,1950,Yolanda,9,NJ,619,0.01
F,1951,Yvonne,86,NJ,187,0.09
F,1951,Yolanda,14,NJ,499,0.015
F,1951,Yvette,5,NJ,858,0.005
F,1952,Yvonne,102,NJ,180,0.101
F,1952,Yolanda,14,NJ,529,0.014
F,1952,Yvette,6,NJ,821,0.006
F,1953,Yvonne,85,NJ,203,0.083
F,1953,Yolanda,13,NJ,569,0.013
F,1953,Yvette,10,NJ,652,0.01
F,1954,Yvonne,84,NJ,215,0.077
F,1954,Yolanda,17,NJ,525,0.016
F,1954,Yvette,17,NJ,525,0.016
F,1955,Yvonne,96,NJ,197,0.086
F,1955,Yolanda,26,NJ,420,0.023
F,1955,Yvette,12,NJ,641,0.011
F,1956,Yvonne,75,NJ,242,0.066
F,1956,Yolanda,31,NJ,403,0.027
F,1956,Yvette,21,NJ,500,0.018
F,1957,Yvonne,95,NJ,215,0.08
F,1957,Yolanda,41,NJ,365,0.034
F,1957,Yvette,19,NJ,558,0.016
F,1958,Yvonne,84,NJ,241,0.071
F,1958,Yolanda,32,NJ,434,0.027
F,1958,Yvette,19,NJ,562,0.016
F,1959,Yvonne,104,NJ,207,0.088
F,1959,Yolanda,39,NJ,393,0.033
F,1959,Yvette,27,NJ,489,0.023
F,1960,Yvonne,99,NJ,215,0.083
F,1960,Yvette,51,NJ,339,0.043
F,1960,Yolanda,44,NJ,384,0.037
F,1960,Yolonda,5,NJ,1177,0.004
F,1961,Yvonne,91,NJ,230,0.075
F,1961,Yvette,72,NJ,291,0.059
F,1961,Yolanda,56,NJ,326,0.046
F,1962,Yvonne,98,NJ,217,0.083
F,1962,Yvette,76,NJ,262,0.064
F,1962,Yolanda,53,NJ,346,0.045
F,1963,Yvonne,110,NJ,200,0.092
F,1963,Yvette,85,NJ,245,0.071
F,1963,Yolanda,70,NJ,286,0.059
F,1964,Yvette,95,NJ,222,0.08
F,1964,Yvonne,86,NJ,247,0.073
F,1964,Yolanda,74,NJ,271,0.062
F,1965,Yvette,93,NJ,215,0.083
F,1965,Yvonne,89,NJ,227,0.079
F,1965,Yolanda,68,NJ,279,0.061
F,1966,Yvonne,121,NJ,167,0.112
F,1966,Yolanda,109,NJ,181,0.101
F,1966,Yvette,107,NJ,183,0.099
F,1966,Yolonda,6,NJ,1103,0.006
F,1967,Yvette,98,NJ,191,0.095
F,1967,Yolanda,97,NJ,194,0.094
F,1967,Yvonne,86,NJ,212,0.083
F,1967,Yolonda,5,NJ,1223,0.005
F,1968,Yolanda,119,NJ,160,0.118
F,1968,Yvette,92,NJ,203,0.091
F,1968,Yvonne,90,NJ,207,0.089
F,1969,Yolanda,130,NJ,149,0.125
F,1969,Yvette,88,NJ,216,0.085
F,1969,Yvonne,77,NJ,241,0.074
F,1970,Yolanda,144,NJ,137,0.136
F,1970,Yvonne,86,NJ,226,0.081
F,1970,Yvette,65,NJ,288,0.062
F,1970,Yasmin,6,NJ,1235,0.006
F,1971,Yolanda,163,NJ,118,0.166
F,1971,Yesenia,85,NJ,218,0.087
F,1971,Yvette,72,NJ,247,0.073
F,1971,Yvonne,69,NJ,257,0.07
F,1972,Yolanda,130,NJ,132,0.15
F,1972,Yvonne,63,NJ,250,0.073
F,1972,Yvette,59,NJ,261,0.068
F,1972,Yesenia,45,NJ,330,0.052
F,1972,Yecenia,5,NJ,1336,0.006
F,1973,Yolanda,108,NJ,148,0.133
F,1973,Yvonne,44,NJ,324,0.054
F,1973,Yvette,41,NJ,341,0.05
F,1973,Yesenia,25,NJ,491,0.031
F,1973,Yajaira,14,NJ,703,0.017
F,1973,Yasmin,7,NJ,1096,0.009
F,1973,Yolonda,5,NJ,1328,0.006
F,1974,Yolanda,86,NJ,176,0.107
F,1974,Yvonne,48,NJ,292,0.06
F,1974,Yvette,43,NJ,324,0.053
F,1974,Yesenia,35,NJ,379,0.044
F,1974,Yasmin,16,NJ,646,0.02
F,1975,Yolanda,64,NJ,218,0.083
F,1975,Yvonne,49,NJ,269,0.063
F,1975,Yesenia,37,NJ,350,0.048
F,1975,Yvette,24,NJ,488,0.031
F,1975,Yolonda,7,NJ,1101,0.009
F,1975,Yakima,6,NJ,1200,0.008
F,1975,Yajaira,5,NJ,1333,0.006
F,1975,Yasmin,5,NJ,1333,0.006
F,1976,Yolanda,83,NJ,168,0.11
F,1976,Yvette,28,NJ,419,0.037
F,1976,Yvonne,27,NJ,431,0.036
F,1976,Yesenia,24,NJ,470,0.032
F,1976,Yasmin,12,NJ,749,0.016
F,1976,Yolonda,7,NJ,1061,0.009
F,1976,Yajaira,6,NJ,1183,0.008
F,1977,Yolanda,65,NJ,212,0.083
F,1977,Yvonne,35,NJ,366,0.045
F,1977,Yvette,29,NJ,423,0.037
F,1977,Yesenia,18,NJ,588,0.023
F,1977,Yasmin,14,NJ,706,0.018
F,1977,Yadira,10,NJ,857,0.013
F,1977,Yasmeen,8,NJ,994,0.01
F,1977,Yahaira,6,NJ,1211,0.008
F,1978,Yolanda,64,NJ,210,0.082
F,1978,Yvette,31,NJ,409,0.04
F,1978,Yvonne,29,NJ,426,0.037
F,1978,Yadira,21,NJ,528,0.027
F,1978,Yesenia,21,NJ,528,0.027
F,1978,Yahaira,10,NJ,880,0.013
F,1978,Yasmeen,9,NJ,937,0.012
F,1978,Yajaira,7,NJ,1117,0.009
F,1978,Yasmin,7,NJ,1117,0.009
F,1978,Yakima,5,NJ,1371,0.006
F,1978,Yasmine,5,NJ,1371,0.006
F,1979,Yolanda,50,NJ,278,0.063
F,1979,Yvonne,35,NJ,370,0.044
F,1979,Yesenia,21,NJ,539,0.026
F,1979,Yvette,20,NJ,560,0.025
F,1979,Yajaira,9,NJ,950,0.011
F,1979,Yasmin,9,NJ,950,0.011
F,1979,Yadira,8,NJ,1027,0.01
F,1979,Yasmeen,7,NJ,1137,0.009
F,1979,Yahaira,6,NJ,1255,0.008
F,1979,Yanira,6,NJ,1255,0.008
F,1979,Yasmine,6,NJ,1255,0.008
F,1980,Yolanda,47,NJ,284,0.059
F,1980,Yesenia,22,NJ,511,0.028
F,1980,Yvonne,22,NJ,511,0.028
F,1980,Yajaira,17,NJ,610,0.021
F,1980,Yvette,13,NJ,723,0.016
F,1980,Yahaira,11,NJ,811,0.014
F,1980,Yasmin,11,NJ,811,0.014
F,1980,Yadira,10,NJ,874,0.013
F,1980,Yaritza,9,NJ,934,0.011
F,1980,Yasmeen,8,NJ,1010,0.01
F,1980,Yanira,6,NJ,1234,0.008
F,1980,Yessenia,6,NJ,1234,0.008
F,1981,Yolanda,30,NJ,413,0.038
F,1981,Yvonne,22,NJ,496,0.028
F,1981,Yvette,21,NJ,511,0.026
F,1981,Yesenia,17,NJ,594,0.021
F,1981,Yasmin,16,NJ,622,0.02
F,1981,Yajaira,15,NJ,655,0.019
F,1981,Yadira,9,NJ,917,0.011
F,1981,Yalitza,9,NJ,917,0.011
F,1981,Yahaira,8,NJ,1003,0.01
F,1981,Yasmeen,7,NJ,1089,0.009
F,1981,Yessenia,7,NJ,1089,0.009
F,1982,Yolanda,39,NJ,332,0.047
F,1982,Yvonne,22,NJ,510,0.027
F,1982,Yesenia,17,NJ,620,0.021
F,1982,Yajaira,16,NJ,643,0.019
F,1982,Yasmin,15,NJ,677,0.018
F,1982,Yvette,12,NJ,786,0.015
F,1982,Yasmeen,8,NJ,1025,0.01
F,1982,Yahaira,7,NJ,1109,0.009
F,1982,Yalitza,6,NJ,1241,0.007
F,1982,Yanira,6,NJ,1241,0.007
F,1982,Yadira,5,NJ,1391,0.006
F,1983,Yolanda,31,NJ,384,0.038
F,1983,Yvonne,31,NJ,384,0.038
F,1983,Yomaira,19,NJ,554,0.023
F,1983,Yesenia,13,NJ,719,0.016
F,1983,Yvette,12,NJ,768,0.015
F,1983,Yajaira,11,NJ,819,0.013
F,1983,Yasmin,11,NJ,819,0.013
F,1983,Yahaira,7,NJ,1105,0.009
F,1983,Yasmine,7,NJ,1105,0.009
F,1984,Yolanda,32,NJ,378,0.038
F,1984,Yvonne,16,NJ,632,0.019
F,1984,Yesenia,13,NJ,731,0.016
F,1984,Yvette,12,NJ,768,0.014
F,1984,Yahaira,9,NJ,917,0.011
F,1984,Yasmin,9,NJ,917,0.011
F,1984,Yomaira,9,NJ,917,0.011
F,1984,Yanira,8,NJ,997,0.01
F,1984,Yajaira,7,NJ,1084,0.008
F,1984,Yaritza,7,NJ,1084,0.008
F,1984,Yadira,5,NJ,1355,0.006
F,1985,Yolanda,22,NJ,519,0.025
F,1985,Yasmin,19,NJ,583,0.022
F,1985,Yvonne,19,NJ,583,0.022
F,1985,Yvette,17,NJ,633,0.02
F,1985,Yesenia,10,NJ,902,0.011
F,1985,Yajaira,7,NJ,1131,0.008
F,1985,Yessenia,6,NJ,1262,0.007
F,1985,Yasmeen,5,NJ,1426,0.006
F,1986,Yolanda,24,NJ,494,0.027
F,1986,Yvette,21,NJ,550,0.023
F,1986,Yesenia,19,NJ,593,0.021
F,1986,Yasmin,16,NJ,655,0.018
F,1986,Yvonne,12,NJ,797,0.013
F,1986,Yajaira,9,NJ,981,0.01
F,1986,Yahaira,8,NJ,1055,0.009
F,1986,Yaritza,7,NJ,1158,0.008
F,1986,Yasmeen,6,NJ,1280,0.007
F,1986,Yadira,5,NJ,1436,0.006
F,1986,Yael,5,NJ,1436,0.006
F,1986,Yanira,5,NJ,1436,0.006
F,1987,Yesenia,75,NJ,198,0.08
F,1987,Yasmin,21,NJ,587,0.022
F,1987,Yolanda,21,NJ,587,0.022
F,1987,Yvonne,19,NJ,641,0.02
F,1987,Yessenia,15,NJ,736,0.016
F,1987,Yvette,13,NJ,803,0.014
F,1987,Yasmine,11,NJ,884,0.012
F,1987,Yasmeen,10,NJ,954,0.011
F,1987,Yadira,9,NJ,1014,0.01
F,1987,Yaritza,8,NJ,1095,0.009
F,1987,Yanira,6,NJ,1317,0.006
F,1987,Yuri,6,NJ,1317,0.006
F,1988,Yesenia,41,NJ,358,0.042
F,1988,Yasmin,18,NJ,655,0.019
F,1988,Yolanda,17,NJ,686,0.018
F,1988,Yvonne,17,NJ,686,0.018
F,1988,Yvette,13,NJ,824,0.013
F,1988,Yessenia,12,NJ,858,0.012
F,1988,Yasmine,11,NJ,917,0.011
F,1988,Yadira,9,NJ,1045,0.009
F,1988,Yahaira,7,NJ,1224,0.007
F,1988,Yajaira,7,NJ,1224,0.007
F,1988,Yaritza,7,NJ,1224,0.007
F,1988,Yasmeen,7,NJ,1224,0.007
F,1988,Yanira,5,NJ,1553,0.005
F,1988,Yashira,5,NJ,1553,0.005
F,1988,Yuri,5,NJ,1553,0.005
F,1989,Yesenia,37,NJ,408,0.036
F,1989,Yasmine,23,NJ,588,0.022
F,1989,Yolanda,20,NJ,654,0.019
F,1989,Yvonne,19,NJ,681,0.018
F,1989,Yasmin,17,NJ,735,0.016
F,1989,Yvette,14,NJ,831,0.014
F,1989,Yahaira,9,NJ,1122,0.009
F,1989,Yessenia,9,NJ,1122,0.009
F,1989,Yasmeen,6,NJ,1467,0.006
F,1989,Yajaira,5,NJ,1658,0.005
F,1989,Yanira,5,NJ,1658,0.005
F,1989,Yuri,5,NJ,1658,0.005
F,1990,Yesenia,48,NJ,315,0.047
F,1990,Yasmin,24,NJ,586,0.023
F,1990,Yvonne,16,NJ,769,0.016
F,1990,Yolanda,14,NJ,843,0.014
F,1990,Yasmine,13,NJ,875,0.013
F,1990,Yessenia,13,NJ,875,0.013
F,1990,Yasmeen,10,NJ,1058,0.01
F,1990,Yaritza,8,NJ,1225,0.008
F,1990,Yael,6,NJ,1495,0.006
F,1990,Yanira,6,NJ,1495,0.006
F,1990,Yadira,5,NJ,1678,0.005
F,1990,Yajaira,5,NJ,1678,0.005
F,1990,Yashira,5,NJ,1678,0.005
F,1990,Yazmin,5,NJ,1678,0.005
F,1990,Yvette,5,NJ,1678,0.005
F,1991,Yesenia,36,NJ,399,0.036
F,1991,Yasmin,21,NJ,634,0.021
F,1991,Yvonne,20,NJ,657,0.02
F,1991,Yasmine,17,NJ,741,0.017
F,1991,Yolanda,15,NJ,816,0.015
F,1991,Yocheved,12,NJ,946,0.012
F,1991,Yasmeen,11,NJ,1017,0.011
F,1991,Yessenia,11,NJ,1017,0.011
F,1991,Yvette,11,NJ,1017,0.011
F,1991,Yessica,6,NJ,1498,0.006
F,1991,Yaritza,5,NJ,1688,0.005
F,1991,Yehudis,5,NJ,1688,0.005
F,1991,Yuri,5,NJ,1688,0.005
F,1992,Yasmin,25,NJ,546,0.025
F,1992,Yesenia,25,NJ,546,0.025
F,1992,Yolanda,15,NJ,806,0.015
F,1992,Yasmine,14,NJ,843,0.014
F,1992,Yaritza,10,NJ,1051,0.01
F,1992,Yvette,10,NJ,1051,0.01
F,1992,Yvonne,9,NJ,1131,0.009
F,1992,Yessenia,7,NJ,1350,0.007
F,1992,Yazmin,6,NJ,1494,0.006
F,1992,Yehudis,6,NJ,1494,0.006
F,1992,Yahaira,5,NJ,1696,0.005
F,1992,Yanira,5,NJ,1696,0.005
F,1992,Yasmeen,5,NJ,1696,0.005
F,1992,Yocheved,5,NJ,1696,0.005
F,1993,Yaritza,28,NJ,487,0.029
F,1993,Yesenia,25,NJ,541,0.026
F,1993,Yasmine,23,NJ,579,0.024
F,1993,Yvonne,15,NJ,789,0.016
F,1993,Yasmin,14,NJ,840,0.015
F,1993,Yasmeen,12,NJ,934,0.013
F,1993,Yolanda,12,NJ,934,0.013
F,1993,Yvette,10,NJ,1060,0.01
F,1993,Yehudis,6,NJ,1481,0.006
F,1993,Yessenia,6,NJ,1481,0.006
F,1993,Yashira,5,NJ,1693,0.005
F,1994,Yesenia,30,NJ,472,0.032
F,1994,Yasmin,21,NJ,624,0.022
F,1994,Yasmine,16,NJ,758,0.017
F,1994,Yasmeen,14,NJ,847,0.015
F,1994,Yvette,12,NJ,941,0.013
F,1994,Yolanda,10,NJ,1098,0.011
F,1994,Yaritza,9,NJ,1179,0.01
F,1994,Yvonne,9,NJ,1179,0.01
F,1994,Yanira,8,NJ,1283,0.008
F,1994,Yazmin,7,NJ,1405,0.007
F,1994,Yocheved,7,NJ,1405,0.007
F,1994,Yuri,7,NJ,1405,0.007
F,1994,Yehudis,5,NJ,1766,0.005
F,1995,Yesenia,33,NJ,438,0.036
F,1995,Yasmine,17,NJ,723,0.018
F,1995,Yasmin,14,NJ,832,0.015
F,1995,Yessenia,14,NJ,832,0.015
F,1995,Yasmeen,11,NJ,1005,0.012
F,1995,Yolanda,10,NJ,1073,0.011
F,1995,Yamilex,8,NJ,1252,0.009
F,1995,Yanira,8,NJ,1252,0.009
F,1995,Yazmin,8,NJ,1252,0.009
F,1995,Yaritza,7,NJ,1366,0.008
F,1995,Yvonne,7,NJ,1366,0.008
F,1995,Yehudis,6,NJ,1516,0.006
F,1995,Yesica,6,NJ,1516,0.006
F,1995,Yocheved,6,NJ,1516,0.006
F,1995,Yvette,5,NJ,1719,0.005
F,1996,Yamilex,25,NJ,542,0.027
F,1996,Yasmine,23,NJ,578,0.025
F,1996,Yasmin,22,NJ,594,0.024
F,1996,Yesenia,19,NJ,669,0.021
F,1996,Yaritza,12,NJ,937,0.013
F,1996,Yehudis,10,NJ,1086,0.011
F,1996,Yadira,9,NJ,1170,0.01
F,1996,Yasmeen,9,NJ,1170,0.01
F,1996,Yessenia,8,NJ,1266,0.009
F,1996,Yulemni,8,NJ,1266,0.009
F,1996,Yvonne,8,NJ,1266,0.009
F,1996,Yael,6,NJ,1542,0.007
F,1996,Yolanda,6,NJ,1542,0.007
F,1997,Yasmine,30,NJ,475,0.033
F,1997,Yasmin,24,NJ,561,0.027
F,1997,Yasmeen,16,NJ,755,0.018
F,1997,Yesenia,15,NJ,795,0.017
F,1997,Yehudis,10,NJ,1081,0.011
F,1997,Yvette,9,NJ,1176,0.01
F,1997,Yaritza,8,NJ,1297,0.009
F,1997,Yulissa,7,NJ,1410,0.008
F,1997,Yael,6,NJ,1571,0.007
F,1997,Yajaira,6,NJ,1571,0.007
F,1997,Yadira,5,NJ,1806,0.006
F,1997,Yamilex,5,NJ,1806,0.006
F,1998,Yasmine,21,NJ,631,0.023
F,1998,Yasmin,20,NJ,660,0.022
F,1998,Yesenia,15,NJ,811,0.017
F,1998,Yasmeen,14,NJ,849,0.016
F,1998,Yessenia,13,NJ,897,0.014
F,1998,Yehudis,10,NJ,1100,0.011
F,1998,Yajaira,7,NJ,1419,0.008
F,1998,Yazmin,7,NJ,1419,0.008
F,1998,Yvonne,7,NJ,1419,0.008
F,1998,Yadira,6,NJ,1611,0.007
F,1998,Yaritza,5,NJ,1837,0.006
F,1998,Yvette,5,NJ,1837,0.006
F,1999,Yasmine,21,NJ,643,0.024
F,1999,Yasmeen,16,NJ,787,0.018
F,1999,Yesenia,16,NJ,787,0.018
F,1999,Yasmin,15,NJ,826,0.017
F,1999,Yaritza,10,NJ,1129,0.011
F,1999,Yessenia,10,NJ,1129,0.011
F,1999,Yocheved,9,NJ,1215,0.01
F,1999,Yehudis,8,NJ,1323,0.009
F,1999,Yolanda,8,NJ,1323,0.009
F,1999,Yvette,7,NJ,1455,0.008
F,1999,Yael,6,NJ,1620,0.007
F,1999,Yenifer,6,NJ,1620,0.007
F,1999,Yadira,5,NJ,1812,0.006
F,1999,Yara,5,NJ,1812,0.006
F,1999,Yarelis,5,NJ,1812,0.006
F,1999,Yvonne,5,NJ,1812,0.006
F,2000,Yesenia,24,NJ,576,0.027
F,2000,Yasmin,21,NJ,646,0.023
F,2000,Yasmine,18,NJ,743,0.02
F,2000,Yaritza,11,NJ,1082,0.012
F,2000,Yocheved,9,NJ,1238,0.01
F,2000,Yvonne,9,NJ,1238,0.01
F,2000,Yasmeen,8,NJ,1344,0.009
F,2000,Yessenia,7,NJ,1498,0.008
F,2000,Yvette,7,NJ,1498,0.008
F,2000,Yehudis,6,NJ,1667,0.007
F,2000,Yael,5,NJ,1880,0.006
F,2000,Yamile,5,NJ,1880,0.006
F,2000,Yamilet,5,NJ,1880,0.006
F,2000,Yanique,5,NJ,1880,0.006
F,2000,Yara,5,NJ,1880,0.006
F,2000,Yazmin,5,NJ,1880,0.006
F,2000,Yoselin,5,NJ,1880,0.006
F,2001,Yasmin,26,NJ,549,0.029
F,2001,Yasmine,16,NJ,840,0.018
F,2001,Yesenia,16,NJ,840,0.018
F,2001,Yehudis,12,NJ,1036,0.013
F,2001,Yael,10,NJ,1171,0.011
F,2001,Yaire,8,NJ,1399,0.009
F,2001,Yasmeen,8,NJ,1399,0.009
F,2001,Yessenia,8,NJ,1399,0.009
F,2001,Yolanda,8,NJ,1399,0.009
F,2001,Yazmin,7,NJ,1531,0.008
F,2001,Yvonne,7,NJ,1531,0.008
F,2001,Yesica,6,NJ,1758,0.007
F,2001,Yvette,6,NJ,1758,0.007
F,2001,Yanira,5,NJ,1962,0.006
F,2001,Yenifer,5,NJ,1962,0.006
F,2001,Yocheved,5,NJ,1962,0.006
F,2001,Yuliana,5,NJ,1962,0.006
F,2002,Yesenia,21,NJ,643,0.024
F,2002,Yasmin,17,NJ,773,0.019
F,2002,Yocheved,15,NJ,863,0.017
F,2002,Yasmeen,13,NJ,972,0.015
F,2002,Yasmine,11,NJ,1105,0.012
F,2002,Yael,8,NJ,1386,0.009
F,2002,Yehudis,8,NJ,1386,0.009
F,2002,Yadira,7,NJ,1530,0.008
F,2002,Yazmin,7,NJ,1530,0.008
F,2002,Yvonne,7,NJ,1530,0.008
F,2002,Yessenia,6,NJ,1717,0.007
F,2002,Yvette,6,NJ,1717,0.007
F,2002,Yareli,5,NJ,1925,0.006
F,2003,Yasmin,28,NJ,520,0.031
F,2003,Yesenia,17,NJ,813,0.019
F,2003,Yasmine,14,NJ,936,0.015
F,2003,Yocheved,12,NJ,1053,0.013
F,2003,Yadira,11,NJ,1134,0.012
F,2003,Yaritza,11,NJ,1134,0.012
F,2003,Yehudis,11,NJ,1134,0.012
F,2003,Yahaira,9,NJ,1335,0.01
F,2003,Yasmeen,8,NJ,1453,0.009
F,2003,Yazmin,8,NJ,1453,0.009
F,2003,Yoselin,8,NJ,1453,0.009
F,2003,Yvonne,7,NJ,1584,0.008
F,2003,Yusra,6,NJ,1802,0.007
F,2003,Yamilet,5,NJ,2055,0.006
F,2003,Yamileth,5,NJ,2055,0.006
F,2003,Yana,5,NJ,2055,0.006
F,2003,Yarelis,5,NJ,2055,0.006
F,2003,Yuliana,5,NJ,2055,0.006
F,2004,Yasmin,39,NJ,401,0.044
F,2004,Yesenia,22,NJ,658,0.025
F,2004,Yasmine,19,NJ,768,0.021
F,2004,Yehudis,16,NJ,870,0.018
F,2004,Yadira,14,NJ,971,0.016
F,2004,Yocheved,14,NJ,971,0.016
F,2004,Yoselin,11,NJ,1168,0.012
F,2004,Yaritza,10,NJ,1255,0.011
F,2004,Yasmeen,9,NJ,1356,0.01
F,2004,Yazmin,8,NJ,1470,0.009
F,2004,Yael,7,NJ,1607,0.008
F,2004,Yamilet,7,NJ,1607,0.008
F,2004,Yarelis,6,NJ,1788,0.007
F,2004,Yadhira,5,NJ,2050,0.006
F,2004,Yamile,5,NJ,2050,0.006
F,2004,Yesica,5,NJ,2050,0.006
F,2004,Yessenia,5,NJ,2050,0.006
F,2004,Yvonne,5,NJ,2050,0.006
F,2005,Yasmin,33,NJ,471,0.038
F,2005,Yehudis,19,NJ,763,0.022
F,2005,Yocheved,19,NJ,763,0.022
F,2005,Yasmine,13,NJ,1026,0.015
F,2005,Yaritza,11,NJ,1158,0.013
F,2005,Yazmin,11,NJ,1158,0.013
F,2005,Yesenia,10,NJ,1230,0.011
F,2005,Yamilet,9,NJ,1351,0.01
F,2005,Yasmeen,9,NJ,1351,0.01
F,2005,Yoselin,7,NJ,1614,0.008
F,2005,Yadira,6,NJ,1818,0.007
F,2005,Yahaira,6,NJ,1818,0.007
F,2005,Yanelis,6,NJ,1818,0.007
F,2005,Yessenia,6,NJ,1818,0.007
F,2005,Yolanda,6,NJ,1818,0.007
F,2005,Yamilette,5,NJ,2057,0.006
F,2005,Yanira,5,NJ,2057,0.006
F,2005,Yara,5,NJ,2057,0.006
F,2005,Yulissa,5,NJ,2057,0.006
F,2005,Yuridia,5,NJ,2057,0.006
F,2006,Yasmin,31,NJ,507,0.035
F,2006,Yehudis,20,NJ,743,0.023
F,2006,Yesenia,16,NJ,885,0.018
F,2006,Yaritza,13,NJ,1048,0.015
F,2006,Yocheved,12,NJ,1115,0.014
F,2006,Yoselin,11,NJ,1180,0.013
F,2006,Yadira,10,NJ,1266,0.011
F,2006,Yasmine,10,NJ,1266,0.011
F,2006,Yazmin,10,NJ,1266,0.011
F,2006,Yaretzi,9,NJ,1387,0.01
F,2006,Yasmeen,7,NJ,1667,0.008
F,2006,Yvette,7,NJ,1667,0.008
F,2006,Yamilet,5,NJ,2083,0.006
F,2006,Yamileth,5,NJ,2083,0.006
F,2006,Yashvi,5,NJ,2083,0.006
F,2006,Yessenia,5,NJ,2083,0.006
F,2006,Yolanda,5,NJ,2083,0.006
F,2006,Yulissa,5,NJ,2083,0.006
F,2007,Yasmin,16,NJ,908,0.018
F,2007,Yehudis,14,NJ,1020,0.016
F,2007,Yasmine,13,NJ,1073,0.015
F,2007,Yocheved,13,NJ,1073,0.015
F,2007,Yadira,12,NJ,1143,0.014
F,2007,Yara,12,NJ,1143,0.014
F,2007,Yoselin,12,NJ,1143,0.014
F,2007,Yazmin,11,NJ,1227,0.012
F,2007,Yamilet,9,NJ,1425,0.01
F,2007,Yareli,9,NJ,1425,0.01
F,2007,Yael,8,NJ,1538,0.009
F,2007,Yana,8,NJ,1538,0.009
F,2007,Yaritza,8,NJ,1538,0.009
F,2007,Yesenia,7,NJ,1700,0.008
F,2007,Yolanda,7,NJ,1700,0.008
F,2007,Yarelis,6,NJ,1888,0.007
F,2007,Yashvi,6,NJ,1888,0.007
F,2007,Yasmeen,6,NJ,1888,0.007
F,2007,Yessenia,6,NJ,1888,0.007
F,2007,Yuliana,6,NJ,1888,0.007
F,2007,Yalitza,5,NJ,2173,0.006
F,2007,Yamile,5,NJ,2173,0.006
F,2007,Yamileth,5,NJ,2173,0.006
F,2007,Yaretzi,5,NJ,2173,0.006
F,2007,Yuridia,5,NJ,2173,0.006
F,2007,Yvonne,5,NJ,2173,0.006
F,2008,Yasmin,31,NJ,507,0.037
F,2008,Yehudis,23,NJ,667,0.027
F,2008,Yocheved,17,NJ,874,0.02
F,2008,Yaritza,16,NJ,913,0.019
F,2008,Yoselin,16,NJ,913,0.019
F,2008,Yazmin,14,NJ,1009,0.016
F,2008,Yareli,12,NJ,1149,0.014
F,2008,Yasmine,12,NJ,1149,0.014
F,2008,Yamilet,10,NJ,1310,0.012
F,2008,Yaretzi,9,NJ,1411,0.011
F,2008,Yolanda,8,NJ,1531,0.009
F,2008,Yadira,6,NJ,1896,0.007
F,2008,Yarely,6,NJ,1896,0.007
F,2008,Yesenia,6,NJ,1896,0.007
F,2008,Yamileth,5,NJ,2166,0.006
F,2008,Yuliana,5,NJ,2166,0.006
F,2009,Yasmin,25,NJ,617,0.03
F,2009,Yehudis,24,NJ,644,0.029
F,2009,Yara,18,NJ,824,0.022
F,2009,Yareli,17,NJ,872,0.02
F,2009,Yaritza,15,NJ,951,0.018
F,2009,Yocheved,13,NJ,1065,0.016
F,2009,Yaretzi,10,NJ,1307,0.012
F,2009,Yasmeen,10,NJ,1307,0.012
F,2009,Yasmine,9,NJ,1411,0.011
F,2009,Yael,8,NJ,1537,0.01
F,2009,Yamilet,8,NJ,1537,0.01
F,2009,Yesenia,8,NJ,1537,0.01
F,2009,Yashvi,7,NJ,1694,0.008
F,2009,Yana,6,NJ,1889,0.007
F,2009,Yazmin,6,NJ,1889,0.007
F,2009,Yoselin,6,NJ,1889,0.007
F,2009,Yuliana,6,NJ,1889,0.007
F,2009,Yamileth,5,NJ,2169,0.006
F,2009,Ysabella,5,NJ,2169,0.006
F,2010,Yocheved,23,NJ,655,0.029
F,2010,Yehudis,20,NJ,726,0.025
F,2010,Yasmin,16,NJ,873,0.02
F,2010,Yaretzi,14,NJ,977,0.017
F,2010,Yoselin,12,NJ,1116,0.015
F,2010,Yara,11,NJ,1201,0.014
F,2010,Yaritza,11,NJ,1201,0.014
F,2010,Yamilet,10,NJ,1297,0.012
F,2010,Yael,9,NJ,1417,0.011
F,2010,Yuna,9,NJ,1417,0.011
F,2010,Yamileth,7,NJ,1693,0.009
F,2010,Yanelis,6,NJ,1872,0.007
F,2010,Yaretzy,6,NJ,1872,0.007
F,2010,Yasmeen,6,NJ,1872,0.007
F,2010,Yasmine,6,NJ,1872,0.007
F,2010,Yazmin,6,NJ,1872,0.007
F,2010,Yusra,6,NJ,1872,0.007
F,2010,Yahaira,5,NJ,2107,0.006
F,2010,Yana,5,NJ,2107,0.006
F,2010,Yaneli,5,NJ,2107,0.006
F,2011,Yasmin,27,NJ,576,0.034
F,2011,Yehudis,27,NJ,576,0.034
F,2011,Yaretzi,17,NJ,836,0.021
F,2011,Yocheved,13,NJ,1067,0.016
F,2011,Yamilet,11,NJ,1209,0.014
F,2011,Yael,10,NJ,1281,0.013
F,2011,Yara,10,NJ,1281,0.013
F,2011,Yaritza,8,NJ,1525,0.01
F,2011,Yashvi,8,NJ,1525,0.01
F,2011,Yasmine,8,NJ,1525,0.01
F,2011,Yahaira,7,NJ,1679,0.009
F,2011,Yamile,6,NJ,1854,0.008
F,2011,Yareli,6,NJ,1854,0.008
F,2011,Yashika,6,NJ,1854,0.008
F,2011,Yasmeen,6,NJ,1854,0.008
F,2011,Yuliana,6,NJ,1854,0.008
F,2011,Yamileth,5,NJ,2114,0.006
F,2011,Yarelis,5,NJ,2114,0.006
F,2011,Yarely,5,NJ,2114,0.006
F,2011,Yoselin,5,NJ,2114,0.006
F,2011,Yuna,5,NJ,2114,0.006
F,2012,Yehudis,32,NJ,485,0.041
F,2012,Yocheved,30,NJ,515,0.038
F,2012,Yaretzi,21,NJ,713,0.027
F,2012,Yasmine,14,NJ,980,0.018
F,2012,Yaritza,12,NJ,1107,0.015
F,2012,Yamileth,11,NJ,1188,0.014
F,2012,Yasmin,10,NJ,1276,0.013
F,2012,Yara,9,NJ,1379,0.012
F,2012,Yareli,9,NJ,1379,0.012
F,2012,Yael,7,NJ,1679,0.009
F,2012,Yanely,7,NJ,1679,0.009
F,2012,Yesenia,7,NJ,1679,0.009
F,2012,Yoselin,7,NJ,1679,0.009
F,2012,Yvette,6,NJ,1858,0.008
F,2012,Yamilet,5,NJ,2124,0.006
F,2012,Yasmeen,5,NJ,2124,0.006
F,2012,Yuliana,5,NJ,2124,0.006
F,2013,Yaretzi,31,NJ,505,0.04
F,2013,Yehudis,31,NJ,505,0.04
F,2013,Yocheved,19,NJ,780,0.024
F,2013,Yasmin,16,NJ,888,0.021
F,2013,Yara,11,NJ,1193,0.014
F,2013,Yael,10,NJ,1276,0.013
F,2013,Yaritza,9,NJ,1371,0.012
F,2013,Yamileth,8,NJ,1502,0.01
F,2013,Yaretzy,8,NJ,1502,0.01
F,2013,Yadira,6,NJ,1867,0.008
F,2013,Yamilet,6,NJ,1867,0.008
F,2013,Yareli,6,NJ,1867,0.008
F,2013,Yasmine,6,NJ,1867,0.008
F,2013,Yuliana,6,NJ,1867,0.008
F,2013,Yarely,5,NJ,2124,0.006
F,2013,Yasmeen,5,NJ,2124,0.006
F,2014,Yehudis,31,NJ,530,0.039
F,2014,Yocheved,17,NJ,867,0.022
F,2014,Yaretzi,15,NJ,965,0.019
F,2014,Yasmin,14,NJ,1017,0.018
F,2014,Yael,12,NJ,1135,0.015
F,2014,Yasmine,11,NJ,1215,0.014
F,2014,Yara,9,NJ,1399,0.011
F,2014,Yamileth,8,NJ,1537,0.01
F,2014,Yana,8,NJ,1537,0.01
F,2014,Yoselin,6,NJ,1889,0.008
F,2014,Yamilet,5,NJ,2147,0.006
F,2014,Yanelis,5,NJ,2147,0.006
F,2014,Yareli,5,NJ,2147,0.006
F,2014,Yaritza,5,NJ,2147,0.006
F,2014,Yashvi,5,NJ,2147,0.006
F,2014,Yuna,5,NJ,2147,0.006
F,2015,Yehudis,32,NJ,517,0.041
F,2015,Yocheved,21,NJ,744,0.027
F,2015,Yael,11,NJ,1247,0.014
F,2015,Yaritza,10,NJ,1332,0.013
F,2015,Yaretzi,9,NJ,1446,0.011
F,2015,Yana,8,NJ,1567,0.01
F,2015,Yasmin,8,NJ,1567,0.01
F,2015,Yara,6,NJ,1905,0.008
F,2015,Yashvi,6,NJ,1905,0.008
F,2015,Yesenia,6,NJ,1905,0.008
F,2015,Yaiza,5,NJ,2142,0.006
F,2015,Yamilet,5,NJ,2142,0.006
F,2015,Yamileth,5,NJ,2142,0.006
F,2015,Yarely,5,NJ,2142,0.006
F,2015,Yitty,5,NJ,2142,0.006
F,2015,Yoselin,5,NJ,2142,0.006
F,2016,Yehudis,30,NJ,549,0.038
F,2016,Yocheved,22,NJ,717,0.028
F,2016,Yamileth,13,NJ,1072,0.017
F,2016,Yael,12,NJ,1152,0.015
F,2016,Yaretzi,11,NJ,1233,0.014
F,2016,Yasmin,8,NJ,1556,0.01
F,2016,Yitty,8,NJ,1556,0.01
F,2016,Yasmeen,6,NJ,1929,0.008
F,2016,Yasmine,6,NJ,1929,0.008
F,2016,Yuna,6,NJ,1929,0.008
F,2016,Yamilet,5,NJ,2153,0.006
F,2016,Yareli,5,NJ,2153,0.006
F,2016,Yarely,5,NJ,2153,0.006
F,2016,Yaritza,5,NJ,2153,0.006
F,2017,Yehudis,32,NJ,514,0.042
F,2017,Yocheved,23,NJ,692,0.03
F,2017,Yael,12,NJ,1130,0.016
F,2017,Yaretzi,11,NJ,1211,0.014
F,2017,Yara,10,NJ,1295,0.013
F,2017,Yamileth,9,NJ,1410,0.012
F,2017,Yareli,8,NJ,1529,0.01
F,2017,Yasmin,6,NJ,1872,0.008
F,2017,Yarely,5,NJ,2127,0.007
F,2017,Yaretzy,5,NJ,2127,0.007
F,2017,Yashvi,5,NJ,2127,0.007
F,2017,Yazmin,5,NJ,2127,0.007
F,2017,Yitty,5,NJ,2127,0.007
F,2017,Yuliana,5,NJ,2127,0.007
F,2017,Yusra,5,NJ,2127,0.007
F,2018,Yehudis,38,NJ,444,0.05
F,2018,Yara,23,NJ,702,0.03
F,2018,Yocheved,21,NJ,749,0.028
F,2018,Yaretzi,19,NJ,815,0.025
F,2018,Yael,12,NJ,1137,0.016
F,2018,Yareli,11,NJ,1222,0.014
F,2018,Yasmin,10,NJ,1312,0.013
F,2018,Yamileth,8,NJ,1533,0.011
F,2018,Yaritza,8,NJ,1533,0.011
F,2018,Yasmine,6,NJ,1873,0.008
F,2018,Yuliana,6,NJ,1873,0.008
F,2018,Yaretzy,5,NJ,2145,0.007
F,2018,Yashvi,5,NJ,2145,0.007
F,2018,Yitty,5,NJ,2145,0.007
F,2018,Yvette,5,NJ,2145,0.007
F,2019,Yehudis,34,NJ,492,0.045
F,2019,Yocheved,21,NJ,740,0.028
F,2019,Yara,17,NJ,875,0.023
F,2019,Yaretzi,14,NJ,1030,0.019
F,2019,Yael,12,NJ,1139,0.016
F,2019,Yareli,12,NJ,1139,0.016
F,2019,Yaritza,10,NJ,1333,0.013
F,2019,Yitty,10,NJ,1333,0.013
F,2019,Yasmin,7,NJ,1698,0.009
F,2019,Yuna,7,NJ,1698,0.009
F,2019,Yalitza,6,NJ,1890,0.008
F,2019,Yarely,6,NJ,1890,0.008
F,2019,Yazmin,5,NJ,2141,0.007
F,2019,Yesenia,5,NJ,2141,0.007
F,2019,Yoselin,5,NJ,2141,0.007
F,2019,Yuri,5,NJ,2141,0.007
F,2019,Yusra,5,NJ,2141,0.007
F,2020,Yehudis,40,NJ,420,0.054
F,2020,Yocheved,18,NJ,862,0.024
F,2020,Yara,16,NJ,951,0.022
F,2020,Yael,14,NJ,1043,0.019
F,2020,Yaretzi,10,NJ,1329,0.013
F,2020,Yaritza,10,NJ,1329,0.013
F,2020,Yasmin,9,NJ,1424,0.012
F,2020,Yamileth,7,NJ,1732,0.009
F,2020,Yareli,6,NJ,1915,0.008
F,2020,Yarely,5,NJ,2142,0.007
F,2020,Yuliana,5,NJ,2142,0.007
F,2020,Yuri,5,NJ,2142,0.007
F,2020,Yusra,5,NJ,2142,0.007
F,2021,Yehudis,56,NJ,312,0.073
F,2021,Yara,25,NJ,666,0.032
F,2021,Yocheved,24,NJ,686,0.031
F,2021,Yaretzi,11,NJ,1273,0.014
F,2021,Yael,9,NJ,1475,0.012
F,2021,Yasmine,8,NJ,1593,0.01
F,2021,Yareli,7,NJ,1746,0.009
F,2021,Yasmin,7,NJ,1746,0.009
F,2021,Yuna,6,NJ,1960,0.008
F,2021,Yusra,6,NJ,1960,0.008
F,2021,Yamileth,5,NJ,2229,0.006
F,2021,Yarely,5,NJ,2229,0.006
F,2021,Yasmeen,5,NJ,2229,0.006
F,2021,Yatziri,5,NJ,2229,0.006
F,2022,Yehudis,58,NJ,299,0.075
F,2022,Yara,28,NJ,605,0.036
F,2022,Yocheved,21,NJ,764,0.027
F,2022,Yael,17,NJ,915,0.022
F,2022,Yaretzi,15,NJ,1027,0.019
F,2022,Yasmin,11,NJ,1283,0.014
F,2022,Yaritza,9,NJ,1480,0.012
F,2022,Yamileth,8,NJ,1602,0.01
F,2022,Yareli,8,NJ,1602,0.01
F,2022,Yusra,8,NJ,1602,0.01
F,2022,Yuri,6,NJ,1959,0.008
F,2022,Yamilet,5,NJ,2245,0.006
F,2022,Yana,5,NJ,2245,0.006
F,2022,Ysabella,5,NJ,2245,0.006
F,2022,Yuna,5,NJ,2245,0.006
F,2023,Yehudis,50,NJ,351,0.066
F,2023,Yara,21,NJ,768,0.028
F,2023,Yocheved,18,NJ,873,0.024
F,2023,Yael,15,NJ,1016,0.02
F,2023,Yaretzi,12,NJ,1210,0.016
F,2023,Yasmin,12,NJ,1210,0.016
F,2023,Yana,9,NJ,1506,0.012
F,2023,Yusra,9,NJ,1506,0.012
F,2023,Yasmeen,7,NJ,1779,0.009
F,2023,Yasmine,7,NJ,1779,0.009
F,2023,Yamileth,6,NJ,1952,0.008
F,2023,Yareli,6,NJ,1952,0.008
F,2023,Yailin,5,NJ,2226,0.007
F,2023,Yaritza,5,NJ,2226,0.007
F,2024,Yehudis,72,NJ,241,0.095
F,2024,Yocheved,37,NJ,472,0.049
F,2024,Yara,24,NJ,690,0.032
F,2024,Yitty,16,NJ,968,0.021
F,2024,Yasmeen,11,NJ,1299,0.014
F,2024,Yusra,11,NJ,1299,0.014
F,2024,Yael,10,NJ,1389,0.013
F,2024,Yaretzi,8,NJ,1612,0.011
F,2024,Yareli,7,NJ,1767,0.009
F,2024,Yuna,6,NJ,1944,0.008
F,2024,Yamileth,5,NJ,2231,0.007
F,2024,Yashna,5,NJ,2231,0.007
F,2024,Yuliana,5,NJ,2231,0.007
M,1970,Yusef,6,NJ,1235,0.006
M,1971,Yusef,12,NJ,823,0.012
M,1972,Yusef,6,NJ,1192,0.007
M,1973,Yusef,5,NJ,1328,0.006
M,1974,Yusef,6,NJ,1198,0.007
M,1975,Yisroel,5,NJ,1333,0.006
M,1975,Yusuf,5,NJ,1333,0.006
M,1976,Yosef,6,NJ,1183,0.008
M,1976,Yasin,5,NJ,1342,0.007
M,1977,Yusuf,12,NJ,766,0.015
M,1977,Yosef,8,NJ,994,0.01
M,1977,Yusef,6,NJ,1211,0.008
M,1978,Yusef,9,NJ,937,0.012
M,1978,Yasin,5,NJ,1371,0.006
M,1978,Yusuf,5,NJ,1371,0.006
M,1979,Yusef,7,NJ,1137,0.009
M,1979,Yusuf,7,NJ,1137,0.009
M,1979,Yasin,6,NJ,1255,0.008
M,1980,Yusuf,7,NJ,1107,0.009
M,1981,Yasin,8,NJ,1003,0.01
M,1981,Yusuf,5,NJ,1389,0.006
M,1982,Yusef,8,NJ,1025,0.01
M,1982,Yusuf,6,NJ,1241,0.007
M,1982,Yaakov,5,NJ,1391,0.006
M,1982,Yitzchok,5,NJ,1391,0.006
M,1983,Yehuda,6,NJ,1215,0.007
M,1983,Yosef,6,NJ,1215,0.007
M,1983,Yisroel,5,NJ,1349,0.006
M,1983,Yusef,5,NJ,1349,0.006
M,1984,Yisroel,6,NJ,1201,0.007
M,1984,Yosef,6,NJ,1201,0.007
M,1984,Yusef,6,NJ,1201,0.007
M,1984,Yusuf,6,NJ,1201,0.007
M,1984,Yaakov,5,NJ,1355,0.006
M,1985,Yaakov,7,NJ,1131,0.008
M,1985,Yusuf,7,NJ,1131,0.008
M,1985,Yehuda,6,NJ,1262,0.007
M,1985,Yusef,5,NJ,1426,0.006
M,1986,Yaakov,15,NJ,678,0.017
M,1986,Yisroel,6,NJ,1280,0.007
M,1986,Yosef,6,NJ,1280,0.007
M,1987,Yaakov,7,NJ,1202,0.007
M,1987,Yousef,7,NJ,1202,0.007
M,1987,Yosef,5,NJ,1486,0.005
M,1987,Yusuf,5,NJ,1486,0.005
M,1988,Yosef,12,NJ,858,0.012
M,1988,Yaakov,8,NJ,1140,0.008
M,1988,Yasin,7,NJ,1224,0.007
M,1988,Yehuda,6,NJ,1367,0.006
M,1988,Yisroel,6,NJ,1367,0.006
M,1989,Yosef,11,NJ,979,0.011
M,1989,Yasin,9,NJ,1122,0.009
M,1989,Yitzchok,9,NJ,1122,0.009
M,1989,Yehuda,8,NJ,1221,0.008
M,1989,Yaakov,6,NJ,1467,0.006
M,1989,Yisroel,6,NJ,1467,0.006
M,1989,Yechiel,5,NJ,1658,0.005
M,1990,Yosef,15,NJ,807,0.015
M,1990,Yisroel,13,NJ,875,0.013
M,1990,Yehuda,12,NJ,934,0.012
M,1990,Yusef,11,NJ,998,0.011
M,1990,Yaakov,10,NJ,1058,0.01
M,1990,Yasin,6,NJ,1495,0.006
M,1990,Yitzchok,6,NJ,1495,0.006
M,1991,Yisroel,16,NJ,781,0.016
M,1991,Yehuda,14,NJ,849,0.014
M,1991,Yosef,12,NJ,946,0.012
M,1991,Yaakov,10,NJ,1088,0.01
M,1991,Yusuf,9,NJ,1162,0.009
M,1991,Yitzchok,6,NJ,1498,0.006
M,1991,Yusef,6,NJ,1498,0.006
M,1992,Yehuda,13,NJ,881,0.013
M,1992,Yisroel,12,NJ,941,0.012
M,1992,Yaakov,11,NJ,993,0.011
M,1992,Yosef,10,NJ,1051,0.01
M,1992,Yasin,8,NJ,1232,0.008
M,1992,Yehoshua,6,NJ,1494,0.006
M,1992,Yusef,6,NJ,1494,0.006
M,1992,Yves,5,NJ,1696,0.005
M,1993,Yehuda,19,NJ,664,0.02
M,1993,Yisroel,14,NJ,840,0.015
M,1993,Yosef,11,NJ,998,0.012
M,1993,Yitzchok,10,NJ,1060,0.01
M,1993,Yaakov,9,NJ,1144,0.009
M,1993,Yasin,9,NJ,1144,0.009
M,1993,Yusuf,8,NJ,1237,0.008
M,1993,Yusef,6,NJ,1481,0.006
M,1993,Yakov,5,NJ,1693,0.005
M,1993,Yitzchak,5,NJ,1693,0.005
M,1994,Yosef,22,NJ,607,0.023
M,1994,Yaakov,15,NJ,806,0.016
M,1994,Yisroel,11,NJ,1014,0.012
M,1994,Yehuda,10,NJ,1098,0.011
M,1994,Yusef,10,NJ,1098,0.011
M,1994,Yitzchok,7,NJ,1405,0.007
M,1994,Yash,5,NJ,1766,0.005
M,1994,Yousef,5,NJ,1766,0.005
M,1995,Yehuda,20,NJ,635,0.022
M,1995,Yehoshua,11,NJ,1005,0.012
M,1995,Yosef,10,NJ,1073,0.011
M,1995,Yusef,9,NJ,1153,0.01
M,1995,Yaakov,7,NJ,1366,0.008
M,1995,Yasin,6,NJ,1516,0.006
M,1995,Yisroel,6,NJ,1516,0.006
M,1995,Yitzchok,6,NJ,1516,0.006
M,1995,Yusuf,6,NJ,1516,0.006
M,1995,Yasir,5,NJ,1719,0.005
M,1995,Yechezkel,5,NJ,1719,0.005
M,1996,Yisroel,28,NJ,498,0.031
M,1996,Yehuda,21,NJ,618,0.023
M,1996,Yaakov,13,NJ,895,0.014
M,1996,Yash,11,NJ,1002,0.012
M,1996,Yehoshua,11,NJ,1002,0.012
M,1996,Yusef,10,NJ,1086,0.011
M,1996,Yosef,9,NJ,1170,0.01
M,1996,Youssef,9,NJ,1170,0.01
M,1996,Yusuf,9,NJ,1170,0.01
M,1996,Yasin,6,NJ,1542,0.007
M,1996,Yakov,5,NJ,1727,0.005
M,1996,Yitzchok,5,NJ,1727,0.005
M,1996,Yousef,5,NJ,1727,0.005
M,1996,Yuki,5,NJ,1727,0.005
M,1997,Yehuda,16,NJ,755,0.018
M,1997,Yaakov,15,NJ,795,0.017
M,1997,Yash,15,NJ,795,0.017
M,1997,Yisroel,13,NJ,889,0.014
M,1997,Yosef,10,NJ,1081,0.011
M,1997,Yitzchok,9,NJ,1176,0.01
M,1997,Yousef,7,NJ,1410,0.008
M,1997,Yasin,6,NJ,1571,0.007
M,1997,Yechiel,6,NJ,1571,0.007
M,1997,Yasir,5,NJ,1806,0.006
M,1998,Yehuda,32,NJ,461,0.036
M,1998,Yitzchok,21,NJ,631,0.023
M,1998,Yisroel,20,NJ,660,0.022
M,1998,Yosef,16,NJ,774,0.018
M,1998,Yash,13,NJ,897,0.014
M,1998,Yusef,9,NJ,1203,0.01
M,1998,Yaakov,8,NJ,1299,0.009
M,1998,Yehoshua,7,NJ,1419,0.008
M,1998,Yousef,7,NJ,1419,0.008
M,1998,Yamil,5,NJ,1837,0.006
M,1998,Yanni,5,NJ,1837,0.006
M,1998,Yasin,5,NJ,1837,0.006
M,1998,Yechiel,5,NJ,1837,0.006
M,1998,Yonatan,5,NJ,1837,0.006
M,1998,Youssef,5,NJ,1837,0.006
M,1999,Yisroel,22,NJ,612,0.025
M,1999,Yitzchok,19,NJ,685,0.021
M,1999,Yehuda,18,NJ,717,0.02
M,1999,Yehoshua,17,NJ,749,0.019
M,1999,Yosef,17,NJ,749,0.019
M,1999,Yaakov,14,NJ,875,0.016
M,1999,Yash,11,NJ,1072,0.012
M,1999,Yousef,9,NJ,1215,0.01
M,1999,Yasin,7,NJ,1455,0.008
M,1999,Yusuf,7,NJ,1455,0.008
M,1999,Yehudah,5,NJ,1812,0.006
M,1999,Yonatan,5,NJ,1812,0.006
M,2000,Yehuda,22,NJ,619,0.025
M,2000,Yaakov,19,NJ,707,0.021
M,2000,Yisroel,18,NJ,743,0.02
M,2000,Yosef,17,NJ,780,0.019
M,2000,Yusuf,17,NJ,780,0.019
M,2000,Yash,16,NJ,812,0.018
M,2000,Yitzchok,16,NJ,812,0.018
M,2000,Yousef,15,NJ,850,0.017
M,2000,Yasin,12,NJ,1004,0.013
M,2000,Yechiel,12,NJ,1004,0.013
M,2000,Youssef,10,NJ,1152,0.011
M,2000,Yehudah,6,NJ,1667,0.007
M,2000,Yamil,5,NJ,1880,0.006
M,2000,Yehoshua,5,NJ,1880,0.006
M,2000,Yousuf,5,NJ,1880,0.006
M,2001,Yehuda,36,NJ,413,0.04
M,2001,Yosef,34,NJ,436,0.038
M,2001,Yitzchok,22,NJ,644,0.025
M,2001,Yisroel,20,NJ,689,0.022
M,2001,Yaakov,19,NJ,713,0.021
M,2001,Yousef,19,NJ,713,0.021
M,2001,Yash,17,NJ,799,0.019
M,2001,Yechiel,12,NJ,1036,0.013
M,2001,Yehoshua,12,NJ,1036,0.013
M,2001,Yusuf,12,NJ,1036,0.013
M,2001,Yonatan,10,NJ,1171,0.011
M,2001,Yasin,9,NJ,1270,0.01
M,2001,Youssef,9,NJ,1270,0.01
M,2001,Yasir,6,NJ,1758,0.007
M,2001,Yitzchak,6,NJ,1758,0.007
M,2001,Yonah,6,NJ,1758,0.007
M,2001,Yaseen,5,NJ,1962,0.006
M,2001,Yusef,5,NJ,1962,0.006
M,2002,Yosef,36,NJ,420,0.04
M,2002,Yehuda,26,NJ,546,0.029
M,2002,Yash,25,NJ,556,0.028
M,2002,Yaakov,24,NJ,584,0.027
M,2002,Yitzchok,23,NJ,600,0.026
M,2002,Yisroel,19,NJ,705,0.021
M,2002,Yasir,15,NJ,863,0.017
M,2002,Yousef,14,NJ,914,0.016
M,2002,Yasin,12,NJ,1033,0.013
M,2002,Yehoshua,12,NJ,1033,0.013
M,2002,Youssef,12,NJ,1033,0.013
M,2002,Yechiel,10,NJ,1185,0.011
M,2002,Yusuf,8,NJ,1386,0.009
M,2002,Yechezkel,7,NJ,1530,0.008
M,2002,Yakov,6,NJ,1717,0.007
M,2002,Yousuf,6,NJ,1717,0.007
M,2002,Yusef,6,NJ,1717,0.007
M,2002,Yaseen,5,NJ,1925,0.006
M,2002,Yehudah,5,NJ,1925,0.006
M,2002,Yoel,5,NJ,1925,0.006
M,2003,Yehuda,50,NJ,330,0.055
M,2003,Yisroel,36,NJ,429,0.04
M,2003,Yosef,34,NJ,450,0.038
M,2003,Yaakov,32,NJ,475,0.035
M,2003,Yash,28,NJ,520,0.031
M,2003,Yitzchok,28,NJ,520,0.031
M,2003,Yusuf,15,NJ,892,0.017
M,2003,Yahir,14,NJ,936,0.015
M,2003,Yasir,13,NJ,991,0.014
M,2003,Yehoshua,13,NJ,991,0.014
M,2003,Yousef,12,NJ,1053,0.013
M,2003,Youssef,12,NJ,1053,0.013
M,2003,Yakov,9,NJ,1335,0.01
M,2003,Yechiel,9,NJ,1335,0.01
M,2003,Yechezkel,7,NJ,1584,0.008
M,2003,Yeshaya,7,NJ,1584,0.008
M,2003,Yitzchak,7,NJ,1584,0.008
M,2003,Yonatan,7,NJ,1584,0.008
M,2003,Yair,6,NJ,1802,0.007
M,2003,Yoskar,5,NJ,2055,0.006
M,2003,Yousuf,5,NJ,2055,0.006
M,2004,Yosef,52,NJ,317,0.058
M,2004,Yisroel,40,NJ,393,0.045
M,2004,Yehuda,38,NJ,411,0.043
M,2004,Yaakov,36,NJ,431,0.04
M,2004,Yitzchok,25,NJ,596,0.028
M,2004,Yahir,18,NJ,802,0.02
M,2004,Yash,18,NJ,802,0.02
M,2004,Yousef,17,NJ,840,0.019
M,2004,Yasir,14,NJ,971,0.016
M,2004,Yehoshua,14,NJ,971,0.016
M,2004,Yusuf,13,NJ,1027,0.015
M,2004,Yasin,12,NJ,1099,0.013
M,2004,Yechiel,11,NJ,1168,0.012
M,2004,Youssef,10,NJ,1255,0.011
M,2004,Yakov,8,NJ,1470,0.009
M,2004,Yechezkel,8,NJ,1470,0.009
M,2004,Yitzchak,8,NJ,1470,0.009
M,2004,Yehudah,7,NJ,1607,0.008
M,2004,Yeshaya,7,NJ,1607,0.008
M,2004,Yair,6,NJ,1788,0.007
M,2004,Yaseen,6,NJ,1788,0.007
M,2004,Yonatan,6,NJ,1788,0.007
M,2004,Yusef,6,NJ,1788,0.007
M,2004,Yandel,5,NJ,2050,0.006
M,2004,Yona,5,NJ,2050,0.006
M,2004,Yonah,5,NJ,2050,0.006
M,2004,Yoskar,5,NJ,2050,0.006
M,2004,Yovani,5,NJ,2050,0.006
M,2005,Yosef,54,NJ,310,0.062
M,2005,Yehuda,53,NJ,312,0.061
M,2005,Yisroel,50,NJ,327,0.057
M,2005,Yaakov,35,NJ,442,0.04
M,2005,Yitzchok,21,NJ,690,0.024
M,2005,Yasin,17,NJ,832,0.019
M,2005,Yash,16,NJ,877,0.018
M,2005,Yusuf,15,NJ,913,0.017
M,2005,Youssef,14,NJ,970,0.016
M,2005,Yehoshua,12,NJ,1086,0.014
M,2005,Yousef,12,NJ,1086,0.014
M,2005,Yechezkel,10,NJ,1230,0.011
M,2005,Yandel,9,NJ,1351,0.01
M,2005,Yasir,9,NJ,1351,0.01
M,2005,Yahir,8,NJ,1465,0.009
M,2005,Yeshaya,8,NJ,1465,0.009
M,2005,Yusef,8,NJ,1465,0.009
M,2005,Yael,7,NJ,1614,0.008
M,2005,Yair,7,NJ,1614,0.008
M,2005,Yakov,6,NJ,1818,0.007
M,2005,Yechiel,6,NJ,1818,0.007
M,2005,Yehudah,6,NJ,1818,0.007
M,2005,Yitzchak,6,NJ,1818,0.007
M,2005,Yonatan,6,NJ,1818,0.007
M,2005,Yazir,5,NJ,2057,0.006
M,2005,Yisrael,5,NJ,2057,0.006
M,2005,Yonah,5,NJ,2057,0.006
M,2005,Yoseph,5,NJ,2057,0.006
M,2005,Yovani,5,NJ,2057,0.006
M,2005,Yug,5,NJ,2057,0.006
M,2006,Yehuda,54,NJ,318,0.062
M,2006,Yaakov,45,NJ,376,0.051
M,2006,Yisroel,39,NJ,422,0.044
M,2006,Yosef,37,NJ,436,0.042
M,2006,Yitzchok,19,NJ,774,0.022
M,2006,Yasir,17,NJ,839,0.019
M,2006,Yahir,16,NJ,885,0.018
M,2006,Yusuf,15,NJ,935,0.017
M,2006,Yasin,14,NJ,993,0.016
M,2006,Yehoshua,14,NJ,993,0.016
M,2006,Yair,13,NJ,1048,0.015
M,2006,Yechezkel,12,NJ,1115,0.014
M,2006,Yousef,12,NJ,1115,0.014
M,2006,Yandel,11,NJ,1180,0.013
M,2006,Yash,9,NJ,1387,0.01
M,2006,Yusef,8,NJ,1520,0.009
M,2006,Yakov,7,NJ,1667,0.008
M,2006,Yisrael,7,NJ,1667,0.008
M,2006,Youssef,7,NJ,1667,0.008
M,2006,Yechiel,6,NJ,1848,0.007
M,2006,Yehudah,6,NJ,1848,0.007
M,2006,Yadiel,5,NJ,2083,0.006
M,2006,Yadier,5,NJ,2083,0.006
M,2006,Yamil,5,NJ,2083,0.006
M,2006,Yamir,5,NJ,2083,0.006
M,2006,Yecheskel,5,NJ,2083,0.006
M,2006,Yeshaya,5,NJ,2083,0.006
M,2006,Yoel,5,NJ,2083,0.006
M,2006,Yonah,5,NJ,2083,0.006
M,2007,Yehuda,68,NJ,265,0.077
M,2007,Yisroel,53,NJ,326,0.06
M,2007,Yosef,47,NJ,357,0.053
M,2007,Yaakov,43,NJ,385,0.049
M,2007,Yash,19,NJ,802,0.022
M,2007,Yehoshua,18,NJ,830,0.02
M,2007,Yitzchok,18,NJ,830,0.02
M,2007,Yasir,17,NJ,865,0.019
M,2007,Yechiel,16,NJ,908,0.018
M,2007,Yaseen,13,NJ,1073,0.015
M,2007,Youssef,13,NJ,1073,0.015
M,2007,Yechezkel,12,NJ,1143,0.014
M,2007,Yeshaya,12,NJ,1143,0.014
M,2007,Yahir,11,NJ,1227,0.012
M,2007,Yandel,11,NJ,1227,0.012
M,2007,Yasin,11,NJ,1227,0.012
M,2007,Yusuf,11,NJ,1227,0.012
M,2007,Yousef,10,NJ,1322,0.011
M,2007,Yamil,9,NJ,1425,0.01
M,2007,Yariel,9,NJ,1425,0.01
M,2007,Yair,7,NJ,1700,0.008
M,2007,Yoel,7,NJ,1700,0.008
M,2007,Yael,6,NJ,1888,0.007
M,2007,Yahya,6,NJ,1888,0.007
M,2007,Yakov,6,NJ,1888,0.007
M,2007,Yitzchak,6,NJ,1888,0.007
M,2007,Yazir,5,NJ,2173,0.006
M,2007,Yusef,5,NJ,2173,0.006
M,2007,Yuvraj,5,NJ,2173,0.006
M,2008,Yisroel,57,NJ,301,0.067
M,2008,Yosef,51,NJ,325,0.06
M,2008,Yaakov,40,NJ,401,0.047
M,2008,Yehuda,38,NJ,419,0.045
M,2008,Yitzchok,30,NJ,522,0.035
M,2008,Yusuf,22,NJ,687,0.026
M,2008,Yandel,21,NJ,729,0.025
M,2008,Yash,21,NJ,729,0.025
M,2008,Yehoshua,21,NJ,729,0.025
M,2008,Yechiel,16,NJ,913,0.019
M,2008,Youssef,15,NJ,961,0.018
M,2008,Yechezkel,14,NJ,1009,0.016
M,2008,Yousef,14,NJ,1009,0.016
M,2008,Yakov,13,NJ,1072,0.015
M,2008,Yasin,13,NJ,1072,0.015
M,2008,Yariel,12,NJ,1149,0.014
M,2008,Yasir,12,NJ,1149,0.014
M,2008,Yahir,11,NJ,1228,0.013
M,2008,Yadiel,10,NJ,1310,0.012
M,2008,Yaseen,10,NJ,1310,0.012
M,2008,Yonatan,8,NJ,1531,0.009
M,2008,Yisrael,7,NJ,1703,0.008
M,2008,Yoel,7,NJ,1703,0.008
M,2008,Yusef,7,NJ,1703,0.008
M,2008,Yair,6,NJ,1896,0.007
M,2008,Yamil,6,NJ,1896,0.007
M,2008,Yehudah,6,NJ,1896,0.007
M,2008,Yurem,6,NJ,1896,0.007
M,2008,Yael,5,NJ,2166,0.006
M,2008,Yeshaya,5,NJ,2166,0.006
M,2008,Yousuf,5,NJ,2166,0.006
M,2008,Yug,5,NJ,2166,0.006
M,2008,Yuvraj,5,NJ,2166,0.006
M,2009,Yehuda,70,NJ,248,0.084
M,2009,Yosef,60,NJ,273,0.072
M,2009,Yaakov,48,NJ,335,0.058
M,2009,Yisroel,47,NJ,344,0.057
M,2009,Yitzchok,34,NJ,461,0.041
M,2009,Yadiel,23,NJ,670,0.028
M,2009,Yehoshua,20,NJ,748,0.024
M,2009,Yahir,17,NJ,872,0.02
M,2009,Yakov,16,NJ,913,0.019
M,2009,Yandel,16,NJ,913,0.019
M,2009,Yitzchak,15,NJ,951,0.018
M,2009,Yechiel,14,NJ,1010,0.017
M,2009,Youssef,14,NJ,1010,0.017
M,2009,Yusuf,14,NJ,1010,0.017
M,2009,Yash,11,NJ,1210,0.013
M,2009,Yasin,11,NJ,1210,0.013
M,2009,Yousef,11,NJ,1210,0.013
M,2009,Yaseen,10,NJ,1307,0.012
M,2009,Yasir,10,NJ,1307,0.012
M,2009,Yariel,9,NJ,1411,0.011
M,2009,Yehudah,9,NJ,1411,0.011
M,2009,Yair,8,NJ,1537,0.01
M,2009,Yeshaya,8,NJ,1537,0.01
M,2009,Yechezkel,7,NJ,1694,0.008
M,2009,Yisrael,7,NJ,1694,0.008
M,2009,Yamil,6,NJ,1889,0.007
M,2009,Yonah,6,NJ,1889,0.007
M,2009,Yug,6,NJ,1889,0.007
M,2009,Yusef,6,NJ,1889,0.007
M,2009,Yuvraj,6,NJ,1889,0.007
M,2009,Yissochor,5,NJ,2169,0.006
M,2010,Yehuda,61,NJ,272,0.076
M,2010,Yosef,61,NJ,272,0.076
M,2010,Yisroel,60,NJ,278,0.075
M,2010,Yaakov,58,NJ,292,0.072
M,2010,Yitzchok,51,NJ,317,0.064
M,2010,Yehoshua,32,NJ,492,0.04
M,2010,Yechiel,16,NJ,873,0.02
M,2010,Yusuf,16,NJ,873,0.02
M,2010,Yadiel,14,NJ,977,0.017
M,2010,Yousef,14,NJ,977,0.017
M,2010,Yitzchak,13,NJ,1047,0.016
M,2010,Yaseen,12,NJ,1116,0.015
M,2010,Yash,12,NJ,1116,0.015
M,2010,Yasir,12,NJ,1116,0.015
M,2010,Youssef,12,NJ,1116,0.015
M,2010,Yandel,11,NJ,1201,0.014
M,2010,Yasin,11,NJ,1201,0.014
M,2010,Yariel,10,NJ,1297,0.012
M,2010,Yisrael,9,NJ,1417,0.011
M,2010,Yoel,9,NJ,1417,0.011
M,2010,Yahir,8,NJ,1534,0.01
M,2010,Yair,8,NJ,1534,0.01
M,2010,Yeshaya,8,NJ,1534,0.01
M,2010,Yechezkel,7,NJ,1693,0.009
M,2010,Yousuf,7,NJ,1693,0.009
M,2010,Yusef,7,NJ,1693,0.009
M,2010,Yakov,6,NJ,1872,0.007
M,2010,Yug,6,NJ,1872,0.007
M,2010,Yuvraj,6,NJ,1872,0.007
M,2010,Yamir,5,NJ,2107,0.006
M,2010,Yassin,5,NJ,2107,0.006
M,2010,Yehudah,5,NJ,2107,0.006
M,2011,Yisroel,68,NJ,246,0.086
M,2011,Yehuda,62,NJ,272,0.078
M,2011,Yosef,61,NJ,276,0.077
M,2011,Yaakov,54,NJ,309,0.068
M,2011,Yitzchok,47,NJ,354,0.059
M,2011,Yehoshua,28,NJ,554,0.035
M,2011,Yadiel,19,NJ,770,0.024
M,2011,Yandel,18,NJ,801,0.023
M,2011,Yechiel,18,NJ,801,0.023
M,2011,Yahir,14,NJ,1000,0.018
M,2011,Yash,14,NJ,1000,0.018
M,2011,Yusuf,14,NJ,1000,0.018
M,2011,Yaseen,12,NJ,1134,0.015
M,2011,Yariel,11,NJ,1209,0.014
M,2011,Yahya,10,NJ,1281,0.013
M,2011,Yakov,10,NJ,1281,0.013
M,2011,Yair,9,NJ,1383,0.011
M,2011,Yanuel,9,NJ,1383,0.011
M,2011,Yasin,9,NJ,1383,0.011
M,2011,Yechezkel,9,NJ,1383,0.011
M,2011,Yitzchak,9,NJ,1383,0.011
M,2011,Yeshaya,8,NJ,1525,0.01
M,2011,Yisrael,8,NJ,1525,0.01
M,2011,Yonatan,8,NJ,1525,0.01
M,2011,Yousef,8,NJ,1525,0.01
M,2011,Yug,8,NJ,1525,0.01
M,2011,Yusef,8,NJ,1525,0.01
M,2011,Yasir,7,NJ,1679,0.009
M,2011,Yaniel,6,NJ,1854,0.008
M,2011,Yona,6,NJ,1854,0.008
M,2011,Youssef,6,NJ,1854,0.008
M,2011,Yehudah,5,NJ,2114,0.006
M,2011,Yerachmiel,5,NJ,2114,0.006
M,2011,Yossi,5,NJ,2114,0.006
M,2011,Yuri,5,NJ,2114,0.006
M,2012,Yosef,92,NJ,181,0.118
M,2012,Yehuda,66,NJ,247,0.085
M,2012,Yisroel,58,NJ,289,0.074
M,2012,Yaakov,52,NJ,320,0.067
M,2012,Yitzchok,33,NJ,478,0.042
M,2012,Yusuf,23,NJ,669,0.029
M,2012,Yousef,22,NJ,686,0.028
M,2012,Yadiel,18,NJ,810,0.023
M,2012,Yechiel,18,NJ,810,0.023
M,2012,Yehoshua,17,NJ,851,0.022
M,2012,Yahir,16,NJ,896,0.021
M,2012,Yash,14,NJ,980,0.018
M,2012,Yaseen,13,NJ,1046,0.017
M,2012,Yasin,13,NJ,1046,0.017
M,2012,Yisrael,11,NJ,1188,0.014
M,2012,Yitzchak,10,NJ,1276,0.013
M,2012,Yahya,9,NJ,1379,0.012
M,2012,Yair,9,NJ,1379,0.012
M,2012,Yakov,9,NJ,1379,0.012
M,2012,Yandel,9,NJ,1379,0.012
M,2012,Yaniel,8,NJ,1515,0.01
M,2012,Yeshaya,8,NJ,1515,0.01
M,2012,Yeshua,8,NJ,1515,0.01
M,2012,Yael,7,NJ,1679,0.009
M,2012,Yariel,7,NJ,1679,0.009
M,2012,Yassin,7,NJ,1679,0.009
M,2012,Yechezkel,7,NJ,1679,0.009
M,2012,Yerik,7,NJ,1679,0.009
M,2012,Yoel,7,NJ,1679,0.009
M,2012,Yona,6,NJ,1858,0.008
M,2012,Yasir,5,NJ,2124,0.006
M,2012,Yasser,5,NJ,2124,0.006
M,2012,Yecheskel,5,NJ,2124,0.006
M,2012,Yehudah,5,NJ,2124,0.006
M,2012,Yerachmiel,5,NJ,2124,0.006
M,2012,Yohan,5,NJ,2124,0.006
M,2012,Yossi,5,NJ,2124,0.006
M,2012,Youssef,5,NJ,2124,0.006
M,2012,Yuvraj,5,NJ,2124,0.006
M,2013,Yosef,83,NJ,207,0.106
M,2013,Yisroel,62,NJ,276,0.079
M,2013,Yaakov,61,NJ,278,0.078
M,2013,Yehuda,53,NJ,321,0.068
M,2013,Yitzchok,53,NJ,321,0.068
M,2013,Yehoshua,28,NJ,554,0.036
M,2013,Yahir,22,NJ,683,0.028
M,2013,Yusuf,19,NJ,780,0.024
M,2013,Yechiel,17,NJ,849,0.022
M,2013,Youssef,15,NJ,928,0.019
M,2013,Yadiel,13,NJ,1019,0.017
M,2013,Yariel,13,NJ,1019,0.017
M,2013,Yaseen,13,NJ,1019,0.017
M,2013,Yechezkel,12,NJ,1105,0.015
M,2013,Yasin,11,NJ,1193,0.014
M,2013,Yousef,10,NJ,1276,0.013
M,2013,Yakov,9,NJ,1371,0.012
M,2013,Yeshaya,9,NJ,1371,0.012
M,2013,Yisrael,9,NJ,1371,0.012
M,2013,Yash,8,NJ,1502,0.01
M,2013,Yair,7,NJ,1658,0.009
M,2013,Yandel,7,NJ,1658,0.009
M,2013,Yonah,7,NJ,1658,0.009
M,2013,Yonatan,7,NJ,1658,0.009
M,2013,Yael,6,NJ,1867,0.008
M,2013,Yahya,6,NJ,1867,0.008
M,2013,Yamil,6,NJ,1867,0.008
M,2013,Yasir,6,NJ,1867,0.008
M,2013,Yassin,6,NJ,1867,0.008
M,2013,Yehudah,6,NJ,1867,0.008
M,2013,Yoel,6,NJ,1867,0.008
M,2013,Yuvan,6,NJ,1867,0.008
M,2013,Yanuel,5,NJ,2124,0.006
M,2013,Yecheskel,5,NJ,2124,0.006
M,2014,Yosef,91,NJ,186,0.115
M,2014,Yehuda,74,NJ,238,0.094
M,2014,Yaakov,71,NJ,248,0.09
M,2014,Yisroel,63,NJ,275,0.08
M,2014,Yitzchok,29,NJ,554,0.037
M,2014,Yehoshua,23,NJ,668,0.029
M,2014,Yusuf,23,NJ,668,0.029
M,2014,Yechiel,16,NJ,912,0.02
M,2014,Yechezkel,15,NJ,965,0.019
M,2014,Yitzchak,15,NJ,965,0.019
M,2014,Yousef,15,NJ,965,0.019
M,2014,Yadiel,14,NJ,1017,0.018
M,2014,Yahir,13,NJ,1065,0.016
M,2014,Yash,13,NJ,1065,0.016
M,2014,Yisrael,13,NJ,1065,0.016
M,2014,Youssef,13,NJ,1065,0.016
M,2014,Yakov,12,NJ,1135,0.015
M,2014,Yariel,12,NJ,1135,0.015
M,2014,Yaseen,12,NJ,1135,0.015
M,2014,Yeshaya,10,NJ,1313,0.013
M,2014,Yasin,9,NJ,1399,0.011
M,2014,Yerachmiel,9,NJ,1399,0.011
M,2014,Yassin,7,NJ,1702,0.009
M,2014,Yandel,6,NJ,1889,0.008
M,2014,Yoel,6,NJ,1889,0.008
M,2014,Yusef,6,NJ,1889,0.008
M,2014,Yael,5,NJ,2147,0.006
M,2014,Yair,5,NJ,2147,0.006
M,2014,Yasir,5,NJ,2147,0.006
M,2014,Yazan,5,NJ,2147,0.006
M,2014,Yazid,5,NJ,2147,0.006
M,2014,Yonatan,5,NJ,2147,0.006
M,2014,Yossi,5,NJ,2147,0.006
M,2014,Yousuf,5,NJ,2147,0.006
M,2015,Yaakov,80,NJ,220,0.102
M,2015,Yehuda,78,NJ,227,0.099
M,2015,Yosef,78,NJ,227,0.099
M,2015,Yisroel,65,NJ,271,0.083
M,2015,Yitzchok,38,NJ,428,0.048
M,2015,Yehoshua,32,NJ,517,0.041
M,2015,Yusuf,25,NJ,636,0.032
M,2015,Yadiel,21,NJ,744,0.027
M,2015,Yaseen,20,NJ,768,0.025
M,2015,Yousef,19,NJ,794,0.024
M,2015,Yechiel,18,NJ,826,0.023
M,2015,Yechezkel,15,NJ,958,0.019
M,2015,Yisrael,15,NJ,958,0.019
M,2015,Yahir,14,NJ,1007,0.018
M,2015,Yahya,12,NJ,1156,0.015
M,2015,Yakov,10,NJ,1332,0.013
M,2015,Youssef,10,NJ,1332,0.013
M,2015,Yariel,9,NJ,1446,0.011
M,2015,Yeshaya,9,NJ,1446,0.011
M,2015,Yair,8,NJ,1567,0.01
M,2015,Yasin,8,NJ,1567,0.01
M,2015,Yitzchak,8,NJ,1567,0.01
M,2015,Yousuf,8,NJ,1567,0.01
M,2015,Yash,7,NJ,1718,0.009
M,2015,Yug,7,NJ,1718,0.009
M,2015,Yusef,7,NJ,1718,0.009
M,2015,Yehudah,6,NJ,1905,0.008
M,2015,Yandel,5,NJ,2142,0.006
M,2015,Yassin,5,NJ,2142,0.006
M,2015,Yazan,5,NJ,2142,0.006
M,2015,Yoel,5,NJ,2142,0.006
M,2015,Yuvan,5,NJ,2142,0.006
M,2016,Yehuda,86,NJ,198,0.11
M,2016,Yosef,84,NJ,200,0.108
M,2016,Yaakov,76,NJ,227,0.097
M,2016,Yisroel,62,NJ,277,0.079
M,2016,Yitzchok,39,NJ,438,0.05
M,2016,Yusuf,31,NJ,535,0.04
M,2016,Yehoshua,20,NJ,772,0.026
M,2016,Yousef,18,NJ,829,0.023
M,2016,Yisrael,17,NJ,868,0.022
M,2016,Yakov,16,NJ,919,0.02
M,2016,Yaseen,16,NJ,919,0.02
M,2016,Yadiel,14,NJ,1016,0.018
M,2016,Yahya,13,NJ,1072,0.017
M,2016,Yoel,13,NJ,1072,0.017
M,2016,Yasin,12,NJ,1152,0.015
M,2016,Yeshaya,12,NJ,1152,0.015
M,2016,Youssef,11,NJ,1233,0.014
M,2016,Yuvan,11,NJ,1233,0.014
M,2016,Yahir,10,NJ,1327,0.013
M,2016,Yasir,10,NJ,1327,0.013
M,2016,Yariel,9,NJ,1423,0.012
M,2016,Yug,9,NJ,1423,0.012
M,2016,Yael,7,NJ,1721,0.009
M,2016,Yitzchak,7,NJ,1721,0.009
M,2016,Yoandry,6,NJ,1929,0.008
M,2016,Yonah,6,NJ,1929,0.008
M,2016,Yuvaan,6,NJ,1929,0.008
M,2016,Yahia,5,NJ,2153,0.006
M,2016,Yair,5,NJ,2153,0.006
M,2016,Yaxiel,5,NJ,2153,0.006
M,2016,Yeshua,5,NJ,2153,0.006
M,2016,Younis,5,NJ,2153,0.006
M,2016,Yousuf,5,NJ,2153,0.006
M,2017,Yosef,107,NJ,153,0.139
M,2017,Yaakov,92,NJ,179,0.12
M,2017,Yehuda,76,NJ,223,0.099
M,2017,Yisroel,71,NJ,238,0.092
M,2017,Yitzchok,68,NJ,248,0.089
M,2017,Yehoshua,33,NJ,504,0.043
M,2017,Yadiel,23,NJ,692,0.03
M,2017,Yusuf,23,NJ,692,0.03
M,2017,Yousef,17,NJ,854,0.022
M,2017,Yisrael,14,NJ,994,0.018
M,2017,Youssef,13,NJ,1061,0.017
M,2017,Yakov,12,NJ,1130,0.016
M,2017,Yasin,12,NJ,1130,0.016
M,2017,Yitzchak,12,NJ,1130,0.016
M,2017,Yahir,11,NJ,1211,0.014
M,2017,Yeshaya,11,NJ,1211,0.014
M,2017,Yaseen,10,NJ,1295,0.013
M,2017,Yuvaan,10,NJ,1295,0.013
M,2017,Yasir,9,NJ,1410,0.012
M,2017,Yeshua,9,NJ,1410,0.012
M,2017,Yoel,9,NJ,1410,0.012
M,2017,Yohan,8,NJ,1529,0.01
M,2017,Yuvan,8,NJ,1529,0.01
M,2017,Yahya,7,NJ,1699,0.009
M,2017,Yariel,7,NJ,1699,0.009
M,2017,Yash,7,NJ,1699,0.009
M,2017,Yazan,7,NJ,1699,0.009
M,2017,Yechezkel,7,NJ,1699,0.009
M,2017,Yunus,7,NJ,1699,0.009
M,2017,Yair,6,NJ,1872,0.008
M,2017,Yehudah,6,NJ,1872,0.008
M,2017,Yona,6,NJ,1872,0.008
M,2017,Yuvraj,6,NJ,1872,0.008
M,2018,Yosef,89,NJ,192,0.117
M,2018,Yaakov,77,NJ,212,0.101
M,2018,Yehuda,75,NJ,221,0.099
M,2018,Yisroel,62,NJ,269,0.081
M,2018,Yitzchok,52,NJ,322,0.068
M,2018,Yehoshua,31,NJ,540,0.041
M,2018,Yakov,22,NJ,719,0.029
M,2018,Yuvaan,21,NJ,749,0.028
M,2018,Yisrael,19,NJ,815,0.025
M,2018,Yusuf,17,NJ,884,0.022
M,2018,Yechezkel,16,NJ,917,0.021
M,2018,Yitzchak,16,NJ,917,0.021
M,2018,Yaseen,15,NJ,964,0.02
M,2018,Youssef,15,NJ,964,0.02
M,2018,Yousef,14,NJ,1021,0.018
M,2018,Yadiel,13,NJ,1078,0.017
M,2018,Yuvan,13,NJ,1078,0.017
M,2018,Yeshaya,12,NJ,1137,0.016
M,2018,Yahya,11,NJ,1222,0.014
M,2018,Yariel,11,NJ,1222,0.014
M,2018,Yahir,10,NJ,1312,0.013
M,2018,Yonah,10,NJ,1312,0.013
M,2018,Yael,9,NJ,1407,0.012
M,2018,Yoel,9,NJ,1407,0.012
M,2018,Yassin,8,NJ,1533,0.011
M,2018,Yazan,8,NJ,1533,0.011
M,2018,Yasin,7,NJ,1696,0.009
M,2018,Yasir,7,NJ,1696,0.009
M,2018,Yerachmiel,7,NJ,1696,0.009
M,2018,Yair,6,NJ,1873,0.008
M,2018,Yuvraj,6,NJ,1873,0.008
M,2018,Yash,5,NJ,2145,0.007
M,2018,Yeshua,5,NJ,2145,0.007
M,2018,Yunus,5,NJ,2145,0.007
M,2019,Yosef,101,NJ,159,0.135
M,2019,Yehuda,97,NJ,166,0.13
M,2019,Yisroel,91,NJ,184,0.122
M,2019,Yaakov,73,NJ,227,0.098
M,2019,Yitzchok,56,NJ,293,0.075
M,2019,Yehoshua,33,NJ,506,0.044
M,2019,Yusuf,32,NJ,522,0.043
M,2019,Yousef,19,NJ,807,0.025
M,2019,Youssef,19,NJ,807,0.025
M,2019,Yitzchak,18,NJ,838,0.024
M,2019,Yadiel,16,NJ,918,0.021
M,2019,Yechezkel,16,NJ,918,0.021
M,2019,Yakov,15,NJ,971,0.02
M,2019,Yuvaan,15,NJ,971,0.02
M,2019,Yasin,14,NJ,1030,0.019
M,2019,Yechiel,12,NJ,1139,0.016
M,2019,Yerik,11,NJ,1228,0.015
M,2019,Yaseen,10,NJ,1333,0.013
M,2019,Yash,9,NJ,1436,0.012
M,2019,Yehudah,9,NJ,1436,0.012
M,2019,Yeshaya,9,NJ,1436,0.012
M,2019,Yisrael,9,NJ,1436,0.012
M,2019,Yunus,9,NJ,1436,0.012
M,2019,Yahya,8,NJ,1532,0.011
M,2019,Yassin,8,NJ,1532,0.011
M,2019,Yael,7,NJ,1698,0.009
M,2019,Yair,7,NJ,1698,0.009
M,2019,Yasir,7,NJ,1698,0.009
M,2019,Yug,7,NJ,1698,0.009
M,2019,Yuvan,7,NJ,1698,0.009
M,2019,Yahir,6,NJ,1890,0.008
M,2019,Yariel,6,NJ,1890,0.008
M,2019,Yazan,6,NJ,1890,0.008
M,2019,Yoel,6,NJ,1890,0.008
M,2019,Yohan,6,NJ,1890,0.008
M,2019,Yedidya,5,NJ,2141,0.007
M,2019,Yeshua,5,NJ,2141,0.007
M,2019,Yossi,5,NJ,2141,0.007
M,2019,Yulian,5,NJ,2141,0.007
M,2020,Yehuda,120,NJ,128,0.162
M,2020,Yosef,98,NJ,164,0.132
M,2020,Yisroel,81,NJ,198,0.109
M,2020,Yaakov,73,NJ,225,0.098
M,2020,Yitzchok,57,NJ,295,0.077
M,2020,Yehoshua,30,NJ,545,0.04
M,2020,Yusuf,21,NJ,752,0.028
M,2020,Yakov,19,NJ,826,0.026
M,2020,Yaseen,18,NJ,862,0.024
M,2020,Yeshaya,17,NJ,897,0.023
M,2020,Yisrael,16,NJ,951,0.022
M,2020,Yousef,16,NJ,951,0.022
M,2020,Youssef,16,NJ,951,0.022
M,2020,Yasin,14,NJ,1043,0.019
M,2020,Yitzchak,13,NJ,1095,0.018
M,2020,Yadiel,12,NJ,1170,0.016
M,2020,Yahya,11,NJ,1252,0.015
M,2020,Yechezkel,11,NJ,1252,0.015
M,2020,Yariel,10,NJ,1329,0.013
M,2020,Yael,8,NJ,1554,0.011
M,2020,Yerachmiel,7,NJ,1732,0.009
M,2020,Yonah,6,NJ,1915,0.008
M,2020,Yasir,5,NJ,2142,0.007
M,2020,Yuvaan,5,NJ,2142,0.007
M,2020,Yuvan,5,NJ,2142,0.007
M,2021,Yehuda,120,NJ,132,0.156
M,2021,Yosef,116,NJ,141,0.151
M,2021,Yaakov,108,NJ,154,0.14
M,2021,Yisroel,92,NJ,185,0.12
M,2021,Yitzchok,70,NJ,254,0.091
M,2021,Yehoshua,42,NJ,414,0.055
M,2021,Yusuf,25,NJ,666,0.032
M,2021,Yakov,24,NJ,686,0.031
M,2021,Yousef,19,NJ,830,0.025
M,2021,Yaseen,16,NJ,966,0.021
M,2021,Yitzchak,14,NJ,1068,0.018
M,2021,Yisrael,12,NJ,1189,0.016
M,2021,Yechezkel,11,NJ,1273,0.014
M,2021,Yael,10,NJ,1364,0.013
M,2021,Yair,10,NJ,1364,0.013
M,2021,Yuvaan,10,NJ,1364,0.013
M,2021,Yazan,9,NJ,1475,0.012
M,2021,Yahya,8,NJ,1593,0.01
M,2021,Yohan,8,NJ,1593,0.01
M,2021,Yuvan,8,NJ,1593,0.01
M,2021,Yadiel,7,NJ,1746,0.009
M,2021,Yahir,7,NJ,1746,0.009
M,2021,Yuvraj,7,NJ,1746,0.009
M,2021,Yariel,6,NJ,1960,0.008
M,2021,Yasin,6,NJ,1960,0.008
M,2021,Yehudah,6,NJ,1960,0.008
M,2021,Yoel,6,NJ,1960,0.008
M,2021,Yonah,6,NJ,1960,0.008
M,2021,Youssef,6,NJ,1960,0.008
M,2021,Yahia,5,NJ,2229,0.006
M,2021,Yasir,5,NJ,2229,0.006
M,2021,Yassin,5,NJ,2229,0.006
M,2021,Yecheskel,5,NJ,2229,0.006
M,2021,Yerik,5,NJ,2229,0.006
M,2021,Yug,5,NJ,2229,0.006
M,2021,Yunus,5,NJ,2229,0.006
M,2022,Yehuda,149,NJ,106,0.192
M,2022,Yosef,135,NJ,121,0.174
M,2022,Yaakov,103,NJ,161,0.133
M,2022,Yisroel,80,NJ,215,0.103
M,2022,Yitzchok,62,NJ,278,0.08
M,2022,Yehoshua,32,NJ,546,0.041
M,2022,Yusuf,24,NJ,683,0.031
M,2022,Yakov,18,NJ,877,0.023
M,2022,Yisrael,16,NJ,974,0.021
M,2022,Yadiel,15,NJ,1027,0.019
M,2022,Yechiel,15,NJ,1027,0.019
M,2022,Yeshaya,13,NJ,1151,0.017
M,2022,Yael,12,NJ,1203,0.015
M,2022,Yechezkel,12,NJ,1203,0.015
M,2022,Yahya,11,NJ,1283,0.014
M,2022,Yaseen,10,NJ,1368,0.013
M,2022,Yoel,10,NJ,1368,0.013
M,2022,Yousef,10,NJ,1368,0.013
M,2022,Youssef,10,NJ,1368,0.013
M,2022,Yahir,9,NJ,1480,0.012
M,2022,Yariel,9,NJ,1480,0.012
M,2022,Yasin,7,NJ,1777,0.009
M,2022,Yonah,7,NJ,1777,0.009
M,2022,Yuvraj,7,NJ,1777,0.009
M,2022,Yash,6,NJ,1959,0.008
M,2022,Yousuf,6,NJ,1959,0.008
M,2022,Yasir,5,NJ,2245,0.006
M,2022,Yassin,5,NJ,2245,0.006
M,2022,Yecheskel,5,NJ,2245,0.006
M,2022,Yuvaan,5,NJ,2245,0.006
M,2023,Yosef,143,NJ,108,0.188
M,2023,Yehuda,135,NJ,116,0.178
M,2023,Yaakov,103,NJ,158,0.136
M,2023,Yisroel,98,NJ,166,0.129
M,2023,Yitzchok,75,NJ,220,0.099
M,2023,Yehoshua,39,NJ,440,0.051
M,2023,Yusuf,37,NJ,462,0.049
M,2023,Yisrael,25,NJ,661,0.033
M,2023,Yechiel,24,NJ,692,0.032
M,2023,Yitzchak,23,NJ,717,0.03
M,2023,Yousef,22,NJ,750,0.029
M,2023,Yakov,18,NJ,873,0.024
M,2023,Yaseen,17,NJ,915,0.022
M,2023,Yechezkel,17,NJ,915,0.022
M,2023,Yeshaya,15,NJ,1016,0.02
M,2023,Yasin,13,NJ,1141,0.017
M,2023,Yadiel,11,NJ,1298,0.014
M,2023,Yael,11,NJ,1298,0.014
M,2023,Yuvaan,11,NJ,1298,0.014
M,2023,Yoel,10,NJ,1392,0.013
M,2023,Yona,10,NJ,1392,0.013
M,2023,Youssef,10,NJ,1392,0.013
M,2023,Yug,9,NJ,1506,0.012
M,2023,Yahir,8,NJ,1627,0.011
M,2023,Yash,8,NJ,1627,0.011
M,2023,Yunus,8,NJ,1627,0.011
M,2023,Yerik,7,NJ,1779,0.009
M,2023,Yariel,6,NJ,1952,0.008
M,2023,Yazan,6,NJ,1952,0.008
M,2023,Younis,6,NJ,1952,0.008
M,2023,Yamir,5,NJ,2226,0.007
M,2023,Yasir,5,NJ,2226,0.007
M,2023,Yohan,5,NJ,2226,0.007
M,2023,Yonah,5,NJ,2226,0.007
M,2023,Yonatan,5,NJ,2226,0.007
M,2023,Younes,5,NJ,2226,0.007
M,2023,Yuvan,5,NJ,2226,0.007
M,2024,Yehuda,144,NJ,107,0.189
M,2024,Yosef,133,NJ,120,0.175
M,2024,Yaakov,101,NJ,159,0.133
M,2024,Yisroel,73,NJ,236,0.096
M,2024,Yitzchok,65,NJ,273,0.085
M,2024,Yusuf,35,NJ,500,0.046
M,2024,Yehoshua,31,NJ,553,0.041
M,2024,Yousef,26,NJ,647,0.034
M,2024,Yisrael,22,NJ,742,0.029
M,2024,Yakov,21,NJ,769,0.028
M,2024,Yeshaya,21,NJ,769,0.028
M,2024,Yitzchak,21,NJ,769,0.028
M,2024,Yaseen,16,NJ,968,0.021
M,2024,Yechezkel,16,NJ,968,0.021
M,2024,Yahya,15,NJ,1025,0.02
M,2024,Yael,14,NJ,1089,0.018
M,2024,Yadiel,13,NJ,1152,0.017
M,2024,Yeshua,11,NJ,1299,0.014
M,2024,Youssef,11,NJ,1299,0.014
M,2024,Yohan,10,NJ,1389,0.013
M,2024,Younis,10,NJ,1389,0.013
M,2024,Yuvaan,9,NJ,1497,0.012
M,2024,Yahir,8,NJ,1612,0.011
M,2024,Yunus,8,NJ,1612,0.011
M,2024,Yair,7,NJ,1767,0.009
M,2024,Yazan,7,NJ,1767,0.009
M,2024,Yonah,7,NJ,1767,0.009
M,2024,Yasin,6,NJ,1944,0.008
M,2024,Yassin,6,NJ,1944,0.008
M,2024,Yariel,5,NJ,2231,0.007
M,2024,Yash,5,NJ,2231,0.007
M,2024,Yasir,5,NJ,2231,0.007
M,2024,Yug,5,NJ,2231,0.007
F,1914,Yvonne,6,MT,208,0.108
F,1918,Yvonne,6,MT,335,0.05
F,1920,Yvonne,6,MT,291,0.061
F,1921,Yvonne,6,MT,297,0.063
F,1922,Yvonne,5,MT,306,0.056
F,1924,Yvonne,6,MT,268,0.074
F,1925,Yvonne,7,MT,235,0.089
F,1926,Yvonne,5,MT,285,0.066
F,1928,Yvonne,9,MT,206,0.115
F,1929,Yvonne,13,MT,159,0.167
F,1931,Yvonne,8,MT,216,0.111
F,1932,Yvonne,5,MT,293,0.072
F,1933,Yvonne,7,MT,229,0.103
F,1934,Yvonne,7,MT,231,0.094
F,1935,Yvonne,13,MT,158,0.171
F,1936,Yvonne,17,MT,126,0.214
F,1937,Yvonne,18,MT,113,0.225
F,1938,Yvonne,12,MT,177,0.145
F,1939,Yvonne,12,MT,173,0.139
F,1940,Yvonne,13,MT,174,0.144
F,1941,Yvonne,12,MT,175,0.132
F,1942,Yvonne,9,MT,212,0.098
F,1943,Yvonne,6,MT,283,0.068
F,1944,Yvonne,5,MT,303,0.059
F,1945,Yvonne,9,MT,211,0.109
F,1946,Yvonne,13,MT,181,0.125
F,1947,Yvonne,13,MT,204,0.107
F,1948,Yvonne,12,MT,222,0.099
F,1949,Yvonne,11,MT,239,0.089
F,1950,Yvonne,10,MT,261,0.079
F,1951,Yvonne,18,MT,164,0.139
F,1952,Yvonne,17,MT,177,0.125
F,1953,Yvonne,16,MT,190,0.117
F,1954,Yvonne,9,MT,305,0.063
F,1955,Yvonne,8,MT,343,0.055
F,1956,Yvonne,16,MT,214,0.108
F,1957,Yvonne,16,MT,218,0.105
F,1958,Yvonne,17,MT,206,0.119
F,1959,Yvonne,11,MT,294,0.075
F,1960,Yvonne,13,MT,255,0.091
F,1961,Yvonne,16,MT,227,0.113
F,1962,Yvonne,9,MT,336,0.066
F,1963,Yvonne,9,MT,312,0.071
F,1964,Yvonne,6,MT,403,0.05
F,1965,Yvette,8,MT,302,0.075
F,1965,Yvonne,5,MT,428,0.047
F,1966,Yvette,8,MT,290,0.081
F,1966,Yvonne,8,MT,290,0.081
F,1967,Yvette,6,MT,353,0.064
F,1969,Yvonne,6,MT,328,0.067
F,1969,Yvette,5,MT,386,0.056
F,1970,Yvette,6,MT,353,0.062
F,1970,Yvonne,5,MT,401,0.052
F,1971,Yvonne,8,MT,276,0.086
F,1974,Yvonne,7,MT,284,0.076
F,1978,Yvonne,5,MT,369,0.051
F,1912,Yvonne,5,MN,442,0.031
F,1914,Yvonne,6,MN,509,0.024
F,1915,Yvonne,7,MN,586,0.019
F,1916,Yvonne,13,MN,423,0.032
F,1917,Yvonne,11,MN,465,0.027
F,1918,Yvonne,14,MN,421,0.033
F,1919,Yvonne,16,MN,360,0.039
F,1920,Yvonne,17,MN,366,0.039
F,1921,Yvonne,22,MN,320,0.048
F,1922,Yvonne,27,MN,282,0.059
F,1923,Yvonne,34,MN,240,0.075
F,1924,Yvonne,34,MN,246,0.076
F,1925,Yvonne,41,MN,211,0.095
F,1926,Yvonne,46,MN,202,0.107
F,1927,Yvonne,34,MN,240,0.081
F,1928,Yvonne,44,MN,196,0.108
F,1929,Yvonne,65,MN,147,0.167
F,1930,Yvonne,62,MN,151,0.156
F,1931,Yvonne,70,MN,131,0.177
F,1932,Yvonne,66,MN,137,0.168
F,1933,Yvonne,51,MN,167,0.136
F,1934,Yvonne,67,MN,136,0.172
F,1935,Yvonne,123,MN,73,0.313
F,1936,Yvonne,135,MN,75,0.332
F,1937,Yvonne,137,MN,75,0.33
F,1938,Yvonne,100,MN,99,0.23
F,1939,Yvonne,81,MN,115,0.185
F,1940,Yvonne,77,MN,126,0.165
F,1941,Yvonne,80,MN,123,0.167
F,1942,Yvonne,57,MN,172,0.109
F,1943,Yvonne,53,MN,176,0.102
F,1944,Yvonne,53,MN,174,0.107
F,1945,Yvonne,40,MN,205,0.083
F,1946,Yvonne,63,MN,175,0.104
F,1947,Yvonne,68,MN,179,0.1
F,1948,Yvonne,47,MN,234,0.071
F,1949,Yvonne,51,MN,227,0.076
F,1950,Yvonne,55,MN,218,0.08
F,1951,Yvonne,52,MN,230,0.071
F,1951,Yolanda,7,MN,656,0.01
F,1952,Yvonne,55,MN,238,0.075
F,1952,Yvette,6,MN,690,0.008
F,1952,Yolanda,5,MN,759,0.007
F,1953,Yvonne,51,MN,244,0.07
F,1953,Yvette,8,MN,607,0.011
F,1953,Yolanda,5,MN,781,0.007
F,1954,Yvonne,47,MN,260,0.063
F,1954,Yolanda,5,MN,798,0.007
F,1955,Yvonne,58,MN,226,0.077
F,1956,Yvonne,41,MN,284,0.053
F,1956,Yvette,5,MN,817,0.006
F,1957,Yvonne,45,MN,281,0.057
F,1957,Yvette,6,MN,777,0.008
F,1958,Yvonne,43,MN,288,0.055
F,1958,Yvette,5,MN,839,0.006
F,1959,Yvonne,37,MN,330,0.045
F,1959,Yolanda,7,MN,744,0.009
F,1960,Yvonne,49,MN,278,0.06
F,1960,Yvette,8,MN,697,0.01
F,1961,Yvonne,35,MN,333,0.044
F,1961,Yvette,7,MN,747,0.009
F,1961,Yolanda,6,MN,811,0.008
F,1962,Yvonne,37,MN,327,0.047
F,1962,Yvette,8,MN,709,0.01
F,1963,Yvonne,29,MN,368,0.039
F,1963,Yvette,12,MN,566,0.016
F,1964,Yvonne,27,MN,364,0.038
F,1964,Yvette,10,MN,599,0.014
F,1965,Yvonne,29,MN,339,0.045
F,1965,Yvette,9,MN,590,0.014
F,1965,Yolanda,5,MN,817,0.008
F,1966,Yvonne,24,MN,356,0.039
F,1966,Yvette,13,MN,499,0.021
F,1967,Yvonne,21,MN,371,0.036
F,1967,Yvette,14,MN,472,0.024
F,1968,Yvonne,16,MN,439,0.027
F,1968,Yvette,14,MN,477,0.024
F,1969,Yvonne,18,MN,421,0.03
F,1969,Yvette,13,MN,499,0.022
F,1970,Yvette,16,MN,462,0.026
F,1970,Yvonne,16,MN,462,0.026
F,1970,Yolanda,7,MN,728,0.011
F,1971,Yvette,10,MN,577,0.018
F,1971,Yvonne,9,MN,619,0.016
F,1971,Yolanda,5,MN,848,0.009
F,1972,Yvonne,9,MN,583,0.018
F,1973,Yvonne,12,MN,469,0.025
F,1973,Yvette,7,MN,630,0.014
F,1974,Yvonne,8,MN,624,0.016
F,1974,Yvette,5,MN,812,0.01
F,1975,Yvonne,8,MN,614,0.016
F,1975,Yolanda,5,MN,800,0.01
F,1975,Yvette,5,MN,800,0.01
F,1976,Yolanda,5,MN,810,0.01
F,1976,Yvonne,5,MN,810,0.01
F,1977,Yvonne,9,MN,599,0.016
F,1977,Yvette,7,MN,690,0.013
F,1977,Yolanda,5,MN,843,0.009
F,1978,Yolanda,9,MN,611,0.016
F,1978,Yvette,5,MN,859,0.009
F,1979,Yolanda,7,MN,731,0.012
F,1979,Yvonne,5,MN,880,0.008
F,1980,Yolanda,7,MN,738,0.011
F,1981,Ying,5,MN,920,0.008
F,1981,Yolanda,5,MN,920,0.008
F,1982,Yvonne,11,MN,561,0.018
F,1982,Yer,7,MN,755,0.011
F,1983,Yer,8,MN,660,0.014
F,1983,Yolanda,6,MN,797,0.01
F,1984,Yer,6,MN,796,0.01
F,1984,Yvonne,6,MN,796,0.01
F,1986,Yer,8,MN,685,0.014
F,1986,Yolanda,5,MN,899,0.009
F,1987,Yer,5,MN,925,0.009
F,1987,Yolanda,5,MN,925,0.009
F,1988,Yer,10,MN,613,0.017
F,1988,Youa,5,MN,956,0.009
F,1989,Yvonne,6,MN,878,0.01
F,1989,Yer,5,MN,1009,0.008
F,1990,Yer,11,MN,604,0.018
F,1991,Yer,10,MN,645,0.017
F,1992,Yer,9,MN,701,0.016
F,1994,Yer,6,MN,920,0.011
F,1995,Yer,10,MN,686,0.019
F,1995,Yesenia,7,MN,875,0.013
F,1996,Yesenia,9,MN,752,0.017
F,1996,Yasmine,5,MN,1093,0.009
F,1996,Yolanda,5,MN,1093,0.009
F,1997,Yasmin,8,MN,842,0.015
F,1997,Yer,8,MN,842,0.015
F,1997,Yasmine,7,MN,921,0.013
F,1997,Yesenia,5,MN,1144,0.009
F,1998,Yasmin,9,MN,809,0.017
F,1998,Yasmine,5,MN,1170,0.009
F,1998,Yesenia,5,MN,1170,0.009
F,1999,Yesenia,7,MN,943,0.013
F,2000,Yasmin,8,MN,920,0.015
F,2000,Yadira,5,MN,1237,0.009
F,2000,Yasmine,5,MN,1237,0.009
F,2001,Yesenia,14,MN,629,0.026
F,2001,Yasmin,7,MN,1039,0.013
F,2001,Yasmine,6,MN,1144,0.011
F,2001,Yessenia,5,MN,1301,0.009
F,2001,Yoselin,5,MN,1301,0.009
F,2002,Yasmin,15,MN,628,0.027
F,2002,Yesenia,8,MN,949,0.015
F,2002,Yasmine,6,MN,1136,0.011
F,2002,Yazmin,6,MN,1136,0.011
F,2003,Yasmin,8,MN,979,0.014
F,2003,Yasmine,7,MN,1085,0.013
F,2003,Yusra,6,MN,1196,0.011
F,2003,Yadira,5,MN,1366,0.009
F,2003,Yvonne,5,MN,1366,0.009
F,2004,Yasmin,11,MN,824,0.02
F,2004,Yasmine,7,MN,1120,0.012
F,2004,Yusra,7,MN,1120,0.012
F,2004,Yesenia,6,MN,1236,0.011
F,2005,Yasmin,11,MN,836,0.02
F,2005,Yuridia,6,MN,1261,0.011
F,2005,Yusra,6,MN,1261,0.011
F,2005,Yareli,5,MN,1441,0.009
F,2006,Yasmin,12,MN,813,0.021
F,2006,Yareli,6,MN,1341,0.01
F,2006,Yasmine,6,MN,1341,0.01
F,2006,Yesenia,6,MN,1341,0.01
F,2006,Yoselin,6,MN,1341,0.01
F,2006,Yaretzi,5,MN,1522,0.009
F,2007,Yasmin,15,MN,709,0.026
F,2007,Yadira,6,MN,1363,0.01
F,2007,Yesenia,5,MN,1575,0.009
F,2007,Yoselin,5,MN,1575,0.009
F,2008,Yasmin,14,MN,729,0.025
F,2008,Yamileth,5,MN,1563,0.009
F,2009,Yasmin,14,MN,748,0.026
F,2009,Yusra,7,MN,1222,0.013
F,2009,Yaretzi,6,MN,1367,0.011
F,2009,Yareli,5,MN,1555,0.009
F,2010,Yusra,14,MN,734,0.027
F,2010,Yasmin,12,MN,831,0.023
F,2010,Yaretzi,6,MN,1365,0.012
F,2010,Yamilet,5,MN,1554,0.01
F,2010,Yareli,5,MN,1554,0.01
F,2011,Yaretzi,13,MN,767,0.025
F,2011,Yusra,11,MN,873,0.021
F,2011,Yasmin,7,MN,1229,0.013
F,2011,Yamilet,5,MN,1545,0.01
F,2011,Yoselin,5,MN,1545,0.01
F,2012,Yaretzi,11,MN,891,0.021
F,2012,Yusra,11,MN,891,0.021
F,2012,Yasmin,10,MN,946,0.019
F,2012,Yazmin,7,MN,1249,0.014
F,2012,Yarely,5,MN,1586,0.01
F,2013,Yusra,16,MN,681,0.031
F,2013,Yasmin,13,MN,799,0.025
F,2013,Yaretzi,10,MN,966,0.019
F,2013,Yvette,6,MN,1415,0.012
F,2014,Yaretzi,13,MN,810,0.025
F,2014,Yusra,11,MN,903,0.021
F,2014,Yasmin,9,MN,1061,0.017
F,2014,Yuna,7,MN,1274,0.013
F,2015,Yusra,17,MN,678,0.032
F,2015,Yasmin,13,MN,826,0.025
F,2015,Yaretzi,8,MN,1189,0.015
F,2015,Yuna,7,MN,1296,0.013
F,2016,Yusra,14,MN,810,0.027
F,2016,Yasmin,9,MN,1132,0.017
F,2016,Yaretzi,8,MN,1230,0.015
F,2017,Yaretzi,14,MN,778,0.027
F,2017,Yasmin,12,MN,905,0.024
F,2017,Yusra,10,MN,1021,0.02
F,2017,Yara,5,MN,1631,0.01
F,2017,Yuna,5,MN,1631,0.01
F,2018,Yusra,22,MN,553,0.044
F,2018,Yasmin,13,MN,847,0.026
F,2018,Yuna,9,MN,1126,0.018
F,2018,Yara,7,MN,1325,0.014
F,2018,Yaretzi,7,MN,1325,0.014
F,2018,Yareli,6,MN,1458,0.012
F,2019,Yusra,23,MN,512,0.047
F,2019,Yaretzi,11,MN,938,0.022
F,2019,Yuna,8,MN,1216,0.016
F,2019,Yareli,6,MN,1461,0.012
F,2019,Yasmin,6,MN,1461,0.012
F,2019,Yaritza,5,MN,1667,0.01
F,2020,Yusra,20,MN,550,0.043
F,2020,Yasmin,11,MN,933,0.024
F,2020,Yaretzi,9,MN,1091,0.019
F,2020,Yara,6,MN,1455,0.013
F,2020,Yuna,6,MN,1455,0.013
F,2020,Yoselin,5,MN,1642,0.011
F,2021,Yusra,17,MN,664,0.036
F,2021,Yasmin,11,MN,945,0.023
F,2021,Yuna,11,MN,945,0.023
F,2021,Yaretzi,6,MN,1476,0.013
F,2021,Yara,5,MN,1660,0.011
F,2022,Yusra,14,MN,781,0.03
F,2022,Yasmin,12,MN,897,0.026
F,2022,Yuna,9,MN,1098,0.019
F,2022,Yaretzi,6,MN,1491,0.013
F,2023,Yusra,18,MN,620,0.04
F,2023,Yareli,7,MN,1326,0.016
F,2023,Yaretzi,7,MN,1326,0.016
F,2023,Yasmin,7,MN,1326,0.016
F,2023,Yuna,7,MN,1326,0.016
F,2023,Yara,6,MN,1476,0.013
F,2024,Yusra,21,MN,541,0.046
F,2024,Yuna,13,MN,828,0.029
F,2024,Yasmin,11,MN,939,0.024
F,2024,Yara,5,MN,1683,0.011
F,2024,Yemariam,5,MN,1683,0.011
M,1980,Yeng,5,MN,920,0.008
M,1987,Yeng,5,MN,925,0.009
M,1989,Yee,5,MN,1009,0.008
M,1989,Yeng,5,MN,1009,0.008
M,1990,Yeng,12,MN,574,0.02
M,1992,Yeng,5,MN,1047,0.009
M,1993,Yeng,8,MN,771,0.014
M,1993,Yue,7,MN,842,0.013
M,1994,Yeng,5,MN,1035,0.009
M,1995,Yeng,7,MN,875,0.013
M,1997,Yee,5,MN,1144,0.009
M,1997,Yeng,5,MN,1144,0.009
M,1998,Yeng,5,MN,1170,0.009
M,1999,Yeng,10,MN,764,0.019
M,1999,Yupheng,6,MN,1057,0.011
M,2000,Yahye,8,MN,920,0.015
M,2001,Yusuf,10,MN,832,0.018
M,2002,Yusuf,11,MN,782,0.02
M,2002,Yuepheng,6,MN,1136,0.011
M,2002,Yahye,5,MN,1297,0.009
M,2003,Yahir,14,MN,657,0.025
M,2003,Yusuf,7,MN,1085,0.013
M,2003,Yahya,5,MN,1366,0.009
M,2003,Yasin,5,MN,1366,0.009
M,2003,Yasir,5,MN,1366,0.009
M,2003,Yuepheng,5,MN,1366,0.009
M,2004,Yusuf,9,MN,936,0.016
M,2004,Yonis,8,MN,1011,0.014
M,2004,Yahir,7,MN,1120,0.012
M,2004,Yahye,7,MN,1120,0.012
M,2004,Yasir,5,MN,1407,0.009
M,2005,Yahir,11,MN,836,0.02
M,2005,Yusuf,11,MN,836,0.02
M,2005,Yonis,8,MN,1035,0.014
M,2005,Yahya,6,MN,1261,0.011
M,2005,Yasir,5,MN,1441,0.009
M,2006,Yahya,11,MN,863,0.019
M,2006,Yahir,9,MN,1009,0.016
M,2006,Yasir,8,MN,1096,0.014
M,2006,Yahye,6,MN,1341,0.01
M,2006,Yosef,5,MN,1522,0.009
M,2006,Yusuf,5,MN,1522,0.009
M,2007,Yusuf,16,MN,674,0.028
M,2007,Yasir,12,MN,819,0.021
M,2007,Yahya,10,MN,938,0.017
M,2007,Yahye,8,MN,1099,0.014
M,2007,Yahir,6,MN,1363,0.01
M,2007,Yasin,6,MN,1363,0.01
M,2007,Yael,5,MN,1575,0.009
M,2008,Yusuf,24,MN,506,0.043
M,2008,Yahya,8,MN,1111,0.014
M,2008,Yahir,7,MN,1213,0.013
M,2008,Yasir,7,MN,1213,0.013
M,2008,Yonis,7,MN,1213,0.013
M,2008,Yahye,6,MN,1375,0.011
M,2008,Yaqub,6,MN,1375,0.011
M,2008,Yacqub,5,MN,1563,0.009
M,2008,Yasin,5,MN,1563,0.009
M,2009,Yusuf,17,MN,661,0.031
M,2009,Yahya,11,MN,902,0.02
M,2009,Yasir,8,MN,1113,0.015
M,2009,Yahir,5,MN,1555,0.009
M,2009,Yahye,5,MN,1555,0.009
M,2009,Yair,5,MN,1555,0.009
M,2009,Yaseen,5,MN,1555,0.009
M,2009,Yonis,5,MN,1555,0.009
M,2010,Yusuf,17,MN,643,0.033
M,2010,Yasir,11,MN,870,0.021
M,2010,Yahya,9,MN,1030,0.017
M,2010,Yahir,7,MN,1228,0.013
M,2011,Yusuf,20,MN,556,0.038
M,2011,Yasir,14,MN,728,0.027
M,2011,Yahya,10,MN,951,0.019
M,2011,Yonis,6,MN,1352,0.012
M,2011,Yahye,5,MN,1545,0.01
M,2012,Yusuf,23,MN,499,0.044
M,2012,Yahya,11,MN,891,0.021
M,2012,Yasir,9,MN,1031,0.017
M,2012,Yahye,8,MN,1132,0.015
M,2012,Yonis,6,MN,1398,0.012
M,2013,Yusuf,25,MN,481,0.048
M,2013,Yahya,8,MN,1166,0.015
M,2013,Yasir,7,MN,1265,0.013
M,2013,Yonis,7,MN,1265,0.013
M,2013,Yahir,5,MN,1584,0.01
M,2013,Yandel,5,MN,1584,0.01
M,2013,Yassir,5,MN,1584,0.01
M,2013,Yussuf,5,MN,1584,0.01
M,2014,Yusuf,35,MN,369,0.066
M,2014,Yahya,15,MN,743,0.028
M,2014,Yasir,12,MN,852,0.023
M,2014,Yahye,10,MN,985,0.019
M,2014,Yaqub,10,MN,985,0.019
M,2014,Yonis,8,MN,1153,0.015
M,2014,Yahir,5,MN,1604,0.009
M,2015,Yusuf,23,MN,534,0.044
M,2015,Yasir,21,MN,576,0.04
M,2015,Yahya,20,MN,600,0.038
M,2015,Yahye,8,MN,1189,0.015
M,2015,Yonis,8,MN,1189,0.015
M,2015,Yacqub,5,MN,1652,0.009
M,2015,Yahir,5,MN,1652,0.009
M,2015,Yaqub,5,MN,1652,0.009
M,2016,Yusuf,26,MN,476,0.05
M,2016,Yahya,21,MN,577,0.04
M,2016,Yasir,14,MN,810,0.027
M,2016,Yahye,10,MN,1031,0.019
M,2016,Yonis,5,MN,1646,0.01
M,2016,Yousef,5,MN,1646,0.01
M,2017,Yusuf,24,MN,511,0.047
M,2017,Yahya,20,MN,598,0.039
M,2017,Yasir,20,MN,598,0.039
M,2017,Yahye,6,MN,1454,0.012
M,2017,Yunis,5,MN,1631,0.01
M,2018,Yusuf,25,MN,481,0.05
M,2018,Yasir,17,MN,698,0.034
M,2018,Yahya,13,MN,847,0.026
M,2018,Yaqub,6,MN,1458,0.012
M,2018,Yonis,6,MN,1458,0.012
M,2019,Yusuf,27,MN,432,0.055
M,2019,Yahya,25,MN,468,0.051
M,2019,Yasir,15,MN,743,0.031
M,2019,Yaqub,9,MN,1091,0.018
M,2019,Yahye,7,MN,1337,0.014
M,2019,Yosef,5,MN,1667,0.01
M,2019,Yousef,5,MN,1667,0.01
M,2019,Yussuf,5,MN,1667,0.01
M,2019,Yuvaan,5,MN,1667,0.01
M,2020,Yusuf,29,MN,405,0.062
M,2020,Yahya,15,MN,712,0.032
M,2020,Yasir,15,MN,712,0.032
M,2020,Yaqub,13,MN,811,0.028
M,2020,Yonis,7,MN,1320,0.015
M,2020,Yahye,5,MN,1642,0.011
M,2021,Yusuf,22,MN,534,0.046
M,2021,Yahya,18,MN,636,0.038
M,2021,Yasir,15,MN,748,0.032
M,2021,Yahye,5,MN,1660,0.011
M,2021,Yasin,5,MN,1660,0.011
M,2021,Yunis,5,MN,1660,0.011
M,2022,Yusuf,26,MN,452,0.056
M,2022,Yahya,23,MN,510,0.049
M,2022,Yasir,19,MN,613,0.041
M,2022,Yahye,12,MN,897,0.026
M,2022,Yasin,9,MN,1098,0.019
M,2022,Yaqub,7,MN,1351,0.015
M,2023,Yahya,28,MN,417,0.062
M,2023,Yusuf,24,MN,481,0.053
M,2023,Yasir,13,MN,793,0.029
M,2023,Yonis,7,MN,1326,0.016
M,2023,Yaqub,5,MN,1652,0.011
M,2023,Yosef,5,MN,1652,0.011
M,2023,Yunus,5,MN,1652,0.011
M,2024,Yusuf,37,MN,308,0.082
M,2024,Yahya,25,MN,463,0.055
M,2024,Yasir,13,MN,828,0.029
M,2024,Yaqub,6,MN,1487,0.013
M,2024,Yaseen,5,MN,1683,0.011
M,2024,Yasin,5,MN,1683,0.011
F,1920,Yvonne,6,VA,750,0.011
F,1921,Yvonne,8,VA,641,0.015
F,1922,Yvonne,7,VA,686,0.013
F,1923,Yvonne,13,VA,479,0.025
F,1924,Yvonne,8,VA,629,0.015
F,1925,Yvonne,7,VA,687,0.014
F,1926,Yvonne,7,VA,667,0.015
F,1927,Yvonne,9,VA,579,0.018
F,1928,Yvonne,12,VA,476,0.025
F,1929,Yvonne,15,VA,426,0.033
F,1930,Yvonne,12,VA,482,0.026
F,1931,Yvonne,14,VA,430,0.032
F,1932,Yvonne,21,VA,364,0.045
F,1933,Yvonne,13,VA,442,0.03
F,1934,Yvonne,22,VA,353,0.049
F,1935,Yvonne,39,VA,233,0.087
F,1936,Yvonne,62,VA,156,0.139
F,1937,Yvonne,66,VA,151,0.146
F,1938,Yvonne,63,VA,170,0.134
F,1939,Yvonne,70,VA,156,0.149
F,1940,Yvonne,52,VA,206,0.106
F,1941,Yvonne,65,VA,170,0.125
F,1942,Yvonne,64,VA,197,0.109
F,1943,Yvonne,59,VA,207,0.097
F,1944,Yvonne,43,VA,261,0.073
F,1945,Yvonne,51,VA,221,0.088
F,1945,Yolanda,5,VA,824,0.009
F,1946,Yvonne,76,VA,175,0.116
F,1946,Yolanda,6,VA,800,0.009
F,1946,Yvette,5,VA,880,0.008
F,1947,Yvonne,104,VA,148,0.138
F,1947,Yolanda,5,VA,977,0.007
F,1948,Yvonne,82,VA,183,0.113
F,1948,Yolanda,10,VA,661,0.014
F,1949,Yvonne,98,VA,152,0.135
F,1949,Yolanda,6,VA,860,0.008
F,1949,Yvette,5,VA,937,0.007
F,1950,Yvonne,107,VA,140,0.149
F,1950,Yolanda,8,VA,740,0.011
F,1951,Yvonne,95,VA,167,0.124
F,1951,Yolanda,11,VA,650,0.014
F,1952,Yvonne,109,VA,155,0.137
F,1952,Yolanda,12,VA,634,0.015
F,1953,Yvonne,97,VA,182,0.119
F,1953,Yolanda,7,VA,838,0.009
F,1953,Yvette,5,VA,996,0.006
F,1954,Yvonne,109,VA,169,0.129
F,1954,Yolanda,15,VA,588,0.018
F,1954,Yvette,5,VA,1037,0.006
F,1955,Yvonne,101,VA,183,0.12
F,1955,Yvette,16,VA,581,0.019
F,1955,Yolanda,13,VA,639,0.015
F,1956,Yvonne,91,VA,204,0.106
F,1956,Yolanda,30,VA,417,0.035
F,1956,Yvette,15,VA,597,0.017
F,1957,Yvonne,86,VA,209,0.1
F,1957,Yolanda,31,VA,416,0.036
F,1957,Yvette,14,VA,638,0.016
F,1958,Yvonne,74,VA,231,0.088
F,1958,Yolanda,20,VA,539,0.024
F,1958,Yvette,11,VA,729,0.013
F,1959,Yvonne,75,VA,228,0.09
F,1959,Yolanda,28,VA,442,0.033
F,1959,Yvette,16,VA,599,0.019
F,1960,Yvonne,77,VA,228,0.094
F,1960,Yvette,30,VA,421,0.037
F,1960,Yolanda,29,VA,435,0.035
F,1961,Yvonne,87,VA,216,0.104
F,1961,Yvette,55,VA,292,0.066
F,1961,Yolanda,27,VA,454,0.032
F,1962,Yvonne,90,VA,211,0.108
F,1962,Yvette,44,VA,341,0.053
F,1962,Yolanda,38,VA,373,0.046
F,1963,Yvonne,61,VA,271,0.074
F,1963,Yolanda,53,VA,299,0.064
F,1963,Yvette,51,VA,307,0.062
F,1964,Yvonne,79,VA,217,0.096
F,1964,Yvette,52,VA,300,0.063
F,1964,Yolanda,24,VA,491,0.029
F,1965,Yvonne,67,VA,231,0.089
F,1965,Yvette,61,VA,252,0.081
F,1965,Yolanda,43,VA,327,0.057
F,1966,Yvonne,57,VA,250,0.08
F,1966,Yvette,44,VA,306,0.062
F,1966,Yolanda,35,VA,352,0.049
F,1967,Yvonne,59,VA,243,0.085
F,1967,Yvette,48,VA,277,0.069
F,1967,Yolanda,34,VA,347,0.049
F,1968,Yolanda,63,VA,225,0.091
F,1968,Yvette,47,VA,274,0.068
F,1968,Yvonne,44,VA,288,0.063
F,1969,Yolanda,53,VA,258,0.075
F,1969,Yvette,44,VA,305,0.063
F,1969,Yvonne,42,VA,320,0.06
F,1970,Yolanda,46,VA,300,0.063
F,1970,Yvette,40,VA,326,0.055
F,1970,Yvonne,40,VA,326,0.055
F,1971,Yolanda,76,VA,190,0.109
F,1971,Yvonne,41,VA,322,0.059
F,1971,Yvette,29,VA,403,0.042
F,1972,Yolanda,55,VA,233,0.087
F,1972,Yvonne,32,VA,353,0.051
F,1972,Yvette,19,VA,492,0.03
F,1973,Yolanda,57,VA,215,0.096
F,1973,Yvonne,33,VA,333,0.055
F,1973,Yvette,29,VA,362,0.049
F,1974,Yolanda,64,VA,184,0.108
F,1974,Yvonne,20,VA,467,0.034
F,1974,Yvette,19,VA,482,0.032
F,1974,Yolonda,5,VA,1029,0.008
F,1975,Yolanda,52,VA,219,0.09
F,1975,Yvonne,20,VA,458,0.035
F,1975,Yvette,12,VA,640,0.021
F,1976,Yolanda,38,VA,280,0.066
F,1976,Yvonne,16,VA,515,0.028
F,1976,Yvette,7,VA,843,0.012
F,1977,Yolanda,45,VA,259,0.074
F,1977,Yvette,14,VA,590,0.023
F,1977,Yvonne,12,VA,648,0.02
F,1977,Yashica,5,VA,1098,0.008
F,1978,Yolanda,48,VA,242,0.08
F,1978,Yvette,12,VA,638,0.02
F,1978,Yvonne,12,VA,638,0.02
F,1979,Yolanda,43,VA,269,0.069
F,1979,Yvette,9,VA,789,0.014
F,1979,Yvonne,8,VA,852,0.013
F,1979,Yolonda,5,VA,1153,0.008
F,1980,Yolanda,51,VA,229,0.08
F,1980,Yvonne,14,VA,590,0.022
F,1980,Yvette,12,VA,649,0.019
F,1981,Yolanda,27,VA,376,0.042
F,1981,Yvonne,17,VA,525,0.026
F,1981,Yvette,12,VA,645,0.019
F,1982,Yolanda,22,VA,452,0.033
F,1982,Yvette,9,VA,771,0.014
F,1982,Yvonne,8,VA,837,0.012
F,1983,Yolanda,22,VA,447,0.033
F,1983,Yvonne,13,VA,619,0.02
F,1983,Yvette,8,VA,833,0.012
F,1984,Yolanda,17,VA,525,0.025
F,1984,Yvonne,9,VA,781,0.013
F,1984,Yvette,6,VA,1006,0.009
F,1985,Yolanda,15,VA,606,0.021
F,1985,Yvonne,9,VA,828,0.013
F,1985,Yvette,6,VA,1074,0.008
F,1986,Yolanda,17,VA,568,0.024
F,1986,Yvonne,12,VA,698,0.017
F,1986,Yasmin,5,VA,1209,0.007
F,1987,Yolanda,20,VA,515,0.027
F,1987,Yvonne,7,VA,1026,0.009
F,1987,Yesenia,5,VA,1282,0.007
F,1988,Yolanda,17,VA,583,0.022
F,1988,Yvonne,13,VA,697,0.017
F,1988,Yvette,8,VA,963,0.011
F,1989,Yolanda,13,VA,729,0.016
F,1989,Yvonne,10,VA,878,0.013
F,1989,Yesenia,7,VA,1121,0.009
F,1989,Yasmin,6,VA,1239,0.008
F,1990,Yolanda,13,VA,768,0.016
F,1990,Yvonne,9,VA,978,0.011
F,1990,Yasmin,8,VA,1054,0.01
F,1990,Yesenia,7,VA,1153,0.009
F,1991,Yesenia,13,VA,754,0.016
F,1991,Yvette,6,VA,1280,0.008
F,1991,Yvonne,6,VA,1280,0.008
F,1992,Yasmine,11,VA,877,0.014
F,1992,Yvonne,8,VA,1086,0.01
F,1992,Yasmin,7,VA,1188,0.009
F,1992,Yesenia,6,VA,1300,0.008
F,1992,Yolanda,6,VA,1300,0.008
F,1992,Yesica,5,VA,1473,0.006
F,1993,Yasmine,13,VA,782,0.017
F,1993,Yolanda,10,VA,949,0.013
F,1993,Yesenia,8,VA,1101,0.01
F,1993,Yvonne,7,VA,1200,0.009
F,1993,Yasmin,6,VA,1315,0.008
F,1993,Yvette,5,VA,1472,0.007
F,1994,Yolanda,12,VA,848,0.016
F,1994,Yasmin,9,VA,1020,0.012
F,1994,Yasmine,7,VA,1208,0.009
F,1994,Yvonne,7,VA,1208,0.009
F,1994,Yasmeen,6,VA,1321,0.008
F,1994,Yenifer,5,VA,1481,0.007
F,1995,Yasmine,12,VA,826,0.016
F,1995,Yasmin,11,VA,878,0.015
F,1995,Yolanda,7,VA,1196,0.009
F,1995,Yesenia,6,VA,1313,0.008
F,1995,Yessica,5,VA,1479,0.007
F,1995,Yvonne,5,VA,1479,0.007
F,1996,Yasmine,16,VA,687,0.022
F,1996,Yasmin,14,VA,753,0.019
F,1996,Yesenia,13,VA,803,0.018
F,1996,Yvonne,8,VA,1100,0.011
F,1996,Yasmeen,7,VA,1211,0.01
F,1997,Yasmine,16,VA,686,0.022
F,1997,Yasmin,14,VA,754,0.019
F,1997,Yesenia,11,VA,891,0.015
F,1997,Yasmeen,9,VA,1035,0.013
F,1998,Yasmeen,13,VA,844,0.018
F,1998,Yasmin,12,VA,897,0.016
F,1998,Yasmine,10,VA,1000,0.014
F,1998,Yesenia,9,VA,1079,0.012
F,1999,Yasmine,15,VA,767,0.02
F,1999,Yasmin,14,VA,813,0.019
F,1999,Yasmeen,11,VA,956,0.015
F,1999,Yesenia,9,VA,1096,0.012
F,1999,Yvonne,8,VA,1193,0.011
F,1999,Yolanda,5,VA,1630,0.007
F,2000,Yasmine,18,VA,702,0.024
F,2000,Yesenia,15,VA,803,0.02
F,2000,Yasmeen,10,VA,1052,0.013
F,2000,Yasmin,10,VA,1052,0.013
F,2000,Yolanda,5,VA,1735,0.007
F,2000,Yvonne,5,VA,1735,0.007
F,2001,Yasmin,19,VA,681,0.025
F,2001,Yasmine,16,VA,784,0.021
F,2001,Yesenia,16,VA,784,0.021
F,2001,Yasmeen,7,VA,1384,0.009
F,2001,Yoselin,6,VA,1550,0.008
F,2001,Yaire,5,VA,1742,0.007
F,2002,Yasmin,23,VA,588,0.03
F,2002,Yasmine,11,VA,1023,0.014
F,2002,Yesenia,10,VA,1092,0.013
F,2002,Yasmeen,6,VA,1572,0.008
F,2002,Yara,5,VA,1755,0.007
F,2003,Yasmin,27,VA,526,0.035
F,2003,Yasmine,20,VA,677,0.026
F,2003,Yesenia,13,VA,949,0.017
F,2003,Yoselin,9,VA,1212,0.012
F,2003,Yazmin,8,VA,1310,0.01
F,2003,Yasmeen,7,VA,1453,0.009
F,2003,Yara,6,VA,1614,0.008
F,2003,Yadira,5,VA,1835,0.006
F,2003,Yahaira,5,VA,1835,0.006
F,2003,Yvonne,5,VA,1835,0.006
F,2004,Yasmin,22,VA,645,0.028
F,2004,Yasmine,17,VA,798,0.021
F,2004,Yesenia,14,VA,912,0.018
F,2004,Yoselin,8,VA,1384,0.01
F,2004,Yenifer,7,VA,1539,0.009
F,2004,Yadira,6,VA,1717,0.008
F,2004,Yahaira,6,VA,1717,0.008
F,2004,Yaritza,5,VA,1922,0.006
F,2004,Yuri,5,VA,1922,0.006
F,2005,Yasmin,28,VA,549,0.035
F,2005,Yasmine,18,VA,770,0.022
F,2005,Yesenia,13,VA,972,0.016
F,2005,Yoselin,10,VA,1193,0.012
F,2005,Yahaira,6,VA,1747,0.007
F,2005,Yasmeen,6,VA,1747,0.007
F,2005,Yuridia,6,VA,1747,0.007
F,2005,Yara,5,VA,1967,0.006
F,2005,Yareli,5,VA,1967,0.006
F,2005,Yazmin,5,VA,1967,0.006
F,2006,Yasmin,29,VA,540,0.035
F,2006,Yasmine,15,VA,919,0.018
F,2006,Yoselin,11,VA,1162,0.013
F,2006,Yasmeen,10,VA,1255,0.012
F,2006,Yazmin,9,VA,1349,0.011
F,2006,Yesenia,9,VA,1349,0.011
F,2006,Yajaira,6,VA,1811,0.007
F,2006,Yenifer,6,VA,1811,0.007
F,2006,Yahaira,5,VA,2056,0.006
F,2006,Yana,5,VA,2056,0.006
F,2006,Yuliana,5,VA,2056,0.006
F,2006,Yvette,5,VA,2056,0.006
F,2007,Yasmin,19,VA,781,0.023
F,2007,Yasmine,15,VA,934,0.018
F,2007,Yoselin,11,VA,1196,0.013
F,2007,Yanira,9,VA,1383,0.011
F,2007,Yazmin,9,VA,1383,0.011
F,2007,Yara,7,VA,1660,0.008
F,2007,Yessenia,7,VA,1660,0.008
F,2007,Yuliana,6,VA,1857,0.007
F,2007,Yahaira,5,VA,2137,0.006
F,2007,Yasmeen,5,VA,2137,0.006
F,2007,Yesenia,5,VA,2137,0.006
F,2007,Yessica,5,VA,2137,0.006
F,2007,Yoselyn,5,VA,2137,0.006
F,2008,Yasmine,15,VA,934,0.019
F,2008,Yasmin,12,VA,1117,0.015
F,2008,Yesenia,9,VA,1404,0.011
F,2008,Yareli,8,VA,1538,0.01
F,2008,Yazmin,7,VA,1672,0.009
F,2008,Yoselin,7,VA,1672,0.009
F,2008,Yvonne,6,VA,1877,0.007
F,2008,Yadira,5,VA,2127,0.006
F,2008,Yamilet,5,VA,2127,0.006
F,2008,Yasmeen,5,VA,2127,0.006
F,2009,Yasmine,22,VA,678,0.028
F,2009,Yasmin,18,VA,802,0.023
F,2009,Yoselin,10,VA,1287,0.013
F,2009,Yara,7,VA,1639,0.009
F,2009,Yesenia,7,VA,1639,0.009
F,2009,Yazmine,6,VA,1831,0.008
F,2009,Yasmeen,5,VA,2124,0.006
F,2010,Yasmin,16,VA,886,0.021
F,2010,Yasmine,13,VA,1026,0.017
F,2010,Yara,7,VA,1648,0.009
F,2010,Yasmeen,6,VA,1829,0.008
F,2010,Yoselin,6,VA,1829,0.008
F,2010,Yuliana,6,VA,1829,0.008
F,2010,Yamileth,5,VA,2094,0.006
F,2011,Yasmin,12,VA,1107,0.016
F,2011,Yasmine,12,VA,1107,0.016
F,2011,Yasmeen,11,VA,1194,0.014
F,2011,Yara,9,VA,1379,0.012
F,2011,Yareli,9,VA,1379,0.012
F,2011,Yaretzi,7,VA,1639,0.009
F,2011,Yesenia,6,VA,1816,0.008
F,2011,Yoselin,6,VA,1816,0.008
F,2011,Yamilet,5,VA,2064,0.006
F,2012,Yara,11,VA,1188,0.014
F,2012,Yasmin,11,VA,1188,0.014
F,2012,Yasmine,7,VA,1660,0.009
F,2012,Yaretzi,6,VA,1860,0.008
F,2012,Yohana,6,VA,1860,0.008
F,2012,Yoselin,6,VA,1860,0.008
F,2013,Yamileth,10,VA,1279,0.013
F,2013,Yasmin,10,VA,1279,0.013
F,2013,Yasmine,9,VA,1380,0.012
F,2013,Yaretzi,8,VA,1497,0.01
F,2013,Yuliana,5,VA,2090,0.006
F,2014,Yaretzi,9,VA,1392,0.011
F,2014,Yara,7,VA,1683,0.009
F,2014,Yamileth,6,VA,1883,0.008
F,2014,Yohanna,6,VA,1883,0.008
F,2014,Yareli,5,VA,2157,0.006
F,2015,Yasmine,14,VA,1042,0.018
F,2015,Yasmin,12,VA,1157,0.015
F,2015,Yusra,8,VA,1581,0.01
F,2015,Yara,6,VA,1947,0.008
F,2015,Yohana,6,VA,1947,0.008
F,2015,Yohanna,6,VA,1947,0.008
F,2015,Yoselin,5,VA,2207,0.006
F,2015,Yuna,5,VA,2207,0.006
F,2016,Yasmine,12,VA,1154,0.015
F,2016,Yara,11,VA,1231,0.014
F,2016,Yusra,11,VA,1231,0.014
F,2016,Yasmin,9,VA,1435,0.011
F,2016,Yaritza,6,VA,1897,0.008
F,2016,Yuna,6,VA,1897,0.008
F,2016,Yasmeen,5,VA,2168,0.006
F,2016,Yesenia,5,VA,2168,0.006
F,2017,Yara,16,VA,936,0.021
F,2017,Yasmine,15,VA,982,0.02
F,2017,Yasmin,9,VA,1420,0.012
F,2017,Yareli,7,VA,1734,0.009
F,2017,Yohanna,7,VA,1734,0.009
F,2017,Yusra,7,VA,1734,0.009
F,2017,Yuliana,6,VA,1934,0.008
F,2017,Yohana,5,VA,2163,0.007
F,2018,Yara,21,VA,777,0.027
F,2018,Yasmin,11,VA,1238,0.014
F,2018,Yasmine,9,VA,1433,0.012
F,2018,Yareli,8,VA,1572,0.01
F,2018,Yusra,7,VA,1729,0.009
F,2018,Yaretzi,6,VA,1922,0.008
F,2018,Yuna,6,VA,1922,0.008
F,2018,Yuri,5,VA,2179,0.007
F,2019,Yara,16,VA,965,0.021
F,2019,Yareli,14,VA,1071,0.019
F,2019,Yaritza,10,VA,1363,0.013
F,2019,Yusra,10,VA,1363,0.013
F,2019,Yasmin,8,VA,1602,0.011
F,2019,Yuna,8,VA,1602,0.011
F,2019,Yarely,7,VA,1743,0.009
F,2019,Yasmine,7,VA,1743,0.009
F,2019,Yuri,6,VA,1924,0.008
F,2019,Yohana,5,VA,2176,0.007
F,2020,Yara,23,VA,703,0.032
F,2020,Yusra,9,VA,1441,0.012
F,2020,Yareli,7,VA,1717,0.01
F,2020,Yaretzi,6,VA,1923,0.008
F,2020,Yasmin,6,VA,1923,0.008
F,2020,Yanet,5,VA,2183,0.007
F,2020,Yarely,5,VA,2183,0.007
F,2020,Yasmina,5,VA,2183,0.007
F,2020,Yemariam,5,VA,2183,0.007
F,2020,Yuliana,5,VA,2183,0.007
F,2021,Yara,23,VA,710,0.031
F,2021,Yareli,14,VA,1078,0.019
F,2021,Yusra,11,VA,1299,0.015
F,2021,Yasmin,9,VA,1499,0.012
F,2021,Yuna,8,VA,1637,0.011
F,2021,Yasmeen,6,VA,1971,0.008
F,2021,Yemariam,6,VA,1971,0.008
F,2021,Yohanna,6,VA,1971,0.008
F,2021,Yaretzi,5,VA,2223,0.007
F,2021,Yasmina,5,VA,2223,0.007
F,2021,Yasmine,5,VA,2223,0.007
F,2022,Yusra,17,VA,921,0.023
F,2022,Yara,14,VA,1076,0.019
F,2022,Yuri,11,VA,1314,0.015
F,2022,Yareli,8,VA,1623,0.011
F,2022,Yaretzi,8,VA,1623,0.011
F,2022,Yaritza,8,VA,1623,0.011
F,2022,Yohanna,7,VA,1794,0.01
F,2022,Yael,6,VA,2024,0.008
F,2022,Yana,5,VA,2294,0.007
F,2022,Yarely,5,VA,2294,0.007
F,2022,Yeimy,5,VA,2294,0.007
F,2023,Yusra,22,VA,738,0.031
F,2023,Yara,21,VA,772,0.03
F,2023,Yasmin,11,VA,1292,0.016
F,2023,Yareli,8,VA,1610,0.011
F,2023,Yvonne,6,VA,1984,0.009
F,2023,Yamileth,5,VA,2238,0.007
F,2023,Yasmine,5,VA,2238,0.007
F,2023,Yemariam,5,VA,2238,0.007
F,2023,Yohanna,5,VA,2238,0.007
F,2024,Yara,26,VA,653,0.036
F,2024,Yusra,17,VA,905,0.024
F,2024,Yasmin,14,VA,1064,0.02
F,2024,Yaretzi,9,VA,1478,0.013
F,2024,Yashna,8,VA,1590,0.011
F,2024,Yasmine,8,VA,1590,0.011
F,2024,Yareli,7,VA,1758,0.01
F,2024,Yohanna,6,VA,1978,0.008
F,2024,Yuna,6,VA,1978,0.008
F,2024,Yohana,5,VA,2256,0.007
F,2024,Yuri,5,VA,2256,0.007
M,1960,Yancey,5,VA,1070,0.006
M,1996,Yousef,5,VA,1522,0.007
M,1997,Yusef,5,VA,1516,0.007
M,1998,Yousef,6,VA,1401,0.008
M,2000,Yousef,8,VA,1231,0.01
M,2001,Yusuf,8,VA,1247,0.011
M,2001,Yahya,5,VA,1742,0.007
M,2002,Yousef,8,VA,1298,0.011
M,2002,Youssef,5,VA,1755,0.007
M,2003,Yousef,7,VA,1453,0.009
M,2003,Yusef,6,VA,1614,0.008
M,2003,Yusuf,6,VA,1614,0.008
M,2003,Youssef,5,VA,1835,0.006
M,2004,Yash,9,VA,1274,0.011
M,2004,Yuvraj,8,VA,1384,0.01
M,2004,Yousef,6,VA,1717,0.008
M,2005,Yusuf,11,VA,1099,0.014
M,2005,Yahir,8,VA,1429,0.01
M,2005,Yash,7,VA,1577,0.009
M,2005,Yousef,6,VA,1747,0.007
M,2005,Youssef,6,VA,1747,0.007
M,2006,Yahir,7,VA,1618,0.009
M,2006,Yusuf,7,VA,1618,0.009
M,2006,Yaseen,5,VA,2056,0.006
M,2006,Yonathan,5,VA,2056,0.006
M,2007,Yusuf,14,VA,983,0.017
M,2007,Yahir,7,VA,1660,0.008
M,2007,Yousef,7,VA,1660,0.008
M,2007,Yair,6,VA,1857,0.007
M,2007,Yonathan,5,VA,2137,0.006
M,2007,Youssef,5,VA,2137,0.006
M,2008,Yusuf,14,VA,991,0.017
M,2008,Yash,7,VA,1672,0.009
M,2008,Youssef,7,VA,1672,0.009
M,2008,Yaseen,5,VA,2127,0.006
M,2009,Yaseen,11,VA,1205,0.014
M,2009,Yonathan,11,VA,1205,0.014
M,2009,Yousef,10,VA,1287,0.013
M,2009,Yusuf,9,VA,1373,0.011
M,2009,Yasser,8,VA,1495,0.01
M,2009,Yahya,7,VA,1639,0.009
M,2009,Yandel,7,VA,1639,0.009
M,2009,Yahir,6,VA,1831,0.008
M,2009,Youssef,6,VA,1831,0.008
M,2009,Yasin,5,VA,2124,0.006
M,2009,Yousif,5,VA,2124,0.006
M,2010,Yusuf,19,VA,768,0.025
M,2010,Yousef,10,VA,1238,0.013
M,2010,Youssef,9,VA,1338,0.012
M,2010,Yahya,8,VA,1505,0.01
M,2010,Yaseen,8,VA,1505,0.01
M,2010,Yahir,5,VA,2094,0.006
M,2010,Yash,5,VA,2094,0.006
M,2010,Yassine,5,VA,2094,0.006
M,2011,Yusuf,17,VA,841,0.022
M,2011,Yousef,11,VA,1194,0.014
M,2011,Yahir,10,VA,1271,0.013
M,2011,Yaseen,10,VA,1271,0.013
M,2011,Yusef,7,VA,1639,0.009
M,2011,Yahya,6,VA,1816,0.008
M,2011,Yash,6,VA,1816,0.008
M,2011,Yousif,5,VA,2064,0.006
M,2012,Yusuf,20,VA,757,0.026
M,2012,Youssef,12,VA,1120,0.015
M,2012,Yahya,11,VA,1188,0.014
M,2012,Yousef,10,VA,1262,0.013
M,2012,Yaseen,8,VA,1499,0.01
M,2012,Yahir,7,VA,1660,0.009
M,2012,Yasin,6,VA,1860,0.008
M,2012,Yael,5,VA,2131,0.006
M,2012,Yosef,5,VA,2131,0.006
M,2013,Yusuf,17,VA,854,0.022
M,2013,Yousef,16,VA,901,0.021
M,2013,Yahir,11,VA,1192,0.014
M,2013,Yahya,10,VA,1279,0.013
M,2013,Yaseen,9,VA,1380,0.012
M,2013,Youssef,7,VA,1654,0.009
M,2013,Yoel,5,VA,2090,0.006
M,2014,Yusuf,27,VA,624,0.034
M,2014,Yousef,15,VA,952,0.019
M,2014,Youssef,14,VA,1012,0.018
M,2014,Yahir,8,VA,1518,0.01
M,2014,Yaseen,8,VA,1518,0.01
M,2014,Yahya,6,VA,1883,0.008
M,2014,Yasin,6,VA,1883,0.008
M,2014,Yadiel,5,VA,2157,0.006
M,2014,Yassin,5,VA,2157,0.006
M,2015,Yusuf,17,VA,901,0.021
M,2015,Youssef,14,VA,1042,0.018
M,2015,Yousef,9,VA,1440,0.011
M,2015,Yousuf,9,VA,1440,0.011
M,2015,Yusef,9,VA,1440,0.011
M,2015,Yahya,8,VA,1581,0.01
M,2015,Yasin,8,VA,1581,0.01
M,2015,Yousif,8,VA,1581,0.01
M,2015,Yahir,7,VA,1736,0.009
M,2015,Yaseen,7,VA,1736,0.009
M,2015,Yoel,7,VA,1736,0.009
M,2015,Yamen,5,VA,2207,0.006
M,2015,Yash,5,VA,2207,0.006
M,2015,Yazan,5,VA,2207,0.006
M,2016,Yusuf,21,VA,773,0.027
M,2016,Yahya,13,VA,1092,0.017
M,2016,Yaseen,11,VA,1231,0.014
M,2016,Youssef,11,VA,1231,0.014
M,2016,Yousef,9,VA,1435,0.011
M,2016,Yasin,7,VA,1689,0.009
M,2016,Yasser,7,VA,1689,0.009
M,2016,Yousuf,7,VA,1689,0.009
M,2016,Yasir,6,VA,1897,0.008
M,2016,Yuvan,6,VA,1897,0.008
M,2016,Yadiel,5,VA,2168,0.006
M,2016,Yash,5,VA,2168,0.006
M,2016,Yousif,5,VA,2168,0.006
M,2017,Yusuf,22,VA,727,0.029
M,2017,Yousef,17,VA,893,0.022
M,2017,Youssef,12,VA,1152,0.016
M,2017,Yaseen,8,VA,1552,0.01
M,2017,Yazan,7,VA,1734,0.009
M,2017,Yousif,7,VA,1734,0.009
M,2017,Yahya,6,VA,1934,0.008
M,2017,Yariel,6,VA,1934,0.008
M,2017,Yasir,6,VA,1934,0.008
M,2017,Yousuf,6,VA,1934,0.008
M,2017,Yuvan,6,VA,1934,0.008
M,2017,Yadiel,5,VA,2163,0.007
M,2017,Yosef,5,VA,2163,0.007
M,2018,Yusuf,32,VA,545,0.042
M,2018,Yousef,18,VA,881,0.023
M,2018,Yaseen,13,VA,1095,0.017
M,2018,Yahya,8,VA,1572,0.01
M,2018,Yosef,8,VA,1572,0.01
M,2018,Yousif,8,VA,1572,0.01
M,2018,Yousuf,8,VA,1572,0.01
M,2018,Yasin,7,VA,1729,0.009
M,2018,Yahir,6,VA,1922,0.008
M,2018,Youssef,6,VA,1922,0.008
M,2018,Yunus,6,VA,1922,0.008
M,2018,Yadiel,5,VA,2179,0.007
M,2018,Yafet,5,VA,2179,0.007
M,2018,Yazan,5,VA,2179,0.007
M,2019,Yusuf,27,VA,625,0.036
M,2019,Yousef,17,VA,913,0.023
M,2019,Yaseen,11,VA,1274,0.015
M,2019,Yasir,11,VA,1274,0.015
M,2019,Yahya,10,VA,1363,0.013
M,2019,Youssef,9,VA,1473,0.012
M,2019,Yousuf,9,VA,1473,0.012
M,2019,Yasin,7,VA,1743,0.009
M,2019,Yusef,7,VA,1743,0.009
M,2019,Yoel,6,VA,1924,0.008
M,2019,Yuri,6,VA,1924,0.008
M,2019,Yuvaan,6,VA,1924,0.008
M,2019,Yuvan,6,VA,1924,0.008
M,2019,Yash,5,VA,2176,0.007
M,2019,Yerik,5,VA,2176,0.007
M,2019,Yosef,5,VA,2176,0.007
M,2020,Yusuf,27,VA,615,0.037
M,2020,Yaseen,8,VA,1561,0.011
M,2020,Yuvin,8,VA,1561,0.011
M,2020,Yahir,7,VA,1717,0.01
M,2020,Yousef,7,VA,1717,0.01
M,2020,Yunus,7,VA,1717,0.01
M,2020,Yasin,6,VA,1923,0.008
M,2020,Yahya,5,VA,2183,0.007
M,2020,Yasir,5,VA,2183,0.007
M,2020,Yazan,5,VA,2183,0.007
M,2020,Youssef,5,VA,2183,0.007
M,2020,Yousuf,5,VA,2183,0.007
M,2020,Yusef,5,VA,2183,0.007
M,2020,Yuvan,5,VA,2183,0.007
M,2021,Yusuf,26,VA,636,0.035
M,2021,Yaseen,11,VA,1299,0.015
M,2021,Yunus,11,VA,1299,0.015
M,2021,Yasir,10,VA,1403,0.014
M,2021,Yahir,9,VA,1499,0.012
M,2021,Yousef,9,VA,1499,0.012
M,2021,Yadiel,7,VA,1796,0.01
M,2021,Yahya,7,VA,1796,0.01
M,2021,Yuvaan,7,VA,1796,0.01
M,2021,Yasin,6,VA,1971,0.008
M,2021,Yousuf,6,VA,1971,0.008
M,2021,Yanis,5,VA,2223,0.007
M,2021,Yerik,5,VA,2223,0.007
M,2022,Yusuf,29,VA,591,0.04
M,2022,Yahya,16,VA,973,0.022
M,2022,Yousef,15,VA,1015,0.02
M,2022,Yahir,13,VA,1145,0.018
M,2022,Yasir,12,VA,1229,0.016
M,2022,Yaseen,10,VA,1406,0.014
M,2022,Youssef,9,VA,1506,0.012
M,2022,Yousuf,8,VA,1623,0.011
M,2022,Yusef,6,VA,2024,0.008
M,2022,Yadiel,5,VA,2294,0.007
M,2022,Yash,5,VA,2294,0.007
M,2023,Yusuf,26,VA,636,0.037
M,2023,Yousef,18,VA,883,0.026
M,2023,Yahya,14,VA,1059,0.02
M,2023,Yaseen,13,VA,1123,0.018
M,2023,Yunus,9,VA,1488,0.013
M,2023,Yamir,8,VA,1610,0.011
M,2023,Yoel,7,VA,1775,0.01
M,2023,Younis,6,VA,1984,0.009
M,2023,Yousuf,6,VA,1984,0.009
M,2023,Yadiel,5,VA,2238,0.007
M,2023,Yahir,5,VA,2238,0.007
M,2023,Yasir,5,VA,2238,0.007
M,2024,Yusuf,27,VA,635,0.038
M,2024,Yousef,19,VA,826,0.027
M,2024,Yahya,17,VA,905,0.024
M,2024,Yasir,11,VA,1277,0.015
M,2024,Yael,10,VA,1372,0.014
M,2024,Youssef,9,VA,1478,0.013
M,2024,Yazan,8,VA,1590,0.011
M,2024,Yunus,8,VA,1590,0.011
M,2024,Yousuf,7,VA,1758,0.01
M,2024,Yaseen,6,VA,1978,0.008
M,2024,Yohan,6,VA,1978,0.008
M,2024,Yadiel,5,VA,2256,0.007
F,1914,Yvonne,6,MS,598,0.022
F,1915,Yvonne,6,MS,681,0.019
F,1916,Yvonne,5,MS,806,0.015
F,1917,Yvonne,5,MS,786,0.015
F,1918,Yvonne,6,MS,726,0.016
F,1919,Yvonne,8,MS,659,0.019
F,1920,Yvonne,6,MS,753,0.015
F,1921,Yvonne,11,MS,534,0.027
F,1922,Yvonne,14,MS,473,0.033
F,1923,Yvonne,16,MS,430,0.039
F,1924,Yvonne,17,MS,407,0.041
F,1925,Yvonne,8,MS,646,0.019
F,1926,Yvonne,17,MS,424,0.039
F,1927,Yvonne,16,MS,447,0.036
F,1928,Yvonne,15,MS,450,0.035
F,1929,Yvonne,13,MS,466,0.032
F,1930,Yvonne,21,MS,357,0.05
F,1931,Yvonne,16,MS,403,0.042
F,1932,Yvonne,26,MS,314,0.062
F,1933,Yvonne,23,MS,332,0.059
F,1934,Yvonne,31,MS,274,0.076
F,1935,Yvonne,49,MS,199,0.115
F,1936,Yvonne,88,MS,109,0.214
F,1936,Yvonnie,9,MS,583,0.022
F,1937,Yvonne,92,MS,109,0.215
F,1938,Yvonne,68,MS,150,0.155
F,1939,Yvonne,70,MS,137,0.162
F,1940,Yvonne,79,MS,122,0.178
F,1941,Yvonne,50,MS,199,0.111
F,1942,Yvonne,55,MS,195,0.114
F,1943,Yvonne,44,MS,234,0.088
F,1944,Yvonne,43,MS,242,0.09
F,1945,Yvonne,30,MS,299,0.065
F,1946,Yvonne,46,MS,247,0.086
F,1946,Yolanda,6,MS,801,0.011
F,1947,Yvonne,38,MS,298,0.065
F,1947,Yolanda,6,MS,838,0.01
F,1948,Yvonne,41,MS,282,0.072
F,1949,Yvonne,55,MS,226,0.094
F,1949,Yolanda,10,MS,655,0.017
F,1949,Yvette,7,MS,791,0.012
F,1950,Yvonne,50,MS,243,0.087
F,1950,Yolanda,8,MS,733,0.014
F,1951,Yvonne,45,MS,265,0.078
F,1951,Yolanda,7,MS,782,0.012
F,1952,Yvonne,63,MS,210,0.11
F,1952,Yolanda,7,MS,784,0.012
F,1953,Yvonne,56,MS,221,0.099
F,1953,Yolanda,9,MS,683,0.016
F,1954,Yvonne,59,MS,220,0.103
F,1954,Yolanda,11,MS,610,0.019
F,1955,Yvonne,47,MS,256,0.083
F,1955,Yolanda,7,MS,795,0.012
F,1955,Yvonnie,5,MS,938,0.009
F,1956,Yvonne,58,MS,208,0.105
F,1956,Yolanda,15,MS,535,0.027
F,1957,Yvonne,48,MS,240,0.088
F,1957,Yolanda,10,MS,644,0.018
F,1957,Yvette,5,MS,921,0.009
F,1958,Yvonne,40,MS,276,0.076
F,1958,Yolanda,12,MS,597,0.023
F,1959,Yvonne,44,MS,266,0.082
F,1959,Yolanda,21,MS,439,0.039
F,1959,Yvette,5,MS,976,0.009
F,1960,Yvonne,41,MS,278,0.078
F,1960,Yolanda,13,MS,582,0.025
F,1960,Yvette,7,MS,802,0.013
F,1961,Yvonne,49,MS,236,0.095
F,1961,Yolanda,18,MS,489,0.035
F,1961,Yvette,9,MS,722,0.017
F,1962,Yvonne,37,MS,299,0.072
F,1962,Yolanda,20,MS,462,0.039
F,1962,Yvette,12,MS,605,0.023
F,1963,Yvonne,37,MS,288,0.075
F,1963,Yolanda,24,MS,396,0.049
F,1963,Yvette,13,MS,576,0.026
F,1964,Yolanda,36,MS,285,0.075
F,1964,Yvonne,18,MS,472,0.038
F,1964,Yvette,13,MS,566,0.027
F,1965,Yolanda,49,MS,202,0.113
F,1965,Yvonne,17,MS,465,0.039
F,1965,Yvette,14,MS,515,0.032
F,1966,Yolanda,54,MS,175,0.132
F,1966,Yvonne,29,MS,299,0.071
F,1966,Yvette,15,MS,484,0.037
F,1967,Yolanda,54,MS,165,0.137
F,1967,Yvette,25,MS,322,0.064
F,1967,Yvonne,17,MS,421,0.043
F,1968,Yolanda,111,MS,79,0.291
F,1968,Yvonne,15,MS,461,0.039
F,1968,Yolonda,9,MS,619,0.024
F,1968,Yvette,8,MS,668,0.021
F,1969,Yolanda,121,MS,70,0.306
F,1969,Yvette,14,MS,488,0.035
F,1969,Yvonne,9,MS,645,0.023
F,1969,Yolonda,7,MS,739,0.018
F,1970,Yolanda,103,MS,82,0.257
F,1970,Yvette,14,MS,496,0.035
F,1970,Yvonne,13,MS,523,0.032
F,1970,Yolonda,6,MS,828,0.015
F,1971,Yolanda,100,MS,84,0.25
F,1971,Yvonne,17,MS,431,0.043
F,1971,Yvette,11,MS,583,0.028
F,1971,Yolonda,6,MS,833,0.015
F,1971,Yulanda,6,MS,833,0.015
F,1972,Yolanda,101,MS,77,0.271
F,1972,Yvette,14,MS,481,0.038
F,1972,Yvonne,11,MS,562,0.03
F,1972,Yolonda,6,MS,807,0.016
F,1973,Yolanda,96,MS,85,0.271
F,1973,Yvette,11,MS,539,0.031
F,1973,Yolonda,10,MS,576,0.028
F,1973,Yvonne,6,MS,788,0.017
F,1973,Youlanda,5,MS,872,0.014
F,1974,Yolanda,94,MS,76,0.271
F,1974,Yvette,11,MS,564,0.032
F,1974,Yvonne,10,MS,606,0.029
F,1974,Yulonda,9,MS,653,0.026
F,1974,Yolonda,5,MS,877,0.014
F,1974,Yulanda,5,MS,877,0.014
F,1975,Yolanda,123,MS,44,0.364
F,1975,Yvette,12,MS,512,0.035
F,1975,Yvonne,10,MS,573,0.03
F,1975,Yulonda,5,MS,913,0.015
F,1976,Yolanda,72,MS,103,0.217
F,1976,Yvonne,8,MS,662,0.024
F,1976,Yvette,7,MS,720,0.021
F,1976,Yolonda,6,MS,785,0.018
F,1976,Youlanda,6,MS,785,0.018
F,1977,Yolanda,97,MS,72,0.277
F,1977,Yvonne,8,MS,691,0.023
F,1977,Yolonda,7,MS,751,0.02
F,1977,Yvette,7,MS,751,0.02
F,1977,Yashica,6,MS,818,0.017
F,1977,Yulonda,6,MS,818,0.017
F,1978,Yolanda,70,MS,106,0.207
F,1978,Yvonne,9,MS,624,0.027
F,1978,Yashica,6,MS,807,0.018
F,1978,Yolonda,6,MS,807,0.018
F,1978,Youlanda,6,MS,807,0.018
F,1979,Yolanda,72,MS,109,0.209
F,1979,Yvette,7,MS,743,0.02
F,1979,Yolonda,5,MS,905,0.014
F,1979,Yulanda,5,MS,905,0.014
F,1979,Yvonne,5,MS,905,0.014
F,1980,Yolanda,69,MS,120,0.189
F,1980,Yolonda,6,MS,839,0.016
F,1980,Yvonne,6,MS,839,0.016
F,1980,Yvette,5,MS,941,0.014
F,1981,Yolanda,51,MS,156,0.145
F,1981,Yolonda,6,MS,802,0.017
F,1981,Yvonne,6,MS,802,0.017
F,1981,Yvette,5,MS,906,0.014
F,1982,Yolanda,41,MS,195,0.116
F,1982,Yvonne,8,MS,660,0.023
F,1982,Yolonda,6,MS,814,0.017
F,1983,Yolanda,41,MS,177,0.123
F,1983,Yvonne,8,MS,640,0.024
F,1984,Yolanda,27,MS,248,0.082
F,1985,Yolanda,31,MS,223,0.097
F,1986,Yolanda,16,MS,363,0.052
F,1986,Yalonda,5,MS,858,0.016
F,1987,Yolanda,22,MS,262,0.074
F,1987,Yvette,5,MS,856,0.017
F,1988,Yolanda,15,MS,376,0.05
F,1989,Yolanda,17,MS,352,0.055
F,1990,Yolanda,11,MS,491,0.036
F,1991,Yolanda,14,MS,412,0.046
F,1991,Yasmine,6,MS,776,0.02
F,1991,Yvette,5,MS,893,0.017
F,1992,Yasmine,17,MS,355,0.058
F,1992,Yolanda,10,MS,536,0.034
F,1992,Yasmeen,6,MS,800,0.021
F,1993,Yasmine,10,MS,538,0.035
F,1993,Yolanda,8,MS,626,0.028
F,1993,Yasmeen,5,MS,874,0.018
F,1994,Yolanda,7,MS,690,0.025
F,1994,Yasmine,5,MS,895,0.018
F,1995,Yasmine,10,MS,537,0.037
F,1995,Yasmeen,5,MS,892,0.018
F,1996,Yasmine,13,MS,445,0.049
F,1996,Yasmin,6,MS,793,0.022
F,1996,Yolanda,5,MS,926,0.019
F,1997,Yasmine,10,MS,544,0.038
F,1998,Yasmine,24,MS,257,0.087
F,1998,Yasmin,6,MS,836,0.022
F,1999,Yasmine,20,MS,292,0.074
F,2000,Yasmine,15,MS,404,0.054
F,2000,Yolanda,5,MS,986,0.018
F,2001,Yasmine,15,MS,389,0.057
F,2002,Yasmine,15,MS,373,0.058
F,2002,Yazmine,5,MS,982,0.019
F,2003,Yasmin,11,MS,526,0.041
F,2003,Yasmine,9,MS,627,0.034
F,2003,Yazmin,6,MS,885,0.023
F,2004,Yasmine,7,MS,788,0.026
F,2005,Yasmine,12,MS,505,0.046
F,2005,Yasmin,7,MS,775,0.027
F,2006,Yasmine,12,MS,553,0.042
F,2006,Yasmin,5,MS,1135,0.018
F,2007,Yasmine,6,MS,1028,0.021
F,2008,Yasmin,10,MS,646,0.035
F,2008,Yasmine,7,MS,870,0.025
F,2009,Yazmine,5,MS,1123,0.019
F,2010,Yasmine,5,MS,1055,0.02
F,2015,Yazmin,5,MS,1087,0.02
F,2017,Yasmine,5,MS,1084,0.021
M,2022,Yousef,5,MS,1077,0.024
F,1922,Yvonne,6,DC,200,0.09
F,1923,Yvonne,6,DC,206,0.09
F,1924,Yvonne,17,DC,107,0.237
F,1925,Yvonne,9,DC,157,0.129
F,1926,Yvonne,11,DC,139,0.161
F,1927,Yvonne,11,DC,140,0.156
F,1928,Yvonne,9,DC,159,0.133
F,1929,Yvonne,10,DC,150,0.148
F,1930,Yvonne,14,DC,120,0.199
F,1931,Yvonne,9,DC,162,0.127
F,1932,Yvonne,9,DC,175,0.118
F,1933,Yvonne,17,DC,103,0.23
F,1934,Yvonne,20,DC,93,0.258
F,1935,Yvonne,23,DC,79,0.277
F,1936,Yvonne,35,DC,50,0.391
F,1937,Yvonne,42,DC,43,0.432
F,1938,Yvonne,40,DC,50,0.389
F,1939,Yvonne,36,DC,65,0.318
F,1940,Yvonne,44,DC,55,0.353
F,1941,Yvonne,48,DC,66,0.324
F,1942,Yvonne,41,DC,96,0.231
F,1943,Yvonne,41,DC,104,0.212
F,1944,Yvonne,32,DC,126,0.167
F,1945,Yvonne,45,DC,89,0.231
F,1945,Yvette,5,DC,433,0.026
F,1946,Yvonne,44,DC,107,0.199
F,1947,Yvonne,42,DC,125,0.173
F,1948,Yvonne,52,DC,106,0.222
F,1948,Yvette,12,DC,305,0.051
F,1949,Yvonne,49,DC,109,0.207
F,1949,Yolanda,7,DC,433,0.03
F,1949,Yvette,6,DC,474,0.025
F,1950,Yvonne,70,DC,73,0.281
F,1950,Yolanda,7,DC,442,0.028
F,1951,Yvonne,65,DC,88,0.245
F,1952,Yvonne,46,DC,142,0.167
F,1952,Yolanda,13,DC,328,0.047
F,1952,Yvette,12,DC,346,0.044
F,1953,Yvonne,34,DC,177,0.124
F,1953,Yvette,16,DC,291,0.058
F,1953,Yolanda,7,DC,483,0.026
F,1954,Yvonne,44,DC,144,0.158
F,1954,Yvette,14,DC,324,0.05
F,1954,Yolanda,9,DC,424,0.032
F,1955,Yvonne,40,DC,157,0.142
F,1955,Yolanda,17,DC,305,0.06
F,1955,Yvette,17,DC,305,0.06
F,1956,Yvonne,44,DC,144,0.154
F,1956,Yvette,30,DC,211,0.105
F,1956,Yolanda,18,DC,282,0.063
F,1957,Yvonne,44,DC,146,0.154
F,1957,Yvette,20,DC,273,0.07
F,1957,Yolanda,13,DC,357,0.046
F,1958,Yvonne,34,DC,201,0.12
F,1958,Yvette,19,DC,285,0.067
F,1958,Yolanda,14,DC,350,0.049
F,1959,Yvonne,39,DC,175,0.139
F,1959,Yvette,30,DC,211,0.107
F,1959,Yolanda,13,DC,364,0.046
F,1960,Yvonne,46,DC,137,0.164
F,1960,Yvette,33,DC,192,0.117
F,1960,Yolanda,13,DC,374,0.046
F,1961,Yvette,55,DC,111,0.196
F,1961,Yvonne,33,DC,198,0.118
F,1961,Yolanda,20,DC,294,0.071
F,1962,Yvette,38,DC,171,0.138
F,1962,Yvonne,29,DC,215,0.105
F,1962,Yolanda,16,DC,332,0.058
F,1963,Yvette,48,DC,125,0.174
F,1963,Yvonne,26,DC,237,0.095
F,1963,Yolanda,21,DC,278,0.076
F,1964,Yvette,43,DC,135,0.162
F,1964,Yolanda,33,DC,181,0.124
F,1964,Yvonne,31,DC,189,0.117
F,1964,Yolonda,5,DC,656,0.019
F,1965,Yvette,55,DC,105,0.223
F,1965,Yolanda,38,DC,138,0.154
F,1965,Yvonne,27,DC,210,0.11
F,1966,Yvette,48,DC,109,0.204
F,1966,Yolanda,31,DC,164,0.132
F,1966,Yvonne,27,DC,187,0.115
F,1967,Yvette,49,DC,111,0.214
F,1967,Yolanda,40,DC,132,0.175
F,1967,Yvonne,30,DC,178,0.131
F,1968,Yolanda,50,DC,105,0.228
F,1968,Yvette,22,DC,217,0.1
F,1968,Yvonne,18,DC,257,0.082
F,1969,Yolanda,59,DC,82,0.266
F,1969,Yvette,23,DC,212,0.104
F,1969,Yvonne,15,DC,302,0.068
F,1970,Yolanda,73,DC,66,0.33
F,1970,Yvette,27,DC,199,0.122
F,1970,Yvonne,13,DC,347,0.059
F,1971,Yolanda,51,DC,81,0.26
F,1971,Yvette,28,DC,169,0.143
F,1971,Yvonne,16,DC,271,0.082
F,1972,Yolanda,63,DC,54,0.376
F,1972,Yvette,9,DC,377,0.054
F,1972,Yolonda,7,DC,453,0.042
F,1972,Yvonne,5,DC,566,0.03
F,1973,Yolanda,37,DC,90,0.251
F,1973,Yvette,17,DC,208,0.115
F,1973,Yvonne,5,DC,531,0.034
F,1974,Yolanda,22,DC,151,0.16
F,1974,Yvette,10,DC,314,0.073
F,1975,Yolanda,28,DC,109,0.207
F,1975,Yvette,10,DC,315,0.074
F,1975,Yvonne,9,DC,344,0.066
F,1976,Yolanda,26,DC,124,0.193
F,1976,Yvonne,8,DC,359,0.059
F,1976,Yvette,6,DC,464,0.045
F,1977,Yolanda,24,DC,133,0.172
F,1977,Yvette,9,DC,342,0.065
F,1977,Yolonda,8,DC,392,0.057
F,1978,Yolanda,30,DC,103,0.227
F,1978,Yvette,7,DC,400,0.053
F,1978,Yvonne,5,DC,511,0.038
F,1979,Yolanda,24,DC,126,0.178
F,1979,Yvette,6,DC,461,0.045
F,1980,Yolanda,19,DC,161,0.141
F,1981,Yolanda,16,DC,189,0.117
F,1982,Yolanda,15,DC,209,0.111
F,1983,Yolanda,14,DC,215,0.105
F,1983,Yvonne,5,DC,486,0.038
F,1984,Yolanda,8,DC,343,0.06
F,1985,Yolanda,10,DC,295,0.075
F,1985,Yvonne,6,DC,440,0.045
F,1985,Yvette,5,DC,515,0.037
F,1986,Yolanda,6,DC,438,0.046
F,1987,Yolanda,12,DC,248,0.088
F,1988,Yolanda,9,DC,349,0.062
F,1988,Yesenia,6,DC,487,0.041
F,1991,Yesenia,8,DC,399,0.058
F,1991,Yolanda,8,DC,399,0.058
F,1991,Yasmin,5,DC,615,0.036
F,1992,Yasmeen,5,DC,580,0.039
F,1992,Yasmin,5,DC,580,0.039
F,1992,Yvonne,5,DC,580,0.039
F,1993,Yasmine,13,DC,237,0.109
F,1993,Yasmin,6,DC,475,0.05
F,1993,Yvonne,5,DC,552,0.042
F,1995,Yasmin,5,DC,478,0.052
F,1997,Yasmine,8,DC,283,0.095
F,2000,Yasmine,6,DC,387,0.071
F,2000,Yasmin,5,DC,478,0.059
F,2001,Yasmine,6,DC,384,0.073
F,2004,Yasmine,7,DC,328,0.086
F,2005,Yasmin,6,DC,357,0.08
F,2005,Yasmine,6,DC,357,0.08
F,2006,Yasmin,7,DC,332,0.088
F,2006,Yessenia,5,DC,462,0.063
F,2007,Yasmin,5,DC,469,0.064
F,2008,Yasmine,7,DC,339,0.094
F,2010,Yasmin,6,DC,380,0.087
F,2011,Yaretzi,6,DC,368,0.086
F,2012,Yaretzi,5,DC,458,0.068
F,2018,Yara,5,DC,453,0.072
F,2020,Yara,5,DC,427,0.078
F,2021,Yara,10,DC,192,0.163
F,2023,Yohanna,6,DC,293,0.114
F,2024,Yuri,5,DC,360,0.099
M,1989,Yolanda,6,DC,536,0.041
M,2019,Yasir,5,DC,445,0.072
F,1910,Yvonne,12,LA,259,0.082
F,1911,Yvonne,8,LA,345,0.06
F,1912,Yvonne,27,LA,181,0.135
F,1912,Yolande,8,LA,460,0.04
F,1912,Yola,6,LA,545,0.03
F,1913,Yvonne,24,LA,209,0.113
F,1913,Yolande,6,LA,581,0.028
F,1913,Yola,5,LA,661,0.024
F,1914,Yvonne,23,LA,256,0.091
F,1915,Yvonne,34,LA,212,0.11
F,1915,Yola,9,LA,559,0.029
F,1915,Yolande,7,LA,646,0.023
F,1916,Yvonne,33,LA,232,0.101
F,1916,Yolande,11,LA,506,0.034
F,1916,Yola,8,LA,601,0.025
F,1917,Yvonne,43,LA,185,0.127
F,1917,Yolande,7,LA,693,0.021
F,1917,Yvette,5,LA,819,0.015
F,1918,Yvonne,38,LA,227,0.1
F,1918,Yolande,10,LA,578,0.026
F,1918,Yvette,5,LA,905,0.013
F,1919,Yvonne,55,LA,170,0.139
F,1919,Yolande,9,LA,636,0.023
F,1919,Yola,6,LA,818,0.015
F,1919,Yvette,5,LA,910,0.013
F,1920,Yvonne,76,LA,136,0.184
F,1920,Yola,10,LA,605,0.024
F,1920,Yvette,6,LA,821,0.015
F,1921,Yvonne,84,LA,129,0.198
F,1921,Yola,8,LA,706,0.019
F,1921,Yolande,6,LA,844,0.014
F,1922,Yvonne,94,LA,115,0.216
F,1922,Yola,7,LA,766,0.016
F,1922,Yvette,6,LA,832,0.014
F,1923,Yvonne,74,LA,149,0.176
F,1924,Yvonne,106,LA,95,0.243
F,1924,Yolanda,7,LA,772,0.016
F,1924,Yola,5,LA,932,0.011
F,1925,Yvonne,87,LA,128,0.202
F,1925,Yola,10,LA,619,0.023
F,1925,Yolande,6,LA,836,0.014
F,1926,Yvonne,105,LA,102,0.24
F,1927,Yvonne,74,LA,155,0.168
F,1927,Yola,5,LA,929,0.011
F,1928,Yvonne,81,LA,129,0.198
F,1928,Yola,9,LA,630,0.022
F,1928,Yvette,5,LA,886,0.012
F,1929,Yvonne,87,LA,114,0.215
F,1929,Yolande,7,LA,727,0.017
F,1929,Yola,5,LA,891,0.012
F,1930,Yvonne,63,LA,161,0.157
F,1930,Yvette,7,LA,710,0.017
F,1930,Yola,6,LA,778,0.015
F,1931,Yvonne,77,LA,126,0.199
F,1932,Yvonne,63,LA,164,0.156
F,1932,Yola,5,LA,877,0.012
F,1933,Yvonne,75,LA,116,0.205
F,1933,Yvette,6,LA,761,0.016
F,1934,Yvonne,84,LA,110,0.212
F,1935,Yvonne,87,LA,110,0.22
F,1936,Yvonne,115,LA,70,0.287
F,1936,Yolande,5,LA,866,0.012
F,1937,Yvonne,129,LA,64,0.31
F,1938,Yvonne,121,LA,78,0.277
F,1938,Yvette,6,LA,810,0.014
F,1939,Yvonne,144,LA,63,0.325
F,1940,Yvonne,119,LA,86,0.259
F,1940,Yvette,7,LA,760,0.015
F,1941,Yvonne,107,LA,109,0.218
F,1941,Yvette,12,LA,591,0.024
F,1942,Yvonne,120,LA,98,0.229
F,1942,Yvette,6,LA,864,0.011
F,1943,Yvonne,91,LA,146,0.167
F,1943,Yvette,10,LA,680,0.018
F,1944,Yvonne,95,LA,137,0.177
F,1944,Yvette,8,LA,742,0.015
F,1945,Yvonne,85,LA,143,0.166
F,1945,Yolanda,11,LA,635,0.021
F,1945,Yvette,9,LA,701,0.018
F,1946,Yvonne,88,LA,171,0.144
F,1946,Yolanda,10,LA,700,0.016
F,1946,Yvette,7,LA,836,0.011
F,1947,Yvonne,108,LA,154,0.161
F,1947,Yvette,19,LA,517,0.028
F,1947,Yolanda,17,LA,563,0.025
F,1948,Yvonne,94,LA,166,0.142
F,1948,Yolanda,18,LA,550,0.027
F,1948,Yvette,11,LA,710,0.017
F,1949,Yvonne,83,LA,190,0.121
F,1949,Yolanda,10,LA,728,0.015
F,1949,Yvette,8,LA,815,0.012
F,1950,Yvonne,72,LA,212,0.104
F,1950,Yolanda,19,LA,547,0.027
F,1950,Yvette,18,LA,557,0.026
F,1951,Yvonne,107,LA,151,0.147
F,1951,Yvette,30,LA,412,0.041
F,1951,Yolanda,18,LA,564,0.025
F,1952,Yvonne,101,LA,171,0.138
F,1952,Yolanda,25,LA,477,0.034
F,1952,Yvette,16,LA,601,0.022
F,1953,Yvonne,103,LA,173,0.135
F,1953,Yvette,36,LA,388,0.047
F,1953,Yolanda,28,LA,452,0.037
F,1954,Yvonne,130,LA,139,0.166
F,1954,Yolanda,31,LA,439,0.04
F,1954,Yvette,22,LA,534,0.028
F,1954,Yolande,5,LA,1167,0.006
F,1955,Yvonne,108,LA,169,0.138
F,1955,Yolanda,37,LA,381,0.047
F,1955,Yvette,31,LA,429,0.04
F,1956,Yvonne,87,LA,217,0.107
F,1956,Yolanda,48,LA,337,0.059
F,1956,Yvette,42,LA,371,0.051
F,1957,Yvonne,102,LA,192,0.123
F,1957,Yolanda,55,LA,310,0.066
F,1957,Yvette,37,LA,405,0.045
F,1958,Yvonne,96,LA,207,0.117
F,1958,Yolanda,62,LA,290,0.076
F,1958,Yvette,33,LA,446,0.04
F,1959,Yvonne,82,LA,236,0.1
F,1959,Yolanda,64,LA,285,0.078
F,1959,Yvette,41,LA,381,0.05
F,1959,Yolonda,6,LA,1149,0.007
F,1960,Yvonne,85,LA,230,0.105
F,1960,Yolanda,69,LA,270,0.085
F,1960,Yvette,63,LA,284,0.078
F,1960,Yolonda,6,LA,1169,0.007
F,1961,Yolanda,96,LA,204,0.121
F,1961,Yvette,79,LA,235,0.1
F,1961,Yvonne,73,LA,253,0.092
F,1961,Yolonda,11,LA,847,0.014
F,1962,Yolanda,79,LA,231,0.101
F,1962,Yvette,76,LA,240,0.097
F,1962,Yvonne,62,LA,283,0.079
F,1962,Yolonda,6,LA,1185,0.008
F,1963,Yolanda,95,LA,201,0.125
F,1963,Yvette,89,LA,211,0.117
F,1963,Yvonne,58,LA,285,0.077
F,1963,Yolonda,13,LA,746,0.017
F,1964,Yvette,97,LA,193,0.128
F,1964,Yolanda,95,LA,198,0.125
F,1964,Yvonne,45,LA,352,0.059
F,1964,Yolonda,11,LA,840,0.014
F,1965,Yolanda,111,LA,155,0.159
F,1965,Yvette,103,LA,170,0.147
F,1965,Yvonne,37,LA,378,0.053
F,1965,Yolonda,6,LA,1139,0.009
F,1966,Yolanda,120,LA,132,0.178
F,1966,Yvette,99,LA,156,0.147
F,1966,Yvonne,41,LA,342,0.061
F,1966,Yolonda,8,LA,945,0.012
F,1966,Yevette,5,LA,1226,0.007
F,1966,Yolande,5,LA,1226,0.007
F,1966,Youlanda,5,LA,1226,0.007
F,1967,Yolanda,126,LA,120,0.192
F,1967,Yvette,95,LA,160,0.144
F,1967,Yvonne,43,LA,332,0.065
F,1967,Yolonda,5,LA,1246,0.008
F,1968,Yolanda,178,LA,73,0.275
F,1968,Yvette,83,LA,183,0.128
F,1968,Yvonne,34,LA,394,0.053
F,1968,Yolonda,11,LA,783,0.017
F,1968,Yolande,7,LA,1006,0.011
F,1968,Yolander,7,LA,1006,0.011
F,1968,Yevette,6,LA,1109,0.009
F,1968,Yulanda,6,LA,1109,0.009
F,1969,Yolanda,166,LA,82,0.256
F,1969,Yvette,84,LA,179,0.129
F,1969,Yvonne,32,LA,418,0.049
F,1969,Yolonda,8,LA,952,0.012
F,1969,Youlanda,5,LA,1222,0.008
F,1969,Yulanda,5,LA,1222,0.008
F,1970,Yolanda,142,LA,96,0.221
F,1970,Yvette,54,LA,276,0.084
F,1970,Yvonne,23,LA,515,0.036
F,1970,Yolonda,9,LA,872,0.014
F,1970,Yulonda,7,LA,1034,0.011
F,1971,Yolanda,152,LA,92,0.244
F,1971,Yvette,55,LA,264,0.088
F,1971,Yvonne,25,LA,476,0.04
F,1971,Yolonda,9,LA,895,0.014
F,1971,Yulonda,6,LA,1148,0.01
F,1972,Yolanda,138,LA,94,0.239
F,1972,Yvette,36,LA,350,0.062
F,1972,Yvonne,25,LA,460,0.043
F,1972,Yolonda,10,LA,812,0.017
F,1972,Youlanda,5,LA,1217,0.009
F,1973,Yolanda,84,LA,148,0.152
F,1973,Yvette,20,LA,524,0.036
F,1973,Yvonne,20,LA,524,0.036
F,1973,Yolonda,14,LA,663,0.025
F,1973,Yashica,5,LA,1244,0.009
F,1974,Yolanda,99,LA,120,0.182
F,1974,Yvette,24,LA,458,0.044
F,1974,Yvonne,19,LA,536,0.035
F,1974,Yolonda,13,LA,705,0.024
F,1974,Yashica,7,LA,995,0.013
F,1975,Yolanda,103,LA,119,0.185
F,1975,Yvette,23,LA,474,0.041
F,1975,Yvonne,17,LA,592,0.031
F,1975,Yashica,10,LA,824,0.018
F,1975,Yolonda,9,LA,881,0.016
F,1975,Yetta,5,LA,1263,0.009
F,1976,Yolanda,85,LA,139,0.151
F,1976,Yvette,20,LA,521,0.035
F,1976,Yvonne,14,LA,660,0.025
F,1976,Yashica,5,LA,1287,0.009
F,1976,Yolonda,5,LA,1287,0.009
F,1977,Yolanda,80,LA,171,0.131
F,1977,Yvette,24,LA,486,0.039
F,1977,Yvonne,16,LA,646,0.026
F,1977,Yolonda,7,LA,1108,0.011
F,1977,Yarnell,5,LA,1377,0.008
F,1978,Yolanda,64,LA,210,0.106
F,1978,Yvonne,17,LA,610,0.028
F,1978,Yvette,11,LA,808,0.018
F,1978,Yashica,9,LA,913,0.015
F,1979,Yolanda,70,LA,194,0.109
F,1979,Yvette,14,LA,719,0.022
F,1979,Yvonne,12,LA,819,0.019
F,1979,Yashica,7,LA,1139,0.011
F,1980,Yolanda,67,LA,215,0.1
F,1980,Yvette,13,LA,753,0.019
F,1980,Yashica,10,LA,909,0.015
F,1980,Yvonne,10,LA,909,0.015
F,1980,Yolonda,5,LA,1446,0.007
F,1981,Yolanda,56,LA,248,0.083
F,1981,Yvonne,15,LA,687,0.022
F,1981,Yvette,12,LA,780,0.018
F,1982,Yolanda,44,LA,315,0.063
F,1982,Yvonne,15,LA,692,0.022
F,1982,Yvette,9,LA,959,0.013
F,1983,Yolanda,26,LA,444,0.039
F,1983,Yvette,9,LA,929,0.013
F,1983,Yvonne,9,LA,929,0.013
F,1984,Yolanda,29,LA,422,0.044
F,1984,Yvonne,9,LA,934,0.014
F,1984,Yvette,8,LA,1001,0.012
F,1985,Yolanda,24,LA,457,0.036
F,1985,Yvette,11,LA,825,0.017
F,1985,Yvonne,8,LA,1036,0.012
F,1986,Yolanda,21,LA,507,0.034
F,1986,Yvonne,11,LA,811,0.018
F,1986,Yvette,10,LA,867,0.016
F,1986,Yasmin,5,LA,1360,0.008
F,1987,Yolanda,15,LA,630,0.026
F,1987,Yvonne,7,LA,1046,0.012
F,1987,Yvette,6,LA,1160,0.01
F,1988,Yolanda,18,LA,545,0.031
F,1988,Yvonne,9,LA,885,0.016
F,1988,Yvette,6,LA,1170,0.01
F,1989,Yolanda,9,LA,903,0.016
F,1989,Yvonne,7,LA,1078,0.012
F,1989,Yvette,5,LA,1340,0.009
F,1990,Yolanda,12,LA,751,0.021
F,1990,Yvette,8,LA,999,0.014
F,1991,Yasmin,5,LA,1353,0.009
F,1991,Yolanda,5,LA,1353,0.009
F,1992,Yasmine,7,LA,1107,0.013
F,1992,Yolanda,5,LA,1387,0.009
F,1993,Yolanda,6,LA,1218,0.011
F,1993,Yasmine,5,LA,1384,0.01
F,1994,Yasmine,6,LA,1206,0.012
F,1995,Yasmine,7,LA,1069,0.014
F,1995,Yasmin,5,LA,1333,0.01
F,1996,Yasmine,15,LA,600,0.031
F,1996,Yasmeen,5,LA,1342,0.01
F,1997,Yasmine,15,LA,594,0.031
F,1998,Yasmine,10,LA,863,0.02
F,1999,Yasmine,15,LA,630,0.03
F,2000,Yasmine,11,LA,827,0.022
F,2001,Yasmin,11,LA,799,0.023
F,2001,Yasmine,11,LA,799,0.023
F,2002,Yasmine,15,LA,635,0.032
F,2002,Yazmin,7,LA,1140,0.015
F,2002,Yasmin,5,LA,1431,0.011
F,2003,Yasmine,12,LA,754,0.026
F,2003,Yasmin,9,LA,959,0.019
F,2003,Yvette,5,LA,1475,0.011
F,2004,Yasmine,14,LA,680,0.03
F,2005,Yasmin,9,LA,948,0.021
F,2005,Yasmine,9,LA,948,0.021
F,2005,Yvonne,5,LA,1457,0.011
F,2006,Yasmin,9,LA,979,0.02
F,2006,Yasmine,8,LA,1066,0.018
F,2007,Yasmin,9,LA,1046,0.019
F,2007,Yasmine,8,LA,1146,0.017
F,2007,Yazmine,5,LA,1605,0.011
F,2015,Yasmin,7,LA,1287,0.015
F,2015,Yaretzi,5,LA,1691,0.011
F,2016,Yaretzi,5,LA,1659,0.011
F,2017,Yara,5,LA,1623,0.011
F,2018,Yara,6,LA,1441,0.014
F,2019,Yara,6,LA,1440,0.014
F,2020,Yara,5,LA,1648,0.012
F,2021,Yara,5,LA,1646,0.012
F,2022,Yara,8,LA,1142,0.02
F,2022,Yuri,7,LA,1286,0.018
F,2022,Yareli,6,LA,1450,0.015
F,2023,Yara,7,LA,1260,0.018
F,2024,Yara,5,LA,1571,0.014
F,2024,Yuri,5,LA,1571,0.014
M,1959,Yancy,12,LA,804,0.015
M,1960,Yancy,5,LA,1267,0.006
M,1963,Yul,5,LA,1265,0.007
M,1965,Yancy,9,LA,908,0.013
M,1971,Yancey,5,LA,1259,0.008
M,1973,Yancy,5,LA,1244,0.009
M,1976,Yancy,7,LA,1036,0.012
M,1980,Yancy,6,LA,1277,0.009
M,2009,Yousef,7,LA,1238,0.015
M,2013,Yousef,5,LA,1609,0.011
M,2014,Yousef,5,LA,1639,0.011
M,2017,Yousef,5,LA,1623,0.011
M,2018,Yousef,5,LA,1669,0.012
M,2019,Yousef,6,LA,1440,0.014
M,2023,Yousef,9,LA,1042,0.024
M,2024,Yeshua,5,LA,1571,0.014
F,1910,Yvonne,6,NH,66,0.52
F,1911,Yvonne,14,NH,41,0.768
F,1912,Yvonne,14,NH,60,0.54
F,1913,Yvette,7,NH,133,0.225
F,1913,Yvonne,5,NH,159,0.16
F,1914,Yvonne,19,NH,72,0.401
F,1914,Yvette,13,NH,101,0.275
F,1915,Yvonne,20,NH,84,0.349
F,1915,Yvette,17,NH,99,0.297
F,1916,Yvonne,21,NH,85,0.377
F,1916,Yvette,11,NH,142,0.198
F,1917,Yvette,23,NH,75,0.393
F,1917,Yvonne,16,NH,109,0.274
F,1918,Yvonne,18,NH,102,0.282
F,1918,Yvette,15,NH,126,0.235
F,1919,Yvette,19,NH,85,0.319
F,1919,Yvonne,19,NH,85,0.319
F,1920,Yvette,20,NH,93,0.298
F,1920,Yvonne,14,NH,130,0.209
F,1921,Yvonne,17,NH,117,0.243
F,1921,Yvette,15,NH,131,0.215
F,1922,Yvette,19,NH,95,0.283
F,1922,Yvonne,16,NH,118,0.239
F,1923,Yvette,12,NH,144,0.186
F,1923,Yvonne,7,NH,202,0.109
F,1924,Yvette,19,NH,104,0.262
F,1924,Yvonne,9,NH,187,0.124
F,1924,Yolande,5,NH,270,0.069
F,1925,Yvonne,15,NH,119,0.222
F,1925,Yvette,14,NH,125,0.207
F,1925,Yolande,6,NH,217,0.089
F,1926,Yvette,10,NH,157,0.155
F,1926,Yvonne,6,NH,205,0.093
F,1927,Yvette,19,NH,98,0.29
F,1927,Yvonne,8,NH,173,0.122
F,1928,Yvette,13,NH,130,0.2
F,1928,Yvonne,12,NH,141,0.185
F,1929,Yvette,15,NH,105,0.238
F,1929,Yvonne,10,NH,150,0.159
F,1929,Yolande,6,NH,207,0.095
F,1930,Yvette,13,NH,130,0.204
F,1930,Yvonne,8,NH,170,0.126
F,1931,Yvette,11,NH,131,0.186
F,1931,Yvonne,5,NH,217,0.084
F,1932,Yvette,11,NH,138,0.18
F,1932,Yvonne,7,NH,168,0.115
F,1933,Yvette,12,NH,117,0.21
F,1933,Yvonne,6,NH,189,0.105
F,1934,Yvonne,7,NH,178,0.116
F,1934,Yvette,5,NH,220,0.083
F,1935,Yvette,6,NH,186,0.098
F,1935,Yvonne,6,NH,186,0.098
F,1936,Yvonne,13,NH,122,0.217
F,1936,Yvette,6,NH,195,0.1
F,1937,Yvonne,12,NH,127,0.199
F,1937,Yvette,7,NH,174,0.116
F,1938,Yvette,8,NH,169,0.13
F,1938,Yvonne,8,NH,169,0.13
F,1939,Yvonne,10,NH,153,0.157
F,1939,Yvette,7,NH,184,0.11
F,1940,Yvonne,9,NH,170,0.132
F,1941,Yvonne,13,NH,137,0.186
F,1941,Yvette,8,NH,178,0.115
F,1942,Yvette,13,NH,154,0.163
F,1942,Yvonne,5,NH,253,0.063
F,1943,Yvonne,7,NH,209,0.088
F,1943,Yvette,5,NH,252,0.063
F,1944,Yvette,8,NH,182,0.113
F,1945,Yvette,6,NH,217,0.086
F,1947,Yvonne,7,NH,252,0.06
F,1947,Yvette,5,NH,299,0.043
F,1950,Yvette,7,NH,235,0.069
F,1951,Yvette,5,NH,296,0.047
F,1959,Yvonne,6,NH,307,0.052
F,1961,Yvette,5,NH,343,0.042
F,1962,Yvonne,5,NH,335,0.043
F,1965,Yvonne,7,NH,263,0.065
F,1966,Yvonne,8,NH,231,0.079
M,2018,Yusuf,5,NH,425,0.064
F,1912,Yvonne,5,OR,205,0.117
F,1917,Yvonne,5,OR,333,0.053
F,1920,Yvonne,11,OR,227,0.095
F,1921,Yvonne,9,OR,268,0.074
F,1922,Yvonne,6,OR,322,0.052
F,1923,Yvonne,14,OR,208,0.119
F,1924,Yvonne,10,OR,261,0.082
F,1925,Yvonne,9,OR,259,0.076
F,1926,Yvonne,12,OR,208,0.105
F,1927,Yvonne,9,OR,248,0.079
F,1928,Yvonne,8,OR,276,0.071
F,1929,Yvonne,17,OR,152,0.16
F,1930,Yvonne,10,OR,231,0.093
F,1931,Yvonne,23,OR,116,0.22
F,1932,Yvonne,9,OR,237,0.088
F,1933,Yvonne,7,OR,284,0.072
F,1934,Yvonne,12,OR,198,0.116
F,1935,Yvonne,19,OR,135,0.179
F,1936,Yvonne,25,OR,108,0.218
F,1937,Yvonne,22,OR,137,0.175
F,1938,Yvonne,20,OR,152,0.15
F,1939,Yvonne,17,OR,184,0.122
F,1940,Yvonne,16,OR,202,0.106
F,1941,Yvonne,13,OR,234,0.081
F,1942,Yvonne,27,OR,148,0.14
F,1943,Yvonne,19,OR,227,0.086
F,1944,Yvonne,14,OR,256,0.066
F,1945,Yvonne,14,OR,267,0.067
F,1946,Yvonne,29,OR,189,0.108
F,1947,Yvonne,31,OR,212,0.096
F,1948,Yvonne,19,OR,279,0.061
F,1949,Yvonne,37,OR,184,0.118
F,1950,Yvonne,26,OR,239,0.081
F,1951,Yvonne,28,OR,225,0.085
F,1951,Yolanda,5,OR,617,0.015
F,1952,Yvonne,24,OR,271,0.068
F,1953,Yvonne,30,OR,230,0.085
F,1953,Yolanda,5,OR,646,0.014
F,1954,Yvonne,26,OR,260,0.076
F,1955,Yvonne,22,OR,298,0.064
F,1956,Yvonne,25,OR,265,0.074
F,1956,Yolanda,5,OR,656,0.015
F,1957,Yvonne,17,OR,348,0.051
F,1957,Yolanda,5,OR,664,0.015
F,1957,Yvette,5,OR,664,0.015
F,1958,Yvonne,18,OR,329,0.056
F,1959,Yvonne,20,OR,318,0.062
F,1959,Yvette,5,OR,689,0.015
F,1960,Yvonne,20,OR,334,0.058
F,1961,Yvonne,24,OR,295,0.072
F,1961,Yvette,13,OR,436,0.039
F,1961,Yolanda,8,OR,554,0.024
F,1962,Yvonne,27,OR,267,0.083
F,1962,Yolanda,10,OR,497,0.031
F,1962,Yvette,5,OR,703,0.015
F,1963,Yvonne,16,OR,362,0.052
F,1963,Yvette,10,OR,479,0.033
F,1963,Yolanda,5,OR,686,0.016
F,1964,Yvette,16,OR,353,0.055
F,1964,Yvonne,12,OR,430,0.041
F,1964,Yolanda,9,OR,512,0.031
F,1965,Yvonne,18,OR,327,0.062
F,1965,Yolanda,11,OR,450,0.038
F,1965,Yvette,5,OR,690,0.017
F,1966,Yvonne,16,OR,333,0.057
F,1966,Yvette,11,OR,437,0.039
F,1966,Yolanda,5,OR,688,0.018
F,1967,Yvonne,13,OR,391,0.047
F,1967,Yvette,10,OR,463,0.036
F,1967,Yolanda,7,OR,562,0.025
F,1968,Yvonne,18,OR,297,0.064
F,1968,Yvette,12,OR,408,0.043
F,1968,Yolanda,6,OR,614,0.021
F,1969,Yvonne,14,OR,388,0.047
F,1969,Yvette,9,OR,503,0.03
F,1969,Yolanda,7,OR,588,0.024
F,1970,Yolanda,12,OR,441,0.039
F,1970,Yvonne,11,OR,474,0.036
F,1970,Yvette,8,OR,575,0.026
F,1971,Yvette,13,OR,396,0.045
F,1971,Yvonne,8,OR,551,0.028
F,1971,Yolanda,7,OR,592,0.024
F,1972,Yvonne,10,OR,447,0.037
F,1973,Yvonne,8,OR,514,0.03
F,1973,Yolanda,5,OR,686,0.019
F,1973,Yvette,5,OR,686,0.019
F,1974,Yolanda,11,OR,424,0.039
F,1974,Yvonne,9,OR,486,0.032
F,1975,Yvonne,5,OR,714,0.017
F,1976,Yolanda,7,OR,579,0.023
F,1976,Yvette,5,OR,727,0.017
F,1976,Yvonne,5,OR,727,0.017
F,1977,Yvonne,13,OR,402,0.04
F,1978,Yolanda,10,OR,490,0.03
F,1978,Yvette,6,OR,716,0.018
F,1979,Yolanda,9,OR,576,0.025
F,1979,Yvonne,6,OR,750,0.017
F,1980,Yvonne,9,OR,550,0.024
F,1981,Yolanda,10,OR,513,0.027
F,1981,Yvonne,6,OR,740,0.016
F,1982,Yolanda,5,OR,815,0.014
F,1983,Yolanda,5,OR,772,0.015
F,1983,Yvonne,5,OR,772,0.015
F,1985,Yolanda,5,OR,787,0.015
F,1987,Yesenia,7,OR,616,0.021
F,1988,Yesenia,12,OR,439,0.035
F,1989,Yesenia,7,OR,687,0.02
F,1989,Yolanda,6,OR,757,0.017
F,1989,Yvonne,6,OR,757,0.017
F,1990,Yesenia,13,OR,462,0.035
F,1990,Yvonne,6,OR,810,0.016
F,1990,Yadira,5,OR,937,0.014
F,1991,Yesenia,12,OR,497,0.033
F,1992,Yesenia,11,OR,537,0.031
F,1992,Yvonne,9,OR,630,0.025
F,1992,Yolanda,5,OR,931,0.014
F,1992,Yvette,5,OR,931,0.014
F,1993,Yesenia,10,OR,599,0.028
F,1993,Yvette,5,OR,942,0.014
F,1994,Yesenia,15,OR,444,0.043
F,1994,Yvonne,5,OR,983,0.014
F,1995,Yesenia,18,OR,403,0.051
F,1996,Yesenia,15,OR,481,0.041
F,1996,Yasmin,8,OR,741,0.022
F,1996,Yasmine,6,OR,917,0.017
F,1996,Yvonne,6,OR,917,0.017
F,1996,Yaneli,5,OR,1044,0.014
F,1996,Yesica,5,OR,1044,0.014
F,1997,Yesenia,16,OR,463,0.045
F,1997,Yasmine,5,OR,1026,0.014
F,1997,Yazmin,5,OR,1026,0.014
F,1997,Yvonne,5,OR,1026,0.014
F,1998,Yesenia,13,OR,581,0.036
F,1998,Yadira,9,OR,730,0.025
F,1998,Yasmin,7,OR,848,0.019
F,1998,Yareli,5,OR,1054,0.014
F,1998,Yessica,5,OR,1054,0.014
F,1998,Yolanda,5,OR,1054,0.014
F,1998,Yulisa,5,OR,1054,0.014
F,1999,Yesenia,18,OR,448,0.05
F,1999,Yasmin,9,OR,740,0.025
F,1999,Yasmeen,6,OR,956,0.017
F,1999,Yasmine,5,OR,1086,0.014
F,1999,Yolanda,5,OR,1086,0.014
F,1999,Yvette,5,OR,1086,0.014
F,2000,Yesenia,16,OR,496,0.044
F,2000,Yasmin,11,OR,651,0.03
F,2000,Yasmine,7,OR,890,0.019
F,2000,Yessenia,7,OR,890,0.019
F,2000,Yamile,6,OR,984,0.017
F,2000,Yvette,6,OR,984,0.017
F,2001,Yesenia,17,OR,483,0.048
F,2001,Yasmin,10,OR,689,0.028
F,2001,Yasmine,10,OR,689,0.028
F,2001,Yulisa,10,OR,689,0.028
F,2001,Yoselin,8,OR,821,0.023
F,2001,Yvette,8,OR,821,0.023
F,2001,Yana,5,OR,1102,0.014
F,2001,Yolanda,5,OR,1102,0.014
F,2002,Yesenia,25,OR,347,0.071
F,2002,Yasmin,9,OR,761,0.025
F,2002,Yasmine,7,OR,881,0.02
F,2002,Yesica,6,OR,978,0.017
F,2003,Yesenia,14,OR,565,0.039
F,2003,Yasmin,11,OR,664,0.031
F,2003,Yvette,7,OR,907,0.02
F,2003,Yoselin,6,OR,1010,0.017
F,2003,Yadira,5,OR,1146,0.014
F,2003,Yasmeen,5,OR,1146,0.014
F,2004,Yesenia,13,OR,601,0.037
F,2004,Yadira,12,OR,637,0.034
F,2004,Yasmin,11,OR,679,0.031
F,2004,Yajaira,7,OR,938,0.02
F,2004,Yazmin,7,OR,938,0.02
F,2004,Yana,6,OR,1029,0.017
F,2004,Yareli,6,OR,1029,0.017
F,2004,Yasmine,5,OR,1160,0.014
F,2004,Yulissa,5,OR,1160,0.014
F,2005,Yesenia,13,OR,611,0.037
F,2005,Yasmin,12,OR,650,0.034
F,2005,Yadira,9,OR,777,0.025
F,2005,Yaquelin,6,OR,1024,0.017
F,2005,Yareli,6,OR,1024,0.017
F,2005,Yaritza,6,OR,1024,0.017
F,2005,Yuliana,6,OR,1024,0.017
F,2005,Yana,5,OR,1165,0.014
F,2005,Yuridia,5,OR,1165,0.014
F,2006,Yesenia,12,OR,664,0.033
F,2006,Yareli,11,OR,724,0.03
F,2006,Yasmin,11,OR,724,0.03
F,2006,Yadira,7,OR,999,0.019
F,2006,Yasmine,7,OR,999,0.019
F,2006,Yazmin,7,OR,999,0.019
F,2006,Yuridia,7,OR,999,0.019
F,2006,Yaritza,6,OR,1108,0.016
F,2006,Yajaira,5,OR,1247,0.014
F,2006,Yaneli,5,OR,1247,0.014
F,2006,Yarely,5,OR,1247,0.014
F,2006,Yaretzi,5,OR,1247,0.014
F,2006,Yolanda,5,OR,1247,0.014
F,2006,Yoselin,5,OR,1247,0.014
F,2006,Yuliana,5,OR,1247,0.014
F,2007,Yasmin,14,OR,596,0.038
F,2007,Yesenia,14,OR,596,0.038
F,2007,Yoselin,11,OR,716,0.03
F,2007,Yareli,8,OR,905,0.022
F,2007,Yazmin,7,OR,1010,0.019
F,2007,Yadira,6,OR,1121,0.016
F,2007,Yaretzi,6,OR,1121,0.016
F,2007,Yulissa,6,OR,1121,0.016
F,2007,Yajaira,5,OR,1267,0.013
F,2007,Yocelin,5,OR,1267,0.013
F,2008,Yaretzi,20,OR,455,0.054
F,2008,Yasmin,12,OR,691,0.033
F,2008,Yazmin,9,OR,851,0.025
F,2008,Yoselin,9,OR,851,0.025
F,2008,Yareli,8,OR,932,0.022
F,2008,Yarely,8,OR,932,0.022
F,2008,Yuridia,8,OR,932,0.022
F,2008,Yadira,7,OR,1033,0.019
F,2008,Yesenia,6,OR,1143,0.016
F,2008,Yuliana,5,OR,1293,0.014
F,2009,Yaretzi,13,OR,641,0.037
F,2009,Yasmin,12,OR,674,0.034
F,2009,Yadira,11,OR,725,0.031
F,2009,Yareli,10,OR,780,0.029
F,2009,Yoselin,8,OR,900,0.023
F,2009,Yaritza,7,OR,1006,0.02
F,2009,Yazmin,7,OR,1006,0.02
F,2009,Yajaira,5,OR,1248,0.014
F,2009,Yana,5,OR,1248,0.014
F,2009,Yarely,5,OR,1248,0.014
F,2010,Yaretzi,17,OR,483,0.051
F,2010,Yoselin,11,OR,726,0.033
F,2010,Yasmin,10,OR,775,0.03
F,2010,Yadira,9,OR,829,0.027
F,2010,Yareli,9,OR,829,0.027
F,2010,Yesenia,8,OR,903,0.024
F,2010,Yaneli,5,OR,1228,0.015
F,2010,Yaritza,5,OR,1228,0.015
F,2010,Yazmin,5,OR,1228,0.015
F,2010,Yvette,5,OR,1228,0.015
F,2011,Yareli,13,OR,601,0.039
F,2011,Yaretzi,10,OR,745,0.03
F,2011,Yoselin,7,OR,985,0.021
F,2012,Yaretzi,12,OR,644,0.036
F,2012,Yaneli,8,OR,877,0.024
F,2012,Yaritza,8,OR,877,0.024
F,2012,Yoselin,7,OR,979,0.021
F,2012,Yareli,6,OR,1098,0.018
F,2012,Yuliana,5,OR,1234,0.015
F,2013,Yaretzi,25,OR,341,0.076
F,2013,Yareli,7,OR,960,0.021
F,2014,Yaretzi,11,OR,707,0.033
F,2014,Yareli,8,OR,930,0.024
F,2014,Yamileth,7,OR,1030,0.021
F,2014,Yvette,6,OR,1144,0.018
F,2014,Yaritza,5,OR,1313,0.015
F,2014,Yasmin,5,OR,1313,0.015
F,2014,Yesenia,5,OR,1313,0.015
F,2015,Yaretzi,19,OR,464,0.057
F,2015,Yamileth,7,OR,1011,0.021
F,2015,Yareli,7,OR,1011,0.021
F,2016,Yaretzi,9,OR,824,0.027
F,2016,Yasmin,7,OR,1007,0.021
F,2016,Yamileth,5,OR,1296,0.015
F,2016,Yareli,5,OR,1296,0.015
F,2017,Yaretzi,10,OR,753,0.031
F,2017,Yareli,8,OR,906,0.025
F,2017,Yasmin,7,OR,1003,0.022
F,2018,Yaretzi,9,OR,794,0.029
F,2018,Yara,8,OR,875,0.026
F,2018,Yareli,6,OR,1081,0.02
F,2019,Yaretzi,10,OR,747,0.033
F,2019,Yaritza,9,OR,806,0.03
F,2020,Yaretzi,8,OR,854,0.028
F,2020,Yasmin,6,OR,1061,0.021
F,2020,Yaneli,5,OR,1191,0.018
F,2021,Yara,7,OR,989,0.024
F,2021,Yaretzi,7,OR,989,0.024
F,2021,Yuna,5,OR,1251,0.017
F,2021,Yvette,5,OR,1251,0.017
F,2022,Yaretzi,10,OR,694,0.036
F,2023,Yaretzi,9,OR,766,0.033
F,2023,Yara,8,OR,844,0.03
F,2023,Yareli,8,OR,844,0.03
F,2023,Yaritza,5,OR,1213,0.018
F,2024,Yaretzi,7,OR,978,0.025
M,2003,Yahir,20,OR,426,0.056
M,2003,Yair,5,OR,1146,0.014
M,2004,Yahir,17,OR,489,0.048
M,2005,Yahir,9,OR,777,0.025
M,2005,Yair,5,OR,1165,0.014
M,2006,Yahir,12,OR,664,0.033
M,2006,Yair,5,OR,1247,0.014
M,2007,Yahir,15,OR,568,0.04
M,2008,Yahir,14,OR,619,0.038
M,2008,Yair,10,OR,783,0.027
M,2008,Yandel,5,OR,1293,0.014
M,2008,Yusuf,5,OR,1293,0.014
M,2009,Yair,8,OR,900,0.023
M,2009,Yandel,6,OR,1111,0.017
M,2010,Yahir,12,OR,668,0.036
M,2010,Yusuf,9,OR,829,0.027
M,2010,Yael,7,OR,984,0.021
M,2010,Yandel,5,OR,1228,0.015
M,2011,Yahir,13,OR,601,0.039
M,2012,Yahir,6,OR,1098,0.018
M,2013,Yair,7,OR,960,0.021
M,2013,Yahir,5,OR,1244,0.015
M,2014,Yahir,8,OR,930,0.024
M,2015,Yahir,8,OR,917,0.024
M,2016,Yahir,6,OR,1125,0.018
M,2017,Yael,6,OR,1107,0.019
M,2017,Yahir,5,OR,1277,0.016
M,2018,Yusuf,8,OR,875,0.026
M,2018,Yahir,5,OR,1233,0.016
M,2019,Yael,7,OR,963,0.023
M,2019,Yahir,5,OR,1238,0.016
M,2020,Yael,5,OR,1191,0.018
M,2022,Yadiel,5,OR,1218,0.018
M,2022,Yahir,5,OR,1218,0.018
M,2023,Yael,6,OR,1068,0.022
M,2023,Yusuf,5,OR,1213,0.018
M,2024,Yusuf,6,OR,1097,0.022
M,2024,Yahir,5,OR,1251,0.018
F,1915,Yvonne,7,FL,420,0.044
F,1916,Yvonne,5,FL,509,0.031
F,1918,Yvonne,5,FL,543,0.027
F,1919,Yvonne,7,FL,454,0.037
F,1921,Yvonne,8,FL,438,0.037
F,1922,Yvonne,6,FL,543,0.027
F,1923,Yvonne,13,FL,331,0.059
F,1924,Yvonne,14,FL,345,0.056
F,1925,Yvonne,12,FL,408,0.043
F,1926,Yvonne,27,FL,258,0.084
F,1926,Yolanda,5,FL,701,0.016
F,1927,Yvonne,17,FL,341,0.056
F,1928,Yvonne,32,FL,194,0.12
F,1929,Yvonne,18,FL,283,0.076
F,1929,Yolanda,5,FL,606,0.021
F,1930,Yvonne,14,FL,337,0.059
F,1931,Yvonne,16,FL,296,0.07
F,1932,Yvonne,20,FL,261,0.082
F,1933,Yvonne,24,FL,217,0.108
F,1933,Yolanda,5,FL,604,0.023
F,1934,Yvonne,27,FL,203,0.115
F,1935,Yvonne,46,FL,117,0.185
F,1936,Yvonne,51,FL,110,0.203
F,1937,Yvonne,66,FL,86,0.256
F,1937,Yolanda,5,FL,635,0.019
F,1938,Yvonne,48,FL,129,0.175
F,1939,Yvonne,55,FL,110,0.195
F,1939,Yolanda,5,FL,639,0.018
F,1940,Yvonne,70,FL,93,0.231
F,1940,Yolanda,12,FL,429,0.04
F,1941,Yvonne,73,FL,94,0.223
F,1941,Yolanda,5,FL,693,0.015
F,1942,Yvonne,57,FL,136,0.157
F,1942,Yolanda,9,FL,541,0.025
F,1943,Yvonne,66,FL,131,0.155
F,1943,Yolanda,7,FL,671,0.016
F,1944,Yvonne,55,FL,178,0.12
F,1944,Yolanda,7,FL,678,0.015
F,1945,Yvonne,66,FL,145,0.144
F,1945,Yolanda,6,FL,726,0.013
F,1946,Yvonne,70,FL,156,0.141
F,1946,Yolanda,8,FL,634,0.016
F,1947,Yvonne,68,FL,175,0.122
F,1947,Yolanda,5,FL,854,0.009
F,1948,Yvonne,84,FL,144,0.152
F,1948,Yolanda,14,FL,522,0.025
F,1948,Yvette,5,FL,885,0.009
F,1949,Yvonne,90,FL,137,0.16
F,1949,Yolanda,10,FL,634,0.018
F,1949,Yvette,6,FL,822,0.011
F,1950,Yvonne,92,FL,139,0.157
F,1950,Yolanda,7,FL,782,0.012
F,1950,Yvette,7,FL,782,0.012
F,1951,Yvonne,119,FL,114,0.186
F,1951,Yvette,9,FL,701,0.014
F,1951,Yolanda,7,FL,790,0.011
F,1952,Yvonne,93,FL,159,0.136
F,1952,Yvette,14,FL,592,0.021
F,1952,Yolanda,10,FL,684,0.015
F,1953,Yvonne,94,FL,175,0.127
F,1953,Yvette,18,FL,530,0.024
F,1953,Yolanda,11,FL,675,0.015
F,1954,Yvonne,93,FL,189,0.118
F,1954,Yolanda,20,FL,511,0.025
F,1954,Yvette,13,FL,646,0.017
F,1955,Yvonne,100,FL,184,0.121
F,1955,Yolanda,24,FL,485,0.029
F,1955,Yvette,11,FL,733,0.013
F,1955,Yasmin,7,FL,916,0.008
F,1956,Yvonne,120,FL,168,0.133
F,1956,Yvette,42,FL,363,0.047
F,1956,Yolanda,26,FL,483,0.029
F,1957,Yvonne,103,FL,210,0.107
F,1957,Yolanda,30,FL,467,0.031
F,1957,Yvette,15,FL,700,0.016
F,1958,Yvonne,105,FL,202,0.106
F,1958,Yolanda,38,FL,412,0.038
F,1958,Yvette,27,FL,531,0.027
F,1959,Yvonne,88,FL,250,0.086
F,1959,Yolanda,48,FL,380,0.047
F,1959,Yvette,32,FL,484,0.031
F,1960,Yvonne,116,FL,206,0.11
F,1960,Yolanda,48,FL,380,0.046
F,1960,Yvette,41,FL,427,0.039
F,1961,Yvonne,96,FL,247,0.091
F,1961,Yolanda,52,FL,373,0.05
F,1961,Yvette,51,FL,380,0.049
F,1962,Yvonne,88,FL,254,0.085
F,1962,Yolanda,69,FL,312,0.067
F,1962,Yvette,48,FL,386,0.046
F,1963,Yvonne,76,FL,291,0.075
F,1963,Yolanda,75,FL,295,0.074
F,1963,Yvette,69,FL,309,0.068
F,1964,Yolanda,81,FL,270,0.08
F,1964,Yvonne,78,FL,273,0.077
F,1964,Yvette,76,FL,277,0.075
F,1964,Yolonda,6,FL,1277,0.006
F,1965,Yolanda,91,FL,228,0.097
F,1965,Yvonne,75,FL,268,0.08
F,1965,Yvette,59,FL,324,0.063
F,1965,Yolonda,5,FL,1351,0.005
F,1966,Yolanda,96,FL,206,0.106
F,1966,Yvette,70,FL,275,0.077
F,1966,Yvonne,65,FL,293,0.072
F,1967,Yolanda,98,FL,191,0.111
F,1967,Yvette,95,FL,199,0.108
F,1967,Yvonne,60,FL,303,0.068
F,1967,Yolonda,5,FL,1339,0.006
F,1968,Yolanda,151,FL,115,0.168
F,1968,Yvonne,71,FL,263,0.079
F,1968,Yvette,60,FL,300,0.067
F,1969,Yolanda,142,FL,134,0.15
F,1969,Yvonne,72,FL,275,0.076
F,1969,Yvette,60,FL,314,0.063
F,1969,Yolonda,8,FL,1089,0.008
F,1969,Yolando,6,FL,1277,0.006
F,1969,Yulonda,6,FL,1277,0.006
F,1970,Yolanda,148,FL,133,0.146
F,1970,Yvonne,60,FL,325,0.059
F,1970,Yvette,50,FL,374,0.049
F,1970,Yolonda,9,FL,1087,0.009
F,1971,Yolanda,173,FL,115,0.17
F,1971,Yvonne,68,FL,296,0.067
F,1971,Yvette,66,FL,310,0.065
F,1971,Yolonda,15,FL,815,0.015
F,1971,Yesenia,9,FL,1090,0.009
F,1971,Yoland,5,FL,1541,0.005
F,1972,Yolanda,160,FL,120,0.168
F,1972,Yvette,62,FL,304,0.065
F,1972,Yvonne,51,FL,367,0.054
F,1972,Yesenia,25,FL,573,0.026
F,1972,Yolonda,8,FL,1173,0.008
F,1972,Yulanda,6,FL,1388,0.006
F,1972,Yamile,5,FL,1537,0.005
F,1972,Yulonda,5,FL,1537,0.005
F,1973,Yolanda,142,FL,137,0.154
F,1973,Yvonne,50,FL,354,0.054
F,1973,Yvette,37,FL,440,0.04
F,1973,Yesenia,13,FL,872,0.014
F,1973,Yolonda,7,FL,1250,0.008
F,1974,Yolanda,127,FL,154,0.135
F,1974,Yvonne,60,FL,300,0.064
F,1974,Yvette,44,FL,389,0.047
F,1974,Yesenia,19,FL,712,0.02
F,1974,Yolonda,9,FL,1115,0.01
F,1974,Yashica,8,FL,1192,0.008
F,1975,Yolanda,141,FL,129,0.158
F,1975,Yvonne,34,FL,463,0.038
F,1975,Yvette,32,FL,483,0.036
F,1975,Yesenia,18,FL,715,0.02
F,1975,Yulanda,6,FL,1385,0.007
F,1975,Yamile,5,FL,1550,0.006
F,1975,Yashica,5,FL,1550,0.006
F,1976,Yolanda,102,FL,174,0.116
F,1976,Yvette,45,FL,361,0.051
F,1976,Yvonne,28,FL,514,0.032
F,1976,Yashica,13,FL,856,0.015
F,1976,Yesenia,12,FL,900,0.014
F,1976,Yolonda,9,FL,1085,0.01
F,1977,Yolanda,108,FL,171,0.116
F,1977,Yvette,29,FL,508,0.031
F,1977,Yvonne,29,FL,508,0.031
F,1977,Yesenia,19,FL,714,0.02
F,1977,Yolonda,11,FL,1005,0.012
F,1977,Yashica,8,FL,1208,0.009
F,1977,Yalonda,6,FL,1465,0.006
F,1977,Yasmin,6,FL,1465,0.006
F,1977,Yarnell,5,FL,1650,0.005
F,1978,Yolanda,101,FL,187,0.106
F,1978,Yvette,42,FL,392,0.044
F,1978,Yvonne,33,FL,479,0.035
F,1978,Yesenia,19,FL,698,0.02
F,1978,Yolonda,12,FL,973,0.013
F,1978,Yashica,6,FL,1488,0.006
F,1978,Yasmin,6,FL,1488,0.006
F,1978,Yulonda,5,FL,1659,0.005
F,1979,Yolanda,98,FL,193,0.096
F,1979,Yvonne,30,FL,525,0.03
F,1979,Yvette,29,FL,535,0.029
F,1979,Yesenia,24,FL,615,0.024
F,1979,Yashica,8,FL,1288,0.008
F,1979,Yolonda,8,FL,1288,0.008
F,1979,Yamile,6,FL,1546,0.006
F,1979,Yasmin,5,FL,1732,0.005
F,1980,Yolanda,91,FL,233,0.082
F,1980,Yvette,37,FL,476,0.033
F,1980,Yvonne,28,FL,577,0.025
F,1980,Yesenia,21,FL,714,0.019
F,1980,Yashica,14,FL,937,0.013
F,1980,Yolonda,10,FL,1174,0.009
F,1980,Yamile,9,FL,1258,0.008
F,1980,Yadira,8,FL,1357,0.007
F,1980,Yasmin,7,FL,1472,0.006
F,1980,Yajaira,5,FL,1794,0.004
F,1980,Yashika,5,FL,1794,0.004
F,1981,Yolanda,92,FL,236,0.079
F,1981,Yvonne,42,FL,451,0.036
F,1981,Yesenia,30,FL,573,0.026
F,1981,Yvette,25,FL,647,0.021
F,1981,Yashica,9,FL,1279,0.008
F,1981,Yalonda,8,FL,1365,0.007
F,1981,Yamile,8,FL,1365,0.007
F,1981,Yasmin,8,FL,1365,0.007
F,1981,Yessenia,7,FL,1499,0.006
F,1981,Yolonda,6,FL,1653,0.005
F,1981,Yadira,5,FL,1867,0.004
F,1982,Yolanda,93,FL,241,0.076
F,1982,Yvonne,37,FL,518,0.03
F,1982,Yvette,34,FL,555,0.028
F,1982,Yesenia,18,FL,842,0.015
F,1982,Yamile,6,FL,1677,0.005
F,1982,Yasmin,5,FL,1897,0.004
F,1982,Yasmine,5,FL,1897,0.004
F,1982,Yuliana,5,FL,1897,0.004
F,1983,Yolanda,68,FL,321,0.054
F,1983,Yvonne,30,FL,590,0.024
F,1983,Yvette,25,FL,663,0.02
F,1983,Yesenia,22,FL,733,0.017
F,1983,Yamile,7,FL,1544,0.006
F,1983,Yashica,7,FL,1544,0.006
F,1983,Yessenia,7,FL,1544,0.006
F,1983,Yadira,6,FL,1710,0.005
F,1983,Yolonda,6,FL,1710,0.005
F,1983,Yamila,5,FL,1920,0.004
F,1983,Yasmin,5,FL,1920,0.004
F,1984,Yolanda,54,FL,392,0.041
F,1984,Yvonne,32,FL,573,0.024
F,1984,Yesenia,20,FL,815,0.015
F,1984,Yvette,17,FL,901,0.013
F,1984,Yasmin,13,FL,1061,0.01
F,1984,Yajaira,7,FL,1548,0.005
F,1984,Yamile,7,FL,1548,0.005
F,1984,Yadira,5,FL,1969,0.004
F,1984,Yamilet,5,FL,1969,0.004
F,1984,Yecenia,5,FL,1969,0.004
F,1984,Yessenia,5,FL,1969,0.004
F,1985,Yolanda,62,FL,362,0.044
F,1985,Yvette,25,FL,728,0.018
F,1985,Yvonne,22,FL,795,0.016
F,1985,Yesenia,18,FL,907,0.013
F,1985,Yarenis,12,FL,1172,0.009
F,1985,Yamile,6,FL,1833,0.004
F,1985,Yasmin,6,FL,1833,0.004
F,1985,Yessenia,6,FL,1833,0.004
F,1985,Yolonda,5,FL,2083,0.004
F,1986,Yolanda,54,FL,410,0.038
F,1986,Yesenia,36,FL,565,0.025
F,1986,Yvonne,28,FL,668,0.02
F,1986,Yvette,25,FL,722,0.018
F,1986,Yasmin,17,FL,942,0.012
F,1986,Yamile,10,FL,1342,0.007
F,1986,Yadira,6,FL,1868,0.004
F,1987,Yesenia,165,FL,164,0.111
F,1987,Yolanda,41,FL,551,0.028
F,1987,Yessenia,26,FL,733,0.017
F,1987,Yvette,23,FL,793,0.015
F,1987,Yvonne,21,FL,837,0.014
F,1987,Yasmin,13,FL,1159,0.009
F,1987,Yasmine,7,FL,1740,0.005
F,1987,Yazmin,6,FL,1918,0.004
F,1987,Yaritza,5,FL,2166,0.003
F,1988,Yesenia,75,FL,342,0.048
F,1988,Yolanda,46,FL,516,0.029
F,1988,Yessenia,41,FL,558,0.026
F,1988,Yvette,28,FL,754,0.018
F,1988,Yvonne,19,FL,962,0.012
F,1988,Yasmin,15,FL,1127,0.01
F,1988,Yamile,8,FL,1675,0.005
F,1988,Yanira,8,FL,1675,0.005
F,1988,Yasmine,8,FL,1675,0.005
F,1988,Yalonda,5,FL,2250,0.003
F,1988,Yanelys,5,FL,2250,0.003
F,1989,Yesenia,78,FL,352,0.047
F,1989,Yolanda,50,FL,508,0.03
F,1989,Yessenia,30,FL,735,0.018
F,1989,Yvette,24,FL,854,0.014
F,1989,Yvonne,21,FL,948,0.013
F,1989,Yasmin,16,FL,1147,0.01
F,1989,Yadira,13,FL,1301,0.008
F,1989,Yasmine,10,FL,1541,0.006
F,1989,Yajaira,9,FL,1649,0.005
F,1989,Yazmin,7,FL,1923,0.004
F,1989,Yanira,6,FL,2111,0.004
F,1990,Yesenia,106,FL,278,0.062
F,1990,Yolanda,39,FL,631,0.023
F,1990,Yessenia,33,FL,713,0.019
F,1990,Yvette,24,FL,890,0.014
F,1990,Yvonne,19,FL,1045,0.011
F,1990,Yasmin,14,FL,1269,0.008
F,1990,Yasmine,12,FL,1389,0.007
F,1990,Yanira,8,FL,1820,0.005
F,1990,Yadira,6,FL,2194,0.004
F,1990,Yecenia,6,FL,2194,0.004
F,1990,Yajaira,5,FL,2460,0.003
F,1990,Yazmin,5,FL,2460,0.003
F,1990,Yessica,5,FL,2460,0.003
F,1991,Yesenia,71,FL,395,0.043
F,1991,Yessenia,25,FL,862,0.015
F,1991,Yolanda,22,FL,939,0.013
F,1991,Yvette,19,FL,1014,0.011
F,1991,Yvonne,17,FL,1108,0.01
F,1991,Yasmin,13,FL,1326,0.008
F,1991,Yasmine,11,FL,1498,0.007
F,1991,Yadira,8,FL,1828,0.005
F,1991,Yajaira,7,FL,2002,0.004
F,1991,Yanelis,7,FL,2002,0.004
F,1991,Yael,6,FL,2204,0.004
F,1991,Yamilet,6,FL,2204,0.004
F,1991,Yazmin,6,FL,2204,0.004
F,1991,Yaritza,5,FL,2477,0.003
F,1991,Yu,5,FL,2477,0.003
F,1992,Yesenia,79,FL,362,0.049
F,1992,Yvonne,27,FL,810,0.017
F,1992,Yessenia,26,FL,828,0.016
F,1992,Yolanda,22,FL,952,0.014
F,1992,Yasmine,21,FL,982,0.013
F,1992,Yvette,21,FL,982,0.013
F,1992,Yasmin,18,FL,1082,0.011
F,1992,Yasmeen,8,FL,1818,0.005
F,1992,Yamile,7,FL,2007,0.004
F,1992,Yanira,7,FL,2007,0.004
F,1992,Yazmin,6,FL,2217,0.004
F,1992,Yuri,6,FL,2217,0.004
F,1992,Yanelis,5,FL,2496,0.003
F,1992,Yarelis,5,FL,2496,0.003
F,1992,Yashira,5,FL,2496,0.003
F,1992,Yessica,5,FL,2496,0.003
F,1993,Yesenia,85,FL,346,0.052
F,1993,Yessenia,24,FL,899,0.015
F,1993,Yolanda,22,FL,953,0.014
F,1993,Yaritza,21,FL,994,0.013
F,1993,Yvette,19,FL,1064,0.012
F,1993,Yvonne,19,FL,1064,0.012
F,1993,Yasmin,17,FL,1161,0.01
F,1993,Yasmine,16,FL,1195,0.01
F,1993,Yazmin,14,FL,1301,0.009
F,1993,Yadira,13,FL,1357,0.008
F,1993,Yamilet,7,FL,2009,0.004
F,1993,Yanelis,7,FL,2009,0.004
F,1993,Yasmeen,7,FL,2009,0.004
F,1993,Yajaira,6,FL,2218,0.004
F,1993,Yanira,6,FL,2218,0.004
F,1993,Yanely,5,FL,2512,0.003
F,1993,Yanet,5,FL,2512,0.003
F,1994,Yesenia,84,FL,343,0.053
F,1994,Yolanda,35,FL,695,0.022
F,1994,Yasmin,25,FL,888,0.016
F,1994,Yasmine,24,FL,907,0.015
F,1994,Yadira,18,FL,1086,0.011
F,1994,Yaritza,18,FL,1086,0.011
F,1994,Yessenia,18,FL,1086,0.011
F,1994,Yvonne,18,FL,1086,0.011
F,1994,Yasmeen,11,FL,1520,0.007
F,1994,Yvette,10,FL,1616,0.006
F,1994,Yajaira,8,FL,1875,0.005
F,1994,Yazmin,8,FL,1875,0.005
F,1994,Yakira,6,FL,2265,0.004
F,1994,Yaneli,5,FL,2550,0.003
F,1994,Yanely,5,FL,2550,0.003
F,1995,Yesenia,63,FL,439,0.04
F,1995,Yasmin,34,FL,694,0.022
F,1995,Yasmine,28,FL,816,0.018
F,1995,Yolanda,23,FL,935,0.015
F,1995,Yessenia,16,FL,1173,0.01
F,1995,Yvette,16,FL,1173,0.01
F,1995,Yvonne,15,FL,1219,0.01
F,1995,Yadira,12,FL,1434,0.008
F,1995,Yaritza,12,FL,1434,0.008
F,1995,Yasmeen,11,FL,1519,0.007
F,1995,Yazmin,9,FL,1703,0.006
F,1995,Yanira,8,FL,1857,0.005
F,1995,Yessica,8,FL,1857,0.005
F,1995,Yamilet,7,FL,2039,0.004
F,1995,Yesica,7,FL,2039,0.004
F,1995,Yazmine,6,FL,2254,0.004
F,1995,Yamilex,5,FL,2548,0.003
F,1995,Yarelis,5,FL,2548,0.003
F,1995,Yoana,5,FL,2548,0.003
F,1996,Yesenia,60,FL,460,0.038
F,1996,Yasmine,39,FL,630,0.025
F,1996,Yolanda,27,FL,856,0.017
F,1996,Yasmin,21,FL,1004,0.013
F,1996,Yasmeen,19,FL,1070,0.012
F,1996,Yessenia,13,FL,1372,0.008
F,1996,Yvonne,11,FL,1562,0.007
F,1996,Yvette,10,FL,1680,0.006
F,1996,Yamilex,8,FL,1939,0.005
F,1996,Yazmin,8,FL,1939,0.005
F,1996,Yessica,8,FL,1939,0.005
F,1996,Yadira,6,FL,2337,0.004
F,1996,Yanelis,6,FL,2337,0.004
F,1996,Yaritza,6,FL,2337,0.004
F,1996,Yamilet,5,FL,2641,0.003
F,1996,Yanira,5,FL,2641,0.003
F,1996,Yanitza,5,FL,2641,0.003
F,1996,Yesica,5,FL,2641,0.003
F,1996,Yuri,5,FL,2641,0.003
F,1997,Yesenia,52,FL,533,0.033
F,1997,Yasmin,40,FL,649,0.025
F,1997,Yulissa,36,FL,699,0.023
F,1997,Yasmine,33,FL,758,0.021
F,1997,Yasmeen,18,FL,1141,0.011
F,1997,Yadira,17,FL,1184,0.011
F,1997,Yessenia,17,FL,1184,0.011
F,1997,Yolanda,17,FL,1184,0.011
F,1997,Yvette,15,FL,1276,0.009
F,1997,Yazmin,12,FL,1500,0.008
F,1997,Yulisa,12,FL,1500,0.008
F,1997,Yahaira,11,FL,1586,0.007
F,1997,Yanelis,10,FL,1693,0.006
F,1997,Yaritza,10,FL,1693,0.006
F,1997,Yvonne,9,FL,1835,0.006
F,1997,Yakira,7,FL,2159,0.004
F,1997,Yanira,7,FL,2159,0.004
F,1997,Yessica,6,FL,2370,0.004
F,1997,Yajaira,5,FL,2663,0.003
F,1997,Yara,5,FL,2663,0.003
F,1997,Yenifer,5,FL,2663,0.003
F,1997,Yennifer,5,FL,2663,0.003
F,1998,Yesenia,47,FL,580,0.029
F,1998,Yasmin,45,FL,597,0.028
F,1998,Yasmine,39,FL,679,0.024
F,1998,Yasmeen,24,FL,949,0.015
F,1998,Yolanda,21,FL,1047,0.013
F,1998,Yessenia,16,FL,1273,0.01
F,1998,Yvette,12,FL,1551,0.007
F,1998,Yvonne,12,FL,1551,0.007
F,1998,Yadira,11,FL,1648,0.007
F,1998,Yaritza,11,FL,1648,0.007
F,1998,Yazmin,10,FL,1759,0.006
F,1998,Yajaira,8,FL,2009,0.005
F,1998,Yazmine,8,FL,2009,0.005
F,1998,Yulisa,8,FL,2009,0.005
F,1998,Yulissa,8,FL,2009,0.005
F,1998,Yael,7,FL,2200,0.004
F,1998,Yailin,7,FL,2200,0.004
F,1998,Yailyn,7,FL,2200,0.004
F,1998,Yessica,7,FL,2200,0.004
F,1998,Yanelis,6,FL,2425,0.004
F,1998,Yanet,6,FL,2425,0.004
F,1998,Yaileen,5,FL,2745,0.003
F,1998,Yamileth,5,FL,2745,0.003
F,1998,Yara,5,FL,2745,0.003
F,1998,Yesica,5,FL,2745,0.003
F,1998,Yuri,5,FL,2745,0.003
F,1999,Yesenia,60,FL,487,0.037
F,1999,Yasmine,53,FL,550,0.033
F,1999,Yasmin,40,FL,655,0.025
F,1999,Yolanda,15,FL,1334,0.009
F,1999,Yazmin,13,FL,1497,0.008
F,1999,Yasmeen,11,FL,1692,0.007
F,1999,Yessenia,11,FL,1692,0.007
F,1999,Yazmine,10,FL,1788,0.006
F,1999,Yvonne,10,FL,1788,0.006
F,1999,Yaritza,9,FL,1926,0.006
F,1999,Yessica,9,FL,1926,0.006
F,1999,Yvette,8,FL,2093,0.005
F,1999,Yadira,7,FL,2298,0.004
F,1999,Yailin,7,FL,2298,0.004
F,1999,Yanelis,7,FL,2298,0.004
F,1999,Yasmina,7,FL,2298,0.004
F,1999,Yesica,7,FL,2298,0.004
F,1999,Yulisa,7,FL,2298,0.004
F,1999,Yulissa,7,FL,2298,0.004
F,1999,Yamilex,6,FL,2533,0.004
F,1999,Yarelis,6,FL,2533,0.004
F,1999,Ysabella,6,FL,2533,0.004
F,1999,Yahaira,5,FL,2844,0.003
F,1999,Yamilet,5,FL,2844,0.003
F,1999,Yaquelin,5,FL,2844,0.003
F,1999,Yelitza,5,FL,2844,0.003
F,2000,Yesenia,71,FL,447,0.043
F,2000,Yasmin,46,FL,633,0.028
F,2000,Yasmine,45,FL,642,0.027
F,2000,Yolanda,23,FL,1053,0.014
F,2000,Yessenia,19,FL,1193,0.011
F,2000,Yazmin,16,FL,1333,0.01
F,2000,Yamilet,15,FL,1385,0.009
F,2000,Yadira,13,FL,1535,0.008
F,2000,Yaritza,11,FL,1733,0.007
F,2000,Yasmeen,11,FL,1733,0.007
F,2000,Yesica,9,FL,1990,0.005
F,2000,Yvette,9,FL,1990,0.005
F,2000,Yael,8,FL,2157,0.005
F,2000,Yamile,8,FL,2157,0.005
F,2000,Yamileth,8,FL,2157,0.005
F,2000,Yanely,8,FL,2157,0.005
F,2000,Yulisa,8,FL,2157,0.005
F,2000,Yulissa,8,FL,2157,0.005
F,2000,Yaileen,7,FL,2361,0.004
F,2000,Yanet,7,FL,2361,0.004
F,2000,Yoselin,7,FL,2361,0.004
F,2000,Yaneli,6,FL,2628,0.004
F,2000,Yara,6,FL,2628,0.004
F,2000,Yareli,6,FL,2628,0.004
F,2000,Yazmine,6,FL,2628,0.004
F,2000,Yessica,6,FL,2628,0.004
F,2000,Yvonne,6,FL,2628,0.004
F,2000,Yenifer,5,FL,2963,0.003
F,2000,Yisel,5,FL,2963,0.003
F,2001,Yasmine,50,FL,582,0.03
F,2001,Yesenia,46,FL,625,0.028
F,2001,Yasmin,43,FL,664,0.026
F,2001,Yuliana,17,FL,1318,0.01
F,2001,Yolanda,16,FL,1379,0.01
F,2001,Yvette,16,FL,1379,0.01
F,2001,Yamilet,14,FL,1531,0.008
F,2001,Yadira,13,FL,1616,0.008
F,2001,Yaire,12,FL,1697,0.007
F,2001,Yasmeen,12,FL,1697,0.007
F,2001,Yessica,12,FL,1697,0.007
F,2001,Yaritza,11,FL,1788,0.007
F,2001,Yazmin,10,FL,1898,0.006
F,2001,Yessenia,10,FL,1898,0.006
F,2001,Yazmine,9,FL,2029,0.005
F,2001,Yael,8,FL,2203,0.005
F,2001,Yanelis,8,FL,2203,0.005
F,2001,Yulianna,7,FL,2421,0.004
F,2001,Yvonne,7,FL,2421,0.004
F,2001,Yesica,6,FL,2680,0.004
F,2001,Yoana,6,FL,2680,0.004
F,2001,Yoselin,6,FL,2680,0.004
F,2001,Yamile,5,FL,3040,0.003
F,2001,Yanet,5,FL,3040,0.003
F,2001,Yareli,5,FL,3040,0.003
F,2001,Yulisa,5,FL,3040,0.003
F,2002,Yesenia,63,FL,501,0.038
F,2002,Yasmin,61,FL,514,0.037
F,2002,Yasmine,41,FL,688,0.025
F,2002,Yadira,19,FL,1219,0.011
F,2002,Yazmin,13,FL,1599,0.008
F,2002,Yessenia,13,FL,1599,0.008
F,2002,Yolanda,13,FL,1599,0.008
F,2002,Yuliana,13,FL,1599,0.008
F,2002,Yvonne,11,FL,1793,0.007
F,2002,Yasmeen,9,FL,2057,0.005
F,2002,Yazmine,9,FL,2057,0.005
F,2002,Yamilet,8,FL,2222,0.005
F,2002,Yanet,8,FL,2222,0.005
F,2002,Yaquelin,8,FL,2222,0.005
F,2002,Yoselin,8,FL,2222,0.005
F,2002,Yaire,7,FL,2417,0.004
F,2002,Yakira,7,FL,2417,0.004
F,2002,Yaritza,7,FL,2417,0.004
F,2002,Yulianna,7,FL,2417,0.004
F,2002,Yulissa,7,FL,2417,0.004
F,2002,Yvette,7,FL,2417,0.004
F,2002,Yailin,6,FL,2688,0.004
F,2002,Yajaira,6,FL,2688,0.004
F,2002,Yaneli,6,FL,2688,0.004
F,2002,Yareli,6,FL,2688,0.004
F,2002,Ysabella,6,FL,2688,0.004
F,2002,Yulisa,6,FL,2688,0.004
F,2002,Yuri,6,FL,2688,0.004
F,2002,Yahaira,5,FL,3051,0.003
F,2002,Yeni,5,FL,3051,0.003
F,2002,Yesica,5,FL,3051,0.003
F,2002,Ysabel,5,FL,3051,0.003
F,2003,Yasmin,55,FL,575,0.032
F,2003,Yesenia,55,FL,575,0.032
F,2003,Yasmine,47,FL,661,0.027
F,2003,Yazmin,28,FL,969,0.016
F,2003,Yolanda,23,FL,1118,0.013
F,2003,Yadira,15,FL,1512,0.009
F,2003,Yuliana,14,FL,1588,0.008
F,2003,Yahaira,11,FL,1859,0.006
F,2003,Yoselin,11,FL,1859,0.006
F,2003,Yareli,10,FL,1988,0.006
F,2003,Yazmine,10,FL,1988,0.006
F,2003,Yvette,10,FL,1988,0.006
F,2003,Yvonne,10,FL,1988,0.006
F,2003,Yaritza,9,FL,2137,0.005
F,2003,Yasmeen,9,FL,2137,0.005
F,2003,Yessenia,9,FL,2137,0.005
F,2003,Yajaira,8,FL,2337,0.005
F,2003,Yanira,8,FL,2337,0.005
F,2003,Yesica,8,FL,2337,0.005
F,2003,Ysabella,8,FL,2337,0.005
F,2003,Yanelis,7,FL,2561,0.004
F,2003,Yessica,7,FL,2561,0.004
F,2003,Yoana,7,FL,2561,0.004
F,2003,Yamila,6,FL,2831,0.003
F,2003,Yamile,6,FL,2831,0.003
F,2003,Yamilet,6,FL,2831,0.003
F,2003,Yaneli,6,FL,2831,0.003
F,2003,Yulisa,6,FL,2831,0.003
F,2003,Yael,5,FL,3220,0.003
F,2003,Yanet,5,FL,3220,0.003
F,2003,Yaquelin,5,FL,3220,0.003
F,2003,Yuri,5,FL,3220,0.003
F,2004,Yasmin,63,FL,531,0.035
F,2004,Yesenia,50,FL,638,0.028
F,2004,Yasmine,46,FL,674,0.026
F,2004,Yazmin,28,FL,989,0.016
F,2004,Yadira,22,FL,1197,0.012
F,2004,Yuliana,19,FL,1317,0.011
F,2004,Yaritza,18,FL,1371,0.01
F,2004,Yessenia,14,FL,1612,0.008
F,2004,Yolanda,14,FL,1612,0.008
F,2004,Yvette,13,FL,1704,0.007
F,2004,Yahaira,12,FL,1818,0.007
F,2004,Yulisa,12,FL,1818,0.007
F,2004,Yarelis,11,FL,1927,0.006
F,2004,Yamilet,10,FL,2043,0.006
F,2004,Yaneli,10,FL,2043,0.006
F,2004,Yanira,10,FL,2043,0.006
F,2004,Yasmeen,10,FL,2043,0.006
F,2004,Yajaira,9,FL,2197,0.005
F,2004,Yareli,9,FL,2197,0.005
F,2004,Ysabella,9,FL,2197,0.005
F,2004,Yazmine,8,FL,2389,0.005
F,2004,Yanelis,7,FL,2634,0.004
F,2004,Yanely,7,FL,2634,0.004
F,2004,Yaquelin,7,FL,2634,0.004
F,2004,Yara,7,FL,2634,0.004
F,2004,Yessica,7,FL,2634,0.004
F,2004,Yoselin,7,FL,2634,0.004
F,2004,Yulissa,7,FL,2634,0.004
F,2004,Yvonne,7,FL,2634,0.004
F,2004,Yadhira,6,FL,2929,0.003
F,2004,Yael,6,FL,2929,0.003
F,2004,Yailin,6,FL,2929,0.003
F,2004,Yarely,6,FL,2929,0.003
F,2004,Yoselyn,6,FL,2929,0.003
F,2004,Yalissa,5,FL,3331,0.003
F,2004,Yanelli,5,FL,3331,0.003
F,2004,Yanet,5,FL,3331,0.003
F,2004,Yanitza,5,FL,3331,0.003
F,2004,Yoana,5,FL,3331,0.003
F,2005,Yasmin,78,FL,452,0.042
F,2005,Yesenia,55,FL,606,0.03
F,2005,Yasmine,41,FL,762,0.022
F,2005,Yadira,28,FL,1045,0.015
F,2005,Yazmin,26,FL,1101,0.014
F,2005,Yamilet,15,FL,1601,0.008
F,2005,Yolanda,15,FL,1601,0.008
F,2005,Yuliana,15,FL,1601,0.008
F,2005,Yaritza,14,FL,1687,0.008
F,2005,Yoselin,14,FL,1687,0.008
F,2005,Yaneli,13,FL,1772,0.007
F,2005,Yasmeen,12,FL,1893,0.006
F,2005,Yessenia,12,FL,1893,0.006
F,2005,Yuridia,12,FL,1893,0.006
F,2005,Yulissa,11,FL,2029,0.006
F,2005,Yarelis,10,FL,2174,0.005
F,2005,Yazmine,10,FL,2174,0.005
F,2005,Yvette,10,FL,2174,0.005
F,2005,Yessica,9,FL,2339,0.005
F,2005,Yamile,8,FL,2532,0.004
F,2005,Yanelis,8,FL,2532,0.004
F,2005,Yareli,8,FL,2532,0.004
F,2005,Yvonne,8,FL,2532,0.004
F,2005,Yadhira,7,FL,2761,0.004
F,2005,Yana,7,FL,2761,0.004
F,2005,Yoselyn,7,FL,2761,0.004
F,2005,Yahaira,6,FL,3073,0.003
F,2005,Yajaira,6,FL,3073,0.003
F,2005,Yanira,6,FL,3073,0.003
F,2005,Yaquelin,6,FL,3073,0.003
F,2005,Yara,6,FL,3073,0.003
F,2005,Yovana,6,FL,3073,0.003
F,2005,Yael,5,FL,3499,0.003
F,2005,Yamileth,5,FL,3499,0.003
F,2005,Yoana,5,FL,3499,0.003
F,2005,Yocelyn,5,FL,3499,0.003
F,2005,Yuri,5,FL,3499,0.003
F,2006,Yasmin,70,FL,504,0.036
F,2006,Yesenia,47,FL,705,0.024
F,2006,Yazmin,41,FL,793,0.021
F,2006,Yasmine,34,FL,927,0.018
F,2006,Yadira,29,FL,1064,0.015
F,2006,Yoselin,28,FL,1089,0.015
F,2006,Yaritza,26,FL,1161,0.014
F,2006,Yareli,22,FL,1302,0.011
F,2006,Yessenia,15,FL,1689,0.008
F,2006,Yadhira,14,FL,1780,0.007
F,2006,Yahaira,14,FL,1780,0.007
F,2006,Yamilet,14,FL,1780,0.007
F,2006,Yolanda,14,FL,1780,0.007
F,2006,Yuridia,14,FL,1780,0.007
F,2006,Yaneli,12,FL,1992,0.006
F,2006,Yessica,11,FL,2122,0.006
F,2006,Yazmine,10,FL,2274,0.005
F,2006,Yuliana,9,FL,2448,0.005
F,2006,Yvette,9,FL,2448,0.005
F,2006,Yajaira,8,FL,2639,0.004
F,2006,Yakira,8,FL,2639,0.004
F,2006,Yaquelin,8,FL,2639,0.004
F,2006,Yulianna,8,FL,2639,0.004
F,2006,Yulisa,8,FL,2639,0.004
F,2006,Yamileth,7,FL,2924,0.004
F,2006,Yanely,7,FL,2924,0.004
F,2006,Yara,7,FL,2924,0.004
F,2006,Yarelis,7,FL,2924,0.004
F,2006,Yesica,7,FL,2924,0.004
F,2006,Ysabella,7,FL,2924,0.004
F,2006,Yael,6,FL,3231,0.003
F,2006,Yasmeen,6,FL,3231,0.003
F,2006,Yenifer,6,FL,3231,0.003
F,2006,Yoselyn,6,FL,3231,0.003
F,2006,Yalitza,5,FL,3639,0.003
F,2006,Yamilex,5,FL,3639,0.003
F,2006,Yanet,5,FL,3639,0.003
F,2006,Yareliz,5,FL,3639,0.003
F,2006,Yeimi,5,FL,3639,0.003
F,2006,Yelena,5,FL,3639,0.003
F,2006,Yesli,5,FL,3639,0.003
F,2006,Yoana,5,FL,3639,0.003
F,2006,Yocelin,5,FL,3639,0.003
F,2006,Yohana,5,FL,3639,0.003
F,2006,Ysabel,5,FL,3639,0.003
F,2006,Yulissa,5,FL,3639,0.003
F,2006,Yvonne,5,FL,3639,0.003
F,2007,Yasmin,66,FL,539,0.034
F,2007,Yazmin,50,FL,682,0.026
F,2007,Yesenia,42,FL,789,0.022
F,2007,Yasmine,37,FL,878,0.019
F,2007,Yoselin,36,FL,899,0.019
F,2007,Yamilet,22,FL,1305,0.011
F,2007,Yara,20,FL,1406,0.01
F,2007,Yahaira,19,FL,1459,0.01
F,2007,Yadira,17,FL,1592,0.009
F,2007,Yareli,17,FL,1592,0.009
F,2007,Yolanda,17,FL,1592,0.009
F,2007,Yaneli,15,FL,1739,0.008
F,2007,Ysabella,15,FL,1739,0.008
F,2007,Yuliana,15,FL,1739,0.008
F,2007,Yessenia,14,FL,1824,0.007
F,2007,Yuridia,13,FL,1931,0.007
F,2007,Yaritza,12,FL,2060,0.006
F,2007,Yasmeen,12,FL,2060,0.006
F,2007,Yadhira,11,FL,2177,0.006
F,2007,Yanelis,10,FL,2322,0.005
F,2007,Yocelyn,10,FL,2322,0.005
F,2007,Yael,9,FL,2508,0.005
F,2007,Yamileth,9,FL,2508,0.005
F,2007,Yazmine,8,FL,2720,0.004
F,2007,Yoselyn,8,FL,2720,0.004
F,2007,Yvette,8,FL,2720,0.004
F,2007,Yulisa,7,FL,2982,0.004
F,2007,Yanely,6,FL,3329,0.003
F,2007,Yanet,6,FL,3329,0.003
F,2007,Yanira,6,FL,3329,0.003
F,2007,Yaquelin,6,FL,3329,0.003
F,2007,Yelena,6,FL,3329,0.003
F,2007,Yennifer,6,FL,3329,0.003
F,2007,Yoana,6,FL,3329,0.003
F,2007,Yocelin,6,FL,3329,0.003
F,2007,Yulissa,6,FL,3329,0.003
F,2007,Yvonne,6,FL,3329,0.003
F,2007,Yanessa,5,FL,3730,0.003
F,2007,Yaretzi,5,FL,3730,0.003
F,2007,Yessica,5,FL,3730,0.003
F,2007,Yulianna,5,FL,3730,0.003
F,2007,Yuri,5,FL,3730,0.003
F,2008,Yasmin,65,FL,525,0.035
F,2008,Yesenia,33,FL,956,0.018
F,2008,Yazmin,32,FL,983,0.017
F,2008,Yaritza,27,FL,1136,0.014
F,2008,Yoselin,25,FL,1213,0.013
F,2008,Yasmine,20,FL,1422,0.011
F,2008,Yuridia,19,FL,1482,0.01
F,2008,Yareli,18,FL,1538,0.01
F,2008,Yuliana,16,FL,1679,0.009
F,2008,Yamilet,14,FL,1842,0.008
F,2008,Yamileth,14,FL,1842,0.008
F,2008,Yaneli,14,FL,1842,0.008
F,2008,Yolanda,13,FL,1931,0.007
F,2008,Ysabella,12,FL,2039,0.006
F,2008,Yuri,12,FL,2039,0.006
F,2008,Yadira,11,FL,2181,0.006
F,2008,Yahaira,11,FL,2181,0.006
F,2008,Yanelis,11,FL,2181,0.006
F,2008,Yara,10,FL,2321,0.005
F,2008,Yarely,10,FL,2321,0.005
F,2008,Yazmine,10,FL,2321,0.005
F,2008,Yoselyn,10,FL,2321,0.005
F,2008,Yajaira,8,FL,2717,0.004
F,2008,Yalitza,8,FL,2717,0.004
F,2008,Yaretzi,8,FL,2717,0.004
F,2008,Yulisa,8,FL,2717,0.004
F,2008,Yaneliz,7,FL,2959,0.004
F,2008,Yessica,7,FL,2959,0.004
F,2008,Yvette,7,FL,2959,0.004
F,2008,Yael,6,FL,3258,0.003
F,2008,Yanet,6,FL,3258,0.003
F,2008,Yarelis,6,FL,3258,0.003
F,2008,Yasmeen,6,FL,3258,0.003
F,2008,Yocelin,6,FL,3258,0.003
F,2008,Yvonne,6,FL,3258,0.003
F,2008,Yailyn,5,FL,3649,0.003
F,2008,Yanira,5,FL,3649,0.003
F,2008,Yazlyn,5,FL,3649,0.003
F,2008,Yelenis,5,FL,3649,0.003
F,2008,Yessenia,5,FL,3649,0.003
F,2008,Yulissa,5,FL,3649,0.003
F,2009,Yasmin,39,FL,801,0.022
F,2009,Yesenia,30,FL,1014,0.017
F,2009,Yazmin,26,FL,1145,0.015
F,2009,Yaritza,24,FL,1218,0.014
F,2009,Yasmine,21,FL,1333,0.012
F,2009,Yadira,19,FL,1436,0.011
F,2009,Yamilet,19,FL,1436,0.011
F,2009,Yoselin,18,FL,1494,0.01
F,2009,Yareli,17,FL,1569,0.01
F,2009,Yara,16,FL,1638,0.009
F,2009,Yuliana,16,FL,1638,0.009
F,2009,Yazmine,13,FL,1911,0.007
F,2009,Yael,12,FL,2025,0.007
F,2009,Yessenia,12,FL,2025,0.007
F,2009,Yanelis,11,FL,2130,0.006
F,2009,Yolanda,11,FL,2130,0.006
F,2009,Yaretzi,9,FL,2449,0.005
F,2009,Yvette,9,FL,2449,0.005
F,2009,Yaneli,8,FL,2644,0.005
F,2009,Ysabella,8,FL,2644,0.005
F,2009,Yulissa,8,FL,2644,0.005
F,2009,Yvonne,8,FL,2644,0.005
F,2009,Yamileth,7,FL,2905,0.004
F,2009,Yanely,7,FL,2905,0.004
F,2009,Yarelis,7,FL,2905,0.004
F,2009,Yohana,7,FL,2905,0.004
F,2009,Yuri,7,FL,2905,0.004
F,2009,Yanira,6,FL,3229,0.003
F,2009,Yarel,6,FL,3229,0.003
F,2009,Yelena,6,FL,3229,0.003
F,2009,Yessica,6,FL,3229,0.003
F,2009,Yuridia,6,FL,3229,0.003
F,2009,Yaneliz,5,FL,3652,0.003
F,2009,Yocelin,5,FL,3652,0.003
F,2009,Yoselyn,5,FL,3652,0.003
F,2010,Yasmin,28,FL,1031,0.016
F,2010,Yoselin,22,FL,1244,0.013
F,2010,Yesenia,21,FL,1297,0.012
F,2010,Yaritza,19,FL,1404,0.011
F,2010,Yazmin,19,FL,1404,0.011
F,2010,Yareli,18,FL,1474,0.01
F,2010,Yaretzi,17,FL,1553,0.01
F,2010,Yadira,14,FL,1778,0.008
F,2010,Yulissa,14,FL,1778,0.008
F,2010,Ysabella,13,FL,1880,0.008
F,2010,Yamilet,12,FL,2007,0.007
F,2010,Yessenia,12,FL,2007,0.007
F,2010,Yara,11,FL,2125,0.006
F,2010,Yasmine,11,FL,2125,0.006
F,2010,Yanelis,10,FL,2275,0.006
F,2010,Yarelis,9,FL,2450,0.005
F,2010,Yuliana,9,FL,2450,0.005
F,2010,Yaneli,8,FL,2660,0.005
F,2010,Yvonne,8,FL,2660,0.005
F,2010,Yael,7,FL,2898,0.004
F,2010,Yajaira,7,FL,2898,0.004
F,2010,Yasmeen,7,FL,2898,0.004
F,2010,Yolanda,7,FL,2898,0.004
F,2010,Yuridia,7,FL,2898,0.004
F,2010,Yazmine,6,FL,3178,0.003
F,2010,Yulisa,6,FL,3178,0.003
F,2010,Yamileth,5,FL,3592,0.003
F,2010,Yariah,5,FL,3592,0.003
F,2010,Yenifer,5,FL,3592,0.003
F,2010,Yessica,5,FL,3592,0.003
F,2010,Yulianna,5,FL,3592,0.003
F,2010,Yvette,5,FL,3592,0.003
F,2010,Yzabella,5,FL,3592,0.003
F,2011,Yaretzi,22,FL,1258,0.013
F,2011,Yasmine,18,FL,1480,0.01
F,2011,Yoselin,18,FL,1480,0.01
F,2011,Yamilet,15,FL,1679,0.009
F,2011,Yara,15,FL,1679,0.009
F,2011,Yasmin,15,FL,1679,0.009
F,2011,Yareli,13,FL,1837,0.008
F,2011,Yaritza,13,FL,1837,0.008
F,2011,Yazmin,13,FL,1837,0.008
F,2011,Yesenia,13,FL,1837,0.008
F,2011,Yadira,10,FL,2256,0.006
F,2011,Yarelis,9,FL,2411,0.005
F,2011,Yamileth,8,FL,2610,0.005
F,2011,Yanelis,8,FL,2610,0.005
F,2011,Ysabella,8,FL,2610,0.005
F,2011,Yuliana,8,FL,2610,0.005
F,2011,Yael,7,FL,2846,0.004
F,2011,Yaneli,7,FL,2846,0.004
F,2011,Yasmeen,7,FL,2846,0.004
F,2011,Yoselyn,7,FL,2846,0.004
F,2011,Yana,5,FL,3598,0.003
F,2011,Yenifer,5,FL,3598,0.003
F,2011,Yohanna,5,FL,3598,0.003
F,2011,Yolanda,5,FL,3598,0.003
F,2011,Yulianna,5,FL,3598,0.003
F,2011,Yuridia,5,FL,3598,0.003
F,2012,Yaretzi,31,FL,958,0.018
F,2012,Yesenia,24,FL,1192,0.014
F,2012,Yasmin,22,FL,1268,0.013
F,2012,Yareli,21,FL,1315,0.012
F,2012,Yaritza,20,FL,1362,0.012
F,2012,Yoselin,17,FL,1532,0.01
F,2012,Yolanda,14,FL,1770,0.008
F,2012,Yasmine,12,FL,1970,0.007
F,2012,Yazmin,12,FL,1970,0.007
F,2012,Yamileth,11,FL,2091,0.006
F,2012,Yaneli,11,FL,2091,0.006
F,2012,Yamilet,10,FL,2230,0.006
F,2012,Yara,10,FL,2230,0.006
F,2012,Yuliana,9,FL,2383,0.005
F,2012,Yarely,8,FL,2578,0.005
F,2012,Yadira,7,FL,2833,0.004
F,2012,Yael,7,FL,2833,0.004
F,2012,Yana,6,FL,3137,0.003
F,2012,Yanely,6,FL,3137,0.003
F,2012,Yanira,6,FL,3137,0.003
F,2012,Yarelis,6,FL,3137,0.003
F,2012,Yasmeen,6,FL,3137,0.003
F,2012,Yasmina,6,FL,3137,0.003
F,2012,Yulisa,6,FL,3137,0.003
F,2012,Yulissa,6,FL,3137,0.003
F,2012,Yuri,6,FL,3137,0.003
F,2012,Yanna,5,FL,3572,0.003
F,2012,Ysabella,5,FL,3572,0.003
F,2012,Yuridia,5,FL,3572,0.003
F,2013,Yasmin,27,FL,1110,0.015
F,2013,Yaretzi,22,FL,1284,0.013
F,2013,Yesenia,17,FL,1550,0.01
F,2013,Yareli,15,FL,1694,0.009
F,2013,Yaritza,13,FL,1874,0.007
F,2013,Yara,12,FL,1986,0.007
F,2013,Yazmin,12,FL,1986,0.007
F,2013,Yoselin,12,FL,1986,0.007
F,2013,Yuliana,12,FL,1986,0.007
F,2013,Yamileth,11,FL,2112,0.006
F,2013,Yamilet,10,FL,2244,0.006
F,2013,Yaretzy,10,FL,2244,0.006
F,2013,Yael,9,FL,2384,0.005
F,2013,Yaneli,9,FL,2384,0.005
F,2013,Yasmine,9,FL,2384,0.005
F,2013,Yahaira,7,FL,2837,0.004
F,2013,Yamile,6,FL,3159,0.003
F,2013,Yasmeen,6,FL,3159,0.003
F,2013,Ysabella,6,FL,3159,0.003
F,2013,Yadira,5,FL,3607,0.003
F,2013,Yamilette,5,FL,3607,0.003
F,2013,Yanelly,5,FL,3607,0.003
F,2013,Yarely,5,FL,3607,0.003
F,2013,Yasmina,5,FL,3607,0.003
F,2013,Yazmine,5,FL,3607,0.003
F,2014,Yaretzi,20,FL,1438,0.011
F,2014,Yasmine,18,FL,1535,0.01
F,2014,Yazmin,17,FL,1598,0.009
F,2014,Yamileth,14,FL,1830,0.008
F,2014,Yasmin,14,FL,1830,0.008
F,2014,Yareli,12,FL,2026,0.007
F,2014,Yasmeen,11,FL,2147,0.006
F,2014,Yana,10,FL,2300,0.006
F,2014,Yaneliz,10,FL,2300,0.006
F,2014,Yesenia,10,FL,2300,0.006
F,2014,Yolanda,10,FL,2300,0.006
F,2014,Yoselin,10,FL,2300,0.006
F,2014,Yanelis,9,FL,2466,0.005
F,2014,Yaritza,9,FL,2466,0.005
F,2014,Ysabella,9,FL,2466,0.005
F,2014,Yaneli,8,FL,2650,0.004
F,2014,Yuliana,8,FL,2650,0.004
F,2014,Yessenia,7,FL,2904,0.004
F,2014,Yvette,7,FL,2904,0.004
F,2014,Yamilet,6,FL,3228,0.003
F,2014,Yanely,6,FL,3228,0.003
F,2014,Yarelis,6,FL,3228,0.003
F,2014,Yasmina,6,FL,3228,0.003
F,2014,Yael,5,FL,3646,0.003
F,2014,Yanessa,5,FL,3646,0.003
F,2014,Yara,5,FL,3646,0.003
F,2014,Yaretzy,5,FL,3646,0.003
F,2014,Yazmine,5,FL,3646,0.003
F,2014,Yelena,5,FL,3646,0.003
F,2014,Yulisa,5,FL,3646,0.003
F,2014,Yulissa,5,FL,3646,0.003
F,2014,Yuna,5,FL,3646,0.003
F,2014,Yuri,5,FL,3646,0.003
F,2014,Yvonne,5,FL,3646,0.003
F,2015,Yasmin,25,FL,1233,0.014
F,2015,Yaretzi,24,FL,1266,0.013
F,2015,Yara,16,FL,1705,0.009
F,2015,Yamileth,13,FL,1961,0.007
F,2015,Yael,12,FL,2089,0.007
F,2015,Yareli,12,FL,2089,0.007
F,2015,Yasmine,12,FL,2089,0.007
F,2015,Yaiza,9,FL,2535,0.005
F,2015,Yoselin,9,FL,2535,0.005
F,2015,Yaneli,8,FL,2741,0.004
F,2015,Yaritza,8,FL,2741,0.004
F,2015,Yesenia,8,FL,2741,0.004
F,2015,Yarely,7,FL,3015,0.004
F,2015,Yazmin,7,FL,3015,0.004
F,2015,Yvette,7,FL,3015,0.004
F,2015,Yahaira,6,FL,3361,0.003
F,2015,Yanely,6,FL,3361,0.003
F,2015,Ysabella,6,FL,3361,0.003
F,2015,Yuliana,6,FL,3361,0.003
F,2015,Yamilet,5,FL,3756,0.003
F,2015,Yaneliz,5,FL,3756,0.003
F,2015,Yarielis,5,FL,3756,0.003
F,2015,Yarielys,5,FL,3756,0.003
F,2015,Yelena,5,FL,3756,0.003
F,2015,Yessenia,5,FL,3756,0.003
F,2015,Yulissa,5,FL,3756,0.003
F,2016,Yasmin,19,FL,1530,0.01
F,2016,Yazmin,15,FL,1786,0.008
F,2016,Yoselin,15,FL,1786,0.008
F,2016,Yaretzi,14,FL,1873,0.008
F,2016,Yesenia,14,FL,1873,0.008
F,2016,Yareli,12,FL,2079,0.007
F,2016,Yuliana,12,FL,2079,0.007
F,2016,Yamilet,9,FL,2494,0.005
F,2016,Yamileth,9,FL,2494,0.005
F,2016,Yara,9,FL,2494,0.005
F,2016,Yaritza,9,FL,2494,0.005
F,2016,Yael,8,FL,2731,0.004
F,2016,Yasmeen,8,FL,2731,0.004
F,2016,Yasmine,8,FL,2731,0.004
F,2016,Ysabella,8,FL,2731,0.004
F,2016,Yadira,7,FL,2977,0.004
F,2016,Yaneli,7,FL,2977,0.004
F,2016,Yanelis,6,FL,3296,0.003
F,2016,Yurani,6,FL,3296,0.003
F,2016,Yvonne,6,FL,3296,0.003
F,2016,Yajaira,5,FL,3754,0.003
F,2016,Yana,5,FL,3754,0.003
F,2016,Yaretzy,5,FL,3754,0.003
F,2016,Yasmina,5,FL,3754,0.003
F,2016,Yazmine,5,FL,3754,0.003
F,2016,Yeimy,5,FL,3754,0.003
F,2016,Yolanda,5,FL,3754,0.003
F,2017,Yaretzi,21,FL,1387,0.012
F,2017,Yasmin,18,FL,1561,0.01
F,2017,Yasmine,17,FL,1632,0.009
F,2017,Yara,15,FL,1783,0.008
F,2017,Yareli,13,FL,1969,0.007
F,2017,Yael,12,FL,2094,0.007
F,2017,Yesenia,10,FL,2357,0.005
F,2017,Yamila,8,FL,2727,0.004
F,2017,Yamileth,8,FL,2727,0.004
F,2017,Yaretzy,8,FL,2727,0.004
F,2017,Yolanda,8,FL,2727,0.004
F,2017,Yaritza,7,FL,3000,0.004
F,2017,Yvonne,7,FL,3000,0.004
F,2017,Yalani,6,FL,3319,0.003
F,2017,Yanely,6,FL,3319,0.003
F,2017,Yarely,6,FL,3319,0.003
F,2017,Yatziri,6,FL,3319,0.003
F,2017,Yazmin,6,FL,3319,0.003
F,2017,Yoselin,6,FL,3319,0.003
F,2017,Ysabella,6,FL,3319,0.003
F,2017,Yvette,6,FL,3319,0.003
F,2017,Yadira,5,FL,3778,0.003
F,2017,Yahaira,5,FL,3778,0.003
F,2017,Yajaira,5,FL,3778,0.003
F,2017,Yana,5,FL,3778,0.003
F,2017,Yanelis,5,FL,3778,0.003
F,2017,Yazmine,5,FL,3778,0.003
F,2017,Yehudis,5,FL,3778,0.003
F,2017,Yohana,5,FL,3778,0.003
F,2017,Yuliana,5,FL,3778,0.003
F,2018,Yara,23,FL,1316,0.013
F,2018,Yaretzi,21,FL,1417,0.012
F,2018,Yareli,18,FL,1578,0.01
F,2018,Yasmin,16,FL,1710,0.009
F,2018,Yazmin,12,FL,2076,0.007
F,2018,Yael,11,FL,2212,0.006
F,2018,Yamileth,10,FL,2361,0.006
F,2018,Yasmine,10,FL,2361,0.006
F,2018,Yoselin,10,FL,2361,0.006
F,2018,Ysabella,10,FL,2361,0.006
F,2018,Yaritza,8,FL,2731,0.004
F,2018,Yasmeen,8,FL,2731,0.004
F,2018,Yesenia,8,FL,2731,0.004
F,2018,Yamila,6,FL,3280,0.003
F,2018,Yaneli,6,FL,3280,0.003
F,2018,Yarely,6,FL,3280,0.003
F,2018,Yvette,6,FL,3280,0.003
F,2018,Yvonne,6,FL,3280,0.003
F,2018,Yadira,5,FL,3729,0.003
F,2018,Yarishna,5,FL,3729,0.003
F,2019,Yasmin,21,FL,1431,0.012
F,2019,Yara,19,FL,1521,0.011
F,2019,Yaritza,18,FL,1579,0.01
F,2019,Yaretzi,16,FL,1728,0.009
F,2019,Yasmine,13,FL,1993,0.007
F,2019,Yamileth,12,FL,2111,0.007
F,2019,Yesenia,12,FL,2111,0.007
F,2019,Yareli,10,FL,2407,0.006
F,2019,Yuliana,10,FL,2407,0.006
F,2019,Yael,8,FL,2773,0.004
F,2019,Yaneli,8,FL,2773,0.004
F,2019,Yoselin,8,FL,2773,0.004
F,2019,Yamilet,7,FL,3053,0.004
F,2019,Yaretzy,7,FL,3053,0.004
F,2019,Yarely,6,FL,3394,0.003
F,2019,Yolanda,6,FL,3394,0.003
F,2019,Yuna,6,FL,3394,0.003
F,2019,Yvette,6,FL,3394,0.003
F,2019,Yasmeen,5,FL,3811,0.003
F,2019,Yatziri,5,FL,3811,0.003
F,2019,Yazmin,5,FL,3811,0.003
F,2019,Ysabella,5,FL,3811,0.003
F,2019,Yuri,5,FL,3811,0.003
F,2020,Yara,23,FL,1297,0.013
F,2020,Yasmin,18,FL,1557,0.011
F,2020,Yasmine,14,FL,1881,0.008
F,2020,Yael,13,FL,1994,0.008
F,2020,Yazmin,12,FL,2096,0.007
F,2020,Yaretzi,11,FL,2225,0.006
F,2020,Yaritza,9,FL,2525,0.005
F,2020,Yuliana,9,FL,2525,0.005
F,2020,Yamileth,8,FL,2696,0.005
F,2020,Yareli,8,FL,2696,0.005
F,2020,Yesenia,8,FL,2696,0.005
F,2020,Yoselin,7,FL,2950,0.004
F,2020,Yuna,7,FL,2950,0.004
F,2020,Yuri,7,FL,2950,0.004
F,2020,Yarelis,6,FL,3256,0.004
F,2020,Yasmeen,6,FL,3256,0.004
F,2020,Yamilet,5,FL,3728,0.003
F,2020,Yelena,5,FL,3728,0.003
F,2020,Yemaya,5,FL,3728,0.003
F,2020,Ysabella,5,FL,3728,0.003
F,2020,Yvette,5,FL,3728,0.003
F,2020,Yvonne,5,FL,3728,0.003
F,2021,Yara,30,FL,1102,0.017
F,2021,Yaretzi,19,FL,1553,0.011
F,2021,Yael,16,FL,1745,0.009
F,2021,Yasmin,16,FL,1745,0.009
F,2021,Yasmine,13,FL,2042,0.007
F,2021,Yamileth,9,FL,2570,0.005
F,2021,Yarely,9,FL,2570,0.005
F,2021,Yuri,9,FL,2570,0.005
F,2021,Yahaira,8,FL,2774,0.005
F,2021,Yazmin,8,FL,2774,0.005
F,2021,Yana,7,FL,3046,0.004
F,2021,Yaritza,7,FL,3046,0.004
F,2021,Yasmeen,7,FL,3046,0.004
F,2021,Yesenia,7,FL,3046,0.004
F,2021,Yareli,6,FL,3428,0.003
F,2021,Yoselin,6,FL,3428,0.003
F,2021,Yajaira,5,FL,3835,0.003
F,2021,Yaneli,5,FL,3835,0.003
F,2021,Ysabella,5,FL,3835,0.003
F,2021,Yvette,5,FL,3835,0.003
F,2022,Yara,25,FL,1300,0.014
F,2022,Yareli,23,FL,1385,0.013
F,2022,Yasmin,20,FL,1532,0.011
F,2022,Yamileth,15,FL,1902,0.008
F,2022,Yasmine,15,FL,1902,0.008
F,2022,Yuri,15,FL,1902,0.008
F,2022,Yaritza,13,FL,2112,0.007
F,2022,Yazmin,13,FL,2112,0.007
F,2022,Yael,11,FL,2357,0.006
F,2022,Yamilet,10,FL,2492,0.006
F,2022,Yaretzi,10,FL,2492,0.006
F,2022,Yelena,9,FL,2676,0.005
F,2022,Yuliana,9,FL,2676,0.005
F,2022,Yeimy,8,FL,2884,0.004
F,2022,Yailin,7,FL,3142,0.004
F,2022,Yesenia,7,FL,3142,0.004
F,2022,Yoselin,7,FL,3142,0.004
F,2022,Yanira,6,FL,3486,0.003
F,2022,Yusra,6,FL,3486,0.003
F,2022,Yaneli,5,FL,3935,0.003
F,2022,Yanelis,5,FL,3935,0.003
F,2022,Yarely,5,FL,3935,0.003
F,2022,Yasmina,5,FL,3935,0.003
F,2022,Yessenia,5,FL,3935,0.003
F,2022,Ysabella,5,FL,3935,0.003
F,2023,Yara,32,FL,1068,0.018
F,2023,Yasmin,25,FL,1284,0.014
F,2023,Yuri,13,FL,2099,0.007
F,2023,Yaritza,11,FL,2334,0.006
F,2023,Yael,10,FL,2484,0.006
F,2023,Yaneli,10,FL,2484,0.006
F,2023,Yesenia,10,FL,2484,0.006
F,2023,Yasmine,9,FL,2693,0.005
F,2023,Yoselin,9,FL,2693,0.005
F,2023,Yuna,9,FL,2693,0.005
F,2023,Yamileth,8,FL,2905,0.004
F,2023,Yaretzi,8,FL,2905,0.004
F,2023,Yari,8,FL,2905,0.004
F,2023,Yuliana,8,FL,2905,0.004
F,2023,Yalani,6,FL,3499,0.003
F,2023,Yana,6,FL,3499,0.003
F,2023,Yarelis,6,FL,3499,0.003
F,2023,Yasmina,6,FL,3499,0.003
F,2023,Yazmin,6,FL,3499,0.003
F,2023,Yolanda,6,FL,3499,0.003
F,2023,Yahritza,5,FL,3961,0.003
F,2023,Yareli,5,FL,3961,0.003
F,2023,Yarely,5,FL,3961,0.003
F,2023,Yelitza,5,FL,3961,0.003
F,2024,Yara,29,FL,1187,0.016
F,2024,Yasmin,28,FL,1218,0.015
F,2024,Yael,18,FL,1681,0.01
F,2024,Yasmine,13,FL,2095,0.007
F,2024,Yana,11,FL,2336,0.006
F,2024,Yareli,11,FL,2336,0.006
F,2024,Yashna,11,FL,2336,0.006
F,2024,Yaretzi,10,FL,2498,0.006
F,2024,Yasmina,10,FL,2498,0.006
F,2024,Yuliana,10,FL,2498,0.006
F,2024,Yvette,10,FL,2498,0.006
F,2024,Yamileth,9,FL,2674,0.005
F,2024,Yazmin,9,FL,2674,0.005
F,2024,Yasmeen,8,FL,2888,0.004
F,2024,Yuri,8,FL,2888,0.004
F,2024,Yarely,7,FL,3139,0.004
F,2024,Yemaya,7,FL,3139,0.004
F,2024,Yolanda,7,FL,3139,0.004
F,2024,Yailin,6,FL,3498,0.003
F,2024,Yarah,6,FL,3498,0.003
F,2024,Yoselin,6,FL,3498,0.003
F,2024,Yuna,6,FL,3498,0.003
F,2024,Yusra,6,FL,3498,0.003
F,2024,Yvonne,6,FL,3498,0.003
F,2024,Yalani,5,FL,3942,0.003
F,2024,Yesenia,5,FL,3942,0.003
F,2024,Yoana,5,FL,3942,0.003
F,2024,Ysabella,5,FL,3942,0.003
M,1977,Yancey,5,FL,1650,0.005
M,1982,Yves,7,FL,1525,0.006
M,1983,Yuri,7,FL,1544,0.006
M,1983,Yovany,6,FL,1710,0.005
M,1983,Yancy,5,FL,1920,0.004
M,1984,Yves,6,FL,1731,0.005
M,1984,Yvon,6,FL,1731,0.005
M,1985,Yves,7,FL,1655,0.005
M,1987,Yancy,5,FL,2166,0.003
M,1988,Yves,6,FL,2007,0.004
M,1989,Yves,5,FL,2364,0.003
M,1990,Yves,7,FL,2010,0.004
M,1990,Yoel,5,FL,2460,0.003
M,1991,Yamil,8,FL,1828,0.005
M,1991,Yves,6,FL,2204,0.004
M,1991,Yuri,5,FL,2477,0.003
M,1992,Yamil,5,FL,2496,0.003
M,1993,Yamil,5,FL,2512,0.003
M,1993,Yves,5,FL,2512,0.003
M,1994,Yusuf,6,FL,2265,0.004
M,1994,Yosef,5,FL,2550,0.003
M,1994,Yousef,5,FL,2550,0.003
M,1994,Yves,5,FL,2550,0.003
M,1995,Yamil,5,FL,2548,0.003
M,1995,Yanni,5,FL,2548,0.003
M,1996,Yosef,6,FL,2337,0.004
M,1996,Yuri,6,FL,2337,0.004
M,1996,Yves,6,FL,2337,0.004
M,1996,Yonatan,5,FL,2641,0.003
M,1997,Yasin,5,FL,2663,0.003
M,1997,Yovani,5,FL,2663,0.003
M,1998,Yanni,10,FL,1759,0.006
M,1998,Yovani,7,FL,2200,0.004
M,1998,Yamil,6,FL,2425,0.004
M,1998,Youssef,6,FL,2425,0.004
M,1999,Yovani,9,FL,1926,0.006
M,1999,Yoel,8,FL,2093,0.005
M,1999,Yousef,8,FL,2093,0.005
M,1999,Yosef,7,FL,2298,0.004
M,1999,Yonathan,6,FL,2533,0.004
M,1999,Yusef,6,FL,2533,0.004
M,1999,Yair,5,FL,2844,0.003
M,1999,Yamil,5,FL,2844,0.003
M,1999,Yehuda,5,FL,2844,0.003
M,2000,Yoel,7,FL,2361,0.004
M,2000,Yuri,6,FL,2628,0.004
M,2000,Yovani,5,FL,2963,0.003
M,2000,Yves,5,FL,2963,0.003
M,2001,Yosef,7,FL,2421,0.004
M,2001,Yousef,7,FL,2421,0.004
M,2001,Yusuf,7,FL,2421,0.004
M,2001,Yonatan,6,FL,2680,0.004
M,2001,Youssef,6,FL,2680,0.004
M,2001,Yoel,5,FL,3040,0.003
M,2002,Yosef,14,FL,1521,0.008
M,2002,Yamil,11,FL,1793,0.007
M,2002,Youssef,10,FL,1910,0.006
M,2002,Yoel,9,FL,2057,0.005
M,2002,Yahir,8,FL,2222,0.005
M,2002,Yael,7,FL,2417,0.004
M,2002,Yash,7,FL,2417,0.004
M,2002,Yariel,6,FL,2688,0.004
M,2002,Yusuf,6,FL,2688,0.004
M,2002,Yadiel,5,FL,3051,0.003
M,2003,Yahir,28,FL,969,0.016
M,2003,Yoel,12,FL,1763,0.007
M,2003,Yamil,9,FL,2137,0.005
M,2003,Yadiel,8,FL,2337,0.005
M,2003,Yair,8,FL,2337,0.005
M,2003,Yaniel,8,FL,2337,0.005
M,2003,Yan,6,FL,2831,0.003
M,2003,Yovani,6,FL,2831,0.003
M,2003,Yanni,5,FL,3220,0.003
M,2003,Yousef,5,FL,3220,0.003
M,2004,Yahir,23,FL,1152,0.013
M,2004,Yandel,19,FL,1317,0.011
M,2004,Yamil,15,FL,1530,0.008
M,2004,Yadiel,9,FL,2197,0.005
M,2004,Yovani,9,FL,2197,0.005
M,2004,Yair,8,FL,2389,0.005
M,2004,Yousef,8,FL,2389,0.005
M,2004,Youssef,8,FL,2389,0.005
M,2004,Yusuf,8,FL,2389,0.005
M,2004,Yariel,7,FL,2634,0.004
M,2004,Yash,7,FL,2634,0.004
M,2004,Yael,6,FL,2929,0.003
M,2004,Yoel,6,FL,2929,0.003
M,2004,Yunior,6,FL,2929,0.003
M,2004,Yuri,6,FL,2929,0.003
M,2004,Yonatan,5,FL,3331,0.003
M,2005,Yadiel,21,FL,1284,0.011
M,2005,Yandel,21,FL,1284,0.011
M,2005,Yahir,20,FL,1320,0.011
M,2005,Yair,12,FL,1893,0.006
M,2005,Yousef,12,FL,1893,0.006
M,2005,Yamil,10,FL,2174,0.005
M,2005,Yusuf,10,FL,2174,0.005
M,2005,Yosef,8,FL,2532,0.004
M,2005,Yeshua,7,FL,2761,0.004
M,2005,Yoel,7,FL,2761,0.004
M,2005,Youssef,7,FL,2761,0.004
M,2005,Yuniel,7,FL,2761,0.004
M,2005,Yan,6,FL,3073,0.003
M,2005,Yash,6,FL,3073,0.003
M,2005,Yoni,6,FL,3073,0.003
M,2005,Yahya,5,FL,3499,0.003
M,2005,Yanni,5,FL,3499,0.003
M,2005,Yariel,5,FL,3499,0.003
M,2005,Yasiel,5,FL,3499,0.003
M,2005,Yasir,5,FL,3499,0.003
M,2005,Yohan,5,FL,3499,0.003
M,2005,Yonatan,5,FL,3499,0.003
M,2005,Yoshua,5,FL,3499,0.003
M,2005,Yovani,5,FL,3499,0.003
M,2006,Yahir,34,FL,927,0.018
M,2006,Yandel,33,FL,947,0.017
M,2006,Yadiel,23,FL,1269,0.012
M,2006,Yariel,18,FL,1493,0.009
M,2006,Yosef,14,FL,1780,0.007
M,2006,Yair,13,FL,1875,0.007
M,2006,Yoel,13,FL,1875,0.007
M,2006,Yaniel,11,FL,2122,0.006
M,2006,Yael,10,FL,2274,0.005
M,2006,Yehuda,8,FL,2639,0.004
M,2006,Yousef,8,FL,2639,0.004
M,2006,Youssef,8,FL,2639,0.004
M,2006,Yunior,8,FL,2639,0.004
M,2006,Yamil,7,FL,2924,0.004
M,2006,Yasser,7,FL,2924,0.004
M,2006,Yordi,7,FL,2924,0.004
M,2006,Yuri,7,FL,2924,0.004
M,2006,Yusuf,7,FL,2924,0.004
M,2006,Yonatan,6,FL,3231,0.003
M,2006,Yusef,6,FL,3231,0.003
M,2006,Yeshua,5,FL,3639,0.003
M,2007,Yadiel,32,FL,984,0.017
M,2007,Yandel,26,FL,1153,0.013
M,2007,Yahir,22,FL,1305,0.011
M,2007,Yamil,20,FL,1406,0.01
M,2007,Yariel,16,FL,1669,0.008
M,2007,Yusuf,16,FL,1669,0.008
M,2007,Yadier,14,FL,1824,0.007
M,2007,Yeshua,14,FL,1824,0.007
M,2007,Yaniel,13,FL,1931,0.007
M,2007,Yosef,13,FL,1931,0.007
M,2007,Yousef,13,FL,1931,0.007
M,2007,Yair,12,FL,2060,0.006
M,2007,Yurem,12,FL,2060,0.006
M,2007,Yonathan,11,FL,2177,0.006
M,2007,Yovani,11,FL,2177,0.006
M,2007,Yael,10,FL,2322,0.005
M,2007,Yordan,7,FL,2982,0.004
M,2007,Youssef,7,FL,2982,0.004
M,2007,Yusef,7,FL,2982,0.004
M,2007,Yaseen,6,FL,3329,0.003
M,2007,Yoel,6,FL,3329,0.003
M,2007,Yomar,6,FL,3329,0.003
M,2007,Yovanni,6,FL,3329,0.003
M,2007,Yaakov,5,FL,3730,0.003
M,2007,Yannick,5,FL,3730,0.003
M,2007,Yunior,5,FL,3730,0.003
M,2007,Yuri,5,FL,3730,0.003
M,2008,Yadiel,53,FL,616,0.028
M,2008,Yandel,31,FL,1013,0.017
M,2008,Yahir,29,FL,1064,0.016
M,2008,Yair,17,FL,1596,0.009
M,2008,Yamil,16,FL,1679,0.009
M,2008,Yoel,12,FL,2039,0.006
M,2008,Yosef,11,FL,2181,0.006
M,2008,Yariel,10,FL,2321,0.005
M,2008,Yusuf,10,FL,2321,0.005
M,2008,Yousef,9,FL,2496,0.005
M,2008,Yovani,9,FL,2496,0.005
M,2008,Yael,8,FL,2717,0.004
M,2008,Yaniel,8,FL,2717,0.004
M,2008,Yaseen,7,FL,2959,0.004
M,2008,Youssef,7,FL,2959,0.004
M,2008,Yan,6,FL,3258,0.003
M,2008,Yandiel,6,FL,3258,0.003
M,2008,Yahya,5,FL,3649,0.003
M,2008,Yash,5,FL,3649,0.003
M,2008,Yoni,5,FL,3649,0.003
M,2008,Yosbel,5,FL,3649,0.003
M,2008,Yulian,5,FL,3649,0.003
M,2008,Yuri,5,FL,3649,0.003
M,2009,Yadiel,45,FL,705,0.025
M,2009,Yandel,42,FL,754,0.024
M,2009,Yahir,26,FL,1145,0.015
M,2009,Yariel,21,FL,1333,0.012
M,2009,Yair,14,FL,1811,0.008
M,2009,Yosef,12,FL,2025,0.007
M,2009,Yael,11,FL,2130,0.006
M,2009,Yousef,11,FL,2130,0.006
M,2009,Youssef,11,FL,2130,0.006
M,2009,Yusuf,10,FL,2276,0.006
M,2009,Yaniel,9,FL,2449,0.005
M,2009,Yoel,9,FL,2449,0.005
M,2009,Yamil,8,FL,2644,0.005
M,2009,Yash,8,FL,2644,0.005
M,2009,Yomar,8,FL,2644,0.005
M,2009,Yusef,8,FL,2644,0.005
M,2009,Yeshua,7,FL,2905,0.004
M,2009,Yaakov,6,FL,3229,0.003
M,2009,Yasiel,6,FL,3229,0.003
M,2009,Yohan,6,FL,3229,0.003
M,2009,Yadier,5,FL,3652,0.003
M,2009,Yandiel,5,FL,3652,0.003
M,2009,Yaseen,5,FL,3652,0.003
M,2009,Yeriel,5,FL,3652,0.003
M,2009,Yosgart,5,FL,3652,0.003
M,2009,Yousif,5,FL,3652,0.003
M,2009,Yovani,5,FL,3652,0.003
M,2009,Yovany,5,FL,3652,0.003
M,2009,Yuniel,5,FL,3652,0.003
M,2009,Yurem,5,FL,3652,0.003
M,2010,Yadiel,28,FL,1031,0.016
M,2010,Yariel,26,FL,1103,0.015
M,2010,Yandel,21,FL,1297,0.012
M,2010,Yahir,19,FL,1404,0.011
M,2010,Yamil,16,FL,1620,0.009
M,2010,Yaniel,13,FL,1880,0.008
M,2010,Yusuf,13,FL,1880,0.008
M,2010,Yair,12,FL,2007,0.007
M,2010,Yosef,12,FL,2007,0.007
M,2010,Yovani,11,FL,2125,0.006
M,2010,Yaseen,10,FL,2275,0.006
M,2010,Youssef,10,FL,2275,0.006
M,2010,Yael,9,FL,2450,0.005
M,2010,Yancarlos,9,FL,2450,0.005
M,2010,Yoel,9,FL,2450,0.005
M,2010,Yousef,9,FL,2450,0.005
M,2010,Yeriel,8,FL,2660,0.005
M,2010,Yaakov,7,FL,2898,0.004
M,2010,Yash,7,FL,2898,0.004
M,2010,Yohan,7,FL,2898,0.004
M,2010,Yusef,7,FL,2898,0.004
M,2010,Yann,6,FL,3178,0.003
M,2010,Yeshua,6,FL,3178,0.003
M,2010,Yuniel,6,FL,3178,0.003
M,2010,Yadier,5,FL,3592,0.003
M,2010,Yomar,5,FL,3592,0.003
M,2010,Yonathan,5,FL,3592,0.003
M,2011,Yadiel,36,FL,832,0.021
M,2011,Yahir,18,FL,1480,0.01
M,2011,Yosef,17,FL,1534,0.01
M,2011,Yariel,12,FL,1972,0.007
M,2011,Yousef,12,FL,1972,0.007
M,2011,Yoel,11,FL,2098,0.006
M,2011,Yair,10,FL,2256,0.006
M,2011,Yandel,10,FL,2256,0.006
M,2011,Yusuf,10,FL,2256,0.006
M,2011,Yovani,8,FL,2610,0.005
M,2011,Yael,7,FL,2846,0.004
M,2011,Yan,7,FL,2846,0.004
M,2011,Yohan,7,FL,2846,0.004
M,2011,Yaniel,6,FL,3169,0.003
M,2011,Yaseen,6,FL,3169,0.003
M,2011,Yasiel,6,FL,3169,0.003
M,2011,Yasser,6,FL,3169,0.003
M,2011,Yazan,6,FL,3169,0.003
M,2011,Yehuda,6,FL,3169,0.003
M,2011,Yuri,6,FL,3169,0.003
M,2011,Yadriel,5,FL,3598,0.003
M,2011,Yamil,5,FL,3598,0.003
M,2011,Yerik,5,FL,3598,0.003
M,2011,Yeshua,5,FL,3598,0.003
M,2011,Yisrael,5,FL,3598,0.003
M,2011,Youssef,5,FL,3598,0.003
M,2011,Yovanni,5,FL,3598,0.003
M,2011,Yulian,5,FL,3598,0.003
M,2011,Yves,5,FL,3598,0.003
M,2012,Yadiel,21,FL,1315,0.012
M,2012,Yusuf,18,FL,1456,0.01
M,2012,Yahir,16,FL,1604,0.009
M,2012,Yael,15,FL,1689,0.009
M,2012,Yariel,15,FL,1689,0.009
M,2012,Yandel,13,FL,1854,0.008
M,2012,Yaniel,11,FL,2091,0.006
M,2012,Yousef,11,FL,2091,0.006
M,2012,Yerik,10,FL,2230,0.006
M,2012,Youssef,9,FL,2383,0.005
M,2012,Yaseen,8,FL,2578,0.005
M,2012,Yair,7,FL,2833,0.004
M,2012,Yamil,7,FL,2833,0.004
M,2012,Yancarlos,7,FL,2833,0.004
M,2012,Yandiel,7,FL,2833,0.004
M,2012,Yeshua,7,FL,2833,0.004
M,2012,Yadriel,6,FL,3137,0.003
M,2012,Yash,6,FL,3137,0.003
M,2012,Yehoshua,6,FL,3137,0.003
M,2012,Yeriel,6,FL,3137,0.003
M,2012,Yosef,6,FL,3137,0.003
M,2012,Yusef,6,FL,3137,0.003
M,2012,Yan,5,FL,3572,0.003
M,2012,Yassine,5,FL,3572,0.003
M,2012,Yoel,5,FL,3572,0.003
M,2012,Yohan,5,FL,3572,0.003
M,2012,Yves,5,FL,3572,0.003
M,2013,Yadiel,23,FL,1243,0.013
M,2013,Yahir,23,FL,1243,0.013
M,2013,Yariel,16,FL,1620,0.009
M,2013,Yousef,15,FL,1694,0.009
M,2013,Youssef,15,FL,1694,0.009
M,2013,Yair,13,FL,1874,0.007
M,2013,Yosef,12,FL,1986,0.007
M,2013,Yahya,11,FL,2112,0.006
M,2013,Yeshua,10,FL,2244,0.006
M,2013,Yohan,10,FL,2244,0.006
M,2013,Yaakov,9,FL,2384,0.005
M,2013,Yandel,9,FL,2384,0.005
M,2013,Yusuf,9,FL,2384,0.005
M,2013,Yoel,7,FL,2837,0.004
M,2013,Yael,6,FL,3159,0.003
M,2013,Yasiel,6,FL,3159,0.003
M,2013,Yaziel,6,FL,3159,0.003
M,2013,Yisrael,6,FL,3159,0.003
M,2013,Yonathan,6,FL,3159,0.003
M,2013,Yaroslav,5,FL,3607,0.003
M,2013,Yonatan,5,FL,3607,0.003
M,2013,Yovani,5,FL,3607,0.003
M,2014,Yadiel,25,FL,1213,0.014
M,2014,Yahir,24,FL,1256,0.013
M,2014,Yusuf,24,FL,1256,0.013
M,2014,Yousef,18,FL,1535,0.01
M,2014,Yandel,17,FL,1598,0.009
M,2014,Yariel,15,FL,1754,0.008
M,2014,Youssef,15,FL,1754,0.008
M,2014,Yosef,14,FL,1830,0.008
M,2014,Yael,13,FL,1923,0.007
M,2014,Yeshua,13,FL,1923,0.007
M,2014,Yoel,12,FL,2026,0.007
M,2014,Yohan,10,FL,2300,0.006
M,2014,Yaniel,9,FL,2466,0.005
M,2014,Yaseen,8,FL,2650,0.004
M,2014,Yusef,8,FL,2650,0.004
M,2014,Yair,7,FL,2904,0.004
M,2014,Yamil,7,FL,2904,0.004
M,2014,Yehuda,7,FL,2904,0.004
M,2014,Yuri,7,FL,2904,0.004
M,2014,Yahel,6,FL,3228,0.003
M,2014,Yandiel,6,FL,3228,0.003
M,2014,Yassin,6,FL,3228,0.003
M,2014,Yonathan,6,FL,3228,0.003
M,2014,Yasser,5,FL,3646,0.003
M,2014,Yaxiel,5,FL,3646,0.003
M,2014,Yousuf,5,FL,3646,0.003
M,2015,Yadiel,26,FL,1198,0.014
M,2015,Yousef,22,FL,1362,0.012
M,2015,Youssef,21,FL,1407,0.011
M,2015,Yariel,19,FL,1517,0.01
M,2015,Yeshua,18,FL,1575,0.01
M,2015,Yahir,15,FL,1778,0.008
M,2015,Yosef,13,FL,1961,0.007
M,2015,Yusuf,13,FL,1961,0.007
M,2015,Yandel,12,FL,2089,0.007
M,2015,Yaniel,12,FL,2089,0.007
M,2015,Yoel,12,FL,2089,0.007
M,2015,Yair,7,FL,3015,0.004
M,2015,Yamil,7,FL,3015,0.004
M,2015,Yaseen,7,FL,3015,0.004
M,2015,Yeriel,7,FL,3015,0.004
M,2015,Yohan,7,FL,3015,0.004
M,2015,Yuri,7,FL,3015,0.004
M,2015,Yassin,6,FL,3361,0.003
M,2015,Yisroel,6,FL,3361,0.003
M,2015,Yonatan,6,FL,3361,0.003
M,2015,Yael,5,FL,3756,0.003
M,2015,Yancarlos,5,FL,3756,0.003
M,2015,Yanis,5,FL,3756,0.003
M,2015,Yasiel,5,FL,3756,0.003
M,2015,Yasin,5,FL,3756,0.003
M,2015,Yasir,5,FL,3756,0.003
M,2015,Yehuda,5,FL,3756,0.003
M,2016,Youssef,27,FL,1185,0.015
M,2016,Yusuf,24,FL,1277,0.013
M,2016,Yousef,20,FL,1475,0.011
M,2016,Yadiel,19,FL,1530,0.01
M,2016,Yosef,18,FL,1589,0.01
M,2016,Yahir,14,FL,1873,0.008
M,2016,Yael,12,FL,2079,0.007
M,2016,Yariel,12,FL,2079,0.007
M,2016,Yahya,10,FL,2335,0.005
M,2016,Yair,9,FL,2494,0.005
M,2016,Yan,9,FL,2494,0.005
M,2016,Yassin,9,FL,2494,0.005
M,2016,Yazan,8,FL,2731,0.004
M,2016,Yeshua,8,FL,2731,0.004
M,2016,Yuri,8,FL,2731,0.004
M,2016,Yamil,7,FL,2977,0.004
M,2016,Yoandri,7,FL,2977,0.004
M,2016,Yohan,7,FL,2977,0.004
M,2016,Yandel,6,FL,3296,0.003
M,2016,Yaseen,6,FL,3296,0.003
M,2016,Yisrael,6,FL,3296,0.003
M,2016,Yandriel,5,FL,3754,0.003
M,2016,Yaroslav,5,FL,3754,0.003
M,2016,Yoel,5,FL,3754,0.003
M,2016,Yordan,5,FL,3754,0.003
M,2016,Yoshua,5,FL,3754,0.003
M,2016,Yusef,5,FL,3754,0.003
M,2017,Yousef,27,FL,1166,0.015
M,2017,Yadiel,23,FL,1306,0.013
M,2017,Yusuf,22,FL,1344,0.012
M,2017,Youssef,21,FL,1387,0.012
M,2017,Yosef,16,FL,1702,0.009
M,2017,Yahir,11,FL,2229,0.006
M,2017,Yariel,11,FL,2229,0.006
M,2017,Yahya,9,FL,2528,0.005
M,2017,Yeshua,9,FL,2528,0.005
M,2017,Yoel,9,FL,2528,0.005
M,2017,Yael,8,FL,2727,0.004
M,2017,Yamil,8,FL,2727,0.004
M,2017,Yanuel,7,FL,3000,0.004
M,2017,Yazan,7,FL,3000,0.004
M,2017,Yomar,7,FL,3000,0.004
M,2017,Yadier,6,FL,3319,0.003
M,2017,Yair,6,FL,3319,0.003
M,2017,Yan,6,FL,3319,0.003
M,2017,Yannick,6,FL,3319,0.003
M,2017,Yaseen,6,FL,3319,0.003
M,2017,Yasir,6,FL,3319,0.003
M,2017,Yehuda,6,FL,3319,0.003
M,2017,Yohan,6,FL,3319,0.003
M,2017,Yaniel,5,FL,3778,0.003
M,2017,Yoan,5,FL,3778,0.003
M,2017,Yonatan,5,FL,3778,0.003
M,2017,Yulian,5,FL,3778,0.003
M,2017,Yusef,5,FL,3778,0.003
M,2018,Yousef,19,FL,1521,0.011
M,2018,Yusuf,16,FL,1710,0.009
M,2018,Youssef,15,FL,1796,0.008
M,2018,Yadiel,14,FL,1879,0.008
M,2018,Yeshua,14,FL,1879,0.008
M,2018,Yosef,11,FL,2212,0.006
M,2018,Yael,10,FL,2361,0.006
M,2018,Yahir,10,FL,2361,0.006
M,2018,Yandel,10,FL,2361,0.006
M,2018,Yohan,10,FL,2361,0.006
M,2018,Yair,9,FL,2525,0.005
M,2018,Yan,9,FL,2525,0.005
M,2018,Yariel,8,FL,2731,0.004
M,2018,Yahya,7,FL,2974,0.004
M,2018,Yehuda,7,FL,2974,0.004
M,2018,Yuri,7,FL,2974,0.004
M,2018,Yahshua,6,FL,3280,0.003
M,2018,Yannick,6,FL,3280,0.003
M,2018,Yasin,6,FL,3280,0.003
M,2018,Yoel,6,FL,3280,0.003
M,2018,Yonatan,6,FL,3280,0.003
M,2018,Yovani,6,FL,3280,0.003
M,2018,Yaseen,5,FL,3729,0.003
M,2018,Yassin,5,FL,3729,0.003
M,2019,Yusuf,21,FL,1431,0.012
M,2019,Yosef,19,FL,1521,0.011
M,2019,Yadiel,18,FL,1579,0.01
M,2019,Yahir,15,FL,1824,0.008
M,2019,Youssef,15,FL,1824,0.008
M,2019,Yariel,13,FL,1993,0.007
M,2019,Yousef,13,FL,1993,0.007
M,2019,Yeshua,11,FL,2255,0.006
M,2019,Yoel,11,FL,2255,0.006
M,2019,Yohan,10,FL,2407,0.006
M,2019,Yair,9,FL,2567,0.005
M,2019,Yasiel,8,FL,2773,0.004
M,2019,Yael,7,FL,3053,0.004
M,2019,Yasir,7,FL,3053,0.004
M,2019,Yasser,7,FL,3053,0.004
M,2019,Yazan,7,FL,3053,0.004
M,2019,Yash,6,FL,3394,0.003
M,2019,Yerik,6,FL,3394,0.003
M,2019,Yusef,6,FL,3394,0.003
M,2019,Yaman,5,FL,3811,0.003
M,2019,Yaniel,5,FL,3811,0.003
M,2019,Yasin,5,FL,3811,0.003
M,2019,Yoan,5,FL,3811,0.003
M,2019,Younes,5,FL,3811,0.003
M,2019,Yousuf,5,FL,3811,0.003
M,2019,Yunus,5,FL,3811,0.003
M,2019,Yuvaan,5,FL,3811,0.003
M,2020,Yahir,15,FL,1796,0.009
M,2020,Yadiel,14,FL,1881,0.008
M,2020,Yousef,14,FL,1881,0.008
M,2020,Yusuf,14,FL,1881,0.008
M,2020,Yosef,12,FL,2096,0.007
M,2020,Yoel,10,FL,2371,0.006
M,2020,Yaseen,8,FL,2696,0.005
M,2020,Yerik,8,FL,2696,0.005
M,2020,Yeshua,8,FL,2696,0.005
M,2020,Youssef,8,FL,2696,0.005
M,2020,Yahya,7,FL,2950,0.004
M,2020,Yehuda,7,FL,2950,0.004
M,2020,Yael,6,FL,3256,0.004
M,2020,Yariel,6,FL,3256,0.004
M,2020,Yeray,6,FL,3256,0.004
M,2020,Yulian,6,FL,3256,0.004
M,2020,Yusef,6,FL,3256,0.004
M,2020,Yaakov,5,FL,3728,0.003
M,2020,Yasiel,5,FL,3728,0.003
M,2020,Yeriel,5,FL,3728,0.003
M,2020,Yohann,5,FL,3728,0.003
M,2020,Yosiah,5,FL,3728,0.003
M,2020,Yostin,5,FL,3728,0.003
M,2020,Yuri,5,FL,3728,0.003
M,2020,Yuvan,5,FL,3728,0.003
M,2021,Yusuf,30,FL,1102,0.017
M,2021,Yadiel,27,FL,1195,0.015
M,2021,Yosef,16,FL,1745,0.009
M,2021,Yeshua,14,FL,1945,0.008
M,2021,Yousef,14,FL,1945,0.008
M,2021,Yoel,12,FL,2148,0.007
M,2021,Youssef,12,FL,2148,0.007
M,2021,Yahir,11,FL,2266,0.006
M,2021,Yariel,10,FL,2400,0.006
M,2021,Yael,9,FL,2570,0.005
M,2021,Yerik,8,FL,2774,0.005
M,2021,Yoan,8,FL,2774,0.005
M,2021,Yuri,8,FL,2774,0.005
M,2021,Yahya,7,FL,3046,0.004
M,2021,Yehuda,7,FL,3046,0.004
M,2021,Yisrael,7,FL,3046,0.004
M,2021,Yosiah,7,FL,3046,0.004
M,2021,Yousif,7,FL,3046,0.004
M,2021,Yanis,6,FL,3428,0.003
M,2021,Yerick,6,FL,3428,0.003
M,2021,Younis,6,FL,3428,0.003
M,2021,Yaakov,5,FL,3835,0.003
M,2021,Yandel,5,FL,3835,0.003
M,2021,Yanziel,5,FL,3835,0.003
M,2021,Yaseen,5,FL,3835,0.003
M,2021,Yeison,5,FL,3835,0.003
M,2021,Yeray,5,FL,3835,0.003
M,2021,Yonatan,5,FL,3835,0.003
M,2021,Younes,5,FL,3835,0.003
M,2022,Yousef,19,FL,1597,0.01
M,2022,Yusuf,17,FL,1735,0.009
M,2022,Yadiel,14,FL,2007,0.008
M,2022,Yoel,14,FL,2007,0.008
M,2022,Youssef,14,FL,2007,0.008
M,2022,Yahya,13,FL,2112,0.007
M,2022,Yaseen,12,FL,2228,0.007
M,2022,Yosef,12,FL,2228,0.007
M,2022,Yasir,11,FL,2357,0.006
M,2022,Yohan,11,FL,2357,0.006
M,2022,Yehuda,10,FL,2492,0.006
M,2022,Yahir,8,FL,2884,0.004
M,2022,Yamil,8,FL,2884,0.004
M,2022,Yasiel,8,FL,2884,0.004
M,2022,Yanis,7,FL,3142,0.004
M,2022,Yeshua,7,FL,3142,0.004
M,2022,Yuri,7,FL,3142,0.004
M,2022,Yaakov,6,FL,3486,0.003
M,2022,Yael,6,FL,3486,0.003
M,2022,Yehoshua,6,FL,3486,0.003
M,2022,Yusef,6,FL,3486,0.003
M,2022,Yan,5,FL,3935,0.003
M,2022,Yariel,5,FL,3935,0.003
M,2022,Yasser,5,FL,3935,0.003
M,2022,Yazan,5,FL,3935,0.003
M,2022,Yeison,5,FL,3935,0.003
M,2022,Yosiah,5,FL,3935,0.003
M,2023,Yael,22,FL,1408,0.012
M,2023,Yahir,22,FL,1408,0.012
M,2023,Yusuf,19,FL,1581,0.011
M,2023,Yousef,18,FL,1641,0.01
M,2023,Yadiel,17,FL,1708,0.009
M,2023,Yohan,15,FL,1874,0.008
M,2023,Yosef,15,FL,1874,0.008
M,2023,Yahya,13,FL,2099,0.007
M,2023,Youssef,12,FL,2208,0.007
M,2023,Yeshua,11,FL,2334,0.006
M,2023,Yehuda,10,FL,2484,0.006
M,2023,Yair,9,FL,2693,0.005
M,2023,Yan,9,FL,2693,0.005
M,2023,Yariel,9,FL,2693,0.005
M,2023,Yoel,9,FL,2693,0.005
M,2023,Yeison,8,FL,2905,0.004
M,2023,Yuri,8,FL,2905,0.004
M,2023,Yasiel,6,FL,3499,0.003
M,2023,Yasir,6,FL,3499,0.003
M,2023,Yazan,6,FL,3499,0.003
M,2023,Yostin,6,FL,3499,0.003
M,2023,Yamari,5,FL,3961,0.003
M,2023,Yerik,5,FL,3961,0.003
M,2023,Yovani,5,FL,3961,0.003
M,2023,Yulian,5,FL,3961,0.003
M,2023,Yunior,5,FL,3961,0.003
M,2024,Yeshua,30,FL,1159,0.017
M,2024,Yousef,25,FL,1314,0.014
M,2024,Yusuf,24,FL,1356,0.013
M,2024,Yosef,20,FL,1557,0.011
M,2024,Yael,19,FL,1614,0.01
M,2024,Yadiel,18,FL,1681,0.01
M,2024,Yohan,15,FL,1885,0.008
M,2024,Yaseen,14,FL,1977,0.008
M,2024,Yahya,12,FL,2217,0.007
M,2024,Yasiel,12,FL,2217,0.007
M,2024,Yahir,11,FL,2336,0.006
M,2024,Yan,10,FL,2498,0.006
M,2024,Yazan,10,FL,2498,0.006
M,2024,Youssef,10,FL,2498,0.006
M,2024,Yasir,9,FL,2674,0.005
M,2024,Yeison,9,FL,2674,0.005
M,2024,Yisroel,8,FL,2888,0.004
M,2024,Younis,8,FL,2888,0.004
M,2024,Yuri,8,FL,2888,0.004
M,2024,Yair,7,FL,3139,0.004
M,2024,Yehuda,7,FL,3139,0.004
M,2024,Yosiah,7,FL,3139,0.004
M,2024,Yulian,7,FL,3139,0.004
M,2024,Yaakov,6,FL,3498,0.003
M,2024,Yamil,6,FL,3498,0.003
M,2024,Yariel,6,FL,3498,0.003
M,2024,Yasser,6,FL,3498,0.003
M,2024,Yusef,6,FL,3498,0.003
M,2024,Yamir,5,FL,3942,0.003
M,2024,Yash,5,FL,3942,0.003
M,2024,Yiannis,5,FL,3942,0.003
M,2024,Yisrael,5,FL,3942,0.003
F,1915,Yvonne,5,ND,412,0.04
F,1919,Yvonne,9,ND,297,0.067
F,1920,Yvonne,9,ND,303,0.064
F,1921,Yvonne,8,ND,322,0.057
F,1922,Yvonne,12,ND,247,0.092
F,1923,Yvonne,6,ND,359,0.048
F,1924,Yvonne,12,ND,239,0.095
F,1925,Yvonne,15,ND,210,0.122
F,1926,Yvonne,13,ND,236,0.103
F,1927,Yvonne,13,ND,229,0.104
F,1928,Yvonne,22,ND,167,0.175
F,1929,Yvonne,24,ND,150,0.194
F,1930,Yvonne,16,ND,196,0.133
F,1931,Yvonne,20,ND,165,0.17
F,1932,Yvonne,21,ND,160,0.18
F,1933,Yvonne,13,ND,214,0.117
F,1934,Yvonne,23,ND,140,0.199
F,1935,Yvonne,34,ND,81,0.3
F,1936,Yvonne,50,ND,54,0.444
F,1937,Yvonne,34,ND,78,0.329
F,1938,Yvonne,37,ND,70,0.35
F,1939,Yvonne,29,ND,99,0.271
F,1940,Yvonne,19,ND,136,0.174
F,1941,Yvonne,33,ND,84,0.302
F,1942,Yvonne,20,ND,130,0.181
F,1943,Yvonne,20,ND,136,0.181
F,1944,Yvonne,13,ND,194,0.117
F,1945,Yvonne,12,ND,201,0.11
F,1946,Yvonne,16,ND,172,0.126
F,1947,Yvonne,21,ND,152,0.146
F,1948,Yvonne,18,ND,164,0.128
F,1949,Yvonne,15,ND,195,0.107
F,1950,Yvonne,15,ND,198,0.105
F,1951,Yvonne,20,ND,156,0.137
F,1952,Yvonne,28,ND,122,0.193
F,1953,Yvonne,10,ND,270,0.069
F,1954,Yvonne,13,ND,240,0.087
F,1955,Yvonne,18,ND,190,0.123
F,1956,Yvonne,18,ND,175,0.127
F,1957,Yvonne,14,ND,219,0.1
F,1958,Yvonne,15,ND,218,0.107
F,1959,Yvonne,7,ND,382,0.048
F,1960,Yvonne,14,ND,231,0.1
F,1961,Yvonne,12,ND,255,0.087
F,1962,Yvonne,10,ND,285,0.077
F,1963,Yvonne,11,ND,270,0.088
F,1964,Yvonne,5,ND,403,0.042
F,1965,Yvonne,7,ND,324,0.064
F,1965,Yvette,5,ND,386,0.046
F,1966,Yvonne,5,ND,370,0.05
F,1967,Yvette,5,ND,351,0.054
F,1968,Yvonne,5,ND,363,0.055
F,1916,Yvonne,6,SD,344,0.055
F,1918,Yvonne,7,SD,340,0.057
F,1920,Yvonne,8,SD,323,0.061
F,1921,Yvonne,8,SD,310,0.061
F,1922,Yvonne,8,SD,320,0.063
F,1923,Yvonne,14,SD,225,0.112
F,1924,Yvonne,11,SD,255,0.088
F,1925,Yvonne,14,SD,208,0.119
F,1926,Yvonne,9,SD,273,0.077
F,1927,Yvonne,7,SD,294,0.064
F,1928,Yvonne,6,SD,337,0.053
F,1929,Yvonne,10,SD,248,0.09
F,1930,Yvonne,12,SD,223,0.105
F,1931,Yvonne,16,SD,176,0.145
F,1932,Yvonne,16,SD,175,0.148
F,1933,Yvonne,14,SD,188,0.135
F,1934,Yvonne,20,SD,143,0.19
F,1935,Yvonne,24,SD,110,0.231
F,1936,Yvonne,19,SD,137,0.183
F,1937,Yvonne,28,SD,82,0.299
F,1938,Yvonne,28,SD,84,0.296
F,1939,Yvonne,30,SD,84,0.312
F,1940,Yvonne,22,SD,105,0.225
F,1941,Yvonne,15,SD,146,0.154
F,1942,Yvonne,10,SD,204,0.101
F,1943,Yvonne,8,SD,251,0.077
F,1944,Yvonne,5,SD,327,0.05
F,1945,Yvonne,5,SD,325,0.051
F,1946,Yvonne,10,SD,236,0.084
F,1947,Yvonne,7,SD,317,0.051
F,1948,Yvonne,10,SD,257,0.071
F,1949,Yvonne,18,SD,181,0.122
F,1950,Yvonne,16,SD,189,0.105
F,1951,Yvonne,17,SD,191,0.108
F,1952,Yvonne,14,SD,227,0.089
F,1953,Yvonne,11,SD,275,0.071
F,1954,Yvonne,8,SD,325,0.052
F,1955,Yvonne,8,SD,351,0.05
F,1956,Yvonne,6,SD,409,0.038
F,1957,Yvonne,6,SD,402,0.04
F,1959,Yvonne,5,SD,461,0.032
F,1960,Yvonne,8,SD,339,0.054
F,1961,Yvonne,6,SD,410,0.04
F,1964,Yvonne,7,SD,371,0.054
F,1964,Yvette,6,SD,402,0.046
F,1965,Yvonne,8,SD,294,0.071
F,1965,Yvette,6,SD,364,0.054
F,1966,Yvonne,6,SD,337,0.06
F,1967,Yvette,7,SD,284,0.077
F,1967,Yvonne,5,SD,356,0.055
F,1970,Yvette,9,SD,245,0.096
F,1974,Yvette,7,SD,278,0.082
F,1910,Yvonne,11,RI,52,0.58
F,1911,Yvonne,5,RI,142,0.173
F,1912,Yvonne,10,RI,109,0.228
F,1913,Yvonne,12,RI,107,0.237
F,1913,Yvette,6,RI,184,0.119
F,1914,Yvonne,12,RI,137,0.165
F,1914,Yolanda,5,RI,254,0.069
F,1915,Yvonne,16,RI,130,0.192
F,1915,Yolanda,6,RI,238,0.072
F,1915,Yvette,5,RI,269,0.06
F,1916,Yvonne,13,RI,158,0.144
F,1916,Yolanda,6,RI,260,0.066
F,1917,Yolanda,11,RI,175,0.115
F,1917,Yvette,10,RI,193,0.105
F,1917,Yvonne,10,RI,193,0.105
F,1918,Yvonne,27,RI,91,0.26
F,1918,Yvette,9,RI,221,0.087
F,1918,Yolanda,6,RI,279,0.058
F,1919,Yvonne,10,RI,206,0.102
F,1919,Yolanda,9,RI,218,0.092
F,1920,Yvonne,13,RI,176,0.122
F,1920,Yolanda,11,RI,199,0.103
F,1921,Yvonne,17,RI,147,0.152
F,1921,Yolanda,12,RI,202,0.108
F,1921,Yvette,5,RI,307,0.045
F,1922,Yolanda,15,RI,161,0.137
F,1922,Yvonne,12,RI,188,0.11
F,1922,Yvette,9,RI,229,0.082
F,1923,Yvette,15,RI,166,0.137
F,1923,Yolanda,9,RI,232,0.082
F,1923,Yvonne,9,RI,232,0.082
F,1924,Yvette,14,RI,165,0.122
F,1924,Yvonne,14,RI,165,0.122
F,1924,Yolanda,13,RI,182,0.113
F,1925,Yvette,22,RI,119,0.199
F,1925,Yolanda,18,RI,136,0.163
F,1925,Yvonne,8,RI,241,0.072
F,1926,Yolanda,10,RI,205,0.093
F,1926,Yvonne,9,RI,219,0.084
F,1926,Yvette,7,RI,244,0.065
F,1927,Yvonne,11,RI,198,0.103
F,1927,Yolanda,7,RI,237,0.065
F,1927,Yvette,7,RI,237,0.065
F,1928,Yvonne,17,RI,136,0.166
F,1928,Yvette,11,RI,181,0.108
F,1929,Yvette,17,RI,130,0.178
F,1929,Yolanda,8,RI,218,0.084
F,1930,Yvonne,13,RI,153,0.135
F,1930,Yvette,12,RI,163,0.124
F,1931,Yvette,11,RI,165,0.122
F,1931,Yvonne,9,RI,182,0.1
F,1932,Yvette,7,RI,211,0.078
F,1933,Yvette,8,RI,185,0.096
F,1934,Yvonne,8,RI,186,0.095
F,1934,Yvette,6,RI,222,0.072
F,1935,Yvonne,11,RI,147,0.131
F,1935,Yvette,7,RI,199,0.084
F,1936,Yvonne,10,RI,162,0.12
F,1937,Yvonne,9,RI,169,0.106
F,1937,Yvette,5,RI,234,0.059
F,1938,Yvonne,7,RI,205,0.08
F,1939,Yvette,9,RI,171,0.103
F,1939,Yvonne,8,RI,192,0.092
F,1940,Yvonne,10,RI,178,0.11
F,1940,Yvette,8,RI,203,0.088
F,1941,Yvette,11,RI,170,0.112
F,1942,Yvette,9,RI,212,0.075
F,1943,Yvonne,13,RI,179,0.104
F,1943,Yvette,7,RI,243,0.056
F,1944,Yvette,5,RI,270,0.043
F,1946,Yvonne,9,RI,230,0.062
F,1947,Yvette,11,RI,218,0.067
F,1947,Yvonne,9,RI,240,0.055
F,1948,Yvonne,9,RI,245,0.059
F,1948,Yvette,8,RI,255,0.052
F,1949,Yvette,6,RI,297,0.039
F,1950,Yvonne,6,RI,293,0.039
F,1952,Yvonne,8,RI,265,0.047
F,1953,Yvonne,13,RI,210,0.076
F,1955,Yvonne,6,RI,316,0.034
F,1956,Yvette,5,RI,345,0.028
F,1957,Yvonne,7,RI,299,0.039
F,1958,Yvonne,7,RI,294,0.041
F,1959,Yvonne,8,RI,284,0.047
F,1960,Yvonne,6,RI,343,0.035
F,1961,Yvette,5,RI,404,0.029
F,1961,Yvonne,5,RI,404,0.029
F,1962,Yvette,6,RI,339,0.036
F,1962,Yvonne,5,RI,367,0.03
F,1964,Yvonne,5,RI,359,0.031
F,1965,Yvonne,8,RI,266,0.051
F,1967,Yvonne,7,RI,282,0.049
F,1968,Yvette,5,RI,341,0.037
F,1969,Yvette,8,RI,264,0.058
F,1970,Yvette,5,RI,368,0.036
F,1972,Yolanda,6,RI,287,0.053
F,1974,Yvonne,7,RI,238,0.073
F,1975,Yolanda,6,RI,250,0.068
F,1983,Yolanda,5,RI,316,0.048
F,1986,Yesenia,5,RI,317,0.045
F,1987,Yesenia,5,RI,334,0.044
F,1989,Yolanda,5,RI,366,0.042
F,1990,Yesenia,10,RI,229,0.082
F,1990,Yaritza,5,RI,378,0.041
M,2006,Yandel,6,RI,337,0.072
M,2007,Yadiel,5,RI,392,0.061
M,2015,Yadiel,6,RI,329,0.089
F,1912,Yvonne,5,OH,646,0.012
F,1913,Yvonne,5,OH,726,0.01
F,1914,Yolanda,12,OH,492,0.02
F,1914,Yvonne,10,OH,541,0.016
F,1915,Yolanda,19,OH,458,0.022
F,1915,Yvonne,13,OH,571,0.015
F,1915,Yetta,7,OH,790,0.008
F,1916,Yolanda,18,OH,480,0.02
F,1916,Yetta,14,OH,564,0.016
F,1916,Yvonne,11,OH,643,0.012
F,1917,Yolanda,17,OH,502,0.018
F,1917,Yetta,11,OH,640,0.012
F,1917,Yvonne,10,OH,679,0.011
F,1918,Yolanda,19,OH,498,0.019
F,1918,Yetta,7,OH,865,0.007
F,1918,Yvonne,7,OH,865,0.007
F,1919,Yolanda,18,OH,492,0.019
F,1919,Yvonne,7,OH,823,0.007
F,1920,Yvonne,16,OH,554,0.015
F,1920,Yolanda,15,OH,576,0.014
F,1921,Yvonne,22,OH,486,0.02
F,1921,Yolanda,19,OH,526,0.017
F,1921,Yetta,7,OH,868,0.006
F,1922,Yolanda,25,OH,443,0.024
F,1922,Yvonne,18,OH,517,0.017
F,1922,Yetta,5,OH,1026,0.005
F,1923,Yvonne,32,OH,387,0.03
F,1923,Yolanda,29,OH,405,0.027
F,1924,Yolanda,28,OH,425,0.025
F,1924,Yvonne,24,OH,467,0.021
F,1924,Yetta,5,OH,1060,0.004
F,1925,Yvonne,34,OH,377,0.031
F,1925,Yolanda,30,OH,407,0.028
F,1926,Yvonne,40,OH,348,0.037
F,1926,Yolanda,15,OH,590,0.014
F,1926,Yetta,5,OH,1025,0.005
F,1927,Yvonne,29,OH,415,0.027
F,1927,Yolanda,22,OH,474,0.02
F,1928,Yvonne,51,OH,292,0.048
F,1928,Yolanda,27,OH,424,0.026
F,1929,Yvonne,54,OH,278,0.053
F,1929,Yolanda,17,OH,525,0.017
F,1930,Yvonne,52,OH,282,0.05
F,1930,Yolanda,17,OH,525,0.016
F,1931,Yvonne,47,OH,286,0.049
F,1931,Yolanda,6,OH,855,0.006
F,1932,Yvonne,38,OH,324,0.041
F,1932,Yolanda,9,OH,685,0.01
F,1933,Yvonne,42,OH,293,0.049
F,1933,Yolanda,9,OH,651,0.01
F,1934,Yvonne,52,OH,268,0.057
F,1934,Yolanda,11,OH,602,0.012
F,1935,Yvonne,86,OH,198,0.093
F,1935,Yolanda,11,OH,611,0.012
F,1936,Yvonne,128,OH,147,0.135
F,1936,Yolanda,7,OH,785,0.007
F,1937,Yvonne,102,OH,185,0.104
F,1937,Yolanda,13,OH,587,0.013
F,1938,Yvonne,95,OH,193,0.092
F,1938,Yolanda,6,OH,895,0.006
F,1939,Yvonne,67,OH,247,0.066
F,1939,Yolanda,5,OH,965,0.005
F,1940,Yvonne,87,OH,209,0.081
F,1941,Yvonne,89,OH,216,0.076
F,1941,Yolanda,11,OH,690,0.009
F,1941,Yvette,5,OH,1047,0.004
F,1942,Yvonne,73,OH,271,0.054
F,1942,Yolanda,6,OH,998,0.004
F,1943,Yvonne,74,OH,263,0.056
F,1943,Yolanda,5,OH,1085,0.004
F,1944,Yvonne,63,OH,275,0.051
F,1945,Yvonne,96,OH,209,0.078
F,1945,Yolanda,10,OH,742,0.008
F,1945,Yvette,5,OH,1037,0.004
F,1946,Yvonne,120,OH,217,0.076
F,1946,Yolanda,16,OH,665,0.01
F,1947,Yvonne,135,OH,217,0.073
F,1947,Yolanda,16,OH,717,0.009
F,1947,Yvette,7,OH,1067,0.004
F,1948,Yvonne,113,OH,238,0.065
F,1948,Yolanda,16,OH,706,0.009
F,1948,Yvette,5,OH,1246,0.003
F,1949,Yvonne,164,OH,182,0.092
F,1949,Yolanda,24,OH,575,0.013
F,1949,Yvette,8,OH,984,0.004
F,1950,Yvonne,160,OH,190,0.091
F,1950,Yolanda,14,OH,734,0.008
F,1950,Yvette,6,OH,1151,0.003
F,1951,Yvonne,164,OH,198,0.087
F,1951,Yolanda,19,OH,662,0.01
F,1951,Yvette,8,OH,1024,0.004
F,1952,Yvonne,183,OH,190,0.093
F,1952,Yolanda,28,OH,567,0.014
F,1952,Yvette,14,OH,790,0.007
F,1953,Yvonne,203,OH,182,0.102
F,1953,Yolanda,23,OH,634,0.012
F,1953,Yvette,19,OH,711,0.01
F,1954,Yvonne,181,OH,209,0.086
F,1954,Yolanda,32,OH,566,0.015
F,1954,Yvette,22,OH,679,0.01
F,1955,Yvonne,163,OH,236,0.077
F,1955,Yolanda,31,OH,576,0.015
F,1955,Yvette,23,OH,681,0.011
F,1956,Yvonne,174,OH,231,0.078
F,1956,Yolanda,49,OH,466,0.022
F,1956,Yvette,35,OH,569,0.016
F,1956,Yolonda,9,OH,1146,0.004
F,1957,Yvonne,188,OH,232,0.082
F,1957,Yolanda,68,OH,422,0.03
F,1957,Yvette,32,OH,622,0.014
F,1958,Yvonne,192,OH,225,0.087
F,1958,Yolanda,53,OH,479,0.024
F,1958,Yvette,22,OH,753,0.01
F,1958,Yolonda,9,OH,1178,0.004
F,1959,Yvonne,149,OH,269,0.068
F,1959,Yolanda,52,OH,479,0.024
F,1959,Yvette,39,OH,579,0.018
F,1959,Yolonda,6,OH,1464,0.003
F,1960,Yvonne,156,OH,265,0.072
F,1960,Yolanda,74,OH,401,0.034
F,1960,Yvette,61,OH,448,0.028
F,1961,Yvonne,173,OH,237,0.08
F,1961,Yolanda,67,OH,428,0.031
F,1961,Yvette,63,OH,444,0.029
F,1961,Yolonda,6,OH,1492,0.003
F,1962,Yvonne,161,OH,238,0.079
F,1962,Yvette,75,OH,391,0.037
F,1962,Yolanda,73,OH,393,0.036
F,1962,Yolonda,6,OH,1428,0.003
F,1963,Yvonne,124,OH,291,0.062
F,1963,Yvette,76,OH,384,0.038
F,1963,Yolanda,64,OH,426,0.032
F,1964,Yvonne,153,OH,237,0.078
F,1964,Yvette,83,OH,364,0.042
F,1964,Yolanda,67,OH,414,0.034
F,1964,Yolonda,7,OH,1318,0.004
F,1965,Yvonne,130,OH,253,0.071
F,1965,Yvette,71,OH,374,0.039
F,1965,Yolanda,63,OH,409,0.035
F,1965,Yolonda,7,OH,1290,0.004
F,1966,Yvonne,112,OH,277,0.063
F,1966,Yvette,87,OH,330,0.049
F,1966,Yolanda,86,OH,334,0.048
F,1967,Yvonne,115,OH,261,0.067
F,1967,Yvette,99,OH,297,0.057
F,1967,Yolanda,80,OH,343,0.046
F,1967,Yolonda,8,OH,1195,0.005
F,1968,Yvonne,135,OH,231,0.078
F,1968,Yolanda,109,OH,274,0.063
F,1968,Yvette,95,OH,303,0.055
F,1968,Yolonda,8,OH,1214,0.005
F,1968,Yalonda,5,OH,1554,0.003
F,1969,Yolanda,124,OH,249,0.07
F,1969,Yvonne,102,OH,294,0.058
F,1969,Yvette,67,OH,401,0.038
F,1969,Yolonda,5,OH,1617,0.003
F,1970,Yolanda,114,OH,278,0.061
F,1970,Yvonne,108,OH,289,0.058
F,1970,Yvette,69,OH,413,0.037
F,1970,Yolonda,16,OH,889,0.009
F,1970,Yalonda,5,OH,1708,0.003
F,1971,Yolanda,126,OH,246,0.072
F,1971,Yvonne,114,OH,264,0.065
F,1971,Yvette,48,OH,498,0.027
F,1971,Yolonda,13,OH,1008,0.007
F,1972,Yolanda,97,OH,281,0.062
F,1972,Yvonne,84,OH,309,0.054
F,1972,Yvette,50,OH,446,0.032
F,1972,Yolonda,8,OH,1266,0.005
F,1972,Yalonda,7,OH,1369,0.004
F,1973,Yolanda,84,OH,292,0.057
F,1973,Yvonne,75,OH,318,0.051
F,1973,Yvette,33,OH,554,0.022
F,1973,Yalonda,7,OH,1351,0.005
F,1973,Yolonda,5,OH,1611,0.003
F,1974,Yolanda,71,OH,328,0.048
F,1974,Yvonne,58,OH,385,0.039
F,1974,Yvette,26,OH,634,0.018
F,1974,Yolonda,8,OH,1264,0.005
F,1974,Yalonda,5,OH,1664,0.003
F,1975,Yolanda,85,OH,283,0.058
F,1975,Yvonne,39,OH,492,0.027
F,1975,Yvette,25,OH,657,0.017
F,1975,Yolonda,9,OH,1172,0.006
F,1975,Yalonda,5,OH,1672,0.003
F,1976,Yolanda,78,OH,295,0.055
F,1976,Yvonne,46,OH,429,0.032
F,1976,Yvette,19,OH,731,0.013
F,1976,Yolonda,6,OH,1493,0.004
F,1977,Yolanda,50,OH,406,0.034
F,1977,Yvonne,39,OH,484,0.026
F,1977,Yvette,17,OH,802,0.012
F,1977,Yolonda,8,OH,1301,0.005
F,1977,Yalonda,5,OH,1693,0.003
F,1978,Yolanda,55,OH,375,0.038
F,1978,Yvonne,35,OH,512,0.024
F,1978,Yvette,15,OH,857,0.01
F,1979,Yolanda,52,OH,409,0.034
F,1979,Yvonne,44,OH,449,0.029
F,1979,Yolonda,8,OH,1304,0.005
F,1979,Yvette,8,OH,1304,0.005
F,1980,Yolanda,42,OH,470,0.027
F,1980,Yvonne,30,OH,570,0.019
F,1981,Yolanda,46,OH,416,0.03
F,1981,Yvonne,30,OH,571,0.02
F,1981,Yvette,10,OH,1117,0.007
F,1981,Yalonda,6,OH,1528,0.004
F,1982,Yolanda,36,OH,502,0.024
F,1982,Yvonne,29,OH,584,0.019
F,1982,Yvette,12,OH,971,0.008
F,1982,Yolonda,5,OH,1704,0.003
F,1983,Yvonne,31,OH,528,0.021
F,1983,Yolanda,20,OH,694,0.014
F,1983,Yvette,10,OH,1070,0.007
F,1983,Yalonda,5,OH,1630,0.003
F,1984,Yvonne,24,OH,637,0.016
F,1984,Yolanda,18,OH,760,0.012
F,1984,Yvette,14,OH,890,0.01
F,1985,Yvonne,18,OH,772,0.012
F,1985,Yolanda,17,OH,799,0.012
F,1986,Yolanda,21,OH,687,0.015
F,1986,Yvonne,20,OH,715,0.014
F,1986,Yvette,7,OH,1396,0.005
F,1987,Yolanda,23,OH,647,0.016
F,1987,Yvonne,13,OH,964,0.009
F,1987,Yvette,9,OH,1202,0.006
F,1988,Yvonne,14,OH,938,0.01
F,1988,Yolanda,10,OH,1162,0.007
F,1988,Yasmine,8,OH,1341,0.005
F,1988,Yasmin,5,OH,1790,0.003
F,1989,Yvonne,13,OH,1017,0.009
F,1989,Yvette,9,OH,1262,0.006
F,1989,Yolanda,6,OH,1657,0.004
F,1990,Yvonne,13,OH,1066,0.009
F,1990,Yolanda,9,OH,1319,0.006
F,1990,Yvette,7,OH,1552,0.005
F,1990,Yasmeen,6,OH,1716,0.004
F,1991,Yolanda,7,OH,1597,0.005
F,1991,Yasmeen,6,OH,1762,0.004
F,1991,Yesenia,5,OH,1991,0.003
F,1992,Yvonne,17,OH,916,0.012
F,1992,Yasmine,10,OH,1293,0.007
F,1992,Yolanda,8,OH,1457,0.006
F,1992,Yasmin,5,OH,1962,0.003
F,1992,Yvette,5,OH,1962,0.003
F,1993,Yolanda,9,OH,1372,0.006
F,1993,Yasmeen,7,OH,1611,0.005
F,1993,Yasmine,7,OH,1611,0.005
F,1993,Yvonne,6,OH,1773,0.004
F,1994,Yvonne,9,OH,1339,0.007
F,1994,Yasmine,5,OH,1997,0.004
F,1994,Yolanda,5,OH,1997,0.004
F,1995,Yasmine,6,OH,1744,0.004
F,1996,Yasmine,13,OH,1089,0.01
F,1996,Yasmeen,9,OH,1395,0.007
F,1996,Yesenia,6,OH,1763,0.005
F,1996,Yvonne,5,OH,1996,0.004
F,1997,Yasmine,12,OH,1174,0.009
F,1997,Yasmeen,6,OH,1849,0.005
F,1997,Yasmin,6,OH,1849,0.005
F,1997,Yolanda,6,OH,1849,0.005
F,1998,Yasmine,11,OH,1245,0.008
F,1998,Yvonne,10,OH,1322,0.008
F,1998,Yasmeen,7,OH,1683,0.005
F,1998,Yasmin,5,OH,2091,0.004
F,1999,Yasmine,13,OH,1122,0.01
F,1999,Yasmeen,11,OH,1240,0.008
F,1999,Yasmin,8,OH,1524,0.006
F,1999,Yesenia,5,OH,2127,0.004
F,2000,Yasmine,11,OH,1282,0.008
F,2000,Yasmin,7,OH,1775,0.005
F,2000,Yesenia,6,OH,1970,0.005
F,2000,Yasmeen,5,OH,2257,0.004
F,2000,Yolanda,5,OH,2257,0.004
F,2001,Yasmine,14,OH,1093,0.011
F,2001,Yasmin,7,OH,1772,0.005
F,2002,Yasmine,25,OH,738,0.02
F,2002,Yasmin,16,OH,997,0.013
F,2002,Yesenia,5,OH,2247,0.004
F,2003,Yasmin,15,OH,1076,0.012
F,2003,Yasmine,13,OH,1182,0.01
F,2003,Yazmin,6,OH,2061,0.005
F,2003,Yvonne,6,OH,2061,0.005
F,2003,Yesenia,5,OH,2322,0.004
F,2003,Yolanda,5,OH,2322,0.004
F,2004,Yasmin,15,OH,1096,0.012
F,2004,Yasmine,10,OH,1448,0.008
F,2004,Yesenia,7,OH,1878,0.006
F,2004,Yasmeen,5,OH,2369,0.004
F,2004,Yvette,5,OH,2369,0.004
F,2005,Yasmin,20,OH,921,0.016
F,2005,Yasmeen,11,OH,1367,0.009
F,2005,Yasmine,8,OH,1703,0.007
F,2005,Yadira,7,OH,1875,0.006
F,2005,Yasmina,5,OH,2408,0.004
F,2005,Yesenia,5,OH,2408,0.004
F,2006,Yasmine,10,OH,1514,0.008
F,2006,Yasmin,9,OH,1636,0.007
F,2006,Yara,5,OH,2488,0.004
F,2007,Yasmin,15,OH,1197,0.012
F,2007,Yoselin,9,OH,1697,0.007
F,2007,Yolanda,7,OH,2015,0.006
F,2007,Yasmine,6,OH,2273,0.005
F,2007,Yara,5,OH,2562,0.004
F,2008,Yasmin,10,OH,1610,0.008
F,2008,Yara,9,OH,1730,0.007
F,2008,Yazmin,8,OH,1872,0.007
F,2008,Yasmine,7,OH,2038,0.006
F,2008,Yesenia,7,OH,2038,0.006
F,2008,Yadira,6,OH,2268,0.005
F,2008,Yasmeen,6,OH,2268,0.005
F,2009,Yasmin,17,OH,1112,0.015
F,2009,Yasmeen,8,OH,1867,0.007
F,2009,Yasmine,7,OH,2070,0.006
F,2009,Yamileth,6,OH,2292,0.005
F,2009,Yara,5,OH,2590,0.004
F,2009,Yareli,5,OH,2590,0.004
F,2010,Yara,7,OH,2004,0.006
F,2010,Yasmeen,6,OH,2245,0.005
F,2010,Yana,5,OH,2569,0.004
F,2010,Yoselin,5,OH,2569,0.004
F,2011,Yasmin,6,OH,2219,0.005
F,2011,Yara,5,OH,2538,0.004
F,2011,Yoselin,5,OH,2538,0.004
F,2012,Yasmin,12,OH,1406,0.011
F,2012,Yara,6,OH,2267,0.005
F,2012,Yael,5,OH,2594,0.004
F,2012,Yaretzi,5,OH,2594,0.004
F,2012,Yasmeen,5,OH,2594,0.004
F,2012,Yasmine,5,OH,2594,0.004
F,2012,Yoselin,5,OH,2594,0.004
F,2013,Yara,10,OH,1641,0.009
F,2013,Yaretzi,6,OH,2291,0.005
F,2013,Yasmeen,6,OH,2291,0.005
F,2013,Yasmin,6,OH,2291,0.005
F,2013,Yuri,6,OH,2291,0.005
F,2014,Yasmin,9,OH,1784,0.008
F,2014,Yasmeen,7,OH,2122,0.006
F,2014,Yara,6,OH,2362,0.005
F,2014,Yaretzi,5,OH,2647,0.004
F,2014,Yasmine,5,OH,2647,0.004
F,2014,Yoselin,5,OH,2647,0.004
F,2014,Yusra,5,OH,2647,0.004
F,2015,Yasmin,11,OH,1561,0.01
F,2015,Yasmine,8,OH,1969,0.007
F,2015,Yara,7,OH,2141,0.006
F,2015,Yana,6,OH,2350,0.005
F,2015,Yaretzi,5,OH,2646,0.004
F,2015,Yusra,5,OH,2646,0.004
F,2016,Yasmeen,9,OH,1780,0.008
F,2016,Yasmin,9,OH,1780,0.008
F,2016,Yaretzi,7,OH,2111,0.006
F,2016,Yasmine,6,OH,2331,0.005
F,2016,Yara,5,OH,2660,0.004
F,2017,Yara,10,OH,1682,0.009
F,2017,Yusra,10,OH,1682,0.009
F,2017,Yasmin,9,OH,1813,0.008
F,2017,Yasmine,7,OH,2132,0.006
F,2017,Yana,6,OH,2342,0.005
F,2017,Yaretzi,5,OH,2660,0.005
F,2017,Yazmin,5,OH,2660,0.005
F,2018,Yasmin,14,OH,1299,0.013
F,2018,Yara,10,OH,1673,0.009
F,2018,Yusra,10,OH,1673,0.009
F,2018,Yareli,6,OH,2350,0.006
F,2018,Yasmine,6,OH,2350,0.006
F,2018,Yesenia,5,OH,2663,0.005
F,2019,Yara,13,OH,1390,0.012
F,2019,Yasmeen,8,OH,1966,0.007
F,2019,Yasmine,7,OH,2163,0.007
F,2019,Yaretzi,6,OH,2381,0.006
F,2019,Yvonne,6,OH,2381,0.006
F,2019,Yareli,5,OH,2699,0.005
F,2019,Yasmin,5,OH,2699,0.005
F,2019,Yusra,5,OH,2699,0.005
F,2020,Yara,15,OH,1257,0.015
F,2020,Yazmin,6,OH,2388,0.006
F,2020,Yasmeen,5,OH,2676,0.005
F,2020,Yasmin,5,OH,2676,0.005
F,2020,Yuna,5,OH,2676,0.005
F,2020,Yusra,5,OH,2676,0.005
F,2021,Yara,18,OH,1102,0.018
F,2021,Yasmin,10,OH,1704,0.01
F,2021,Yasmine,6,OH,2387,0.006
F,2021,Yuna,6,OH,2387,0.006
F,2021,Yasmeen,5,OH,2689,0.005
F,2021,Yehudis,5,OH,2689,0.005
F,2022,Yara,21,OH,991,0.021
F,2022,Yusra,11,OH,1561,0.011
F,2022,Yuri,10,OH,1666,0.01
F,2022,Yasmin,7,OH,2164,0.007
F,2022,Yasmina,7,OH,2164,0.007
F,2022,Yareli,5,OH,2703,0.005
F,2022,Yasmine,5,OH,2703,0.005
F,2023,Yara,13,OH,1378,0.013
F,2023,Yasmin,9,OH,1814,0.009
F,2023,Yasmina,8,OH,1980,0.008
F,2023,Yusra,8,OH,1980,0.008
F,2023,Yasmine,7,OH,2153,0.007
F,2023,Yareli,6,OH,2398,0.006
F,2023,Yazmin,6,OH,2398,0.006
F,2023,Yaretzi,5,OH,2718,0.005
F,2023,Yasmeen,5,OH,2718,0.005
F,2023,Yesenia,5,OH,2718,0.005
F,2024,Yara,14,OH,1307,0.014
F,2024,Yasmin,12,OH,1464,0.012
F,2024,Yusra,9,OH,1796,0.009
F,2024,Yasmina,8,OH,1954,0.008
F,2024,Yamileth,7,OH,2152,0.007
F,2024,Yashna,7,OH,2152,0.007
F,2024,Yasmine,6,OH,2378,0.006
F,2024,Yana,5,OH,2715,0.005
F,2024,Yasina,5,OH,2715,0.005
F,2024,Yasmeen,5,OH,2715,0.005
M,1912,Yaro,6,OH,593,0.015
M,1915,Yaro,6,OH,855,0.007
M,1918,Yaro,7,OH,865,0.007
M,1920,Yaro,5,OH,1024,0.005
M,1970,Yancy,5,OH,1708,0.003
M,1970,Yusef,5,OH,1708,0.003
M,1971,Yancy,5,OH,1718,0.003
M,1978,Yusuf,8,OH,1277,0.005
M,1990,Yusef,6,OH,1716,0.004
M,1990,Yosef,5,OH,1925,0.003
M,1994,Yousef,5,OH,1997,0.004
M,1997,Yehuda,5,OH,2076,0.004
M,1998,Yousef,7,OH,1683,0.005
M,1999,Yehuda,8,OH,1524,0.006
M,1999,Yousef,7,OH,1681,0.005
M,2000,Yusuf,7,OH,1775,0.005
M,2000,Yousef,6,OH,1970,0.005
M,2001,Yusuf,8,OH,1614,0.006
M,2001,Yousef,7,OH,1772,0.005
M,2002,Yusuf,9,OH,1546,0.007
M,2002,Yousef,8,OH,1671,0.006
M,2003,Yahir,14,OH,1135,0.011
M,2003,Yusuf,8,OH,1686,0.006
M,2003,Yahya,7,OH,1858,0.006
M,2004,Yusuf,11,OH,1359,0.009
M,2004,Yousef,8,OH,1712,0.006
M,2004,Youssef,5,OH,2369,0.004
M,2005,Yusuf,12,OH,1298,0.01
M,2005,Yousef,8,OH,1703,0.007
M,2005,Yahir,6,OH,2102,0.005
M,2005,Yash,6,OH,2102,0.005
M,2006,Yusuf,9,OH,1636,0.007
M,2006,Yahir,7,OH,2000,0.006
M,2006,Yandel,6,OH,2194,0.005
M,2006,Youssef,5,OH,2488,0.004
M,2007,Yusuf,12,OH,1399,0.01
M,2007,Yousef,7,OH,2015,0.006
M,2007,Yahya,5,OH,2562,0.004
M,2008,Yousef,9,OH,1730,0.007
M,2008,Yusuf,8,OH,1872,0.007
M,2008,Yadiel,7,OH,2038,0.006
M,2008,Yahya,5,OH,2573,0.004
M,2008,Youssef,5,OH,2573,0.004
M,2009,Yusuf,12,OH,1430,0.01
M,2009,Yahya,11,OH,1518,0.009
M,2009,Yousef,10,OH,1619,0.009
M,2009,Yahir,7,OH,2070,0.006
M,2010,Yahir,11,OH,1467,0.01
M,2010,Yousef,9,OH,1666,0.008
M,2010,Yusuf,9,OH,1666,0.008
M,2010,Yadiel,6,OH,2245,0.005
M,2011,Yusuf,17,OH,1065,0.015
M,2011,Yahya,10,OH,1592,0.009
M,2011,Yousef,9,OH,1719,0.008
M,2011,Yahir,7,OH,1999,0.006
M,2011,Yasir,6,OH,2219,0.005
M,2011,Yahye,5,OH,2538,0.004
M,2012,Yusuf,19,OH,964,0.017
M,2012,Yousef,13,OH,1330,0.012
M,2012,Yahya,7,OH,2046,0.006
M,2012,Yasir,6,OH,2267,0.005
M,2012,Youssef,6,OH,2267,0.005
M,2012,Yaakov,5,OH,2594,0.004
M,2013,Yusuf,24,OH,837,0.021
M,2013,Yousef,18,OH,1039,0.016
M,2013,Yahya,9,OH,1754,0.008
M,2013,Yuvraj,6,OH,2291,0.005
M,2013,Yaqub,5,OH,2637,0.004
M,2014,Yousef,19,OH,1017,0.017
M,2014,Yusuf,19,OH,1017,0.017
M,2014,Yahya,11,OH,1545,0.01
M,2014,Yazan,8,OH,1926,0.007
M,2014,Youssef,8,OH,1926,0.007
M,2014,Yaseen,6,OH,2362,0.005
M,2014,Yahye,5,OH,2647,0.004
M,2014,Yousif,5,OH,2647,0.004
M,2015,Yusuf,16,OH,1182,0.014
M,2015,Yousef,12,OH,1474,0.011
M,2015,Yahya,11,OH,1561,0.01
M,2015,Yazan,7,OH,2141,0.006
M,2015,Yosef,6,OH,2350,0.005
M,2015,Yaseen,5,OH,2646,0.004
M,2015,Yasir,5,OH,2646,0.004
M,2015,Yuvan,5,OH,2646,0.004
M,2016,Yousef,15,OH,1231,0.013
M,2016,Yusuf,15,OH,1231,0.013
M,2016,Yahya,13,OH,1379,0.012
M,2016,Yasir,7,OH,2111,0.006
M,2016,Yaseen,5,OH,2660,0.004
M,2016,Yasin,5,OH,2660,0.004
M,2016,Yasser,5,OH,2660,0.004
M,2016,Yassin,5,OH,2660,0.004
M,2016,Youssef,5,OH,2660,0.004
M,2017,Yusuf,24,OH,897,0.022
M,2017,Yousef,21,OH,1009,0.019
M,2017,Yahya,13,OH,1379,0.012
M,2017,Yasser,5,OH,2660,0.005
M,2017,Yisroel,5,OH,2660,0.005
M,2018,Yusuf,34,OH,680,0.031
M,2018,Yousef,17,OH,1156,0.016
M,2018,Yasir,9,OH,1804,0.008
M,2018,Yasin,7,OH,2128,0.006
M,2018,Yahya,6,OH,2350,0.006
M,2018,Yuvan,6,OH,2350,0.006
M,2018,Yaqub,5,OH,2663,0.005
M,2018,Yaseen,5,OH,2663,0.005
M,2018,Yoel,5,OH,2663,0.005
M,2018,Yunus,5,OH,2663,0.005
M,2019,Yusuf,27,OH,820,0.025
M,2019,Yasir,15,OH,1269,0.014
M,2019,Yousef,14,OH,1328,0.013
M,2019,Yahya,11,OH,1570,0.01
M,2019,Yasin,6,OH,2381,0.006
M,2019,Yosef,6,OH,2381,0.006
M,2019,Yahir,5,OH,2699,0.005
M,2019,Yunus,5,OH,2699,0.005
M,2020,Yusuf,25,OH,847,0.024
M,2020,Yousef,18,OH,1090,0.018
M,2020,Yahya,15,OH,1257,0.015
M,2020,Yaseen,8,OH,1947,0.008
M,2020,Yasin,8,OH,1947,0.008
M,2020,Yasir,7,OH,2150,0.007
M,2020,Yousif,6,OH,2388,0.006
M,2020,Yoel,5,OH,2676,0.005
M,2020,Youssef,5,OH,2676,0.005
M,2020,Yunus,5,OH,2676,0.005
M,2021,Yusuf,20,OH,1017,0.019
M,2021,Yousef,15,OH,1249,0.015
M,2021,Yahya,9,OH,1830,0.009
M,2021,Yasin,8,OH,1987,0.008
M,2021,Yasir,8,OH,1987,0.008
M,2021,Yehuda,8,OH,1987,0.008
M,2021,Yunus,6,OH,2387,0.006
M,2021,Yosef,5,OH,2689,0.005
M,2021,Youssef,5,OH,2689,0.005
M,2022,Yusuf,30,OH,754,0.03
M,2022,Yahya,16,OH,1208,0.016
M,2022,Yasir,11,OH,1561,0.011
M,2022,Yousef,11,OH,1561,0.011
M,2022,Yazan,6,OH,2380,0.006
M,2022,Yosef,6,OH,2380,0.006
M,2022,Youssef,6,OH,2380,0.006
M,2022,Yunus,6,OH,2380,0.006
M,2022,Yehuda,5,OH,2703,0.005
M,2023,Yusuf,20,OH,1032,0.02
M,2023,Yousef,15,OH,1254,0.015
M,2023,Yahya,11,OH,1561,0.011
M,2023,Yaseen,11,OH,1561,0.011
M,2023,Yasir,10,OH,1684,0.01
M,2023,Yahir,7,OH,2153,0.007
M,2023,Yasin,5,OH,2718,0.005
M,2023,Yazan,5,OH,2718,0.005
M,2023,Yosef,5,OH,2718,0.005
M,2023,Yunus,5,OH,2718,0.005
M,2024,Yusuf,33,OH,683,0.033
M,2024,Yahya,20,OH,1009,0.02
M,2024,Yousef,17,OH,1136,0.017
M,2024,Yaseen,10,OH,1676,0.01
M,2024,Yosef,10,OH,1676,0.01
M,2024,Yasir,6,OH,2378,0.006
M,2024,Yehuda,6,OH,2378,0.006
M,2024,Yaman,5,OH,2715,0.005
M,2024,Yasin,5,OH,2715,0.005
M,2024,Yohan,5,OH,2715,0.005
M,2024,Yosiah,5,OH,2715,0.005
F,1920,Yvonne,7,AL,819,0.012
F,1921,Yvonne,11,AL,623,0.019
F,1922,Yvonne,7,AL,819,0.012
F,1923,Yvonne,8,AL,757,0.014
F,1924,Yvonne,8,AL,750,0.014
F,1925,Yvonne,13,AL,563,0.022
F,1926,Yvonne,7,AL,828,0.012
F,1927,Yvonne,6,AL,921,0.01
F,1928,Yvonne,8,AL,739,0.014
F,1929,Yvonne,19,AL,446,0.033
F,1930,Yvonne,13,AL,548,0.023
F,1931,Yvonne,20,AL,414,0.037
F,1932,Yvonne,20,AL,441,0.035
F,1933,Yvonne,22,AL,398,0.041
F,1934,Yvonne,33,AL,321,0.058
F,1935,Yvonne,58,AL,210,0.102
F,1936,Yvonne,81,AL,150,0.147
F,1937,Yvonne,73,AL,173,0.129
F,1938,Yvonne,58,AL,211,0.102
F,1939,Yvonne,73,AL,174,0.13
F,1940,Yvonne,55,AL,224,0.094
F,1941,Yvonne,72,AL,169,0.122
F,1942,Yvonne,48,AL,266,0.073
F,1943,Yvonne,40,AL,316,0.059
F,1944,Yvonne,41,AL,297,0.063
F,1945,Yvonne,39,AL,297,0.062
F,1945,Yvette,5,AL,930,0.008
F,1946,Yvonne,51,AL,262,0.072
F,1946,Yolanda,10,AL,692,0.014
F,1947,Yvonne,65,AL,234,0.082
F,1947,Yolanda,10,AL,720,0.013
F,1948,Yvonne,76,AL,209,0.099
F,1948,Yolanda,5,AL,1005,0.007
F,1949,Yvonne,74,AL,204,0.097
F,1950,Yvonne,91,AL,173,0.122
F,1950,Yolanda,20,AL,494,0.027
F,1950,Yolande,7,AL,843,0.009
F,1951,Yvonne,102,AL,162,0.136
F,1951,Yolanda,17,AL,543,0.023
F,1951,Yvette,7,AL,847,0.009
F,1952,Yvonne,90,AL,181,0.119
F,1952,Yolanda,21,AL,494,0.028
F,1952,Yolande,9,AL,749,0.012
F,1953,Yvonne,118,AL,135,0.157
F,1953,Yolanda,26,AL,424,0.035
F,1954,Yvonne,84,AL,192,0.111
F,1954,Yolanda,23,AL,457,0.03
F,1954,Yvette,6,AL,933,0.008
F,1955,Yvonne,95,AL,169,0.126
F,1955,Yolanda,25,AL,451,0.033
F,1955,Yvette,13,AL,654,0.017
F,1955,Yolande,5,AL,1037,0.007
F,1956,Yvonne,79,AL,203,0.103
F,1956,Yolanda,59,AL,256,0.077
F,1956,Yvette,13,AL,653,0.017
F,1957,Yvonne,76,AL,213,0.1
F,1957,Yolanda,54,AL,270,0.071
F,1957,Yvette,10,AL,759,0.013
F,1958,Yvonne,76,AL,202,0.102
F,1958,Yolanda,65,AL,231,0.088
F,1958,Yvette,9,AL,808,0.012
F,1959,Yolanda,71,AL,218,0.096
F,1959,Yvonne,60,AL,250,0.081
F,1959,Yvette,21,AL,512,0.028
F,1959,Yolande,5,AL,1112,0.007
F,1960,Yolanda,70,AL,220,0.097
F,1960,Yvonne,64,AL,234,0.088
F,1960,Yvette,13,AL,662,0.018
F,1961,Yolanda,70,AL,220,0.097
F,1961,Yvonne,66,AL,229,0.092
F,1961,Yvette,24,AL,471,0.033
F,1961,Yolonda,7,AL,922,0.01
F,1961,Yvetta,5,AL,1086,0.007
F,1962,Yolanda,71,AL,211,0.102
F,1962,Yvonne,41,AL,324,0.059
F,1962,Yvette,23,AL,486,0.033
F,1962,Yolonda,5,AL,1085,0.007
F,1963,Yolanda,76,AL,198,0.113
F,1963,Yvonne,62,AL,229,0.092
F,1963,Yvette,26,AL,444,0.039
F,1964,Yolanda,80,AL,194,0.119
F,1964,Yvonne,47,AL,293,0.07
F,1964,Yvette,21,AL,514,0.031
F,1965,Yolanda,82,AL,178,0.132
F,1965,Yvonne,37,AL,320,0.06
F,1965,Yvette,30,AL,378,0.048
F,1965,Yolonda,5,AL,1039,0.008
F,1966,Yolanda,59,AL,218,0.101
F,1966,Yvonne,24,AL,423,0.041
F,1966,Yvette,18,AL,505,0.031
F,1967,Yolanda,73,AL,182,0.13
F,1967,Yvonne,33,AL,332,0.059
F,1967,Yvette,27,AL,385,0.048
F,1968,Yolanda,102,AL,126,0.185
F,1968,Yvonne,34,AL,313,0.062
F,1968,Yvette,22,AL,428,0.04
F,1968,Youlanda,7,AL,839,0.013
F,1969,Yolanda,112,AL,111,0.201
F,1969,Yvonne,21,AL,439,0.038
F,1969,Yvette,14,AL,568,0.025
F,1969,Yolonda,5,AL,1020,0.009
F,1969,Youlanda,5,AL,1020,0.009
F,1969,Yulanda,5,AL,1020,0.009
F,1970,Yolanda,88,AL,149,0.152
F,1970,Yvonne,22,AL,452,0.038
F,1970,Yvette,12,AL,642,0.021
F,1971,Yolanda,109,AL,106,0.192
F,1971,Yvonne,22,AL,440,0.039
F,1971,Yvette,17,AL,509,0.03
F,1971,Yulonda,6,AL,942,0.011
F,1971,Yolonda,5,AL,1032,0.009
F,1972,Yolanda,106,AL,106,0.205
F,1972,Yvonne,21,AL,419,0.041
F,1972,Yvette,8,AL,775,0.015
F,1972,Yulanda,5,AL,985,0.01
F,1973,Yolanda,75,AL,146,0.151
F,1973,Yvonne,15,AL,541,0.03
F,1973,Yvette,5,AL,1004,0.01
F,1974,Yolanda,102,AL,113,0.208
F,1974,Yvonne,12,AL,600,0.025
F,1974,Yvette,7,AL,833,0.014
F,1974,Yashica,5,AL,1007,0.01
F,1975,Yolanda,72,AL,145,0.152
F,1975,Yvette,11,AL,638,0.023
F,1975,Yvonne,11,AL,638,0.023
F,1975,Yashica,6,AL,918,0.013
F,1975,Yulanda,5,AL,1012,0.011
F,1976,Yolanda,42,AL,231,0.09
F,1976,Yvonne,9,AL,698,0.019
F,1976,Yvette,8,AL,753,0.017
F,1977,Yolanda,67,AL,154,0.135
F,1977,Yvonne,11,AL,648,0.022
F,1977,Yashica,6,AL,935,0.012
F,1978,Yolanda,43,AL,233,0.09
F,1978,Yvette,9,AL,702,0.019
F,1978,Yvonne,9,AL,702,0.019
F,1979,Yolanda,57,AL,182,0.114
F,1979,Yashica,12,AL,603,0.024
F,1979,Yvonne,11,AL,633,0.022
F,1979,Yvette,6,AL,954,0.012
F,1979,Yashika,5,AL,1061,0.01
F,1980,Yolanda,42,AL,251,0.083
F,1980,Yvonne,10,AL,694,0.02
F,1980,Yvette,5,AL,1073,0.01
F,1981,Yolanda,38,AL,257,0.077
F,1981,Yvonne,9,AL,715,0.018
F,1981,Yvette,5,AL,1048,0.01
F,1982,Yolanda,28,AL,323,0.058
F,1983,Yolanda,31,AL,278,0.065
F,1984,Yolanda,21,AL,373,0.045
F,1985,Yolanda,15,AL,470,0.032
F,1985,Yvonne,6,AL,886,0.013
F,1986,Yolanda,13,AL,532,0.028
F,1986,Yvonne,8,AL,748,0.017
F,1987,Yolanda,20,AL,388,0.043
F,1988,Yolanda,13,AL,532,0.027
F,1990,Yolanda,9,AL,736,0.018
F,1990,Yasmine,5,AL,1094,0.01
F,1991,Yasmine,8,AL,780,0.017
F,1991,Yolanda,6,AL,971,0.012
F,1992,Yasmine,9,AL,731,0.019
F,1992,Yolanda,7,AL,881,0.015
F,1993,Yasmine,10,AL,689,0.021
F,1993,Yolanda,8,AL,821,0.017
F,1994,Yasmine,12,AL,604,0.026
F,1995,Yasmine,10,AL,684,0.022
F,1996,Yasmine,15,AL,530,0.033
F,1996,Yasmin,5,AL,1181,0.011
F,1996,Yolanda,5,AL,1181,0.011
F,1997,Yasmine,10,AL,709,0.022
F,1998,Yasmine,11,AL,691,0.024
F,1998,Yvette,5,AL,1222,0.011
F,1999,Yasmine,15,AL,560,0.033
F,1999,Yesenia,5,AL,1254,0.011
F,2000,Yasmine,12,AL,688,0.026
F,2001,Yasmine,14,AL,591,0.032
F,2002,Yasmine,21,AL,408,0.049
F,2002,Yesenia,6,AL,1091,0.014
F,2003,Yasmine,11,AL,712,0.025
F,2003,Yasmin,7,AL,1014,0.016
F,2004,Yesenia,8,AL,943,0.019
F,2004,Yasmine,7,AL,1039,0.016
F,2004,Yasmin,6,AL,1146,0.014
F,2004,Yazmin,5,AL,1312,0.012
F,2005,Yasmine,13,AL,679,0.03
F,2005,Yasmin,8,AL,983,0.018
F,2005,Yadira,5,AL,1362,0.012
F,2005,Yazmin,5,AL,1362,0.012
F,2006,Yasmin,11,AL,812,0.024
F,2006,Yazmin,7,AL,1112,0.015
F,2006,Yadira,6,AL,1228,0.013
F,2006,Yasmine,6,AL,1228,0.013
F,2006,Yesenia,6,AL,1228,0.013
F,2006,Yahaira,5,AL,1406,0.011
F,2006,Yaretzi,5,AL,1406,0.011
F,2006,Yoselin,5,AL,1406,0.011
F,2007,Yasmin,11,AL,843,0.024
F,2007,Yasmine,8,AL,1063,0.017
F,2007,Yadira,6,AL,1295,0.013
F,2007,Yara,6,AL,1295,0.013
F,2007,Yuridia,6,AL,1295,0.013
F,2007,Yazmin,5,AL,1477,0.011
F,2007,Yocelin,5,AL,1477,0.011
F,2007,Yoselin,5,AL,1477,0.011
F,2008,Yasmin,9,AL,970,0.02
F,2008,Yadira,8,AL,1054,0.017
F,2008,Yasmine,8,AL,1054,0.017
F,2008,Yoselin,8,AL,1054,0.017
F,2008,Yazmine,6,AL,1309,0.013
F,2009,Yareli,6,AL,1288,0.014
F,2009,Yasmin,6,AL,1288,0.014
F,2009,Yesenia,6,AL,1288,0.014
F,2009,Yoselin,6,AL,1288,0.014
F,2009,Yamilet,5,AL,1472,0.011
F,2009,Yolanda,5,AL,1472,0.011
F,2010,Yareli,6,AL,1298,0.014
F,2011,Yaretzi,11,AL,741,0.026
F,2011,Yoselin,8,AL,999,0.019
F,2011,Yasmin,6,AL,1262,0.014
F,2012,Yoselin,6,AL,1206,0.015
F,2012,Yareli,5,AL,1393,0.012
F,2013,Yoselin,6,AL,1258,0.015
F,2013,Yaretzi,5,AL,1429,0.012
F,2014,Yaretzi,8,AL,1028,0.019
F,2015,Yaretzi,5,AL,1510,0.012
F,2016,Yasmin,5,AL,1482,0.012
F,2017,Yaretzi,6,AL,1341,0.014
F,2018,Yamileth,9,AL,1002,0.022
F,2019,Yaretzi,6,AL,1338,0.014
F,2020,Yareli,7,AL,1226,0.017
F,2020,Yarely,5,AL,1524,0.012
F,2020,Yasmin,5,AL,1524,0.012
F,2021,Yareli,5,AL,1590,0.012
F,2021,Yarely,5,AL,1590,0.012
F,2021,Yaretzi,5,AL,1590,0.012
F,2021,Yaritza,5,AL,1590,0.012
F,2022,Yareli,12,AL,814,0.029
F,2022,Yaretzi,8,AL,1150,0.019
F,2022,Yara,6,AL,1429,0.015
F,2022,Yoselin,6,AL,1429,0.015
F,2023,Yareli,9,AL,1034,0.022
F,2024,Yara,7,AL,1270,0.017
F,2024,Yuri,5,AL,1609,0.012
M,1916,Yancy,5,AL,939,0.011
M,1927,Young,7,AL,829,0.011
M,1934,Young,5,AL,958,0.009
M,1936,Young,6,AL,830,0.011
M,1948,Young,5,AL,1005,0.007
M,1959,Yancy,9,AL,812,0.012
M,1960,Yancy,7,AL,921,0.01
M,1961,Yancey,5,AL,1086,0.007
M,1961,Yul,5,AL,1086,0.007
M,1973,Yancey,6,AL,885,0.012
M,1982,Yancey,5,AL,1015,0.01
M,2003,Yahir,13,AL,628,0.03
M,2003,Yair,5,AL,1315,0.012
M,2004,Yahir,13,AL,654,0.03
M,2005,Yahir,9,AL,892,0.021
M,2006,Yahir,7,AL,1112,0.015
M,2006,Yusuf,5,AL,1406,0.011
M,2007,Yahir,7,AL,1165,0.015
M,2008,Yahir,7,AL,1175,0.015
M,2008,Yandel,6,AL,1309,0.013
M,2009,Yahir,5,AL,1472,0.011
M,2009,Yusuf,5,AL,1472,0.011
M,2010,Yahir,5,AL,1467,0.012
M,2011,Yahir,5,AL,1458,0.012
M,2013,Yahir,6,AL,1258,0.015
M,2013,Yael,5,AL,1429,0.012
M,2016,Yael,5,AL,1482,0.012
M,2016,Yusuf,5,AL,1482,0.012
M,2017,Yusuf,5,AL,1523,0.012
M,2018,Yazan,5,AL,1525,0.012
M,2018,Yousef,5,AL,1525,0.012
M,2021,Yael,5,AL,1590,0.012
M,2023,Yeshua,8,AL,1122,0.02
F,1912,Yvonne,8,CT,217,0.075
F,1914,Yvonne,10,CT,266,0.055
F,1914,Yolanda,5,CT,384,0.028
F,1915,Yvonne,11,CT,282,0.05
F,1915,Yolanda,10,CT,292,0.046
F,1915,Yvette,5,CT,416,0.023
F,1916,Yolanda,15,CT,249,0.061
F,1916,Yvonne,10,CT,311,0.041
F,1917,Yolanda,19,CT,232,0.07
F,1917,Yvonne,9,CT,342,0.033
F,1917,Yetta,6,CT,430,0.022
F,1918,Yolanda,17,CT,254,0.061
F,1918,Yvonne,10,CT,342,0.036
F,1918,Yvette,5,CT,467,0.018
F,1919,Yolanda,11,CT,303,0.043
F,1919,Yvonne,9,CT,340,0.035
F,1920,Yolanda,12,CT,297,0.046
F,1920,Yvonne,12,CT,297,0.046
F,1921,Yolanda,15,CT,257,0.056
F,1921,Yvonne,6,CT,393,0.023
F,1922,Yolanda,16,CT,245,0.064
F,1922,Yvonne,11,CT,300,0.044
F,1923,Yolanda,18,CT,232,0.073
F,1923,Yvonne,7,CT,367,0.028
F,1924,Yolanda,20,CT,225,0.078
F,1924,Yvonne,9,CT,335,0.035
F,1925,Yolanda,22,CT,202,0.09
F,1925,Yvonne,8,CT,332,0.033
F,1926,Yolanda,18,CT,228,0.075
F,1926,Yvonne,7,CT,361,0.029
F,1927,Yolanda,20,CT,209,0.084
F,1927,Yvette,6,CT,381,0.025
F,1928,Yolanda,12,CT,276,0.051
F,1928,Yvette,11,CT,288,0.046
F,1928,Yvonne,7,CT,367,0.03
F,1929,Yolanda,10,CT,291,0.044
F,1929,Yvonne,8,CT,320,0.035
F,1929,Yvette,6,CT,368,0.027
F,1930,Yolanda,9,CT,299,0.039
F,1930,Yvette,7,CT,344,0.031
F,1930,Yvonne,6,CT,381,0.026
F,1931,Yolanda,13,CT,238,0.062
F,1931,Yvonne,12,CT,245,0.057
F,1932,Yolanda,7,CT,321,0.035
F,1932,Yvonne,7,CT,321,0.035
F,1932,Yvette,5,CT,384,0.025
F,1933,Yvonne,7,CT,320,0.037
F,1933,Yolanda,6,CT,345,0.032
F,1934,Yvonne,6,CT,341,0.032
F,1935,Yvonne,13,CT,216,0.068
F,1935,Yolanda,7,CT,316,0.037
F,1936,Yvonne,13,CT,207,0.069
F,1937,Yvonne,15,CT,204,0.078
F,1937,Yolanda,6,CT,347,0.031
F,1938,Yvonne,17,CT,190,0.084
F,1938,Yolanda,5,CT,385,0.025
F,1939,Yvonne,13,CT,222,0.064
F,1940,Yvonne,7,CT,320,0.032
F,1941,Yvonne,9,CT,311,0.036
F,1942,Yvonne,14,CT,280,0.043
F,1943,Yvonne,13,CT,303,0.038
F,1943,Yvette,8,CT,385,0.023
F,1944,Yvonne,11,CT,310,0.037
F,1945,Yvonne,12,CT,288,0.041
F,1946,Yvonne,14,CT,301,0.038
F,1946,Yolanda,5,CT,517,0.014
F,1947,Yvonne,17,CT,287,0.042
F,1947,Yolanda,6,CT,481,0.015
F,1948,Yvonne,21,CT,247,0.057
F,1949,Yvonne,17,CT,262,0.047
F,1950,Yvonne,14,CT,296,0.039
F,1951,Yvonne,21,CT,247,0.054
F,1952,Yvonne,17,CT,297,0.041
F,1953,Yvonne,25,CT,254,0.058
F,1953,Yvette,5,CT,591,0.012
F,1954,Yvonne,26,CT,253,0.057
F,1955,Yvonne,21,CT,294,0.044
F,1955,Yolanda,5,CT,629,0.011
F,1955,Yvette,5,CT,629,0.011
F,1956,Yvonne,26,CT,263,0.054
F,1956,Yvette,7,CT,541,0.015
F,1956,Yolanda,6,CT,601,0.012
F,1957,Yvonne,41,CT,214,0.079
F,1957,Yolanda,9,CT,503,0.017
F,1958,Yvonne,35,CT,236,0.069
F,1958,Yolanda,7,CT,595,0.014
F,1958,Yvette,6,CT,660,0.012
F,1959,Yvonne,30,CT,270,0.059
F,1959,Yolanda,15,CT,396,0.029
F,1959,Yvette,12,CT,456,0.023
F,1960,Yvonne,26,CT,291,0.051
F,1960,Yolanda,13,CT,457,0.025
F,1960,Yvette,12,CT,467,0.023
F,1961,Yvonne,41,CT,219,0.08
F,1961,Yvette,13,CT,459,0.025
F,1961,Yolanda,11,CT,504,0.022
F,1962,Yvonne,25,CT,294,0.05
F,1962,Yvette,22,CT,325,0.044
F,1962,Yolanda,18,CT,376,0.036
F,1963,Yvonne,32,CT,256,0.064
F,1963,Yvette,28,CT,276,0.056
F,1963,Yolanda,18,CT,371,0.036
F,1964,Yvonne,42,CT,204,0.083
F,1964,Yvette,33,CT,248,0.065
F,1964,Yolanda,18,CT,376,0.036
F,1965,Yvonne,31,CT,252,0.065
F,1965,Yvette,23,CT,313,0.048
F,1965,Yolanda,17,CT,378,0.035
F,1966,Yvonne,39,CT,200,0.085
F,1966,Yvette,37,CT,209,0.081
F,1966,Yolanda,22,CT,314,0.048
F,1967,Yvette,33,CT,222,0.075
F,1967,Yvonne,29,CT,255,0.066
F,1967,Yolanda,21,CT,317,0.048
F,1968,Yvonne,34,CT,218,0.079
F,1968,Yolanda,31,CT,235,0.072
F,1968,Yvette,21,CT,323,0.049
F,1969,Yolanda,36,CT,218,0.083
F,1969,Yvonne,23,CT,307,0.053
F,1969,Yvette,20,CT,347,0.046
F,1970,Yolanda,49,CT,175,0.112
F,1970,Yvette,28,CT,269,0.064
F,1970,Yvonne,23,CT,310,0.052
F,1971,Yolanda,32,CT,222,0.082
F,1971,Yvette,12,CT,452,0.031
F,1971,Yvonne,10,CT,513,0.026
F,1971,Yesenia,8,CT,587,0.02
F,1972,Yolanda,34,CT,187,0.101
F,1972,Yvette,18,CT,304,0.053
F,1972,Yvonne,18,CT,304,0.053
F,1972,Yesenia,5,CT,728,0.015
F,1973,Yolanda,18,CT,289,0.057
F,1973,Yvette,16,CT,309,0.051
F,1973,Yvonne,16,CT,309,0.051
F,1974,Yolanda,21,CT,255,0.068
F,1974,Yvonne,14,CT,346,0.045
F,1974,Yesenia,7,CT,570,0.023
F,1974,Yvette,7,CT,570,0.023
F,1975,Yolanda,24,CT,230,0.08
F,1975,Yvette,10,CT,437,0.033
F,1975,Yvonne,10,CT,437,0.033
F,1976,Yolanda,26,CT,207,0.088
F,1976,Yvonne,9,CT,457,0.03
F,1976,Yvette,6,CT,601,0.02
F,1977,Yolanda,25,CT,224,0.083
F,1977,Yvonne,11,CT,403,0.036
F,1977,Yvette,8,CT,513,0.026
F,1977,Yesenia,6,CT,610,0.02
F,1978,Yolanda,18,CT,289,0.059
F,1978,Yvonne,9,CT,483,0.029
F,1978,Yvette,7,CT,562,0.023
F,1979,Yolanda,18,CT,295,0.056
F,1979,Yvonne,11,CT,421,0.034
F,1979,Yesenia,7,CT,575,0.022
F,1979,Yanira,5,CT,711,0.016
F,1979,Yvette,5,CT,711,0.016
F,1980,Yolanda,20,CT,282,0.062
F,1980,Yvonne,11,CT,425,0.034
F,1980,Yajaira,7,CT,553,0.022
F,1981,Yolanda,24,CT,246,0.072
F,1981,Yesenia,7,CT,565,0.021
F,1981,Yvonne,7,CT,565,0.021
F,1981,Yahaira,5,CT,701,0.015
F,1982,Yolanda,17,CT,307,0.05
F,1982,Yvonne,10,CT,456,0.03
F,1982,Yajaira,7,CT,575,0.021
F,1982,Yvette,5,CT,707,0.015
F,1983,Yvonne,13,CT,371,0.038
F,1983,Yolanda,7,CT,563,0.02
F,1983,Yvette,7,CT,563,0.02
F,1984,Yvonne,12,CT,406,0.034
F,1984,Yolanda,10,CT,460,0.028
F,1985,Yvonne,8,CT,552,0.022
F,1985,Yaritza,7,CT,597,0.019
F,1985,Yahaira,5,CT,739,0.014
F,1985,Yajaira,5,CT,739,0.014
F,1986,Yolanda,9,CT,509,0.024
F,1986,Yvette,7,CT,612,0.019
F,1986,Yvonne,6,CT,679,0.016
F,1987,Yesenia,32,CT,213,0.081
F,1987,Yolanda,10,CT,487,0.025
F,1987,Yvette,5,CT,808,0.013
F,1988,Yesenia,11,CT,468,0.027
F,1988,Yolanda,8,CT,608,0.02
F,1988,Yahaira,6,CT,739,0.015
F,1989,Yesenia,11,CT,503,0.027
F,1989,Yaritza,8,CT,620,0.019
F,1989,Yessenia,5,CT,844,0.012
F,1989,Yolanda,5,CT,844,0.012
F,1990,Yesenia,13,CT,429,0.031
F,1990,Yolanda,7,CT,703,0.017
F,1990,Yessenia,6,CT,781,0.014
F,1990,Yvonne,5,CT,879,0.012
F,1991,Yolanda,14,CT,402,0.035
F,1991,Yaritza,5,CT,865,0.012
F,1991,Yesenia,5,CT,865,0.012
F,1991,Yvonne,5,CT,865,0.012
F,1992,Yesenia,11,CT,492,0.028
F,1992,Yaritza,8,CT,609,0.021
F,1992,Yessenia,6,CT,755,0.015
F,1992,Yashira,5,CT,852,0.013
F,1993,Yolanda,7,CT,686,0.018
F,1993,Yaritza,6,CT,752,0.016
F,1993,Yasmin,5,CT,852,0.013
F,1994,Yesenia,14,CT,400,0.038
F,1994,Yaritza,6,CT,753,0.016
F,1995,Yvonne,7,CT,664,0.02
F,1995,Yesenia,6,CT,750,0.017
F,1996,Yamilex,7,CT,687,0.02
F,1996,Yahaira,6,CT,744,0.017
F,1996,Yesenia,5,CT,834,0.014
F,1997,Yasmine,9,CT,567,0.027
F,1997,Yasmin,5,CT,846,0.015
F,1997,Yesenia,5,CT,846,0.015
F,1998,Yasmin,11,CT,506,0.032
F,1998,Yesenia,6,CT,765,0.018
F,1998,Yasmine,5,CT,868,0.015
F,2000,Yamilet,6,CT,752,0.018
F,2000,Yasmine,6,CT,752,0.018
F,2001,Yasmin,8,CT,641,0.024
F,2001,Yasmine,7,CT,703,0.021
F,2001,Yesenia,6,CT,775,0.018
F,2002,Yasmin,7,CT,710,0.022
F,2002,Yesenia,5,CT,888,0.015
F,2003,Yashira,6,CT,782,0.018
F,2003,Yasmine,6,CT,782,0.018
F,2004,Yasmin,6,CT,815,0.019
F,2004,Yolanda,5,CT,914,0.016
F,2005,Yasmin,5,CT,922,0.016
F,2005,Yasmine,5,CT,922,0.016
F,2005,Yesenia,5,CT,922,0.016
F,2006,Yasmin,12,CT,500,0.039
F,2007,Yasmin,9,CT,615,0.03
F,2007,Yaritza,7,CT,761,0.023
F,2008,Yasmin,6,CT,853,0.021
F,2008,Yadira,5,CT,966,0.017
F,2009,Yasmin,8,CT,659,0.029
F,2009,Yesenia,6,CT,844,0.021
F,2009,Yazmin,5,CT,980,0.018
F,2013,Yara,5,CT,949,0.019
F,2014,Yaretzi,5,CT,972,0.019
F,2015,Yamileth,5,CT,947,0.019
F,2017,Yasmin,5,CT,969,0.019
F,2020,Yara,8,CT,699,0.033
F,2020,Yasmin,7,CT,761,0.029
F,2022,Yara,7,CT,821,0.027
F,2023,Yasmin,7,CT,790,0.028
F,2024,Yara,8,CT,715,0.032
F,2024,Yusra,5,CT,1029,0.02
M,1994,Yusef,5,CT,858,0.014
M,2003,Yash,5,CT,919,0.015
M,2004,Yandel,11,CT,508,0.035
M,2005,Yandel,8,CT,666,0.026
M,2005,Yadiel,5,CT,922,0.016
M,2006,Yandel,15,CT,412,0.049
M,2006,Yadiel,5,CT,955,0.016
M,2007,Yadiel,9,CT,615,0.03
M,2007,Yandel,9,CT,615,0.03
M,2007,Yahir,5,CT,983,0.016
M,2008,Yadiel,25,CT,269,0.086
M,2008,Yariel,11,CT,526,0.038
M,2008,Yandel,9,CT,615,0.031
M,2008,Yash,5,CT,966,0.017
M,2009,Yadiel,19,CT,323,0.068
M,2009,Yandel,9,CT,605,0.032
M,2009,Yariel,8,CT,659,0.029
M,2009,Yusuf,6,CT,844,0.021
M,2010,Yadiel,14,CT,433,0.052
M,2010,Yandel,11,CT,521,0.041
M,2010,Yariel,7,CT,737,0.026
M,2010,Yahir,6,CT,829,0.022
M,2010,Yusuf,6,CT,829,0.022
M,2010,Yamil,5,CT,950,0.019
M,2011,Yadiel,12,CT,484,0.045
M,2011,Yandel,10,CT,555,0.037
M,2011,Yusuf,8,CT,659,0.03
M,2011,Yariel,7,CT,733,0.026
M,2011,Yahir,5,CT,957,0.019
M,2012,Yadiel,6,CT,796,0.023
M,2012,Yandel,5,CT,917,0.019
M,2013,Yadiel,6,CT,828,0.023
M,2013,Yusuf,6,CT,828,0.023
M,2013,Yariel,5,CT,949,0.019
M,2014,Yariel,8,CT,688,0.03
M,2014,Yadiel,6,CT,843,0.022
M,2014,Yusuf,6,CT,843,0.022
M,2015,Yadiel,9,CT,635,0.034
M,2015,Yousef,7,CT,750,0.026
M,2016,Yadiel,7,CT,745,0.027
M,2016,Yariel,5,CT,989,0.019
M,2017,Yadiel,7,CT,761,0.027
M,2017,Yahir,5,CT,969,0.019
M,2017,Youssef,5,CT,969,0.019
M,2018,Yusuf,7,CT,752,0.028
M,2018,Yadiel,5,CT,968,0.02
M,2019,Yousef,6,CT,837,0.024
M,2019,Yadiel,5,CT,950,0.02
M,2019,Yusuf,5,CT,950,0.02
M,2020,Yusuf,7,CT,761,0.029
M,2021,Yadiel,5,CT,1041,0.019
M,2021,Yahya,5,CT,1041,0.019
M,2023,Yadiel,7,CT,790,0.028
M,2024,Yusuf,8,CT,715,0.032
M,2024,Yadiel,6,CT,904,0.024
M,2024,Yeshua,6,CT,904,0.024
F,1915,Yvonne,5,WA,421,0.033
F,1916,Yvonne,9,WA,309,0.057
F,1916,Yaeko,5,WA,424,0.032
F,1917,Yvonne,7,WA,366,0.043
F,1918,Yvonne,8,WA,362,0.042
F,1919,Yvonne,8,WA,357,0.043
F,1919,Yoshiko,6,WA,425,0.032
F,1920,Yvonne,14,WA,256,0.069
F,1920,Yoshiko,7,WA,380,0.035
F,1920,Yolanda,5,WA,460,0.025
F,1921,Yvonne,15,WA,247,0.073
F,1921,Yoshiko,10,WA,319,0.048
F,1921,Yoneko,5,WA,473,0.024
F,1922,Yvonne,17,WA,224,0.087
F,1922,Yoshiko,6,WA,424,0.031
F,1923,Yvonne,12,WA,285,0.061
F,1923,Yoshiko,7,WA,379,0.036
F,1924,Yvonne,17,WA,235,0.086
F,1925,Yvonne,24,WA,193,0.122
F,1926,Yvonne,22,WA,202,0.116
F,1927,Yvonne,27,WA,163,0.144
F,1928,Yvonne,24,WA,183,0.127
F,1929,Yvonne,18,WA,222,0.097
F,1930,Yvonne,38,WA,117,0.2
F,1931,Yvonne,23,WA,183,0.128
F,1932,Yvonne,23,WA,178,0.129
F,1933,Yvonne,36,WA,111,0.21
F,1934,Yvonne,27,WA,160,0.145
F,1935,Yvonne,37,WA,120,0.198
F,1936,Yvonne,50,WA,97,0.256
F,1937,Yvonne,31,WA,157,0.146
F,1938,Yvonne,36,WA,147,0.158
F,1939,Yvonne,33,WA,145,0.147
F,1940,Yvonne,30,WA,176,0.124
F,1941,Yvonne,31,WA,176,0.117
F,1942,Yvonne,24,WA,243,0.071
F,1943,Yvonne,26,WA,262,0.067
F,1944,Yvonne,30,WA,234,0.077
F,1945,Yvonne,23,WA,288,0.058
F,1946,Yvonne,35,WA,243,0.075
F,1947,Yvonne,50,WA,212,0.094
F,1947,Yolanda,5,WA,781,0.009
F,1948,Yvonne,65,WA,164,0.127
F,1949,Yvonne,44,WA,231,0.085
F,1950,Yvonne,51,WA,213,0.098
F,1950,Yolanda,5,WA,753,0.01
F,1951,Yvonne,44,WA,237,0.082
F,1951,Yolanda,5,WA,769,0.009
F,1952,Yvonne,47,WA,232,0.082
F,1952,Yolanda,8,WA,633,0.014
F,1952,Yvette,8,WA,633,0.014
F,1953,Yvonne,53,WA,219,0.092
F,1953,Yolanda,6,WA,731,0.01
F,1953,Yvette,5,WA,796,0.009
F,1954,Yvonne,38,WA,283,0.064
F,1955,Yvonne,43,WA,262,0.073
F,1955,Yolanda,6,WA,782,0.01
F,1956,Yvonne,36,WA,312,0.06
F,1956,Yolanda,9,WA,645,0.015
F,1956,Yvette,6,WA,823,0.01
F,1957,Yvonne,45,WA,268,0.074
F,1957,Yolanda,10,WA,625,0.016
F,1957,Yvette,10,WA,625,0.016
F,1958,Yvonne,41,WA,291,0.068
F,1958,Yolanda,12,WA,579,0.02
F,1958,Yvette,8,WA,725,0.013
F,1959,Yvonne,45,WA,267,0.075
F,1959,Yolanda,12,WA,605,0.02
F,1959,Yvette,9,WA,708,0.015
F,1960,Yvonne,50,WA,248,0.084
F,1960,Yolanda,9,WA,694,0.015
F,1960,Yvette,8,WA,741,0.014
F,1961,Yvonne,49,WA,261,0.084
F,1961,Yolanda,12,WA,607,0.02
F,1961,Yvette,9,WA,686,0.015
F,1962,Yvonne,41,WA,296,0.07
F,1962,Yvette,18,WA,473,0.031
F,1962,Yolanda,14,WA,553,0.024
F,1963,Yvonne,34,WA,321,0.062
F,1963,Yvette,16,WA,508,0.029
F,1963,Yolanda,9,WA,699,0.017
F,1964,Yvonne,47,WA,236,0.093
F,1964,Yvette,28,WA,347,0.055
F,1964,Yolanda,12,WA,566,0.024
F,1965,Yvonne,36,WA,272,0.077
F,1965,Yvette,18,WA,439,0.039
F,1965,Yolanda,11,WA,579,0.024
F,1966,Yvonne,35,WA,265,0.077
F,1966,Yvette,31,WA,288,0.068
F,1966,Yolanda,13,WA,518,0.028
F,1967,Yvonne,36,WA,268,0.075
F,1967,Yvette,28,WA,316,0.058
F,1967,Yolanda,17,WA,457,0.035
F,1968,Yvonne,36,WA,266,0.072
F,1968,Yvette,26,WA,337,0.052
F,1968,Yolanda,14,WA,534,0.028
F,1969,Yvonne,38,WA,275,0.073
F,1969,Yvette,23,WA,398,0.044
F,1969,Yolanda,9,WA,696,0.017
F,1970,Yvonne,36,WA,297,0.068
F,1970,Yolanda,18,WA,475,0.034
F,1970,Yvette,15,WA,529,0.028
F,1971,Yvonne,31,WA,302,0.065
F,1971,Yolanda,19,WA,424,0.04
F,1971,Yvette,13,WA,529,0.027
F,1972,Yvonne,26,WA,299,0.063
F,1972,Yvette,12,WA,511,0.029
F,1972,Yolanda,10,WA,567,0.024
F,1973,Yvonne,15,WA,433,0.037
F,1973,Yvette,13,WA,478,0.032
F,1973,Yolanda,8,WA,655,0.02
F,1974,Yvonne,19,WA,382,0.045
F,1974,Yolanda,10,WA,600,0.024
F,1974,Yvette,7,WA,738,0.016
F,1975,Yvonne,23,WA,322,0.053
F,1975,Yolanda,16,WA,433,0.037
F,1975,Yvette,6,WA,821,0.014
F,1976,Yvonne,18,WA,388,0.04
F,1976,Yolanda,17,WA,406,0.038
F,1976,Yvette,9,WA,650,0.02
F,1977,Yolanda,14,WA,511,0.029
F,1977,Yvonne,10,WA,636,0.021
F,1978,Yolanda,14,WA,512,0.028
F,1978,Yvonne,11,WA,595,0.022
F,1979,Yolanda,20,WA,413,0.036
F,1979,Yvonne,13,WA,570,0.024
F,1980,Yvonne,20,WA,435,0.035
F,1980,Yolanda,16,WA,507,0.028
F,1981,Yvonne,21,WA,429,0.035
F,1981,Yolanda,12,WA,637,0.02
F,1982,Yolanda,17,WA,498,0.029
F,1982,Yvonne,9,WA,793,0.015
F,1983,Yolanda,13,WA,590,0.022
F,1983,Yvonne,8,WA,818,0.014
F,1984,Yolanda,14,WA,554,0.024
F,1984,Yesenia,8,WA,824,0.014
F,1984,Yvonne,8,WA,824,0.014
F,1985,Yolanda,16,WA,517,0.027
F,1985,Yvonne,7,WA,917,0.012
F,1985,Yvette,5,WA,1133,0.008
F,1986,Yolanda,7,WA,937,0.012
F,1986,Yvette,6,WA,1059,0.01
F,1986,Yesenia,5,WA,1162,0.009
F,1987,Yesenia,18,WA,474,0.031
F,1987,Yolanda,14,WA,576,0.024
F,1987,Yvonne,11,WA,679,0.019
F,1987,Yvette,8,WA,856,0.014
F,1987,Yasmin,6,WA,1046,0.01
F,1988,Yvonne,14,WA,596,0.023
F,1988,Yesenia,7,WA,977,0.012
F,1988,Yolanda,6,WA,1084,0.01
F,1988,Yecenia,5,WA,1213,0.008
F,1988,Yvette,5,WA,1213,0.008
F,1989,Yesenia,15,WA,599,0.024
F,1989,Yolanda,14,WA,629,0.022
F,1989,Yvette,10,WA,798,0.016
F,1989,Yvonne,7,WA,1028,0.011
F,1989,Yesica,5,WA,1272,0.008
F,1990,Yesenia,26,WA,419,0.039
F,1990,Yolanda,17,WA,585,0.025
F,1990,Yvonne,10,WA,849,0.015
F,1990,Yadira,5,WA,1333,0.007
F,1991,Yesenia,20,WA,530,0.03
F,1991,Yvette,11,WA,821,0.016
F,1991,Yadira,7,WA,1105,0.01
F,1991,Yasmin,7,WA,1105,0.01
F,1991,Yolanda,7,WA,1105,0.01
F,1991,Yecenia,6,WA,1224,0.009
F,1991,Yvonne,6,WA,1224,0.009
F,1991,Yessenia,5,WA,1387,0.007
F,1992,Yesenia,29,WA,402,0.043
F,1992,Yadira,9,WA,962,0.013
F,1992,Yvette,9,WA,962,0.013
F,1992,Yvonne,9,WA,962,0.013
F,1992,Yolanda,8,WA,1048,0.012
F,1992,Yasmin,6,WA,1250,0.009
F,1993,Yesenia,33,WA,371,0.051
F,1993,Yolanda,12,WA,793,0.019
F,1993,Yasmin,10,WA,902,0.016
F,1993,Yvette,9,WA,947,0.014
F,1993,Yvonne,8,WA,1039,0.012
F,1993,Yadira,7,WA,1135,0.011
F,1993,Yaritza,7,WA,1135,0.011
F,1993,Yazmin,6,WA,1266,0.009
F,1994,Yesenia,34,WA,360,0.054
F,1994,Yvonne,13,WA,758,0.021
F,1994,Yolanda,10,WA,900,0.016
F,1994,Yadira,7,WA,1134,0.011
F,1994,Yasmin,6,WA,1250,0.01
F,1994,Yazmin,6,WA,1250,0.01
F,1994,Yaritza,5,WA,1402,0.008
F,1994,Yesica,5,WA,1402,0.008
F,1995,Yesenia,19,WA,590,0.031
F,1995,Yadira,12,WA,819,0.019
F,1995,Yasmin,11,WA,853,0.018
F,1995,Yvette,10,WA,904,0.016
F,1995,Yaneli,5,WA,1421,0.008
F,1995,Yolanda,5,WA,1421,0.008
F,1995,Yvonne,5,WA,1421,0.008
F,1996,Yesenia,34,WA,366,0.055
F,1996,Yasmin,15,WA,697,0.024
F,1996,Yvonne,9,WA,982,0.014
F,1996,Yvette,8,WA,1068,0.013
F,1996,Yoselin,7,WA,1163,0.011
F,1996,Yaritza,6,WA,1293,0.01
F,1996,Yasmine,6,WA,1293,0.01
F,1996,Yessenia,6,WA,1293,0.01
F,1996,Yolanda,6,WA,1293,0.01
F,1996,Yana,5,WA,1464,0.008
F,1997,Yesenia,24,WA,521,0.038
F,1997,Yasmin,18,WA,622,0.029
F,1997,Yulissa,12,WA,816,0.019
F,1997,Yasmine,11,WA,865,0.018
F,1997,Yadira,8,WA,1067,0.013
F,1997,Yulisa,8,WA,1067,0.013
F,1997,Yvonne,8,WA,1067,0.013
F,1997,Yajaira,6,WA,1305,0.01
F,1997,Yolanda,6,WA,1305,0.01
F,1997,Yvette,6,WA,1305,0.01
F,1998,Yesenia,25,WA,503,0.039
F,1998,Yadira,9,WA,1040,0.014
F,1998,Yasmin,9,WA,1040,0.014
F,1998,Yasmine,9,WA,1040,0.014
F,1998,Yvonne,7,WA,1236,0.011
F,1998,Yana,6,WA,1371,0.009
F,1998,Yessenia,6,WA,1371,0.009
F,1998,Yulisa,5,WA,1544,0.008
F,1999,Yesenia,29,WA,457,0.045
F,1999,Yasmin,16,WA,712,0.025
F,1999,Yasmine,8,WA,1161,0.013
F,1999,Yadira,6,WA,1393,0.009
F,1999,Yana,6,WA,1393,0.009
F,1999,Yanet,6,WA,1393,0.009
F,1999,Yolanda,6,WA,1393,0.009
F,1999,Yazmin,5,WA,1572,0.008
F,1999,Yulisa,5,WA,1572,0.008
F,1999,Yvette,5,WA,1572,0.008
F,1999,Yvonne,5,WA,1572,0.008
F,2000,Yesenia,30,WA,457,0.047
F,2000,Yvette,16,WA,728,0.025
F,2000,Yasmin,11,WA,942,0.017
F,2000,Yadira,10,WA,1010,0.016
F,2000,Yolanda,8,WA,1169,0.012
F,2000,Yessenia,7,WA,1260,0.011
F,2000,Yamile,6,WA,1390,0.009
F,2000,Yamilet,6,WA,1390,0.009
F,2000,Yana,6,WA,1390,0.009
F,2000,Yareli,6,WA,1390,0.009
F,2000,Yazmin,6,WA,1390,0.009
F,2000,Yulisa,6,WA,1390,0.009
F,2000,Yara,5,WA,1568,0.008
F,2000,Yasmeen,5,WA,1568,0.008
F,2000,Yvonne,5,WA,1568,0.008
F,2001,Yesenia,25,WA,520,0.04
F,2001,Yasmin,13,WA,839,0.021
F,2001,Yadira,10,WA,992,0.016
F,2001,Yulisa,9,WA,1060,0.014
F,2001,Yajaira,8,WA,1152,0.013
F,2001,Yasmine,8,WA,1152,0.013
F,2001,Yuliana,7,WA,1261,0.011
F,2001,Yvonne,7,WA,1261,0.011
F,2001,Yelena,6,WA,1380,0.01
F,2001,Yaire,5,WA,1577,0.008
F,2001,Yareli,5,WA,1577,0.008
F,2001,Yessenia,5,WA,1577,0.008
F,2001,Yolanda,5,WA,1577,0.008
F,2001,Yulissa,5,WA,1577,0.008
F,2001,Yuliya,5,WA,1577,0.008
F,2001,Yvette,5,WA,1577,0.008
F,2002,Yesenia,27,WA,478,0.044
F,2002,Yasmin,16,WA,707,0.026
F,2002,Yadira,9,WA,1073,0.015
F,2002,Yasmine,9,WA,1073,0.015
F,2002,Yvette,9,WA,1073,0.015
F,2002,Yareli,8,WA,1153,0.013
F,2002,Yazmin,8,WA,1153,0.013
F,2002,Yuliana,8,WA,1153,0.013
F,2002,Yana,7,WA,1264,0.011
F,2002,Yolanda,7,WA,1264,0.011
F,2002,Yulissa,7,WA,1264,0.011
F,2002,Yaritza,5,WA,1606,0.008
F,2002,Yelena,5,WA,1606,0.008
F,2002,Yessica,5,WA,1606,0.008
F,2002,Ysabella,5,WA,1606,0.008
F,2003,Yesenia,19,WA,652,0.03
F,2003,Yasmin,17,WA,711,0.027
F,2003,Yazmin,15,WA,774,0.024
F,2003,Yessica,10,WA,1016,0.016
F,2003,Yasmeen,8,WA,1185,0.013
F,2003,Yuliana,8,WA,1185,0.013
F,2003,Yajaira,7,WA,1295,0.011
F,2003,Yana,7,WA,1295,0.011
F,2003,Yadira,6,WA,1448,0.01
F,2003,Yareli,6,WA,1448,0.01
F,2003,Yessenia,6,WA,1448,0.01
F,2003,Yolanda,6,WA,1448,0.01
F,2003,Yaquelin,5,WA,1630,0.008
F,2003,Yaritza,5,WA,1630,0.008
F,2003,Yvette,5,WA,1630,0.008
F,2004,Yesenia,22,WA,609,0.035
F,2004,Yasmin,11,WA,975,0.017
F,2004,Yadira,10,WA,1036,0.016
F,2004,Yazmin,10,WA,1036,0.016
F,2004,Yuliana,8,WA,1224,0.013
F,2004,Yana,7,WA,1343,0.011
F,2004,Yaritza,7,WA,1343,0.011
F,2004,Yareli,6,WA,1489,0.009
F,2004,Yulisa,6,WA,1489,0.009
F,2004,Yvette,6,WA,1489,0.009
F,2005,Yasmin,15,WA,813,0.023
F,2005,Yesenia,13,WA,907,0.02
F,2005,Yadira,12,WA,964,0.019
F,2005,Yana,11,WA,1023,0.017
F,2005,Yuliana,10,WA,1079,0.016
F,2005,Yuridia,9,WA,1158,0.014
F,2005,Yajaira,8,WA,1262,0.012
F,2005,Yareli,8,WA,1262,0.012
F,2005,Yarely,7,WA,1388,0.011
F,2005,Yasmine,6,WA,1542,0.009
F,2005,Yazmin,6,WA,1542,0.009
F,2005,Yaritza,5,WA,1765,0.008
F,2005,Yolanda,5,WA,1765,0.008
F,2005,Yoselin,5,WA,1765,0.008
F,2005,Yvonne,5,WA,1765,0.008
F,2006,Yasmin,23,WA,617,0.034
F,2006,Yareli,14,WA,900,0.021
F,2006,Yazmin,12,WA,997,0.018
F,2006,Yadira,11,WA,1055,0.016
F,2006,Yesenia,10,WA,1121,0.015
F,2006,Yulissa,10,WA,1121,0.015
F,2006,Yoselin,9,WA,1207,0.013
F,2006,Yana,8,WA,1295,0.012
F,2006,Yolanda,8,WA,1295,0.012
F,2006,Yuridia,8,WA,1295,0.012
F,2006,Yasmine,7,WA,1426,0.01
F,2006,Yahaira,5,WA,1841,0.007
F,2006,Yaretzi,5,WA,1841,0.007
F,2006,Yaretzy,5,WA,1841,0.007
F,2007,Yesenia,19,WA,728,0.028
F,2007,Yasmin,17,WA,802,0.025
F,2007,Yadira,15,WA,882,0.022
F,2007,Yuridia,15,WA,882,0.022
F,2007,Yareli,14,WA,927,0.02
F,2007,Yoselin,14,WA,927,0.02
F,2007,Yana,11,WA,1097,0.016
F,2007,Yuliana,10,WA,1159,0.015
F,2007,Yamilet,9,WA,1256,0.013
F,2007,Yaritza,9,WA,1256,0.013
F,2007,Yaretzi,7,WA,1514,0.01
F,2007,Yahaira,6,WA,1674,0.009
F,2007,Yaneli,6,WA,1674,0.009
F,2007,Yvette,6,WA,1674,0.009
F,2007,Yadhira,5,WA,1888,0.007
F,2007,Yarely,5,WA,1888,0.007
F,2007,Yelena,5,WA,1888,0.007
F,2007,Yocelin,5,WA,1888,0.007
F,2007,Yolanda,5,WA,1888,0.007
F,2007,Yulissa,5,WA,1888,0.007
F,2008,Yasmin,23,WA,641,0.033
F,2008,Yaretzi,18,WA,790,0.026
F,2008,Yaritza,15,WA,907,0.022
F,2008,Yareli,13,WA,1008,0.019
F,2008,Yana,12,WA,1067,0.017
F,2008,Yesenia,11,WA,1151,0.016
F,2008,Yuliana,11,WA,1151,0.016
F,2008,Yadira,8,WA,1423,0.012
F,2008,Yamilet,8,WA,1423,0.012
F,2008,Yazmin,8,WA,1423,0.012
F,2008,Yahaira,7,WA,1570,0.01
F,2008,Yaretzy,7,WA,1570,0.01
F,2008,Yuridia,7,WA,1570,0.01
F,2008,Yarely,6,WA,1729,0.009
F,2008,Yessenia,6,WA,1729,0.009
F,2008,Yoselin,6,WA,1729,0.009
F,2008,Yulissa,6,WA,1729,0.009
F,2008,Yvette,6,WA,1729,0.009
F,2008,Yvonne,6,WA,1729,0.009
F,2008,Yaritzy,5,WA,1977,0.007
F,2008,Yasmine,5,WA,1977,0.007
F,2008,Yocelin,5,WA,1977,0.007
F,2008,Yusra,5,WA,1977,0.007
F,2009,Yaretzi,21,WA,694,0.031
F,2009,Yareli,19,WA,752,0.028
F,2009,Yasmin,19,WA,752,0.028
F,2009,Yadira,11,WA,1124,0.016
F,2009,Yuliana,10,WA,1208,0.015
F,2009,Yamilet,9,WA,1302,0.013
F,2009,Yaritza,9,WA,1302,0.013
F,2009,Yesenia,9,WA,1302,0.013
F,2009,Yuridia,9,WA,1302,0.013
F,2009,Yarely,7,WA,1562,0.01
F,2009,Yazmin,7,WA,1562,0.01
F,2009,Yoselin,7,WA,1562,0.01
F,2009,Yana,6,WA,1749,0.009
F,2009,Yael,5,WA,1993,0.007
F,2009,Yoselyn,5,WA,1993,0.007
F,2009,Yusra,5,WA,1993,0.007
F,2010,Yasmin,26,WA,567,0.039
F,2010,Yareli,18,WA,757,0.027
F,2010,Yaretzi,16,WA,827,0.024
F,2010,Yana,11,WA,1114,0.017
F,2010,Yesenia,11,WA,1114,0.017
F,2010,Yazmin,9,WA,1276,0.014
F,2010,Yaritza,8,WA,1392,0.012
F,2010,Yuna,8,WA,1392,0.012
F,2010,Yadira,7,WA,1540,0.011
F,2010,Yoselin,7,WA,1540,0.011
F,2010,Yuliana,6,WA,1716,0.009
F,2010,Yahaira,5,WA,1982,0.008
F,2010,Yaneli,5,WA,1982,0.008
F,2010,Yolanda,5,WA,1982,0.008
F,2010,Yulissa,5,WA,1982,0.008
F,2011,Yareli,14,WA,917,0.021
F,2011,Yasmin,11,WA,1113,0.017
F,2011,Yaretzi,9,WA,1304,0.014
F,2011,Yaneli,8,WA,1416,0.012
F,2011,Yarely,8,WA,1416,0.012
F,2011,Yaritza,8,WA,1416,0.012
F,2011,Yesenia,8,WA,1416,0.012
F,2011,Yazmin,7,WA,1557,0.011
F,2011,Yusra,6,WA,1738,0.009
F,2011,Yajaira,5,WA,1974,0.008
F,2011,Yamilet,5,WA,1974,0.008
F,2011,Yasmine,5,WA,1974,0.008
F,2011,Yocelin,5,WA,1974,0.008
F,2011,Yoselin,5,WA,1974,0.008
F,2011,Yulianna,5,WA,1974,0.008
F,2012,Yaretzi,20,WA,722,0.03
F,2012,Yasmin,17,WA,805,0.026
F,2012,Yareli,13,WA,980,0.02
F,2012,Yana,12,WA,1044,0.018
F,2012,Yaritza,10,WA,1220,0.015
F,2012,Yamileth,8,WA,1445,0.012
F,2012,Yoselin,7,WA,1577,0.011
F,2012,Yadira,6,WA,1741,0.009
F,2012,Yahaira,6,WA,1741,0.009
F,2012,Yvonne,6,WA,1741,0.009
F,2012,Yaretzy,5,WA,2002,0.008
F,2012,Yasmine,5,WA,2002,0.008
F,2012,Yuliana,5,WA,2002,0.008
F,2013,Yaretzi,24,WA,616,0.037
F,2013,Yana,11,WA,1135,0.017
F,2013,Yaritza,11,WA,1135,0.017
F,2013,Yamileth,9,WA,1299,0.014
F,2013,Yareli,9,WA,1299,0.014
F,2013,Yasmin,9,WA,1299,0.014
F,2013,Yesenia,6,WA,1711,0.009
F,2013,Yvette,6,WA,1711,0.009
F,2013,Yael,5,WA,1942,0.008
F,2013,Yamilet,5,WA,1942,0.008
F,2013,Yaneli,5,WA,1942,0.008
F,2013,Yuliana,5,WA,1942,0.008
F,2014,Yaretzi,21,WA,705,0.031
F,2014,Yareli,12,WA,1107,0.018
F,2014,Yasmin,11,WA,1178,0.016
F,2014,Yana,8,WA,1454,0.012
F,2014,Yaritza,8,WA,1454,0.012
F,2014,Yuna,8,WA,1454,0.012
F,2014,Yuliana,7,WA,1610,0.01
F,2014,Yvette,6,WA,1781,0.009
F,2014,Yamilet,5,WA,2031,0.007
F,2014,Yamileth,5,WA,2031,0.007
F,2014,Yarely,5,WA,2031,0.007
F,2014,Yazmin,5,WA,2031,0.007
F,2014,Yesenia,5,WA,2031,0.007
F,2015,Yaretzi,22,WA,669,0.032
F,2015,Yaritza,11,WA,1160,0.016
F,2015,Yasmin,10,WA,1243,0.015
F,2015,Yesenia,10,WA,1243,0.015
F,2015,Yamileth,8,WA,1461,0.012
F,2015,Yareli,7,WA,1587,0.01
F,2015,Yaretzy,7,WA,1587,0.01
F,2015,Yvette,6,WA,1774,0.009
F,2015,Yana,5,WA,2056,0.007
F,2015,Yuna,5,WA,2056,0.007
F,2015,Yvonne,5,WA,2056,0.007
F,2016,Yareli,10,WA,1277,0.014
F,2016,Yaretzi,10,WA,1277,0.014
F,2016,Yasmin,8,WA,1505,0.012
F,2016,Yael,7,WA,1635,0.01
F,2016,Yamileth,7,WA,1635,0.01
F,2016,Yana,7,WA,1635,0.01
F,2016,Yaritza,6,WA,1817,0.009
F,2016,Yoselin,6,WA,1817,0.009
F,2016,Yuliana,6,WA,1817,0.009
F,2016,Yaneli,5,WA,2054,0.007
F,2016,Yara,5,WA,2054,0.007
F,2016,Yatziri,5,WA,2054,0.007
F,2016,Yulianna,5,WA,2054,0.007
F,2016,Yulissa,5,WA,2054,0.007
F,2016,Yuna,5,WA,2054,0.007
F,2017,Yaretzi,13,WA,1024,0.02
F,2017,Yara,10,WA,1266,0.015
F,2017,Yusra,9,WA,1362,0.014
F,2017,Yasmin,8,WA,1466,0.012
F,2017,Yuna,8,WA,1466,0.012
F,2017,Yamilet,7,WA,1603,0.011
F,2017,Yesenia,7,WA,1603,0.011
F,2017,Yuliana,7,WA,1603,0.011
F,2017,Yana,6,WA,1803,0.009
F,2017,Yareli,6,WA,1803,0.009
F,2017,Yamila,5,WA,2063,0.008
F,2017,Yamileth,5,WA,2063,0.008
F,2017,Yuritzi,5,WA,2063,0.008
F,2017,Yvonne,5,WA,2063,0.008
F,2018,Yaretzi,19,WA,752,0.029
F,2018,Yamileth,10,WA,1263,0.015
F,2018,Yareli,9,WA,1348,0.014
F,2018,Yasmin,9,WA,1348,0.014
F,2018,Yazmin,7,WA,1596,0.011
F,2018,Yadira,6,WA,1781,0.009
F,2018,Yamilet,5,WA,1999,0.008
F,2018,Yara,5,WA,1999,0.008
F,2018,Yarely,5,WA,1999,0.008
F,2018,Yaritza,5,WA,1999,0.008
F,2018,Yasmine,5,WA,1999,0.008
F,2018,Yohanna,5,WA,1999,0.008
F,2018,Yuna,5,WA,1999,0.008
F,2019,Yaretzi,20,WA,712,0.031
F,2019,Yaritza,10,WA,1261,0.016
F,2019,Yuna,10,WA,1261,0.016
F,2019,Yamileth,8,WA,1464,0.013
F,2019,Yana,8,WA,1464,0.013
F,2019,Yasmin,8,WA,1464,0.013
F,2019,Yareli,7,WA,1601,0.011
F,2019,Yasmine,6,WA,1778,0.009
F,2019,Yazmin,5,WA,1994,0.008
F,2020,Yaretzi,16,WA,866,0.026
F,2020,Yara,10,WA,1242,0.016
F,2020,Yamileth,7,WA,1609,0.011
F,2020,Yasmin,7,WA,1609,0.011
F,2020,Yusra,7,WA,1609,0.011
F,2020,Yana,6,WA,1787,0.01
F,2020,Yareli,6,WA,1787,0.01
F,2020,Yuna,6,WA,1787,0.01
F,2020,Yvette,6,WA,1787,0.01
F,2020,Yasmeen,5,WA,2032,0.008
F,2021,Yaretzi,18,WA,789,0.029
F,2021,Yuna,15,WA,927,0.024
F,2021,Yasmin,12,WA,1100,0.019
F,2021,Yara,9,WA,1398,0.014
F,2021,Yareli,9,WA,1398,0.014
F,2021,Yusra,7,WA,1662,0.011
F,2021,Yamileth,6,WA,1830,0.01
F,2021,Yaritza,5,WA,2064,0.008
F,2021,Yazmin,5,WA,2064,0.008
F,2022,Yaretzi,17,WA,835,0.027
F,2022,Yara,13,WA,1049,0.021
F,2022,Yuna,13,WA,1049,0.021
F,2022,Yareli,11,WA,1192,0.018
F,2022,Yasmin,9,WA,1366,0.015
F,2022,Yamileth,8,WA,1479,0.013
F,2022,Yaritza,8,WA,1479,0.013
F,2022,Yohanna,8,WA,1479,0.013
F,2022,Yemariam,7,WA,1633,0.011
F,2022,Yusra,7,WA,1633,0.011
F,2022,Yvette,6,WA,1819,0.01
F,2022,Yarely,5,WA,2067,0.008
F,2023,Yuna,19,WA,736,0.032
F,2023,Yareli,13,WA,1039,0.022
F,2023,Yara,11,WA,1179,0.018
F,2023,Yamileth,9,WA,1366,0.015
F,2023,Yaretzi,8,WA,1487,0.013
F,2023,Yasmin,7,WA,1649,0.012
F,2023,Yasmina,6,WA,1822,0.01
F,2023,Yasmine,5,WA,2069,0.008
F,2023,Yoadan,5,WA,2069,0.008
F,2023,Yvette,5,WA,2069,0.008
F,2024,Yara,13,WA,1041,0.021
F,2024,Yuna,13,WA,1041,0.021
F,2024,Yamileth,11,WA,1204,0.018
F,2024,Yusra,10,WA,1274,0.016
F,2024,Yareli,9,WA,1367,0.015
F,2024,Yashna,9,WA,1367,0.015
F,2024,Yasmin,7,WA,1624,0.011
F,2024,Yashvi,6,WA,1832,0.01
F,2024,Yana,5,WA,2067,0.008
F,2024,Yaretzi,5,WA,2067,0.008
F,2024,Yasmine,5,WA,2067,0.008
F,2024,Yesenia,5,WA,2067,0.008
M,1918,Yoshio,6,WA,428,0.032
M,1919,Yoshio,6,WA,425,0.032
M,1922,Yoshio,5,WA,461,0.026
M,2001,Yusuf,5,WA,1577,0.008
M,2002,Yahir,7,WA,1264,0.011
M,2002,Yonis,5,WA,1606,0.008
M,2003,Yahir,30,WA,454,0.048
M,2003,Yusuf,6,WA,1448,0.01
M,2004,Yahir,24,WA,566,0.038
M,2005,Yahir,22,WA,622,0.034
M,2005,Yair,7,WA,1388,0.011
M,2005,Yusuf,5,WA,1765,0.008
M,2006,Yahir,19,WA,711,0.028
M,2006,Yair,7,WA,1426,0.01
M,2006,Yahya,6,WA,1602,0.009
M,2006,Yusuf,6,WA,1602,0.009
M,2006,Yandel,5,WA,1841,0.007
M,2007,Yahir,19,WA,728,0.028
M,2007,Yair,8,WA,1365,0.012
M,2007,Yandel,8,WA,1365,0.012
M,2007,Yusuf,7,WA,1514,0.01
M,2007,Yasir,5,WA,1888,0.007
M,2008,Yahir,19,WA,768,0.027
M,2008,Yandel,9,WA,1302,0.013
M,2008,Yair,7,WA,1570,0.01
M,2008,Yusuf,6,WA,1729,0.009
M,2008,Yael,5,WA,1977,0.007
M,2008,Yahya,5,WA,1977,0.007
M,2008,Yash,5,WA,1977,0.007
M,2008,Yasir,5,WA,1977,0.007
M,2008,Yousef,5,WA,1977,0.007
M,2009,Yahir,14,WA,955,0.02
M,2009,Yandel,12,WA,1055,0.018
M,2009,Yusuf,10,WA,1208,0.015
M,2009,Yael,7,WA,1562,0.01
M,2009,Yair,7,WA,1562,0.01
M,2009,Yahya,6,WA,1749,0.009
M,2009,Yasin,6,WA,1749,0.009
M,2009,Yosgart,6,WA,1749,0.009
M,2009,Yash,5,WA,1993,0.007
M,2010,Yahir,14,WA,926,0.021
M,2010,Yusuf,9,WA,1276,0.014
M,2010,Yael,8,WA,1392,0.012
M,2010,Yandel,8,WA,1392,0.012
M,2010,Yovani,8,WA,1392,0.012
M,2010,Yair,6,WA,1716,0.009
M,2010,Yaqub,6,WA,1716,0.009
M,2010,Yasir,5,WA,1982,0.008
M,2010,Yoel,5,WA,1982,0.008
M,2011,Yahir,18,WA,764,0.027
M,2011,Yusuf,7,WA,1557,0.011
M,2011,Yahya,6,WA,1738,0.009
M,2011,Yair,6,WA,1738,0.009
M,2011,Yandel,5,WA,1974,0.008
M,2012,Yahir,12,WA,1044,0.018
M,2012,Yahya,11,WA,1131,0.017
M,2012,Yash,5,WA,2002,0.008
M,2012,Yusuf,5,WA,2002,0.008
M,2013,Yahir,15,WA,883,0.023
M,2013,Yusuf,13,WA,987,0.02
M,2013,Yair,8,WA,1424,0.012
M,2013,Yandel,5,WA,1942,0.008
M,2013,Yaseen,5,WA,1942,0.008
M,2014,Yusuf,17,WA,850,0.025
M,2014,Yahir,11,WA,1178,0.016
M,2014,Yousef,8,WA,1454,0.012
M,2014,Yahya,6,WA,1781,0.009
M,2014,Yandel,5,WA,2031,0.007
M,2015,Yahir,12,WA,1093,0.018
M,2015,Yousef,11,WA,1160,0.016
M,2015,Yusuf,11,WA,1160,0.016
M,2015,Yasin,7,WA,1587,0.01
M,2015,Yahya,6,WA,1774,0.009
M,2015,Yair,6,WA,1774,0.009
M,2015,Youssef,5,WA,2056,0.007
M,2016,Yusuf,19,WA,799,0.027
M,2016,Yahir,8,WA,1505,0.012
M,2016,Yahya,8,WA,1505,0.012
M,2016,Yeshua,6,WA,1817,0.009
M,2016,Yaqub,5,WA,2054,0.007
M,2016,Yoel,5,WA,2054,0.007
M,2017,Yusuf,12,WA,1105,0.018
M,2017,Yousef,9,WA,1362,0.014
M,2017,Yael,8,WA,1466,0.012
M,2017,Yahya,7,WA,1603,0.011
M,2017,Yuvaan,7,WA,1603,0.011
M,2017,Yahir,6,WA,1803,0.009
M,2017,Yasin,6,WA,1803,0.009
M,2017,Yandel,5,WA,2063,0.008
M,2017,Yonis,5,WA,2063,0.008
M,2018,Yusuf,14,WA,980,0.022
M,2018,Yahya,11,WA,1156,0.017
M,2018,Yael,9,WA,1348,0.014
M,2018,Yuvan,6,WA,1781,0.009
M,2018,Yair,5,WA,1999,0.008
M,2018,Yousuf,5,WA,1999,0.008
M,2019,Yael,11,WA,1183,0.017
M,2019,Yahya,11,WA,1183,0.017
M,2019,Yuvaan,10,WA,1261,0.016
M,2019,Yusuf,9,WA,1360,0.014
M,2019,Yahir,5,WA,1994,0.008
M,2019,Yoel,5,WA,1994,0.008
M,2020,Yusuf,17,WA,823,0.027
M,2020,Yahir,9,WA,1340,0.014
M,2020,Yahya,7,WA,1609,0.011
M,2020,Yasir,7,WA,1609,0.011
M,2020,Yousef,6,WA,1787,0.01
M,2020,Yunus,6,WA,1787,0.01
M,2020,Yasin,5,WA,2032,0.008
M,2020,Yuvraj,5,WA,2032,0.008
M,2021,Yusuf,8,WA,1515,0.013
M,2021,Yair,6,WA,1830,0.01
M,2021,Yuvraj,6,WA,1830,0.01
M,2021,Yahya,5,WA,2064,0.008
M,2021,Yaseen,5,WA,2064,0.008
M,2021,Yuvaan,5,WA,2064,0.008
M,2022,Yusuf,15,WA,927,0.024
M,2022,Yahya,9,WA,1366,0.015
M,2022,Yunus,7,WA,1633,0.011
M,2022,Yuvaan,7,WA,1633,0.011
M,2022,Yair,6,WA,1819,0.01
M,2022,Yahir,5,WA,2067,0.008
M,2022,Yasin,5,WA,2067,0.008
M,2022,Yousuf,5,WA,2067,0.008
M,2023,Yusuf,17,WA,815,0.028
M,2023,Yahir,8,WA,1487,0.013
M,2023,Yasir,5,WA,2069,0.008
M,2023,Yeshua,5,WA,2069,0.008
M,2023,Yoel,5,WA,2069,0.008
M,2023,Yohan,5,WA,2069,0.008
M,2023,Yousef,5,WA,2069,0.008
M,2023,Yunus,5,WA,2069,0.008
M,2024,Yusuf,19,WA,746,0.031
M,2024,Yahir,12,WA,1118,0.02
M,2024,Yael,10,WA,1274,0.016
M,2024,Yahya,8,WA,1480,0.013
M,2024,Yoel,7,WA,1624,0.011
M,2024,Yash,6,WA,1832,0.01
M,2024,Yasir,5,WA,2067,0.008
M,2024,Yeshua,5,WA,2067,0.008
M,2024,Yichen,5,WA,2067,0.008
M,2024,Yuvaan,5,WA,2067,0.008
F,1952,Yvonne,7,AK,149,0.167
F,1953,Yvonne,5,AK,239,0.1
F,1954,Yvonne,8,AK,173,0.147
F,1955,Yvonne,6,AK,233,0.105
F,1956,Yvonne,6,AK,240,0.102
F,1957,Yvonne,8,AK,205,0.129
F,1958,Yvonne,7,AK,220,0.124
F,1959,Yvonne,5,AK,280,0.091
F,1960,Yvonne,10,AK,157,0.172
F,1961,Yvonne,6,AK,257,0.103
F,1962,Yvonne,14,AK,116,0.238
F,1963,Yvonne,8,AK,203,0.135
F,1966,Yvonne,5,AK,272,0.1
F,1967,Yvonne,5,AK,263,0.105
F,1968,Yvonne,9,AK,156,0.186
F,1969,Yolanda,5,AK,281,0.094
F,1970,Yvonne,8,AK,195,0.137
F,1975,Yolanda,7,AK,196,0.141
F,1978,Yolanda,5,AK,276,0.086
F,1981,Yvonne,5,AK,318,0.072
F,1985,Yvonne,6,AK,324,0.066
F,1989,Yvonne,5,AK,351,0.063
F,1993,Yvonne,5,AK,348,0.072
