sex,year,name,frequency,State,rank,percentage,overall_rank,overall_percentage
F,1996,Xena,10,MI,669,0.019,1236,0.009
F,2004,Ximena,8,MI,870,0.017,1609,0.008
F,2004,Xiomara,8,MI,870,0.017,1609,0.008
F,2005,Ximena,7,MI,954,0.015,1787,0.007
F,2006,Ximena,8,MI,889,0.017,1635,0.008
F,2006,Xiomara,5,MI,1279,0.011,2346,0.005
F,2007,Ximena,7,MI,991,0.015,1838,0.007
F,2008,Ximena,10,MI,773,0.022,1440,0.01
F,2008,Xiomara,6,MI,1108,0.013,2054,0.006
F,2009,Ximena,6,MI,1110,0.014,2029,0.007
F,2009,Xiomara,5,MI,1272,0.012,2312,0.005
F,2010,Ximena,8,MI,872,0.019,1656,0.009
F,2011,Ximena,7,MI,973,0.017,1823,0.008
F,2012,Ximena,12,MI,642,0.029,1220,0.014
F,2013,Ximena,10,MI,751,0.024,1409,0.011
F,2014,Ximena,25,MI,362,0.059,727,0.027
F,2015,Ximena,22,MI,399,0.052,789,0.024
F,2016,Ximena,20,MI,449,0.048,876,0.022
F,2017,Ximena,25,MI,369,0.061,729,0.029
F,2017,Xena,6,MI,1143,0.015,2112,0.007
F,2018,Ximena,21,MI,428,0.052,852,0.024
F,2019,Ximena,22,MI,419,0.055,812,0.026
F,2019,Xena,5,MI,1236,0.013,2299,0.006
F,2020,Ximena,14,MI,584,0.037,1140,0.017
F,2020,Xena,9,MI,806,0.024,1551,0.011
F,2020,Xiomara,6,MI,1067,0.016,2048,0.007
F,2021,Ximena,13,MI,618,0.034,1196,0.016
F,2021,Xena,6,MI,1070,0.016,2073,0.007
F,2021,Xiomara,5,MI,1240,0.013,2369,0.006
F,2021,Xyla,5,MI,1240,0.013,2369,0.006
F,2022,Ximena,13,MI,628,0.035,1216,0.017
F,2022,Xiomara,10,MI,756,0.027,1459,0.013
F,2022,Xena,9,MI,808,0.024,1565,0.011
F,2022,Xyla,7,MI,967,0.019,1873,0.009
F,2022,Xaria,5,MI,1215,0.014,2332,0.006
F,2023,Ximena,14,MI,559,0.04,1106,0.019
F,2023,Xiomara,12,MI,650,0.034,1244,0.016
F,2023,Xyla,7,MI,969,0.02,1867,0.009
F,2023,Xena,5,MI,1216,0.014,2330,0.007
F,2024,Ximena,11,MI,681,0.031,1347,0.015
F,2024,Xiomara,11,MI,681,0.031,1347,0.015
F,2024,Xyla,8,MI,866,0.022,1668,0.011
M,1954,Xavier,6,MI,532,0.006,1253,0.003
M,1957,Xavier,6,MI,561,0.006,1346,0.003
M,1960,Xavier,5,MI,596,0.005,1457,0.003
M,1961,Xavier,8,MI,483,0.009,1169,0.004
M,1962,Xavier,8,MI,466,0.009,1118,0.005
M,1963,Xavier,5,MI,586,0.006,1435,0.003
M,1964,Xavier,5,MI,583,0.006,1437,0.003
M,1966,Xavier,7,MI,508,0.009,1223,0.005
M,1969,Xavier,6,MI,578,0.008,1391,0.004
M,1970,Xavier,9,MI,512,0.011,1180,0.006
M,1971,Xavier,8,MI,534,0.01,1261,0.005
M,1972,Xavier,6,MI,595,0.009,1427,0.005
M,1973,Xavier,14,MI,379,0.021,856,0.011
M,1974,Xavier,6,MI,594,0.009,1418,0.005
M,1975,Xavier,6,MI,599,0.01,1413,0.005
M,1976,Xavier,6,MI,597,0.01,1424,0.005
M,1977,Xavier,7,MI,559,0.011,1327,0.006
M,1978,Xavier,6,MI,587,0.009,1439,0.005
M,1979,Xavier,5,MI,688,0.007,1659,0.004
M,1981,Xavier,6,MI,579,0.009,1422,0.005
M,1982,Xavier,12,MI,389,0.018,902,0.01
M,1983,Xavier,8,MI,476,0.013,1144,0.007
M,1984,Xavier,11,MI,402,0.017,945,0.009
M,1985,Xavier,8,MI,506,0.012,1209,0.007
M,1986,Xavier,11,MI,423,0.017,978,0.009
M,1987,Xavier,13,MI,396,0.02,927,0.011
M,1988,Xavier,20,MI,304,0.031,674,0.016
M,1989,Xavier,32,MI,240,0.046,513,0.025
M,1990,Xavier,34,MI,251,0.048,536,0.025
M,1991,Xavier,46,MI,203,0.067,413,0.036
M,1992,Xavier,49,MI,187,0.074,387,0.04
M,1993,Xavier,61,MI,161,0.096,335,0.051
M,1993,Xzavier,5,MI,786,0.008,1887,0.004
M,1994,Xavier,58,MI,165,0.093,335,0.05
M,1995,Xavier,54,MI,169,0.089,351,0.048
M,1996,Xavier,63,MI,158,0.106,322,0.056
M,1997,Xavier,73,MI,151,0.123,295,0.066
M,1998,Xavier,58,MI,179,0.097,351,0.052
M,1999,Xavier,77,MI,148,0.131,288,0.07
M,2000,Xavier,89,MI,136,0.15,261,0.08
M,2001,Xavier,109,MI,114,0.187,210,0.101
M,2001,Xander,9,MI,659,0.015,1419,0.008
M,2001,Xzavier,8,MI,716,0.014,1558,0.007
M,2002,Xavier,120,MI,105,0.214,196,0.114
M,2002,Xander,29,MI,288,0.052,594,0.028
M,2002,Xzavier,7,MI,768,0.012,1680,0.007
M,2002,Xavion,6,MI,849,0.011,1872,0.006
M,2003,Xavier,167,MI,80,0.295,138,0.158
M,2003,Xander,64,MI,171,0.113,330,0.061
M,2003,Xzavier,11,MI,577,0.019,1247,0.01
M,2004,Xavier,150,MI,91,0.267,156,0.144
M,2004,Xander,73,MI,162,0.13,302,0.07
M,2004,Xzavier,18,MI,430,0.032,900,0.017
M,2004,Xavion,5,MI,1026,0.009,2259,0.005
M,2005,Xavier,157,MI,86,0.287,149,0.154
M,2005,Xander,49,MI,209,0.09,415,0.048
M,2005,Xzavier,8,MI,761,0.015,1631,0.008
M,2006,Xavier,187,MI,74,0.345,123,0.184
M,2006,Xander,53,MI,197,0.098,392,0.052
M,2006,Xzavier,8,MI,747,0.015,1635,0.008
M,2007,Xavier,186,MI,72,0.348,117,0.188
M,2007,Xander,44,MI,227,0.082,453,0.044
M,2007,Xzavier,11,MI,621,0.021,1327,0.011
M,2008,Xavier,183,MI,69,0.356,113,0.191
M,2008,Xander,48,MI,206,0.093,397,0.05
M,2008,Xzavier,13,MI,551,0.025,1162,0.014
M,2009,Xavier,180,MI,70,0.365,110,0.195
M,2009,Xander,62,MI,171,0.126,317,0.067
M,2009,Xzavier,14,MI,523,0.028,1071,0.015
M,2009,Xavior,7,MI,829,0.014,1801,0.008
M,2010,Xavier,192,MI,61,0.399,94,0.214
M,2010,Xander,49,MI,197,0.102,387,0.055
M,2010,Xzavier,14,MI,527,0.029,1095,0.016
M,2010,Xzavion,7,MI,843,0.015,1814,0.008
M,2010,Xavion,5,MI,1052,0.01,2288,0.006
M,2011,Xavier,182,MI,71,0.377,108,0.203
M,2011,Xander,65,MI,164,0.135,302,0.072
M,2011,Xzavier,13,MI,536,0.027,1134,0.014
M,2012,Xavier,155,MI,78,0.325,120,0.175
M,2012,Xander,53,MI,198,0.111,368,0.06
M,2012,Xzavier,22,MI,375,0.046,762,0.025
M,2013,Xavier,171,MI,77,0.356,115,0.191
M,2013,Xander,66,MI,172,0.138,312,0.074
M,2013,Xzavier,13,MI,567,0.027,1177,0.015
M,2013,Xavion,5,MI,1082,0.01,2330,0.006
M,2014,Xavier,156,MI,80,0.319,126,0.171
M,2014,Xander,58,MI,191,0.119,349,0.064
M,2014,Xzavier,12,MI,604,0.025,1253,0.013
M,2014,Xavien,5,MI,1067,0.01,2331,0.005
M,2015,Xavier,165,MI,75,0.346,114,0.183
M,2015,Xander,67,MI,168,0.14,311,0.075
M,2015,Xzavier,11,MI,670,0.023,1391,0.012
M,2015,Xayden,5,MI,1077,0.01,2350,0.006
M,2016,Xavier,141,MI,87,0.295,140,0.157
M,2016,Xander,65,MI,174,0.136,321,0.072
M,2016,Xzavier,12,MI,621,0.025,1280,0.013
M,2017,Xavier,124,MI,99,0.267,156,0.141
M,2017,Xander,92,MI,129,0.198,221,0.105
M,2017,Xzavier,9,MI,752,0.019,1597,0.01
M,2017,Xavion,5,MI,1105,0.011,2407,0.006
M,2018,Xavier,140,MI,81,0.305,134,0.163
M,2018,Xander,59,MI,178,0.129,335,0.069
M,2018,Xzavier,8,MI,801,0.017,1704,0.009
M,2019,Xavier,132,MI,82,0.3,135,0.157
M,2019,Xander,75,MI,150,0.17,267,0.089
M,2019,Xzavier,13,MI,572,0.03,1194,0.016
M,2020,Xavier,101,MI,110,0.237,182,0.125
M,2020,Xander,52,MI,203,0.122,371,0.065
M,2020,Xzavier,9,MI,746,0.021,1551,0.011
M,2021,Xavier,115,MI,94,0.268,154,0.142
M,2021,Xander,57,MI,196,0.133,343,0.07
M,2021,Xzavier,10,MI,704,0.023,1451,0.012
M,2021,Xavion,7,MI,894,0.016,1853,0.009
M,2022,Xavier,95,MI,116,0.229,192,0.121
M,2022,Xander,57,MI,183,0.138,334,0.073
M,2022,Xzavier,10,MI,704,0.024,1459,0.013
M,2023,Xavier,78,MI,134,0.195,230,0.104
M,2023,Xander,48,MI,211,0.12,382,0.064
M,2023,Xzavier,7,MI,899,0.017,1867,0.009
M,2023,Xaiden,6,MI,998,0.015,2064,0.008
M,2024,Xavier,83,MI,118,0.208,203,0.11
M,2024,Xander,42,MI,228,0.105,433,0.056
M,2024,Xion,5,MI,1091,0.013,2302,0.007
F,1998,Xena,6,MO,688,0.02,1242,0.009
F,2005,Ximena,5,MO,899,0.017,1646,0.008
F,2007,Ximena,5,MO,930,0.017,1717,0.008
F,2009,Ximena,7,MO,737,0.025,1398,0.011
F,2010,Ximena,6,MO,813,0.022,1516,0.01
F,2011,Ximena,6,MO,829,0.022,1538,0.01
F,2012,Ximena,5,MO,935,0.019,1723,0.009
F,2013,Ximena,13,MO,465,0.048,905,0.022
F,2014,Ximena,9,MO,589,0.033,1165,0.015
F,2015,Ximena,12,MO,494,0.044,957,0.02
F,2016,Ximena,13,MO,458,0.048,907,0.022
F,2017,Ximena,11,MO,512,0.042,1002,0.019
F,2018,Ximena,12,MO,484,0.045,952,0.021
F,2018,Xena,6,MO,833,0.023,1574,0.011
F,2019,Ximena,11,MO,527,0.043,1041,0.02
F,2019,Xiomara,8,MO,679,0.031,1312,0.014
F,2020,Ximena,12,MO,477,0.049,935,0.023
F,2021,Ximena,12,MO,477,0.049,944,0.023
F,2021,Xena,6,MO,835,0.024,1590,0.011
F,2022,Ximena,11,MO,508,0.045,1004,0.021
F,2022,Xena,5,MO,918,0.021,1779,0.01
F,2023,Ximena,14,MO,415,0.06,844,0.028
F,2023,Xena,9,MO,602,0.038,1168,0.018
F,2023,Xiomara,7,MO,721,0.03,1389,0.014
F,2024,Ximena,10,MO,569,0.042,1121,0.02
F,2024,Xiomara,6,MO,804,0.025,1546,0.012
M,1980,Xavier,5,MO,468,0.013,1114,0.007
M,1985,Xavier,5,MO,471,0.014,1101,0.007
M,1986,Xavier,8,MO,377,0.022,848,0.012
M,1987,Xavier,6,MO,434,0.017,1000,0.009
M,1988,Xavier,13,MO,290,0.036,622,0.019
M,1989,Xavier,15,MO,279,0.04,590,0.021
M,1990,Xavier,13,MO,307,0.034,656,0.018
M,1991,Xavier,24,MO,204,0.064,429,0.034
M,1992,Xavier,29,MO,182,0.08,369,0.043
M,1993,Xavier,19,MO,246,0.053,502,0.029
M,1994,Xavier,32,MO,170,0.092,342,0.05
M,1995,Xavier,39,MO,151,0.114,294,0.061
M,1996,Xavier,30,MO,184,0.087,374,0.047
M,1997,Xavier,27,MO,201,0.078,412,0.042
M,1998,Xavier,35,MO,176,0.101,352,0.054
M,1999,Xavier,34,MO,191,0.1,368,0.054
M,1999,Xander,5,MO,634,0.015,1395,0.008
M,2000,Xavier,44,MO,157,0.128,307,0.069
M,2000,Xzavier,5,MO,651,0.015,1421,0.008
M,2001,Xavier,62,MO,124,0.185,225,0.1
M,2001,Xander,7,MO,541,0.021,1138,0.011
M,2002,Xavier,88,MO,98,0.264,168,0.144
M,2002,Xander,11,MO,395,0.033,839,0.018
M,2002,Xavion,5,MO,674,0.015,1460,0.008
M,2003,Xavier,76,MO,105,0.225,189,0.122
M,2003,Xander,40,MO,173,0.119,327,0.064
M,2003,Xzavier,5,MO,707,0.015,1539,0.008
M,2004,Xavier,84,MO,108,0.248,180,0.135
M,2004,Xander,40,MO,179,0.118,341,0.064
M,2004,Xzavier,5,MO,699,0.015,1552,0.008
M,2005,Xavier,84,MO,108,0.247,184,0.133
M,2005,Xander,43,MO,171,0.126,315,0.068
M,2006,Xavier,127,MO,72,0.363,119,0.196
M,2006,Xander,33,MO,211,0.094,404,0.051
M,2006,Xzavier,14,MO,374,0.04,790,0.022
M,2006,Xavion,5,MO,773,0.014,1686,0.008
M,2007,Xavier,110,MO,88,0.314,136,0.17
M,2007,Xander,37,MO,190,0.106,376,0.057
M,2007,Xzavier,6,MO,713,0.017,1523,0.009
M,2007,Xavion,5,MO,788,0.014,1717,0.008
M,2008,Xavier,128,MO,71,0.371,112,0.2
M,2008,Xander,44,MO,181,0.127,334,0.069
M,2008,Xzavier,12,MO,451,0.035,956,0.019
M,2009,Xavier,104,MO,81,0.311,134,0.169
M,2009,Xander,34,MO,205,0.102,391,0.055
M,2009,Xzavier,5,MO,805,0.015,1752,0.008
M,2010,Xavier,108,MO,77,0.331,121,0.18
M,2010,Xander,40,MO,178,0.122,333,0.067
M,2010,Xzavier,10,MO,510,0.031,1044,0.017
M,2010,Xavian,5,MO,792,0.015,1729,0.008
M,2011,Xavier,88,MO,95,0.272,154,0.148
M,2011,Xander,44,MO,177,0.136,313,0.074
M,2011,Xzavier,6,MO,710,0.019,1538,0.01
M,2012,Xavier,98,MO,81,0.309,129,0.167
M,2012,Xander,55,MO,142,0.173,251,0.094
M,2013,Xavier,92,MO,92,0.29,150,0.157
M,2013,Xander,50,MO,156,0.157,280,0.085
M,2013,Xzavier,5,MO,778,0.016,1691,0.009
M,2014,Xavier,90,MO,91,0.278,150,0.151
M,2014,Xander,32,MO,235,0.099,432,0.054
M,2014,Xzavier,11,MO,499,0.034,1012,0.019
M,2015,Xavier,79,MO,102,0.25,175,0.134
M,2015,Xander,43,MO,188,0.136,335,0.073
M,2015,Xzavier,10,MO,520,0.032,1078,0.017
M,2016,Xavier,91,MO,86,0.288,145,0.155
M,2016,Xander,38,MO,208,0.12,380,0.065
M,2016,Xzavier,8,MO,630,0.025,1295,0.014
M,2017,Xavier,86,MO,93,0.281,154,0.152
M,2017,Xander,68,MO,123,0.222,206,0.12
M,2018,Xavier,67,MO,118,0.221,200,0.118
M,2018,Xander,45,MO,175,0.148,313,0.079
M,2018,Xzavier,6,MO,742,0.02,1574,0.011
M,2019,Xavier,76,MO,101,0.256,165,0.137
M,2019,Xander,54,MO,156,0.182,261,0.098
M,2020,Xavier,79,MO,93,0.277,149,0.149
M,2020,Xander,48,MO,170,0.169,286,0.091
M,2020,Xavion,5,MO,827,0.018,1763,0.009
M,2020,Xzavier,5,MO,827,0.018,1763,0.009
M,2021,Xavier,63,MO,123,0.221,202,0.118
M,2021,Xander,49,MO,155,0.172,275,0.092
M,2022,Xavier,51,MO,141,0.183,250,0.098
M,2022,Xander,43,MO,175,0.154,307,0.083
M,2023,Xavier,54,MO,137,0.201,233,0.107
M,2023,Xander,29,MO,236,0.108,440,0.058
M,2024,Xavier,48,MO,144,0.176,254,0.094
M,2024,Xander,29,MO,241,0.106,452,0.057
F,2005,Ximena,5,ID,364,0.073,711,0.032
F,2007,Ximena,6,ID,324,0.084,667,0.036
F,2010,Ximena,7,ID,255,0.11,552,0.047
F,2011,Ximena,9,ID,194,0.147,442,0.063
F,2012,Ximena,5,ID,372,0.079,767,0.035
F,2013,Ximena,11,ID,163,0.178,376,0.078
F,2014,Ximena,15,ID,120,0.233,289,0.102
F,2015,Ximena,16,ID,118,0.247,268,0.111
F,2016,Ximena,16,ID,113,0.249,256,0.11
F,2017,Ximena,12,ID,149,0.19,351,0.084
F,2018,Ximena,10,ID,186,0.167,419,0.073
F,2019,Ximena,12,ID,141,0.191,338,0.085
F,2020,Ximena,15,ID,114,0.246,263,0.108
F,2021,Ximena,10,ID,191,0.156,423,0.069
F,2022,Ximena,13,ID,155,0.201,339,0.09
F,2022,Xiomara,7,ID,276,0.108,594,0.048
F,2023,Ximena,10,ID,196,0.154,422,0.07
F,2023,Xiomara,6,ID,323,0.093,676,0.042
F,2024,Ximena,12,ID,189,0.174,396,0.079
M,1994,Xavier,5,ID,254,0.072,507,0.041
M,1996,Xavier,5,ID,274,0.068,552,0.038
M,1997,Xavier,8,ID,213,0.107,396,0.061
M,2001,Xavier,13,ID,168,0.167,295,0.093
M,2002,Xavier,15,ID,144,0.186,261,0.105
M,2003,Xander,19,ID,131,0.228,222,0.129
M,2003,Xavier,11,ID,195,0.132,358,0.075
M,2004,Xander,15,ID,166,0.173,293,0.099
M,2004,Xavier,9,ID,226,0.104,435,0.059
M,2005,Xavier,15,ID,159,0.174,288,0.097
M,2005,Xander,10,ID,220,0.116,405,0.065
M,2006,Xavier,23,ID,120,0.253,196,0.143
M,2006,Xander,15,ID,168,0.165,286,0.093
M,2007,Xander,22,ID,134,0.235,220,0.133
M,2007,Xavier,18,ID,153,0.192,266,0.109
M,2008,Xander,15,ID,173,0.163,302,0.091
M,2008,Xavier,12,ID,212,0.131,383,0.072
M,2009,Xavier,23,ID,106,0.262,177,0.148
M,2009,Xander,21,ID,124,0.24,203,0.135
M,2010,Xavier,16,ID,154,0.191,263,0.108
M,2010,Xander,11,ID,206,0.131,376,0.074
M,2011,Xander,32,ID,74,0.393,109,0.224
M,2011,Xavier,17,ID,137,0.209,230,0.119
M,2012,Xander,21,ID,111,0.259,182,0.145
M,2012,Xavier,20,ID,120,0.247,193,0.138
M,2013,Xander,28,ID,79,0.351,122,0.198
M,2013,Xavier,22,ID,100,0.276,160,0.155
M,2014,Xavier,19,ID,128,0.228,213,0.129
M,2014,Xander,17,ID,148,0.204,248,0.115
M,2014,Xzavier,5,ID,397,0.06,767,0.034
M,2015,Xander,21,ID,107,0.264,185,0.146
M,2015,Xavier,19,ID,123,0.239,215,0.132
M,2016,Xavier,22,ID,102,0.273,175,0.152
M,2016,Xander,16,ID,144,0.199,256,0.11
M,2017,Xavier,23,ID,93,0.291,158,0.162
M,2017,Xander,14,ID,175,0.177,293,0.098
M,2018,Xander,17,ID,135,0.219,225,0.124
M,2018,Xavier,11,ID,213,0.142,378,0.08
M,2019,Xavier,20,ID,111,0.256,192,0.142
M,2019,Xander,19,ID,120,0.243,204,0.135
M,2020,Xander,19,ID,110,0.246,199,0.137
M,2020,Xavier,19,ID,110,0.246,199,0.137
M,2021,Xavier,18,ID,123,0.225,217,0.125
M,2021,Xander,14,ID,176,0.175,309,0.097
M,2022,Xander,16,ID,141,0.199,264,0.11
M,2022,Xavier,15,ID,156,0.187,291,0.104
M,2023,Xavier,19,ID,122,0.241,211,0.132
M,2023,Xander,6,ID,354,0.076,676,0.042
M,2024,Xavier,24,ID,98,0.29,170,0.158
M,2024,Xander,13,ID,190,0.157,358,0.086
F,2002,Ximena,9,NM,251,0.108,504,0.048
F,2003,Ximena,9,NM,253,0.111,499,0.048
F,2004,Ximena,15,NM,158,0.184,337,0.079
F,2005,Ximena,11,NM,212,0.132,442,0.057
F,2006,Ximena,13,NM,177,0.154,373,0.066
F,2007,Ximena,14,NM,174,0.164,369,0.07
F,2008,Ximena,8,NM,289,0.095,589,0.041
F,2008,Xiomara,5,NM,462,0.059,882,0.025
F,2008,Xochitl,5,NM,462,0.059,882,0.025
F,2009,Ximena,16,NM,134,0.2,311,0.086
F,2010,Ximena,15,NM,131,0.201,313,0.086
F,2011,Ximena,11,NM,175,0.15,398,0.065
F,2012,Ximena,29,NM,52,0.409,142,0.173
F,2013,Ximena,33,NM,41,0.489,118,0.207
F,2014,Ximena,31,NM,44,0.449,128,0.194
F,2015,Ximena,32,NM,39,0.489,116,0.208
F,2016,Ximena,49,NM,11,0.774,54,0.333
F,2017,Ximena,29,NM,37,0.5,112,0.209
F,2017,Xiomara,10,NM,173,0.172,389,0.072
F,2018,Ximena,28,NM,38,0.481,111,0.208
F,2018,Xiomara,7,NM,258,0.12,546,0.052
F,2019,Ximena,34,NM,29,0.603,81,0.257
F,2019,Xiomara,9,NM,187,0.16,430,0.068
F,2020,Ximena,20,NM,63,0.389,160,0.161
F,2020,Xiomara,9,NM,173,0.175,411,0.072
F,2021,Ximena,25,NM,41,0.499,116,0.208
F,2021,Xiomara,19,NM,63,0.38,165,0.158
F,2021,Xyla,6,NM,270,0.12,593,0.05
F,2022,Ximena,22,NM,50,0.444,132,0.19
F,2022,Xiomara,13,NM,111,0.262,263,0.112
F,2023,Ximena,33,NM,16,0.7,54,0.302
F,2023,Xiomara,14,NM,93,0.297,227,0.128
F,2024,Ximena,23,NM,48,0.469,127,0.203
F,2024,Xiomara,11,NM,134,0.224,322,0.097
F,2024,Xochitl,6,NM,265,0.122,575,0.053
M,1963,Xavier,5,NM,327,0.041,702,0.022
M,1964,Xavier,5,NM,324,0.043,692,0.022
M,1974,Xavier,5,NM,301,0.055,639,0.03
M,1975,Xavier,7,NM,244,0.08,505,0.043
M,1976,Xavier,5,NM,313,0.053,653,0.029
M,1977,Xavier,5,NM,307,0.053,649,0.029
M,1978,Xavier,5,NM,313,0.05,658,0.027
M,1982,Xavier,6,NM,301,0.052,631,0.028
M,1983,Xavier,6,NM,306,0.051,621,0.028
M,1984,Xavier,5,NM,333,0.044,730,0.024
M,1985,Xavier,7,NM,271,0.06,562,0.033
M,1986,Xavier,5,NM,339,0.044,722,0.024
M,1987,Xavier,12,NM,194,0.105,367,0.057
M,1988,Xavier,11,NM,200,0.096,379,0.053
M,1989,Xavier,12,NM,199,0.103,373,0.058
M,1990,Xavier,8,NM,268,0.07,518,0.039
M,1991,Xavier,22,NM,119,0.192,220,0.105
M,1992,Xavier,23,NM,125,0.198,228,0.11
M,1993,Xavier,17,NM,148,0.149,286,0.082
M,1994,Xavier,20,NM,141,0.18,257,0.1
M,1995,Xavier,33,NM,87,0.307,155,0.171
M,1996,Xavier,30,NM,95,0.278,172,0.154
M,1997,Xavier,35,NM,80,0.328,136,0.185
M,1998,Xavier,46,NM,59,0.426,99,0.239
M,1999,Xavier,47,NM,65,0.436,98,0.249
M,2000,Xavier,45,NM,67,0.423,101,0.239
M,2001,Xavier,67,NM,45,0.635,59,0.361
M,2002,Xavier,64,NM,42,0.603,60,0.338
M,2003,Xavier,81,NM,28,0.765,37,0.433
M,2003,Xander,18,NM,158,0.17,286,0.096
M,2003,Xzavier,6,NM,327,0.057,683,0.032
M,2004,Xavier,74,NM,38,0.68,47,0.389
M,2004,Xander,13,NM,196,0.119,371,0.068
M,2005,Xavier,83,NM,31,0.761,39,0.432
M,2005,Xander,8,NM,280,0.073,561,0.042
M,2005,Xzavier,5,NM,368,0.046,791,0.026
M,2006,Xavier,94,NM,25,0.827,30,0.475
M,2006,Xander,10,NM,243,0.088,469,0.051
M,2006,Xzavier,10,NM,243,0.088,469,0.051
M,2007,Xavier,96,NM,26,0.837,32,0.48
M,2007,Xander,13,NM,202,0.113,388,0.065
M,2007,Xzavier,5,NM,401,0.044,861,0.025
M,2008,Xavier,87,NM,28,0.78,33,0.443
M,2008,Xander,13,NM,209,0.116,387,0.066
M,2009,Xavier,75,NM,33,0.708,40,0.403
M,2009,Xander,8,NM,284,0.075,570,0.043
M,2009,Xzavier,6,NM,363,0.057,750,0.032
M,2010,Xavier,84,NM,20,0.839,25,0.481
M,2010,Xander,20,NM,134,0.2,229,0.115
M,2011,Xavier,69,NM,27,0.723,35,0.409
M,2011,Xander,12,NM,211,0.126,370,0.071
M,2011,Xzavier,6,NM,341,0.063,701,0.036
M,2012,Xavier,80,NM,23,0.825,27,0.477
M,2012,Xzavier,13,NM,199,0.134,348,0.077
M,2012,Xander,12,NM,211,0.124,375,0.072
M,2013,Xavier,71,NM,23,0.77,28,0.445
M,2013,Xander,14,NM,175,0.152,299,0.088
M,2013,Xzavier,8,NM,277,0.087,519,0.05
M,2014,Xavier,53,NM,43,0.584,58,0.332
M,2014,Xander,22,NM,116,0.242,194,0.138
M,2014,Xzavier,9,NM,250,0.099,465,0.056
M,2015,Xavier,62,NM,31,0.7,40,0.402
M,2015,Xander,13,NM,189,0.147,324,0.084
M,2015,Xzavier,9,NM,262,0.102,473,0.058
M,2016,Xavier,43,NM,52,0.513,72,0.292
M,2016,Xander,22,NM,109,0.263,175,0.15
M,2017,Xavier,48,NM,42,0.593,56,0.345
M,2017,Xander,27,NM,84,0.333,126,0.194
M,2018,Xavier,38,NM,48,0.497,70,0.282
M,2018,Xander,18,NM,123,0.236,202,0.134
M,2019,Xavier,49,NM,32,0.645,46,0.37
M,2019,Xander,22,NM,95,0.29,149,0.166
M,2019,Xzavier,8,NM,272,0.105,482,0.06
M,2020,Xavier,44,NM,37,0.605,50,0.354
M,2020,Xander,19,NM,103,0.261,169,0.153
M,2021,Xavier,38,NM,38,0.542,53,0.316
M,2021,Xander,21,NM,95,0.299,148,0.175
M,2021,Xzavier,5,NM,362,0.071,692,0.042
M,2022,Xavier,31,NM,53,0.466,84,0.267
M,2022,Xander,20,NM,95,0.301,151,0.172
M,2023,Xavier,36,NM,33,0.579,45,0.329
M,2023,Xander,10,NM,186,0.161,326,0.091
M,2024,Xavier,31,NM,47,0.482,69,0.273
M,2024,Xander,16,NM,119,0.249,205,0.141
M,1989,Xavier,9,HI,164,0.13,292,0.075
M,1990,Xavier,6,HI,231,0.083,468,0.047
M,1992,Xavier,8,HI,181,0.117,340,0.069
M,1993,Xavier,13,HI,117,0.199,215,0.115
M,1994,Xavier,10,HI,142,0.157,274,0.09
M,1995,Xavier,7,HI,190,0.118,375,0.068
M,1996,Xavier,9,HI,157,0.158,293,0.091
M,1997,Xavier,7,HI,174,0.133,334,0.078
M,1998,Xavier,16,HI,90,0.309,150,0.178
M,1999,Xavier,10,HI,132,0.199,239,0.118
M,2000,Xavier,12,HI,111,0.231,194,0.137
M,2001,Xavier,16,HI,80,0.341,139,0.197
M,2002,Xavier,17,HI,83,0.334,129,0.203
M,2003,Xavier,20,HI,70,0.389,114,0.231
M,2003,Xander,19,HI,76,0.37,124,0.219
M,2004,Xavier,23,HI,61,0.459,93,0.265
M,2004,Xander,10,HI,141,0.199,255,0.115
M,2005,Xavier,18,HI,77,0.377,119,0.222
M,2005,Xander,7,HI,188,0.146,347,0.087
M,2006,Xavier,12,HI,129,0.235,215,0.138
M,2006,Xander,8,HI,168,0.157,311,0.092
M,2007,Xavier,26,HI,48,0.53,69,0.312
M,2007,Xander,11,HI,137,0.224,235,0.132
M,2007,Xzavier,6,HI,217,0.122,410,0.072
M,2008,Xavier,24,HI,61,0.479,85,0.281
M,2008,Xander,11,HI,135,0.22,235,0.129
M,2009,Xavier,16,HI,87,0.347,136,0.201
M,2009,Xander,11,HI,128,0.239,215,0.138
M,2010,Xavier,14,HI,104,0.291,158,0.174
M,2011,Xavier,24,HI,49,0.5,66,0.294
M,2011,Xander,11,HI,129,0.229,214,0.135
M,2012,Xavier,13,HI,104,0.279,173,0.162
M,2012,Xander,12,HI,117,0.257,197,0.149
M,2012,Xayden,5,HI,271,0.107,511,0.062
M,2013,Xander,18,HI,81,0.372,121,0.222
M,2013,Xavier,17,HI,85,0.351,129,0.21
M,2014,Xander,12,HI,113,0.254,186,0.151
M,2014,Xavier,12,HI,113,0.254,186,0.151
M,2015,Xander,15,HI,91,0.333,144,0.19
M,2015,Xavier,14,HI,97,0.311,158,0.177
M,2016,Xavier,22,HI,57,0.479,83,0.285
M,2016,Xander,8,HI,182,0.174,312,0.104
M,2017,Xander,18,HI,62,0.425,97,0.252
M,2017,Xavier,11,HI,123,0.26,201,0.154
M,2018,Xander,13,HI,90,0.339,145,0.194
M,2018,Xavier,10,HI,127,0.26,220,0.149
M,2019,Xavier,18,HI,55,0.464,84,0.271
M,2019,Xander,12,HI,98,0.31,159,0.181
M,2020,Xander,11,HI,91,0.318,160,0.186
M,2020,Xavier,6,HI,190,0.174,337,0.101
M,2021,Xavier,12,HI,90,0.35,142,0.206
M,2021,Xander,11,HI,97,0.321,163,0.189
M,2022,Xavier,16,HI,48,0.489,82,0.282
M,2022,Xander,5,HI,233,0.153,411,0.088
M,2023,Xavier,9,HI,118,0.295,195,0.17
M,2023,Xander,8,HI,131,0.263,227,0.151
M,2024,Xavier,11,HI,80,0.387,134,0.217
M,2024,Xander,6,HI,173,0.211,315,0.118
F,2007,Ximena,6,IA,482,0.043,916,0.02
F,2008,Ximena,6,IA,476,0.044,924,0.02
F,2011,Ximena,10,IA,315,0.08,636,0.036
F,2012,Ximena,5,IA,563,0.04,1094,0.018
F,2013,Ximena,11,IA,293,0.086,601,0.039
F,2014,Ximena,18,IA,195,0.139,413,0.063
F,2015,Ximena,13,IA,248,0.101,540,0.045
F,2016,Ximena,24,IA,147,0.185,324,0.085
F,2017,Ximena,20,IA,161,0.161,357,0.073
F,2018,Ximena,14,IA,239,0.114,509,0.053
F,2019,Ximena,21,IA,149,0.173,342,0.079
F,2019,Xiomara,6,IA,500,0.049,986,0.023
F,2020,Ximena,15,IA,227,0.13,470,0.06
F,2021,Ximena,12,IA,269,0.103,572,0.047
F,2021,Xiomara,6,IA,497,0.051,999,0.023
F,2022,Ximena,11,IA,277,0.095,611,0.043
F,2022,Xiomara,9,IA,351,0.078,732,0.035
F,2023,Ximena,12,IA,273,0.102,577,0.048
F,2024,Ximena,19,IA,165,0.164,374,0.075
F,2024,Xiomara,6,IA,507,0.052,1009,0.024
M,1993,Xavier,7,IA,284,0.04,609,0.022
M,1994,Xavier,11,IA,221,0.065,450,0.035
M,1995,Xavier,10,IA,225,0.061,464,0.033
M,1996,Xavier,10,IA,249,0.06,508,0.032
M,1997,Xavier,19,IA,166,0.117,322,0.063
M,1998,Xavier,11,IA,233,0.067,485,0.036
M,1999,Xavier,11,IA,242,0.066,506,0.036
M,2000,Xavier,13,IA,233,0.078,478,0.042
M,2001,Xavier,23,IA,164,0.143,309,0.077
M,2001,Xander,6,IA,368,0.037,770,0.02
M,2002,Xavier,29,IA,145,0.178,260,0.097
M,2002,Xander,9,IA,297,0.055,602,0.03
M,2003,Xander,27,IA,146,0.166,269,0.09
M,2003,Xavier,22,IA,168,0.135,315,0.073
M,2004,Xavier,37,IA,122,0.229,208,0.124
M,2004,Xander,25,IA,159,0.155,292,0.084
M,2004,Xzavier,5,IA,444,0.031,960,0.017
M,2005,Xavier,26,IA,160,0.158,294,0.086
M,2005,Xander,25,IA,163,0.152,300,0.083
M,2006,Xander,27,IA,157,0.159,279,0.087
M,2006,Xavier,26,IA,162,0.153,289,0.084
M,2007,Xavier,37,IA,121,0.223,208,0.121
M,2007,Xander,16,IA,229,0.096,440,0.052
M,2008,Xavier,44,IA,106,0.267,172,0.147
M,2008,Xander,22,IA,186,0.134,341,0.073
M,2009,Xavier,55,IA,77,0.348,121,0.189
M,2009,Xander,24,IA,170,0.152,302,0.083
M,2010,Xavier,43,IA,93,0.281,159,0.153
M,2010,Xander,21,IA,182,0.137,341,0.075
M,2011,Xavier,47,IA,91,0.312,148,0.171
M,2011,Xander,30,IA,143,0.199,249,0.109
M,2011,Xzavier,6,IA,436,0.04,902,0.022
M,2012,Xavier,33,IA,126,0.218,219,0.119
M,2012,Xander,29,IA,144,0.192,255,0.105
M,2012,Xzavier,5,IA,532,0.033,1094,0.018
M,2013,Xavier,32,IA,133,0.21,227,0.114
M,2013,Xander,27,IA,149,0.177,275,0.096
M,2014,Xavier,34,IA,130,0.216,219,0.118
M,2014,Xander,26,IA,166,0.165,300,0.091
M,2014,Xzavier,5,IA,544,0.032,1114,0.017
M,2015,Xavier,38,IA,114,0.241,192,0.133
M,2015,Xander,25,IA,173,0.159,310,0.087
M,2016,Xavier,34,IA,137,0.223,222,0.12
M,2016,Xander,17,IA,230,0.112,423,0.06
M,2017,Xander,35,IA,124,0.236,206,0.128
M,2017,Xavier,34,IA,129,0.229,214,0.125
M,2018,Xander,33,IA,126,0.23,207,0.124
M,2018,Xavier,28,IA,148,0.195,242,0.105
M,2019,Xavier,30,IA,140,0.209,237,0.113
M,2019,Xander,21,IA,194,0.146,342,0.079
M,2020,Xavier,30,IA,135,0.221,223,0.12
M,2020,Xander,23,IA,172,0.17,296,0.092
M,2021,Xander,23,IA,174,0.164,309,0.089
M,2021,Xavier,21,IA,188,0.15,344,0.082
M,2022,Xander,23,IA,171,0.165,302,0.09
M,2022,Xavier,20,IA,201,0.144,356,0.078
M,2023,Xander,19,IA,196,0.143,367,0.076
M,2023,Xavier,16,IA,233,0.12,446,0.064
M,2024,Xavier,19,IA,210,0.139,374,0.075
M,2024,Xander,14,IA,266,0.102,493,0.055
F,1998,Xena,5,CO,734,0.022,1312,0.01
F,2000,Xiomara,5,CO,790,0.021,1393,0.01
F,2001,Ximena,11,CO,464,0.045,864,0.021
F,2001,Xitlaly,6,CO,714,0.025,1288,0.011
F,2002,Ximena,16,CO,344,0.064,672,0.029
F,2002,Xiomara,6,CO,722,0.024,1314,0.011
F,2003,Ximena,19,CO,300,0.075,592,0.034
F,2004,Ximena,29,CO,207,0.117,431,0.053
F,2004,Xitlaly,9,CO,571,0.036,1051,0.017
F,2004,Xitlali,6,CO,743,0.024,1343,0.011
F,2005,Ximena,32,CO,194,0.129,415,0.059
F,2005,Xitlaly,8,CO,608,0.032,1122,0.015
F,2005,Xitlali,7,CO,674,0.028,1231,0.013
F,2005,Xiomara,5,CO,879,0.02,1579,0.009
F,2006,Ximena,21,CO,290,0.083,578,0.038
F,2007,Ximena,21,CO,293,0.084,586,0.038
F,2008,Ximena,28,CO,208,0.114,447,0.052
F,2009,Ximena,22,CO,256,0.092,537,0.042
F,2009,Xochitl,8,CO,617,0.034,1176,0.015
F,2010,Ximena,30,CO,187,0.131,420,0.06
F,2010,Xiomara,7,CO,677,0.031,1283,0.014
F,2010,Xochitl,5,CO,887,0.022,1637,0.01
F,2011,Ximena,27,CO,197,0.121,437,0.055
F,2011,Xiomara,7,CO,671,0.031,1252,0.014
F,2012,Ximena,26,CO,214,0.116,465,0.052
F,2013,Ximena,32,CO,176,0.141,392,0.065
F,2013,Xochitl,6,CO,772,0.026,1443,0.012
F,2014,Ximena,63,CO,75,0.271,187,0.125
F,2015,Ximena,72,CO,59,0.308,163,0.141
F,2015,Xiomara,9,CO,569,0.038,1119,0.018
F,2016,Ximena,65,CO,76,0.276,190,0.127
F,2016,Xiomara,5,CO,916,0.021,1686,0.01
F,2016,Xitlali,5,CO,916,0.021,1686,0.01
F,2017,Ximena,64,CO,72,0.283,181,0.13
F,2017,Xiomara,11,CO,473,0.049,938,0.022
F,2018,Ximena,58,CO,80,0.261,194,0.121
F,2018,Xiomara,11,CO,471,0.049,945,0.023
F,2019,Ximena,53,CO,89,0.241,219,0.111
F,2019,Xiomara,8,CO,612,0.036,1188,0.017
F,2019,Xena,6,CO,758,0.027,1456,0.013
F,2020,Ximena,62,CO,69,0.288,178,0.133
F,2020,Xiomara,15,CO,354,0.07,733,0.032
F,2021,Ximena,63,CO,72,0.285,185,0.131
F,2021,Xiomara,17,CO,328,0.077,686,0.035
F,2021,Xena,8,CO,632,0.036,1223,0.017
F,2021,Xitlali,6,CO,758,0.027,1480,0.013
F,2022,Ximena,58,CO,82,0.266,194,0.123
F,2022,Xiomara,21,CO,251,0.096,552,0.044
F,2022,Xolani,8,CO,628,0.037,1218,0.017
F,2022,Xyla,6,CO,765,0.028,1480,0.013
F,2022,Xitlali,5,CO,869,0.023,1668,0.011
F,2023,Ximena,52,CO,94,0.241,224,0.112
F,2023,Xiomara,27,CO,193,0.125,424,0.058
F,2023,Xitlali,6,CO,773,0.028,1494,0.013
F,2023,Xochitl,6,CO,773,0.028,1494,0.013
F,2024,Ximena,41,CO,130,0.181,287,0.084
F,2024,Xiomara,21,CO,291,0.093,585,0.043
F,2024,Xolani,8,CO,622,0.035,1245,0.016
F,2024,Xyla,6,CO,772,0.026,1515,0.012
F,2024,Xochitl,5,CO,892,0.022,1730,0.01
M,1986,Xavier,6,CO,366,0.024,861,0.013
M,1988,Xavier,10,CO,281,0.041,619,0.022
M,1989,Xavier,14,CO,228,0.058,494,0.031
M,1990,Xavier,15,CO,234,0.061,481,0.033
M,1991,Xavier,17,CO,215,0.07,440,0.038
M,1992,Xavier,27,CO,162,0.109,320,0.059
M,1993,Xavier,32,CO,149,0.132,298,0.072
M,1994,Xavier,36,CO,142,0.148,265,0.081
M,1995,Xavier,26,CO,178,0.106,351,0.058
M,1996,Xavier,34,CO,155,0.137,294,0.074
M,1997,Xavier,46,CO,133,0.184,234,0.1
M,1998,Xavier,38,CO,159,0.145,294,0.078
M,1999,Xavier,63,CO,108,0.231,190,0.125
M,1999,Xander,5,CO,603,0.018,1375,0.01
M,2000,Xavier,67,CO,108,0.236,189,0.128
M,2000,Xander,6,CO,553,0.021,1253,0.011
M,2001,Xavier,71,CO,107,0.243,182,0.132
M,2001,Xander,10,CO,433,0.034,932,0.019
M,2002,Xavier,77,CO,106,0.257,176,0.14
M,2002,Xander,13,CO,373,0.043,774,0.024
M,2002,Xzavier,6,CO,593,0.02,1314,0.011
M,2003,Xavier,97,CO,84,0.32,134,0.175
M,2003,Xander,41,CO,175,0.135,319,0.074
M,2003,Xzavier,10,CO,438,0.033,950,0.018
M,2004,Xavier,97,CO,84,0.327,136,0.179
M,2004,Xander,24,CO,262,0.081,512,0.044
M,2005,Xavier,102,CO,83,0.34,124,0.186
M,2005,Xander,22,CO,279,0.073,554,0.04
M,2005,Xzavier,14,CO,368,0.047,750,0.026
M,2006,Xavier,125,CO,65,0.413,94,0.225
M,2006,Xander,33,CO,213,0.109,402,0.059
M,2006,Xzavier,6,CO,647,0.02,1449,0.011
M,2007,Xavier,128,CO,64,0.426,90,0.233
M,2007,Xander,37,CO,190,0.123,351,0.067
M,2007,Xzavier,7,CO,604,0.023,1306,0.013
M,2008,Xavier,109,CO,76,0.367,107,0.201
M,2008,Xander,27,CO,248,0.091,469,0.05
M,2008,Xzavier,16,CO,370,0.054,735,0.03
M,2009,Xavier,113,CO,67,0.393,95,0.215
M,2009,Xander,34,CO,212,0.118,380,0.065
M,2009,Xzavier,15,CO,371,0.052,754,0.029
M,2010,Xavier,108,CO,68,0.393,97,0.214
M,2010,Xander,37,CO,186,0.135,323,0.073
M,2010,Xzavier,12,CO,419,0.044,866,0.024
M,2010,Xavi,8,CO,552,0.029,1165,0.016
M,2011,Xavier,99,CO,72,0.366,106,0.2
M,2011,Xander,48,CO,144,0.177,250,0.097
M,2011,Xzavier,13,CO,393,0.048,800,0.026
M,2011,Xavi,5,CO,731,0.018,1599,0.01
M,2012,Xavier,94,CO,76,0.346,106,0.19
M,2012,Xander,52,CO,134,0.192,225,0.105
M,2012,Xavi,5,CO,753,0.018,1630,0.01
M,2012,Xzavier,5,CO,753,0.018,1630,0.01
M,2013,Xavier,96,CO,70,0.358,100,0.194
M,2013,Xander,46,CO,150,0.172,268,0.093
M,2013,Xzavier,10,CO,478,0.037,984,0.02
M,2014,Xavier,81,CO,89,0.297,138,0.16
M,2014,Xander,42,CO,170,0.154,310,0.083
M,2014,Xzavier,9,CO,533,0.033,1092,0.018
M,2014,Xavi,5,CO,770,0.018,1693,0.01
M,2015,Xavier,69,CO,110,0.249,173,0.135
M,2015,Xander,36,CO,204,0.13,364,0.071
M,2015,Xzavier,8,CO,588,0.029,1194,0.016
M,2015,Xavion,5,CO,783,0.018,1660,0.01
M,2016,Xavier,79,CO,92,0.287,150,0.155
M,2016,Xander,53,CO,140,0.192,238,0.104
M,2016,Xzavier,8,CO,594,0.029,1229,0.016
M,2017,Xavier,76,CO,92,0.287,145,0.155
M,2017,Xander,53,CO,128,0.2,222,0.108
M,2017,Xaiden,7,CO,623,0.026,1323,0.014
M,2017,Xzavier,5,CO,758,0.019,1656,0.01
M,2018,Xavier,80,CO,88,0.31,136,0.167
M,2018,Xander,36,CO,183,0.14,334,0.075
M,2018,Xzavier,7,CO,634,0.027,1308,0.015
M,2019,Xavier,75,CO,92,0.291,150,0.157
M,2019,Xander,55,CO,120,0.213,205,0.115
M,2019,Xaiden,6,CO,699,0.023,1456,0.013
M,2019,Xzavier,6,CO,699,0.023,1456,0.013
M,2020,Xavier,70,CO,89,0.279,146,0.15
M,2020,Xander,53,CO,121,0.211,211,0.114
M,2020,Xavion,5,CO,793,0.02,1649,0.011
M,2020,Xzavier,5,CO,793,0.02,1649,0.011
M,2021,Xavier,59,CO,121,0.229,199,0.123
M,2021,Xander,40,CO,168,0.155,297,0.083
M,2021,Xavian,5,CO,805,0.019,1679,0.01
M,2022,Xavier,79,CO,73,0.311,124,0.167
M,2022,Xander,47,CO,142,0.185,245,0.1
M,2023,Xavier,67,CO,100,0.27,161,0.144
M,2023,Xander,35,CO,180,0.141,321,0.075
M,2023,Xavion,6,CO,722,0.024,1494,0.013
M,2024,Xavier,54,CO,128,0.207,216,0.111
M,2024,Xander,29,CO,228,0.111,422,0.06
M,2024,Xayden,5,CO,839,0.019,1730,0.01
F,1952,Xenia,7,NY,910,0.005,1542,0.002
F,1958,Xiomara,7,NY,1097,0.004,1832,0.002
F,1959,Xiomara,10,NY,896,0.006,1542,0.003
F,1960,Xiomara,8,NY,1017,0.005,1748,0.002
F,1960,Xenia,5,NY,1296,0.003,2211,0.001
F,1961,Xiomara,9,NY,963,0.005,1644,0.003
F,1962,Xiomara,11,NY,878,0.007,1510,0.003
F,1963,Xiomara,10,NY,917,0.006,1580,0.003
F,1964,Xiomara,11,NY,891,0.007,1548,0.003
F,1964,Xenia,5,NY,1377,0.003,2336,0.002
F,1966,Xiomara,8,NY,1059,0.005,1788,0.003
F,1966,Xenia,6,NY,1267,0.004,2120,0.002
F,1967,Xiomara,7,NY,1165,0.005,1949,0.002
F,1968,Xenia,5,NY,1453,0.004,2383,0.002
F,1968,Xiomara,5,NY,1453,0.004,2383,0.002
F,1969,Xiomara,8,NY,1132,0.006,1916,0.003
F,1970,Xiomara,14,NY,851,0.01,1474,0.005
F,1970,Xenia,6,NY,1443,0.004,2412,0.002
F,1971,Xiomara,11,NY,940,0.009,1621,0.004
F,1972,Xiomara,22,NY,579,0.02,1026,0.009
F,1973,Xiomara,9,NY,1024,0.009,1754,0.004
F,1974,Xiomara,13,NY,808,0.013,1411,0.006
F,1974,Xenia,9,NY,1041,0.009,1780,0.004
F,1975,Xiomara,17,NY,711,0.017,1236,0.008
F,1976,Xiomara,21,NY,603,0.021,1062,0.01
F,1976,Xenia,5,NY,1605,0.005,2716,0.002
F,1977,Xiomara,39,NY,407,0.038,727,0.018
F,1977,Xenia,5,NY,1644,0.005,2739,0.002
F,1978,Xiomara,30,NY,474,0.031,836,0.014
F,1978,Xenia,6,NY,1416,0.006,2404,0.003
F,1979,Xiomara,27,NY,516,0.027,908,0.013
F,1980,Xiomara,23,NY,569,0.023,1001,0.011
F,1981,Xiomara,18,NY,686,0.018,1189,0.008
F,1981,Xenia,9,NY,1078,0.009,1826,0.004
F,1982,Xiomara,20,NY,637,0.019,1115,0.009
F,1983,Xiomara,30,NY,481,0.029,858,0.014
F,1984,Xiomara,23,NY,575,0.022,1013,0.01
F,1984,Xenia,6,NY,1443,0.006,2449,0.003
F,1985,Xiomara,23,NY,597,0.022,1053,0.01
F,1985,Xenia,6,NY,1505,0.006,2545,0.003
F,1986,Xiomara,32,NY,477,0.029,849,0.014
F,1986,Xenia,7,NY,1380,0.006,2349,0.003
F,1987,Xiomara,24,NY,592,0.021,1055,0.01
F,1987,Xenia,9,NY,1202,0.008,2031,0.004
F,1988,Xiomara,22,NY,662,0.019,1165,0.009
F,1988,Xenia,8,NY,1332,0.007,2285,0.003
F,1989,Xiomara,27,NY,583,0.023,1056,0.011
F,1990,Xiomara,32,NY,539,0.026,972,0.012
F,1990,Xenia,6,NY,1702,0.005,2974,0.002
F,1991,Xiomara,25,NY,625,0.021,1138,0.01
F,1991,Xenia,7,NY,1566,0.006,2699,0.003
F,1992,Xiomara,27,NY,600,0.023,1090,0.011
F,1992,Xenia,8,NY,1403,0.007,2465,0.003
F,1992,Xavia,5,NY,1981,0.004,3447,0.002
F,1992,Ximena,5,NY,1981,0.004,3447,0.002
F,1993,Xiomara,25,NY,629,0.022,1152,0.01
F,1993,Xiao,7,NY,1554,0.006,2720,0.003
F,1993,Xenia,6,NY,1733,0.005,3031,0.002
F,1994,Xiomara,26,NY,588,0.023,1090,0.011
F,1994,Xavier,5,NY,1979,0.004,3475,0.002
F,1994,Xenia,5,NY,1979,0.004,3475,0.002
F,1995,Xiomara,28,NY,566,0.026,1062,0.012
F,1995,Xena,8,NY,1413,0.007,2495,0.003
F,1995,Xiao,6,NY,1706,0.006,3019,0.003
F,1996,Xena,31,NY,510,0.03,969,0.014
F,1996,Xiomara,15,NY,898,0.014,1611,0.007
F,1996,Xiara,9,NY,1296,0.009,2316,0.004
F,1996,Xenia,6,NY,1716,0.006,3070,0.003
F,1997,Xena,28,NY,552,0.028,1028,0.013
F,1997,Xiomara,20,NY,702,0.02,1295,0.009
F,1997,Xenia,6,NY,1695,0.006,3028,0.003
F,1998,Xiomara,13,NY,983,0.013,1797,0.006
F,1998,Xena,8,NY,1405,0.008,2538,0.004
F,1998,Xenia,7,NY,1559,0.007,2792,0.003
F,1998,Xiara,5,NY,1976,0.005,3529,0.002
F,1998,Xochitl,5,NY,1976,0.005,3529,0.002
F,1999,Xiomara,17,NY,831,0.017,1483,0.008
F,1999,Xena,7,NY,1549,0.007,2770,0.003
F,1999,Xin,5,NY,2004,0.005,3564,0.002
F,2000,Xiomara,19,NY,761,0.019,1409,0.009
F,2000,Xin,7,NY,1622,0.007,2916,0.003
F,2000,Xiao,5,NY,2061,0.005,3661,0.002
F,2000,Xue,5,NY,2061,0.005,3661,0.002
F,2001,Xiomara,17,NY,848,0.017,1533,0.008
F,2001,Xin,9,NY,1367,0.009,2440,0.004
F,2001,Xena,7,NY,1662,0.007,2930,0.003
F,2002,Ximena,9,NY,1346,0.009,2432,0.004
F,2002,Xiomara,8,NY,1474,0.008,2650,0.004
F,2002,Xin,7,NY,1636,0.007,2927,0.003
F,2002,Xenia,5,NY,2075,0.005,3666,0.002
F,2003,Xiomara,13,NY,1058,0.013,1900,0.006
F,2003,Xin,9,NY,1381,0.009,2466,0.004
F,2003,Ximena,8,NY,1500,0.008,2685,0.004
F,2003,Xenia,7,NY,1651,0.007,2938,0.003
F,2004,Xiomara,17,NY,878,0.018,1586,0.008
F,2004,Xin,11,NY,1202,0.011,2179,0.005
F,2004,Ximena,10,NY,1284,0.01,2326,0.005
F,2004,Xochitl,7,NY,1676,0.007,2985,0.003
F,2004,Xiara,5,NY,2120,0.005,3777,0.002
F,2005,Xiomara,36,NY,494,0.038,911,0.018
F,2005,Ximena,12,NY,1127,0.013,2035,0.006
F,2005,Xin,12,NY,1127,0.013,2035,0.006
F,2005,Xochilt,6,NY,1854,0.006,3354,0.003
F,2005,Xitlali,5,NY,2117,0.005,3811,0.002
F,2005,Xochitl,5,NY,2117,0.005,3811,0.002
F,2006,Xiomara,25,NY,666,0.026,1231,0.012
F,2006,Xaria,11,NY,1263,0.011,2277,0.005
F,2006,Xin,10,NY,1358,0.01,2450,0.005
F,2006,Xiao,6,NY,1944,0.006,3491,0.003
F,2006,Ximena,6,NY,1944,0.006,3491,0.003
F,2007,Xiomara,20,NY,814,0.02,1482,0.01
F,2007,Ximena,16,NY,959,0.016,1749,0.008
F,2007,Xin,14,NY,1074,0.014,1947,0.007
F,2007,Xochitl,7,NY,1772,0.007,3184,0.003
F,2007,Xena,5,NY,2254,0.005,4042,0.002
F,2008,Xiomara,18,NY,892,0.019,1622,0.009
F,2008,Ximena,12,NY,1202,0.013,2177,0.006
F,2008,Xaria,5,NY,2258,0.005,4051,0.002
F,2009,Xiomara,23,NY,749,0.024,1385,0.011
F,2009,Ximena,13,NY,1114,0.014,2075,0.006
F,2009,Xenia,6,NY,1992,0.006,3583,0.003
F,2010,Xiomara,20,NY,823,0.021,1517,0.01
F,2010,Ximena,17,NY,930,0.018,1702,0.009
F,2010,Xenia,7,NY,1752,0.008,3219,0.004
F,2010,Xaria,6,NY,1960,0.006,3597,0.003
F,2011,Ximena,25,NY,701,0.027,1283,0.013
F,2011,Xiomara,11,NY,1274,0.012,2325,0.006
F,2011,Xochitl,6,NY,1953,0.006,3526,0.003
F,2011,Xin,5,NY,2209,0.005,3992,0.003
F,2012,Ximena,23,NY,741,0.025,1363,0.012
F,2012,Xiomara,10,NY,1379,0.011,2509,0.005
F,2012,Xena,7,NY,1756,0.008,3207,0.004
F,2012,Xin,6,NY,1962,0.007,3559,0.003
F,2013,Ximena,31,NY,585,0.034,1073,0.016
F,2013,Xiomara,11,NY,1238,0.012,2296,0.006
F,2013,Xena,5,NY,2158,0.005,3918,0.003
F,2013,Xenia,5,NY,2158,0.005,3918,0.003
F,2014,Ximena,37,NY,499,0.04,934,0.019
F,2014,Xiomara,11,NY,1284,0.012,2345,0.006
F,2014,Xyla,5,NY,2203,0.005,4013,0.003
F,2015,Ximena,38,NY,486,0.042,912,0.02
F,2015,Xiomara,9,NY,1491,0.01,2731,0.005
F,2015,Xena,7,NY,1762,0.008,3243,0.004
F,2015,Xenia,5,NY,2215,0.005,4044,0.003
F,2016,Ximena,40,NY,459,0.045,884,0.021
F,2016,Xiomara,7,NY,1732,0.008,3158,0.004
F,2016,Xyla,6,NY,1916,0.007,3494,0.003
F,2016,Xena,5,NY,2182,0.006,3986,0.003
F,2016,Xenia,5,NY,2182,0.006,3986,0.003
F,2017,Ximena,47,NY,394,0.053,760,0.025
F,2017,Xiomara,13,NY,1138,0.015,2067,0.007
F,2017,Xena,10,NY,1358,0.011,2462,0.005
F,2018,Ximena,47,NY,382,0.054,749,0.026
F,2018,Xena,10,NY,1336,0.012,2462,0.005
F,2018,Xiomara,9,NY,1439,0.01,2650,0.005
F,2018,Xochitl,5,NY,2174,0.006,3939,0.003
F,2018,Xyla,5,NY,2174,0.006,3939,0.003
F,2019,Ximena,34,NY,514,0.04,976,0.019
F,2019,Xena,12,NY,1172,0.014,2166,0.007
F,2019,Xyla,9,NY,1449,0.011,2672,0.005
F,2019,Xiomara,6,NY,1888,0.007,3464,0.003
F,2019,Xinyi,5,NY,2113,0.006,3876,0.003
F,2020,Ximena,39,NY,452,0.049,865,0.023
F,2020,Xiomara,14,NY,1012,0.018,1885,0.008
F,2020,Xena,12,NY,1141,0.015,2123,0.007
F,2020,Xyla,8,NY,1513,0.01,2794,0.005
F,2020,Xolani,6,NY,1813,0.008,3351,0.004
F,2021,Ximena,31,NY,553,0.038,1057,0.018
F,2021,Xiomara,27,NY,618,0.033,1185,0.016
F,2021,Xyla,11,NY,1226,0.014,2272,0.006
F,2021,Xena,10,NY,1317,0.012,2446,0.006
F,2021,Xolani,8,NY,1533,0.01,2859,0.005
F,2022,Ximena,34,NY,502,0.042,969,0.02
F,2022,Xena,17,NY,889,0.021,1664,0.01
F,2022,Xyla,17,NY,889,0.021,1664,0.01
F,2022,Xiomara,16,NY,941,0.02,1754,0.01
F,2022,Xareni,6,NY,1863,0.007,3455,0.004
F,2022,Xenia,6,NY,1863,0.007,3455,0.004
F,2022,Xolani,6,NY,1863,0.007,3455,0.004
F,2022,Xaria,5,NY,2111,0.006,3912,0.003
F,2023,Ximena,29,NY,582,0.037,1112,0.018
F,2023,Xyla,19,NY,820,0.024,1554,0.012
F,2023,Xiomara,17,NY,895,0.022,1685,0.01
F,2023,Xena,15,NY,967,0.019,1838,0.009
F,2023,Xenia,7,NY,1651,0.009,3068,0.004
F,2023,Xochitl,6,NY,1816,0.008,3397,0.004
F,2023,Xolani,6,NY,1816,0.008,3397,0.004
F,2023,Xuri,6,NY,1816,0.008,3397,0.004
F,2024,Ximena,39,NY,446,0.05,878,0.024
F,2024,Xiomara,21,NY,754,0.027,1442,0.013
F,2024,Xyla,13,NY,1108,0.017,2081,0.008
F,2024,Xena,9,NY,1407,0.011,2643,0.005
F,2024,Xolani,8,NY,1522,0.01,2858,0.005
F,2024,Xareni,7,NY,1652,0.009,3117,0.004
F,2024,Xuri,7,NY,1652,0.009,3117,0.004
F,2024,Xylah,5,NY,2056,0.006,3883,0.003
M,1916,Xavier,7,NY,498,0.009,1054,0.004
M,1930,Xavier,5,NY,627,0.005,1338,0.003
M,1939,Xavier,5,NY,551,0.006,1251,0.003
M,1948,Xavier,6,NY,620,0.004,1513,0.002
M,1953,Xavier,8,NY,611,0.005,1455,0.003
M,1954,Xavier,9,NY,603,0.005,1439,0.003
M,1955,Xavier,7,NY,689,0.004,1680,0.002
M,1956,Xavier,5,NY,847,0.003,2045,0.001
M,1957,Xavier,13,NY,547,0.007,1289,0.004
M,1958,Xavier,7,NY,736,0.004,1832,0.002
M,1959,Xavier,10,NY,647,0.006,1542,0.003
M,1960,Xavier,8,NY,732,0.004,1748,0.002
M,1961,Xavier,15,NY,540,0.008,1281,0.004
M,1962,Xavier,16,NY,524,0.009,1237,0.005
M,1963,Xavier,16,NY,532,0.009,1252,0.005
M,1964,Xavier,9,NY,721,0.005,1710,0.003
M,1965,Xavier,14,NY,560,0.009,1328,0.004
M,1966,Xavier,23,NY,435,0.015,1027,0.008
M,1967,Xavier,19,NY,480,0.013,1139,0.007
M,1968,Xavier,20,NY,474,0.014,1119,0.007
M,1969,Xavier,16,NY,544,0.011,1296,0.006
M,1970,Xavier,28,NY,423,0.018,995,0.009
M,1971,Xavier,21,NY,481,0.015,1112,0.008
M,1972,Xavier,16,NY,524,0.013,1225,0.007
M,1973,Xavier,14,NY,564,0.012,1323,0.006
M,1974,Xavier,23,NY,433,0.02,995,0.011
M,1975,Xavier,20,NY,480,0.018,1103,0.009
M,1976,Xavier,19,NY,491,0.017,1135,0.009
M,1977,Xavier,24,NY,437,0.021,1008,0.011
M,1978,Xavier,21,NY,446,0.019,1063,0.01
M,1979,Xavier,13,NY,599,0.012,1461,0.006
M,1980,Xavier,21,NY,454,0.019,1061,0.01
M,1981,Xavier,20,NY,465,0.018,1093,0.009
M,1982,Xavier,33,NY,354,0.028,800,0.015
M,1983,Xavier,65,NY,232,0.056,492,0.03
M,1984,Xavier,65,NY,246,0.056,508,0.029
M,1985,Xavier,73,NY,226,0.06,464,0.032
M,1986,Xavier,86,NY,201,0.07,411,0.037
M,1987,Xavier,109,NY,159,0.087,339,0.046
M,1988,Xavier,106,NY,175,0.082,355,0.043
M,1989,Xavier,140,NY,143,0.104,294,0.055
M,1990,Xavier,119,NY,169,0.086,341,0.046
M,1991,Xavier,150,NY,140,0.112,282,0.059
M,1992,Xavier,221,NY,95,0.167,206,0.089
M,1993,Xavier,214,NY,99,0.166,201,0.088
M,1994,Xavier,190,NY,109,0.151,225,0.08
M,1994,Xzavier,10,NY,938,0.008,2143,0.004
M,1994,Xiao,5,NY,1497,0.004,3475,0.002
M,1995,Xavier,184,NY,117,0.15,236,0.08
M,1996,Xavier,190,NY,110,0.16,222,0.085
M,1997,Xavier,190,NY,107,0.165,218,0.088
M,1997,Xzavier,9,NY,1004,0.008,2285,0.004
M,1997,Xander,5,NY,1512,0.004,3443,0.002
M,1998,Xavier,205,NY,106,0.178,200,0.095
M,1998,Xzavier,8,NY,1134,0.007,2538,0.004
M,1999,Xavier,215,NY,97,0.189,189,0.101
M,1999,Xander,6,NY,1366,0.005,3110,0.003
M,1999,Xzavier,5,NY,1561,0.004,3564,0.002
M,2000,Xavier,292,NY,80,0.255,142,0.136
M,2000,Xander,11,NY,933,0.01,2101,0.005
M,2000,Xzavier,6,NY,1427,0.005,3236,0.003
M,2001,Xavier,294,NY,82,0.263,144,0.14
M,2001,Xzavier,11,NY,952,0.01,2125,0.005
M,2001,Xander,10,NY,998,0.009,2258,0.005
M,2001,Xaiver,5,NY,1641,0.004,3738,0.002
M,2002,Xavier,315,NY,74,0.286,130,0.152
M,2002,Xander,13,NY,822,0.012,1849,0.006
M,2002,Xzavier,12,NY,873,0.011,1957,0.006
M,2002,Xavion,6,NY,1425,0.005,3242,0.003
M,2003,Xavier,315,NY,78,0.282,136,0.15
M,2003,Xander,51,NY,327,0.046,670,0.024
M,2003,Xzavier,20,NY,626,0.018,1384,0.01
M,2004,Xavier,303,NY,80,0.276,140,0.147
M,2004,Xander,33,NY,441,0.03,958,0.016
M,2004,Xzavier,10,NY,1043,0.009,2326,0.005
M,2004,Xavian,8,NY,1194,0.007,2710,0.004
M,2004,Xaiver,5,NY,1658,0.005,3777,0.002
M,2005,Xavier,306,NY,78,0.283,135,0.15
M,2005,Xander,39,NY,397,0.036,861,0.019
M,2005,Xzavier,15,NY,774,0.014,1735,0.007
M,2005,Xavion,9,NY,1125,0.008,2517,0.004
M,2006,Xavier,405,NY,60,0.37,98,0.197
M,2006,Xander,38,NY,426,0.035,903,0.018
M,2006,Xzavier,19,NY,692,0.017,1510,0.009
M,2006,Xaviar,5,NY,1732,0.005,3926,0.002
M,2007,Xavier,412,NY,60,0.372,94,0.198
M,2007,Xander,37,NY,431,0.033,932,0.018
M,2007,Xzavier,18,NY,737,0.016,1619,0.009
M,2007,Xavior,6,NY,1567,0.005,3542,0.003
M,2007,Xaiver,5,NY,1789,0.005,4042,0.002
M,2007,Xavion,5,NY,1789,0.005,4042,0.002
M,2007,Xzavion,5,NY,1789,0.005,4042,0.002
M,2008,Xavier,434,NY,51,0.398,81,0.212
M,2008,Xander,46,NY,371,0.042,779,0.022
M,2008,Xzavier,19,NY,711,0.017,1552,0.009
M,2008,Xavien,7,NY,1438,0.006,3238,0.003
M,2008,Xavian,6,NY,1588,0.005,3603,0.003
M,2008,Xavion,6,NY,1588,0.005,3603,0.003
M,2008,Xzavion,5,NY,1794,0.005,4051,0.002
M,2009,Xavier,420,NY,54,0.39,83,0.207
M,2009,Xander,40,NY,409,0.037,870,0.02
M,2009,Xzavier,18,NY,761,0.017,1648,0.009
M,2009,Xavior,6,NY,1592,0.006,3583,0.003
M,2009,Xavi,5,NY,1809,0.005,4072,0.002
M,2009,Xavian,5,NY,1809,0.005,4072,0.002
M,2010,Xavier,407,NY,55,0.383,84,0.204
M,2010,Xander,43,NY,383,0.04,808,0.022
M,2010,Xzavier,25,NY,587,0.024,1257,0.013
M,2010,Xavi,11,NY,1069,0.01,2341,0.006
M,2010,Xavien,5,NY,1840,0.005,4059,0.003
M,2010,Xavion,5,NY,1840,0.005,4059,0.003
M,2011,Xavier,337,NY,70,0.323,106,0.171
M,2011,Xander,55,NY,327,0.053,663,0.028
M,2011,Xzavier,21,NY,664,0.02,1467,0.011
M,2011,Xavi,15,NY,845,0.014,1858,0.008
M,2012,Xavier,348,NY,68,0.334,101,0.177
M,2012,Xander,65,NY,288,0.062,574,0.033
M,2012,Xzavier,22,NY,638,0.021,1406,0.011
M,2012,Xavi,10,NY,1131,0.01,2509,0.005
M,2013,Xavier,328,NY,71,0.32,107,0.169
M,2013,Xander,70,NY,273,0.068,542,0.036
M,2013,Xzavier,24,NY,595,0.023,1309,0.012
M,2013,Xavi,7,NY,1407,0.007,3123,0.004
M,2013,Xavior,6,NY,1563,0.006,3466,0.003
M,2014,Xavier,303,NY,75,0.295,121,0.155
M,2014,Xander,70,NY,283,0.068,554,0.036
M,2014,Xzavier,19,NY,726,0.018,1589,0.01
M,2014,Xavi,15,NY,869,0.015,1883,0.008
M,2014,Xavion,8,NY,1291,0.008,2890,0.004
M,2014,Xaiden,7,NY,1428,0.007,3182,0.004
M,2015,Xavier,241,NY,91,0.234,158,0.124
M,2015,Xander,73,NY,265,0.071,522,0.038
M,2015,Xzavier,12,NY,1005,0.012,2218,0.006
M,2015,Xavi,8,NY,1348,0.008,2960,0.004
M,2015,Xaiden,6,NY,1620,0.006,3580,0.003
M,2016,Xavier,281,NY,79,0.281,128,0.148
M,2016,Xander,62,NY,310,0.062,610,0.033
M,2016,Xzavier,9,NY,1215,0.009,2661,0.005
M,2016,Xavi,6,NY,1579,0.006,3494,0.003
M,2016,Xion,6,NY,1579,0.006,3494,0.003
M,2017,Xavier,243,NY,88,0.249,147,0.131
M,2017,Xander,98,NY,215,0.1,394,0.053
M,2017,Xzavier,15,NY,827,0.015,1852,0.008
M,2017,Xaiden,5,NY,1771,0.005,3913,0.003
M,2018,Xavier,247,NY,86,0.258,139,0.135
M,2018,Xander,100,NY,213,0.104,386,0.055
M,2018,Xavi,8,NY,1324,0.008,2891,0.004
M,2018,Xavian,7,NY,1435,0.007,3157,0.004
M,2018,Xzavier,5,NY,1766,0.005,3939,0.003
M,2019,Xavier,197,NY,108,0.211,179,0.11
M,2019,Xander,100,NY,211,0.107,378,0.056
M,2019,Xavion,10,NY,1141,0.011,2470,0.006
M,2019,Xzavier,10,NY,1141,0.011,2470,0.006
M,2020,Xavier,189,NY,106,0.216,176,0.113
M,2020,Xander,100,NY,203,0.114,364,0.06
M,2020,Xzavier,10,NY,1116,0.011,2427,0.006
M,2020,Xavion,7,NY,1399,0.008,3048,0.004
M,2021,Xavier,197,NY,105,0.221,170,0.116
M,2021,Xander,98,NY,206,0.11,366,0.058
M,2021,Xion,6,NY,1591,0.007,3466,0.004
M,2022,Xavier,163,NY,120,0.187,210,0.098
M,2022,Xander,84,NY,233,0.096,430,0.05
M,2022,Xavi,9,NY,1215,0.01,2625,0.005
M,2022,Xzavier,6,NY,1593,0.007,3455,0.004
M,2022,Xavian,5,NY,1802,0.006,3912,0.003
M,2022,Xion,5,NY,1802,0.006,3912,0.003
M,2022,Xyon,5,NY,1802,0.006,3912,0.003
M,2023,Xavier,142,NY,138,0.166,237,0.087
M,2023,Xander,69,NY,274,0.081,516,0.042
M,2023,Xavi,6,NY,1582,0.007,3397,0.004
M,2023,Xavian,6,NY,1582,0.007,3397,0.004
M,2023,Xavion,6,NY,1582,0.007,3397,0.004
M,2023,Xzavier,6,NY,1582,0.007,3397,0.004
M,2023,Xaiden,5,NY,1780,0.006,3848,0.003
M,2024,Xavier,140,NY,127,0.163,229,0.085
M,2024,Xander,90,NY,214,0.105,398,0.055
M,2024,Xyleek,9,NY,1237,0.01,2643,0.005
M,2024,Xaiden,7,NY,1466,0.008,3117,0.004
M,2024,Xavion,7,NY,1466,0.008,3117,0.004
M,2024,Xion,7,NY,1466,0.008,3117,0.004
M,2024,Xyaire,5,NY,1828,0.006,3883,0.003
F,2010,Ximena,5,DE,183,0.187,364,0.079
F,2018,Ximena,5,DE,183,0.201,378,0.088
F,2019,Ximena,6,DE,142,0.25,314,0.106
F,2020,Ximena,5,DE,177,0.214,376,0.092
F,2023,Ximena,5,DE,153,0.227,334,0.1
M,1991,Xavier,6,DE,130,0.128,266,0.071
M,1992,Xavier,10,DE,88,0.227,180,0.125
M,1993,Xavier,9,DE,92,0.213,189,0.119
M,1994,Xavier,9,DE,102,0.216,205,0.12
M,1997,Xavier,9,DE,101,0.23,201,0.13
M,1998,Xavier,9,DE,98,0.232,206,0.128
M,2000,Xavier,14,DE,78,0.332,132,0.193
M,2001,Xavier,9,DE,109,0.232,203,0.13
M,2002,Xavier,23,DE,53,0.562,85,0.322
M,2003,Xavier,16,DE,80,0.387,140,0.218
M,2003,Xander,7,DE,142,0.169,279,0.096
M,2004,Xavier,14,DE,83,0.341,148,0.195
M,2005,Xavier,12,DE,95,0.295,173,0.167
M,2006,Xavier,25,DE,52,0.632,77,0.352
M,2007,Xavier,26,DE,47,0.634,68,0.366
M,2008,Xavier,22,DE,61,0.557,91,0.322
M,2009,Xavier,14,DE,83,0.371,137,0.215
M,2010,Xavier,14,DE,81,0.387,133,0.222
M,2011,Xavier,14,DE,81,0.383,132,0.218
M,2012,Xavier,20,DE,58,0.563,85,0.322
M,2013,Xavier,15,DE,77,0.426,119,0.246
M,2013,Xander,8,DE,137,0.227,246,0.131
M,2014,Xavier,12,DE,93,0.332,162,0.187
M,2015,Xavier,13,DE,90,0.372,154,0.208
M,2016,Xavier,16,DE,68,0.451,108,0.259
M,2017,Xavier,17,DE,69,0.495,97,0.286
M,2018,Xavier,12,DE,90,0.373,150,0.211
M,2019,Xavier,13,DE,89,0.402,137,0.231
M,2020,Xavier,8,DE,132,0.259,222,0.148
M,2020,Xander,5,DE,200,0.162,376,0.092
M,2021,Xavier,12,DE,90,0.374,144,0.216
M,2022,Xavier,14,DE,73,0.438,119,0.251
M,2023,Xavier,14,DE,69,0.503,102,0.281
M,2024,Xavier,10,DE,114,0.341,180,0.199
M,1990,Xavier,5,WV,217,0.048,494,0.026
M,1994,Xavier,5,WV,222,0.051,496,0.028
M,2000,Xavier,8,WV,203,0.087,413,0.049
M,2001,Xavier,8,WV,186,0.091,385,0.05
M,2002,Xavier,12,WV,152,0.136,305,0.075
M,2003,Xavier,24,WV,102,0.265,174,0.147
M,2003,Xander,12,WV,157,0.132,309,0.074
M,2004,Xavier,29,WV,91,0.325,152,0.18
M,2004,Xander,11,WV,163,0.123,323,0.068
M,2005,Xavier,25,WV,100,0.278,165,0.158
M,2005,Xander,8,WV,216,0.089,439,0.05
M,2006,Xavier,31,WV,87,0.354,140,0.196
M,2006,Xander,9,WV,198,0.103,398,0.057
M,2007,Xavier,24,WV,108,0.266,181,0.149
M,2007,Xander,12,WV,171,0.133,337,0.075
M,2008,Xavier,30,WV,93,0.346,145,0.193
M,2008,Xander,12,WV,171,0.139,324,0.077
M,2009,Xavier,29,WV,97,0.338,149,0.189
M,2009,Xander,10,WV,189,0.117,370,0.065
M,2010,Xavier,31,WV,82,0.385,131,0.211
M,2010,Xander,8,WV,215,0.099,442,0.055
M,2011,Xavier,27,WV,93,0.318,145,0.18
M,2011,Xander,20,WV,119,0.236,198,0.133
M,2012,Xavier,31,WV,75,0.372,123,0.207
M,2012,Xander,18,WV,129,0.216,224,0.12
M,2013,Xavier,23,WV,107,0.275,180,0.153
M,2013,Xander,22,WV,112,0.263,188,0.147
M,2013,Xzavier,6,WV,284,0.072,582,0.04
M,2014,Xavier,32,WV,76,0.395,119,0.222
M,2014,Xander,15,WV,145,0.185,264,0.104
M,2014,Xzavier,6,WV,292,0.074,570,0.042
M,2015,Xavier,29,WV,89,0.355,141,0.2
M,2015,Xander,22,WV,112,0.269,185,0.152
M,2016,Xavier,32,WV,73,0.41,116,0.23
M,2016,Xander,12,WV,182,0.154,329,0.086
M,2017,Xavier,35,WV,58,0.467,92,0.262
M,2017,Xander,20,WV,112,0.267,186,0.15
M,2018,Xavier,37,WV,56,0.491,87,0.281
M,2018,Xander,20,WV,110,0.265,175,0.152
M,2019,Xavier,23,WV,97,0.314,158,0.177
M,2019,Xander,20,WV,112,0.273,186,0.154
M,2020,Xavier,27,WV,76,0.388,124,0.218
M,2020,Xander,25,WV,82,0.36,136,0.202
M,2021,Xavier,30,WV,65,0.428,101,0.24
M,2021,Xander,18,WV,126,0.257,206,0.144
M,2022,Xavier,21,WV,97,0.315,158,0.175
M,2022,Xander,17,WV,122,0.255,207,0.141
M,2023,Xavier,27,WV,65,0.417,105,0.234
M,2023,Xander,12,WV,166,0.186,299,0.104
M,2024,Xavier,26,WV,67,0.415,109,0.227
M,2024,Xander,14,WV,143,0.224,250,0.122
F,2016,Ximena,5,WY,94,0.434,231,0.173
M,2002,Xavier,11,WY,65,0.6,96,0.358
M,2003,Xavier,5,WY,141,0.249,230,0.157
M,2004,Xavier,8,WY,91,0.44,143,0.259
M,2004,Xander,5,WY,133,0.275,233,0.162
M,2005,Xavier,10,WY,71,0.484,113,0.296
M,2005,Xander,5,WY,143,0.242,241,0.148
M,2006,Xavier,9,WY,92,0.411,147,0.256
M,2006,Xander,7,WY,109,0.32,185,0.199
M,2007,Xavier,6,WY,120,0.283,213,0.166
M,2008,Xavier,9,WY,90,0.424,140,0.254
M,2008,Xander,8,WY,103,0.377,161,0.226
M,2009,Xander,8,WY,98,0.387,149,0.238
M,2009,Xavier,5,WY,153,0.242,252,0.148
M,2010,Xavier,8,WY,82,0.42,126,0.252
M,2011,Xavier,14,WY,46,0.757,58,0.467
M,2011,Xander,8,WY,90,0.432,142,0.267
M,2012,Xander,7,WY,106,0.366,164,0.229
M,2012,Xavier,6,WY,126,0.314,195,0.196
M,2014,Xavier,12,WY,54,0.607,77,0.374
M,2014,Xander,10,WY,68,0.506,99,0.312
M,2015,Xavier,12,WY,54,0.595,81,0.366
M,2016,Xander,8,WY,77,0.461,124,0.277
M,2016,Xavier,6,WY,105,0.346,180,0.208
M,2017,Xander,7,WY,80,0.458,140,0.271
M,2024,Xander,5,WY,98,0.423,172,0.251
F,1997,Xena,5,NV,381,0.059,723,0.026
F,2001,Ximena,5,NV,455,0.051,839,0.022
F,2002,Xochitl,5,NV,475,0.049,881,0.022
F,2003,Xiomara,6,NV,397,0.058,772,0.025
F,2003,Ximena,5,NV,473,0.048,885,0.021
F,2004,Ximena,10,NV,296,0.093,571,0.041
F,2004,Xitlali,6,NV,438,0.056,816,0.024
F,2004,Xiomara,5,NV,512,0.046,938,0.02
F,2005,Ximena,16,NV,197,0.138,409,0.061
F,2005,Xiomara,6,NV,470,0.052,883,0.023
F,2006,Ximena,11,NV,284,0.088,567,0.039
F,2007,Ximena,17,NV,204,0.134,428,0.059
F,2008,Ximena,12,NV,273,0.099,538,0.044
F,2008,Xiomara,7,NV,429,0.058,804,0.026
F,2008,Xochitl,6,NV,498,0.049,925,0.022
F,2009,Ximena,17,NV,170,0.148,384,0.066
F,2009,Xiomara,7,NV,407,0.061,784,0.027
F,2010,Ximena,18,NV,159,0.165,352,0.073
F,2010,Xochitl,7,NV,401,0.064,780,0.028
F,2010,Xiomara,5,NV,548,0.046,1026,0.02
F,2011,Ximena,26,NV,99,0.248,235,0.109
F,2012,Ximena,17,NV,152,0.165,359,0.072
F,2013,Ximena,36,NV,60,0.342,163,0.151
F,2014,Ximena,41,NV,52,0.38,139,0.169
F,2014,Xiomara,8,NV,361,0.074,717,0.033
F,2015,Ximena,40,NV,60,0.365,149,0.163
F,2016,Ximena,33,NV,75,0.296,182,0.134
F,2016,Xiomara,5,NV,560,0.045,1078,0.02
F,2017,Ximena,47,NV,41,0.434,117,0.196
F,2017,Xiomara,7,NV,384,0.065,785,0.029
F,2018,Ximena,40,NV,47,0.377,129,0.168
F,2018,Xiomara,6,NV,467,0.057,922,0.025
F,2018,Xochitl,5,NV,533,0.047,1042,0.021
F,2019,Ximena,35,NV,59,0.345,157,0.152
F,2019,Xiomara,5,NV,524,0.049,1032,0.022
F,2020,Ximena,36,NV,57,0.37,148,0.167
F,2020,Xena,5,NV,503,0.051,996,0.023
F,2020,Xochitl,5,NV,503,0.051,996,0.023
F,2021,Ximena,32,NV,64,0.329,163,0.148
F,2021,Xiomara,6,NV,440,0.062,884,0.028
F,2021,Xena,5,NV,512,0.051,1014,0.023
F,2021,Xochitl,5,NV,512,0.051,1014,0.023
F,2022,Ximena,40,NV,48,0.425,121,0.19
F,2022,Xiomara,14,NV,172,0.149,398,0.067
F,2022,Xitlali,6,NV,418,0.064,845,0.029
F,2023,Ximena,28,NV,73,0.315,179,0.141
F,2023,Xiomara,11,NV,233,0.124,499,0.055
F,2023,Xochitl,7,NV,371,0.079,759,0.035
F,2024,Ximena,23,NV,94,0.257,226,0.116
F,2024,Xiomara,10,NV,252,0.112,541,0.05
M,1976,Xavier,5,NV,146,0.136,294,0.077
M,1987,Xavier,6,NV,175,0.088,375,0.05
M,1989,Xavier,5,NV,236,0.063,490,0.035
M,1990,Xavier,7,NV,208,0.081,412,0.045
M,1992,Xavier,12,NV,163,0.133,315,0.074
M,1993,Xavier,20,NV,113,0.219,205,0.124
M,1994,Xavier,23,NV,107,0.24,200,0.133
M,1995,Xavier,11,NV,191,0.111,374,0.061
M,1996,Xavier,21,NV,131,0.202,234,0.112
M,1997,Xavier,11,NV,204,0.103,391,0.057
M,1998,Xavier,21,NV,134,0.186,253,0.103
M,1999,Xavier,27,NV,114,0.229,197,0.129
M,2000,Xavier,29,NV,118,0.234,202,0.133
M,2001,Xavier,34,NV,101,0.275,171,0.153
M,2002,Xavier,37,NV,99,0.289,165,0.161
M,2003,Xavier,51,NV,74,0.386,115,0.217
M,2003,Xander,16,NV,197,0.121,357,0.068
M,2004,Xavier,54,NV,73,0.39,108,0.219
M,2004,Xander,15,NV,217,0.108,406,0.061
M,2005,Xavier,40,NV,100,0.273,162,0.152
M,2005,Xander,11,NV,281,0.075,569,0.042
M,2006,Xavier,48,NV,94,0.307,147,0.171
M,2006,Xander,17,NV,217,0.109,413,0.06
M,2006,Xzavier,8,NV,347,0.051,719,0.028
M,2007,Xavier,75,NV,56,0.469,81,0.261
M,2007,Xander,18,NV,209,0.112,404,0.063
M,2008,Xavier,65,NV,57,0.431,82,0.238
M,2008,Xander,14,NV,244,0.093,468,0.051
M,2009,Xavier,54,NV,75,0.376,110,0.209
M,2009,Xander,19,NV,190,0.132,344,0.074
M,2009,Xzavier,5,NV,469,0.035,1025,0.019
M,2010,Xavier,49,NV,78,0.358,121,0.199
M,2010,Xander,14,NV,231,0.102,428,0.057
M,2010,Xzavier,7,NV,380,0.051,780,0.028
M,2011,Xavier,48,NV,73,0.359,111,0.201
M,2011,Xander,21,NV,168,0.157,288,0.088
M,2011,Xavi,5,NV,475,0.037,1015,0.021
M,2012,Xavier,89,NV,32,0.67,42,0.377
M,2012,Xander,16,NV,218,0.12,384,0.068
M,2012,Xzavier,7,NV,377,0.053,776,0.03
M,2013,Xavier,60,NV,56,0.453,77,0.252
M,2013,Xander,20,NV,174,0.151,317,0.084
M,2013,Xavi,6,NV,422,0.045,849,0.025
M,2013,Xzavier,6,NV,422,0.045,849,0.025
M,2014,Xavier,48,NV,74,0.356,115,0.198
M,2014,Xander,26,NV,143,0.193,247,0.107
M,2014,Xzavier,5,NV,496,0.037,1027,0.021
M,2015,Xavier,55,NV,62,0.405,96,0.224
M,2015,Xander,24,NV,161,0.177,277,0.098
M,2016,Xavier,61,NV,55,0.454,80,0.248
M,2016,Xander,28,NV,128,0.208,225,0.114
M,2016,Xzavier,5,NV,519,0.037,1078,0.02
M,2017,Xavier,63,NV,47,0.481,71,0.263
M,2017,Xander,29,NV,116,0.221,202,0.121
M,2017,Xzavier,5,NV,502,0.038,1034,0.021
M,2018,Xavier,56,NV,58,0.426,85,0.236
M,2018,Xander,26,NV,144,0.198,241,0.109
M,2018,Xzavier,6,NV,456,0.046,922,0.025
M,2019,Xavier,48,NV,66,0.374,100,0.209
M,2019,Xander,30,NV,122,0.234,195,0.131
M,2020,Xavier,60,NV,47,0.506,70,0.278
M,2020,Xander,23,NV,142,0.194,240,0.107
M,2021,Xavier,53,NV,50,0.448,77,0.246
M,2021,Xander,26,NV,128,0.22,205,0.12
M,2022,Xavier,48,NV,56,0.414,89,0.228
M,2022,Xander,21,NV,156,0.181,268,0.1
M,2023,Xavier,43,NV,64,0.391,98,0.216
M,2023,Xander,25,NV,120,0.227,201,0.126
M,2024,Xavier,44,NV,61,0.402,91,0.221
M,2024,Xander,14,NV,222,0.128,390,0.07
F,1982,Xiomara,5,PA,1015,0.007,1678,0.003
F,1985,Xiomara,6,PA,924,0.009,1523,0.004
F,1989,Xiomara,5,PA,1135,0.007,1895,0.003
F,1990,Xiomara,7,PA,931,0.01,1589,0.005
F,1992,Xiomara,5,PA,1192,0.007,2010,0.003
F,1994,Xiomara,7,PA,934,0.011,1635,0.005
F,1996,Xena,11,PA,660,0.018,1188,0.009
F,1997,Xiomara,8,PA,843,0.014,1487,0.006
F,1998,Xena,8,PA,841,0.014,1512,0.006
F,1999,Xiomara,7,PA,926,0.012,1650,0.006
F,2001,Xiomara,5,PA,1182,0.009,2113,0.004
F,2003,Xiomara,6,PA,1127,0.011,2014,0.005
F,2004,Ximena,5,PA,1267,0.009,2277,0.004
F,2005,Xiomara,6,PA,1132,0.011,2050,0.005
F,2006,Xiomara,13,PA,669,0.023,1239,0.011
F,2008,Xiomara,6,PA,1231,0.011,2238,0.005
F,2009,Xiomara,5,PA,1419,0.009,2546,0.004
F,2010,Xiomara,5,PA,1367,0.009,2482,0.004
F,2012,Ximena,7,PA,1102,0.013,2028,0.006
F,2013,Ximena,11,PA,787,0.021,1449,0.01
F,2013,Xena,5,PA,1369,0.01,2504,0.004
F,2014,Ximena,10,PA,877,0.019,1636,0.009
F,2014,Xiomara,5,PA,1372,0.009,2559,0.004
F,2015,Ximena,19,PA,549,0.036,1022,0.017
F,2015,Xyla,5,PA,1398,0.009,2553,0.004
F,2016,Ximena,13,PA,725,0.025,1337,0.012
F,2017,Ximena,16,PA,640,0.031,1193,0.015
F,2017,Xiomara,9,PA,949,0.018,1756,0.008
F,2018,Ximena,14,PA,689,0.028,1275,0.013
F,2018,Xena,7,PA,1121,0.014,2095,0.007
F,2018,Xiomara,7,PA,1121,0.014,2095,0.007
F,2019,Ximena,12,PA,765,0.024,1434,0.011
F,2019,Xena,8,PA,1028,0.016,1910,0.008
F,2019,Xyla,6,PA,1251,0.012,2322,0.006
F,2020,Ximena,13,PA,743,0.027,1372,0.013
F,2020,Xyla,11,PA,804,0.023,1513,0.011
F,2020,Xiomara,5,PA,1400,0.01,2600,0.005
F,2021,Ximena,13,PA,744,0.027,1397,0.012
F,2021,Xiomara,10,PA,873,0.021,1653,0.01
F,2021,Xyla,10,PA,873,0.021,1653,0.01
F,2021,Xena,9,PA,950,0.018,1799,0.009
F,2021,Xuri,6,PA,1233,0.012,2332,0.006
F,2022,Ximena,20,PA,533,0.042,1022,0.02
F,2022,Xena,17,PA,601,0.035,1147,0.017
F,2022,Xyla,17,PA,601,0.035,1147,0.017
F,2022,Xiomara,10,PA,906,0.021,1672,0.01
F,2022,Xolani,6,PA,1251,0.013,2352,0.006
F,2023,Xiomara,13,PA,728,0.028,1369,0.013
F,2023,Xyla,12,PA,775,0.026,1466,0.012
F,2023,Ximena,8,PA,1029,0.017,1937,0.008
F,2023,Xena,7,PA,1133,0.015,2122,0.007
F,2023,Xuri,7,PA,1133,0.015,2122,0.007
F,2024,Xyla,11,PA,809,0.024,1542,0.011
F,2024,Ximena,10,PA,862,0.022,1640,0.01
F,2024,Xena,9,PA,924,0.019,1764,0.009
F,2024,Xiomara,6,PA,1230,0.013,2327,0.006
F,2024,Xolani,5,PA,1383,0.011,2617,0.005
M,1915,Xavier,6,PA,468,0.008,1024,0.004
M,1971,Xavier,6,PA,607,0.007,1486,0.004
M,1974,Xavier,5,PA,611,0.007,1557,0.004
M,1975,Xavier,5,PA,639,0.007,1606,0.004
M,1985,Xavier,9,PA,475,0.012,1167,0.006
M,1986,Xavier,13,PA,395,0.017,971,0.009
M,1987,Xavier,16,PA,361,0.021,868,0.011
M,1988,Xavier,14,PA,408,0.018,957,0.009
M,1989,Xavier,28,PA,289,0.034,643,0.018
M,1990,Xavier,33,PA,257,0.04,576,0.021
M,1991,Xavier,40,PA,240,0.05,511,0.026
M,1992,Xavier,50,PA,195,0.064,418,0.034
M,1993,Xavier,47,PA,202,0.062,431,0.033
M,1994,Xavier,65,PA,158,0.089,325,0.047
M,1995,Xavier,51,PA,185,0.072,400,0.038
M,1996,Xavier,51,PA,187,0.075,395,0.04
M,1997,Xavier,49,PA,196,0.074,419,0.039
M,1998,Xavier,79,PA,145,0.118,298,0.063
M,1999,Xavier,87,PA,144,0.132,286,0.07
M,1999,Xander,7,PA,725,0.011,1650,0.006
M,2000,Xavier,102,PA,127,0.155,248,0.082
M,2000,Xander,5,PA,931,0.008,2135,0.004
M,2001,Xavier,111,PA,120,0.173,226,0.092
M,2001,Xander,8,PA,712,0.012,1539,0.007
M,2001,Xzavier,6,PA,844,0.009,1874,0.005
M,2002,Xavier,130,PA,105,0.205,192,0.11
M,2002,Xander,20,PA,383,0.032,833,0.017
M,2002,Xzavier,11,PA,574,0.017,1267,0.009
M,2002,Xavion,7,PA,778,0.011,1746,0.006
M,2003,Xavier,171,PA,86,0.266,157,0.142
M,2003,Xander,54,PA,200,0.084,409,0.045
M,2003,Xzavier,6,PA,888,0.009,2014,0.005
M,2004,Xavier,153,PA,92,0.241,169,0.129
M,2004,Xander,57,PA,198,0.09,405,0.048
M,2004,Xzavier,9,PA,695,0.014,1526,0.008
M,2005,Xavier,170,PA,87,0.267,152,0.143
M,2005,Xander,46,PA,221,0.072,461,0.039
M,2005,Xzavier,10,PA,666,0.016,1436,0.008
M,2006,Xavier,233,PA,73,0.361,118,0.194
M,2006,Xander,47,PA,231,0.073,475,0.039
M,2006,Xzavier,10,PA,687,0.016,1500,0.008
M,2007,Xavier,249,PA,68,0.385,106,0.206
M,2007,Xander,45,PA,243,0.07,501,0.037
M,2007,Xzavier,20,PA,432,0.031,931,0.017
M,2007,Xavion,5,PA,1090,0.008,2489,0.004
M,2008,Xavier,279,PA,64,0.437,95,0.234
M,2008,Xander,69,PA,179,0.108,352,0.058
M,2008,Xzavier,8,PA,827,0.013,1811,0.007
M,2009,Xavier,267,PA,63,0.43,95,0.229
M,2009,Xander,58,PA,196,0.093,390,0.05
M,2009,Xzavier,21,PA,413,0.034,905,0.018
M,2009,Xzavion,7,PA,907,0.011,2006,0.006
M,2009,Xavion,5,PA,1128,0.008,2546,0.004
M,2010,Xavier,211,PA,69,0.346,113,0.185
M,2010,Xander,58,PA,198,0.095,396,0.051
M,2010,Xzavier,9,PA,764,0.015,1669,0.008
M,2010,Xavian,5,PA,1116,0.008,2482,0.004
M,2011,Xavier,191,PA,80,0.314,129,0.168
M,2011,Xander,60,PA,202,0.099,394,0.053
M,2011,Xzavier,9,PA,773,0.015,1692,0.008
M,2011,Xavior,7,PA,901,0.012,1992,0.006
M,2011,Xavian,6,PA,1005,0.01,2227,0.005
M,2012,Xavier,193,PA,79,0.32,124,0.171
M,2012,Xander,73,PA,183,0.121,344,0.065
M,2012,Xzavier,13,PA,601,0.022,1297,0.012
M,2013,Xavier,193,PA,79,0.323,122,0.173
M,2013,Xander,72,PA,182,0.121,339,0.064
M,2013,Xzavier,16,PA,519,0.027,1104,0.014
M,2013,Xavion,7,PA,895,0.012,1980,0.006
M,2014,Xavier,191,PA,82,0.314,130,0.168
M,2014,Xander,76,PA,184,0.125,340,0.067
M,2014,Xzavier,13,PA,613,0.021,1317,0.011
M,2014,Xavior,6,PA,1072,0.01,2292,0.005
M,2015,Xavier,192,PA,79,0.321,126,0.171
M,2015,Xander,77,PA,176,0.129,329,0.068
M,2015,Xzavier,12,PA,654,0.02,1441,0.011
M,2016,Xavier,166,PA,88,0.28,144,0.149
M,2016,Xander,86,PA,156,0.145,289,0.077
M,2016,Xzavier,9,PA,776,0.015,1714,0.008
M,2016,Xaiden,5,PA,1195,0.008,2609,0.005
M,2017,Xavier,154,PA,100,0.265,162,0.141
M,2017,Xander,81,PA,162,0.139,294,0.074
M,2017,Xzavier,10,PA,756,0.017,1638,0.009
M,2018,Xavier,150,PA,97,0.262,161,0.139
M,2018,Xander,75,PA,174,0.131,316,0.07
M,2018,Xavion,8,PA,850,0.014,1862,0.007
M,2018,Xzavier,8,PA,850,0.014,1862,0.007
M,2019,Xavier,136,PA,105,0.244,172,0.129
M,2019,Xander,83,PA,159,0.149,288,0.079
M,2019,Xavion,8,PA,883,0.014,1910,0.008
M,2019,Xzavier,7,PA,961,0.013,2084,0.007
M,2019,Xaiden,5,PA,1219,0.009,2635,0.005
M,2020,Xavier,133,PA,102,0.246,168,0.13
M,2020,Xander,66,PA,196,0.122,359,0.065
M,2020,Xzavier,7,PA,959,0.013,2062,0.007
M,2020,Xavion,5,PA,1201,0.009,2600,0.005
M,2021,Xavier,141,PA,102,0.254,169,0.135
M,2021,Xander,71,PA,180,0.128,332,0.068
M,2021,Xavien,9,PA,850,0.016,1799,0.009
M,2021,Xion,5,PA,1252,0.009,2664,0.005
M,2021,Xzavier,5,PA,1252,0.009,2664,0.005
M,2022,Xavier,110,PA,121,0.206,205,0.108
M,2022,Xander,50,PA,244,0.093,464,0.049
M,2022,Xavion,5,PA,1248,0.009,2643,0.005
M,2022,Xion,5,PA,1248,0.009,2643,0.005
M,2023,Xavier,105,PA,120,0.202,206,0.107
M,2023,Xander,56,PA,207,0.108,398,0.057
M,2023,Xavian,5,PA,1237,0.01,2637,0.005
M,2023,Xavion,5,PA,1237,0.01,2637,0.005
M,2024,Xavier,103,PA,125,0.198,216,0.105
M,2024,Xander,56,PA,214,0.107,415,0.057
M,2024,Xavion,7,PA,997,0.013,2103,0.007
M,2024,Xion,7,PA,997,0.013,2103,0.007
M,2024,Xavi,5,PA,1235,0.01,2617,0.005
F,2008,Ximena,5,AR,580,0.041,1081,0.018
F,2010,Ximena,7,AR,401,0.062,806,0.027
F,2011,Ximena,9,AR,327,0.078,664,0.035
F,2013,Ximena,11,AR,263,0.097,569,0.043
F,2014,Ximena,18,AR,167,0.155,383,0.069
F,2015,Ximena,21,AR,141,0.178,339,0.079
F,2016,Ximena,20,AR,152,0.177,356,0.078
F,2017,Ximena,13,AR,227,0.116,493,0.052
F,2018,Ximena,16,AR,184,0.145,420,0.065
F,2019,Ximena,11,AR,271,0.102,579,0.046
F,2020,Ximena,15,AR,186,0.145,415,0.065
F,2021,Ximena,12,AR,262,0.11,550,0.05
F,2022,Ximena,9,AR,327,0.086,682,0.039
F,2023,Ximena,13,AR,219,0.125,476,0.057
F,2023,Xiomara,7,AR,417,0.067,848,0.031
F,2024,Ximena,15,AR,187,0.143,422,0.065
M,1977,Xavier,5,AR,324,0.032,728,0.018
M,1978,Xavier,5,AR,305,0.034,702,0.018
M,1979,Xavier,6,AR,307,0.038,648,0.021
M,1981,Xavier,8,AR,238,0.052,514,0.029
M,1985,Xavier,5,AR,331,0.033,717,0.018
M,1986,Xavier,8,AR,244,0.054,492,0.029
M,1987,Xavier,8,AR,236,0.053,499,0.029
M,1988,Xavier,17,AR,150,0.116,289,0.063
M,1989,Xavier,18,AR,155,0.117,287,0.065
M,1990,Xavier,26,AR,126,0.168,233,0.092
M,1991,Xavier,21,AR,137,0.14,267,0.078
M,1992,Xavier,21,AR,136,0.147,265,0.08
M,1993,Xavier,22,AR,136,0.154,252,0.085
M,1994,Xavier,34,AR,88,0.245,170,0.135
M,1995,Xavier,31,AR,103,0.223,189,0.122
M,1996,Xavier,23,AR,137,0.158,259,0.088
M,1997,Xavier,30,AR,111,0.205,207,0.115
M,1998,Xavier,30,AR,113,0.208,206,0.114
M,1999,Xavier,26,AR,130,0.181,235,0.099
M,2000,Xavier,38,AR,98,0.255,171,0.14
M,2001,Xavier,37,AR,100,0.253,175,0.141
M,2002,Xavier,33,AR,116,0.225,206,0.125
M,2002,Xander,5,AR,432,0.034,930,0.019
M,2003,Xavier,30,AR,124,0.202,217,0.112
M,2003,Xander,15,AR,215,0.101,410,0.056
M,2004,Xavier,32,AR,130,0.213,220,0.118
M,2004,Xander,19,AR,180,0.126,335,0.07
M,2005,Xavier,22,AR,167,0.146,298,0.08
M,2005,Xander,19,AR,181,0.126,343,0.069
M,2006,Xavier,42,AR,106,0.269,175,0.149
M,2006,Xander,19,AR,190,0.122,349,0.068
M,2006,Xavion,5,AR,499,0.032,1046,0.018
M,2006,Xzavier,5,AR,499,0.032,1046,0.018
M,2007,Xavier,43,AR,105,0.271,169,0.152
M,2007,Xander,17,AR,206,0.107,387,0.06
M,2008,Xavier,38,AR,109,0.25,180,0.139
M,2008,Xander,18,AR,194,0.118,368,0.066
M,2009,Xavier,27,AR,149,0.18,257,0.101
M,2009,Xander,18,AR,204,0.12,367,0.067
M,2010,Xander,23,AR,161,0.159,289,0.089
M,2010,Xavier,22,AR,168,0.153,298,0.085
M,2011,Xavier,36,AR,102,0.248,178,0.138
M,2011,Xander,30,AR,127,0.207,227,0.115
M,2012,Xavier,30,AR,127,0.21,220,0.117
M,2012,Xander,23,AR,169,0.161,302,0.09
M,2013,Xavier,33,AR,117,0.232,197,0.129
M,2013,Xander,23,AR,164,0.161,290,0.09
M,2013,Xzavier,5,AR,520,0.035,1066,0.02
M,2014,Xavier,31,AR,128,0.212,222,0.118
M,2014,Xander,22,AR,183,0.151,316,0.084
M,2015,Xavier,37,AR,107,0.253,178,0.14
M,2015,Xander,29,AR,142,0.198,237,0.11
M,2016,Xavier,31,AR,123,0.216,209,0.121
M,2016,Xander,27,AR,145,0.188,249,0.105
M,2017,Xavier,39,AR,99,0.285,165,0.156
M,2017,Xander,30,AR,129,0.219,216,0.12
M,2018,Xander,27,AR,132,0.2,231,0.11
M,2018,Xavier,27,AR,132,0.2,231,0.11
M,2018,Xzavier,5,AR,536,0.037,1083,0.02
M,2019,Xavier,41,AR,93,0.308,149,0.17
M,2019,Xander,28,AR,140,0.211,230,0.116
M,2020,Xavier,32,AR,114,0.251,183,0.139
M,2020,Xander,23,AR,158,0.18,271,0.1
M,2021,Xavier,27,AR,138,0.208,238,0.113
M,2021,Xander,16,AR,224,0.123,406,0.067
M,2022,Xavier,34,AR,106,0.27,166,0.148
M,2022,Xander,26,AR,134,0.206,230,0.113
M,2023,Xavier,23,AR,147,0.183,265,0.1
M,2023,Xander,14,AR,235,0.112,435,0.061
M,2024,Xavier,26,AR,135,0.209,238,0.113
M,2024,Xander,10,AR,322,0.08,599,0.044
F,1996,Xena,10,NC,550,0.025,1072,0.012
F,1998,Xena,5,NC,1015,0.012,1860,0.006
F,2000,Xena,5,NC,1144,0.011,2071,0.005
F,2001,Ximena,9,NC,759,0.02,1377,0.01
F,2001,Xochitl,5,NC,1173,0.011,2088,0.005
F,2002,Xiomara,9,NC,735,0.021,1361,0.01
F,2002,Ximena,8,NC,816,0.018,1489,0.009
F,2003,Ximena,13,NC,566,0.03,1084,0.014
F,2004,Ximena,21,NC,419,0.047,796,0.022
F,2004,Xiomara,5,NC,1241,0.011,2168,0.005
F,2005,Ximena,22,NC,418,0.048,808,0.023
F,2005,Xiomara,6,NC,1118,0.013,1998,0.006
F,2006,Ximena,15,NC,591,0.032,1104,0.015
F,2006,Xiomara,10,NC,792,0.021,1471,0.01
F,2007,Ximena,18,NC,527,0.037,992,0.017
F,2007,Xiomara,13,NC,701,0.027,1276,0.012
F,2008,Ximena,11,NC,804,0.023,1445,0.011
F,2008,Xiomara,9,NC,940,0.019,1694,0.009
F,2009,Ximena,30,NC,343,0.065,658,0.03
F,2009,Xiomara,5,NC,1395,0.011,2509,0.005
F,2010,Ximena,22,NC,434,0.049,826,0.023
F,2011,Ximena,24,NC,376,0.054,727,0.025
F,2012,Ximena,33,NC,295,0.075,595,0.035
F,2012,Xiomara,5,NC,1362,0.011,2445,0.005
F,2013,Ximena,33,NC,291,0.074,592,0.035
F,2014,Ximena,41,NC,238,0.091,510,0.042
F,2015,Ximena,45,NC,232,0.099,488,0.046
F,2016,Ximena,57,NC,176,0.126,385,0.059
F,2016,Xiomara,5,NC,1376,0.011,2493,0.005
F,2017,Ximena,46,NC,217,0.101,469,0.048
F,2018,Ximena,54,NC,183,0.12,399,0.057
F,2018,Xiomara,8,NC,989,0.018,1831,0.008
F,2019,Ximena,57,NC,169,0.127,377,0.06
F,2019,Xiomara,16,NC,596,0.036,1143,0.017
F,2019,Xenia,6,NC,1216,0.013,2275,0.006
F,2020,Ximena,45,NC,216,0.103,470,0.049
F,2020,Xena,10,NC,823,0.023,1576,0.011
F,2020,Xyla,9,NC,896,0.021,1701,0.01
F,2020,Xolani,6,NC,1228,0.014,2283,0.006
F,2020,Xiomara,5,NC,1396,0.011,2599,0.005
F,2021,Ximena,46,NC,224,0.102,484,0.048
F,2021,Xyla,13,NC,727,0.029,1385,0.014
F,2021,Xiomara,12,NC,761,0.027,1455,0.012
F,2021,Xena,6,NC,1231,0.013,2349,0.006
F,2021,Xareni,5,NC,1411,0.011,2674,0.005
F,2022,Ximena,46,NC,232,0.101,498,0.048
F,2022,Xiomara,21,NC,500,0.046,979,0.022
F,2022,Xyla,13,NC,721,0.029,1406,0.013
F,2022,Xena,12,NC,770,0.026,1492,0.012
F,2022,Xochitl,6,NC,1277,0.013,2407,0.006
F,2023,Ximena,54,NC,191,0.122,416,0.057
F,2023,Xiomara,23,NC,431,0.052,863,0.024
F,2023,Xyla,12,NC,762,0.027,1478,0.013
F,2023,Xolani,10,NC,865,0.023,1670,0.011
F,2023,Xena,7,NC,1135,0.016,2163,0.007
F,2023,Xareni,6,NC,1270,0.014,2389,0.006
F,2024,Ximena,48,NC,223,0.104,466,0.049
F,2024,Xiomara,13,NC,733,0.028,1430,0.013
F,2024,Xyla,12,NC,777,0.026,1508,0.012
F,2024,Xolani,7,NC,1131,0.015,2175,0.007
F,2024,Xenovia,6,NC,1267,0.013,2421,0.006
F,2024,Xochitl,6,NC,1267,0.013,2421,0.006
F,2024,Xylani,5,NC,1458,0.011,2748,0.005
F,2024,Xylia,5,NC,1458,0.011,2748,0.005
M,1964,Xavier,6,NC,500,0.012,1142,0.006
M,1966,Xavier,6,NC,451,0.014,1012,0.007
M,1968,Xavier,6,NC,477,0.014,1063,0.007
M,1969,Xavier,8,NC,420,0.018,926,0.01
M,1970,Xavier,5,NC,540,0.011,1227,0.006
M,1971,Xavier,7,NC,455,0.016,1021,0.008
M,1972,Xavier,10,NC,379,0.024,827,0.013
M,1973,Xavier,11,NC,358,0.028,767,0.015
M,1975,Xavier,5,NC,523,0.014,1184,0.007
M,1976,Xavier,7,NC,449,0.019,973,0.01
M,1977,Xavier,10,NC,384,0.026,827,0.014
M,1978,Xavier,7,NC,461,0.019,1013,0.01
M,1979,Xavier,7,NC,460,0.019,1035,0.01
M,1981,Xavier,11,NC,345,0.029,752,0.015
M,1982,Xavier,7,NC,449,0.018,1008,0.01
M,1983,Xavier,12,NC,322,0.032,688,0.017
M,1984,Xavier,11,NC,340,0.028,731,0.015
M,1985,Xavier,16,NC,286,0.039,605,0.021
M,1986,Xavier,18,NC,271,0.044,570,0.024
M,1987,Xavier,32,NC,188,0.077,379,0.041
M,1988,Xavier,34,NC,176,0.078,362,0.042
M,1989,Xavier,40,NC,173,0.086,342,0.046
M,1990,Xavier,57,NC,139,0.12,270,0.064
M,1991,Xavier,60,NC,131,0.13,268,0.07
M,1991,Xzavier,6,NC,623,0.013,1372,0.007
M,1992,Xavier,86,NC,96,0.185,194,0.1
M,1993,Xavier,96,NC,89,0.214,175,0.115
M,1993,Xzavier,7,NC,611,0.016,1285,0.008
M,1994,Xavier,83,NC,98,0.186,203,0.1
M,1995,Xavier,75,NC,107,0.167,216,0.09
M,1995,Xzavier,5,NC,759,0.011,1657,0.006
M,1996,Xavier,78,NC,109,0.17,221,0.092
M,1997,Xavier,81,NC,111,0.172,216,0.093
M,1997,Xzavier,8,NC,607,0.017,1290,0.009
M,1998,Xavier,106,NC,96,0.218,180,0.117
M,1998,Xzavier,9,NC,597,0.019,1265,0.01
M,1999,Xavier,109,NC,97,0.221,181,0.119
M,1999,Xzavier,6,NC,789,0.012,1688,0.007
M,2000,Xavier,122,NC,92,0.236,164,0.126
M,2000,Xzavier,10,NC,593,0.019,1255,0.01
M,2001,Xavier,118,NC,90,0.234,161,0.125
M,2001,Xander,6,NC,799,0.012,1806,0.006
M,2001,Xzavier,5,NC,916,0.01,2088,0.005
M,2002,Xavier,154,NC,73,0.306,129,0.164
M,2002,Xander,12,NC,526,0.024,1119,0.013
M,2002,Xzavier,12,NC,526,0.024,1119,0.013
M,2002,Xavion,7,NC,744,0.014,1643,0.007
M,2003,Xavier,144,NC,80,0.283,137,0.153
M,2003,Xander,36,NC,246,0.071,502,0.038
M,2003,Xzavier,11,NC,571,0.022,1226,0.012
M,2003,Xavion,8,NC,683,0.016,1518,0.008
M,2004,Xavier,173,NC,72,0.339,124,0.181
M,2004,Xander,42,NC,221,0.082,443,0.044
M,2004,Xzavier,12,NC,541,0.024,1205,0.013
M,2004,Xavien,5,NC,928,0.01,2168,0.005
M,2005,Xavier,110,NC,106,0.21,187,0.113
M,2005,Xander,25,NC,354,0.048,719,0.026
M,2005,Xzavier,18,NC,437,0.034,928,0.018
M,2005,Xzavion,8,NC,712,0.015,1645,0.008
M,2005,Xavion,7,NC,782,0.013,1803,0.007
M,2006,Xavier,172,NC,77,0.316,127,0.169
M,2006,Xander,30,NC,309,0.055,636,0.03
M,2006,Xzavier,16,NC,492,0.029,1056,0.016
M,2006,Xavion,11,NC,633,0.02,1376,0.011
M,2006,Xzavion,6,NC,914,0.011,2086,0.006
M,2007,Xavier,184,NC,73,0.328,114,0.176
M,2007,Xander,26,NC,366,0.046,752,0.025
M,2007,Xzavier,21,NC,416,0.037,877,0.02
M,2007,Xavion,9,NC,757,0.016,1664,0.009
M,2007,Xzavion,7,NC,861,0.012,1969,0.007
M,2008,Xavier,182,NC,75,0.327,117,0.175
M,2008,Xander,30,NC,338,0.054,673,0.029
M,2008,Xzavier,26,NC,367,0.047,761,0.025
M,2008,Xavion,6,NC,978,0.011,2237,0.006
M,2008,Xzavion,6,NC,978,0.011,2237,0.006
M,2009,Xavier,190,NC,68,0.353,106,0.19
M,2009,Xander,43,NC,237,0.08,472,0.043
M,2009,Xzavier,16,NC,505,0.03,1082,0.016
M,2009,Xavion,12,NC,627,0.022,1351,0.012
M,2010,Xavier,139,NC,82,0.27,141,0.144
M,2010,Xander,34,NC,283,0.066,580,0.035
M,2010,Xzavier,18,NC,446,0.035,962,0.019
M,2010,Xavi,12,NC,589,0.023,1300,0.012
M,2010,Xavion,9,NC,744,0.017,1623,0.009
M,2010,Xzavion,5,NC,1088,0.01,2464,0.005
M,2011,Xavier,146,NC,86,0.287,142,0.154
M,2011,Xander,65,NC,176,0.128,323,0.068
M,2011,Xzavier,17,NC,460,0.033,983,0.018
M,2011,Xavion,7,NC,880,0.014,1918,0.007
M,2011,Xavi,6,NC,981,0.012,2130,0.006
M,2012,Xavier,151,NC,85,0.299,134,0.16
M,2012,Xander,49,NC,226,0.097,425,0.052
M,2012,Xavi,15,NC,509,0.03,1103,0.016
M,2012,Xzavier,8,NC,795,0.016,1749,0.008
M,2013,Xavier,111,NC,107,0.22,187,0.117
M,2013,Xander,48,NC,231,0.095,434,0.051
M,2013,Xzavier,14,NC,531,0.028,1147,0.015
M,2013,Xavi,7,NC,846,0.014,1885,0.007
M,2014,Xavier,123,NC,100,0.238,172,0.127
M,2014,Xander,39,NC,282,0.075,534,0.04
M,2014,Xzavier,8,NC,798,0.015,1767,0.008
M,2014,Xavi,7,NC,883,0.014,1955,0.007
M,2015,Xavier,96,NC,130,0.185,231,0.099
M,2015,Xander,54,NC,224,0.104,411,0.055
M,2015,Xzavier,19,NC,453,0.037,949,0.02
M,2015,Xavion,5,NC,1120,0.01,2510,0.005
M,2016,Xavier,109,NC,117,0.21,200,0.112
M,2016,Xander,53,NC,229,0.102,422,0.054
M,2016,Xzavier,8,NC,824,0.015,1824,0.008
M,2016,Xavi,5,NC,1118,0.01,2493,0.005
M,2017,Xavier,92,NC,134,0.179,236,0.095
M,2017,Xander,72,NC,175,0.14,310,0.074
M,2017,Xzavier,6,NC,1028,0.012,2269,0.006
M,2018,Xavier,121,NC,107,0.241,178,0.127
M,2018,Xander,73,NC,166,0.146,294,0.077
M,2018,Xzavier,6,NC,1021,0.012,2252,0.006
M,2019,Xavier,100,NC,122,0.199,211,0.105
M,2019,Xander,54,NC,219,0.108,396,0.057
M,2019,Xzavier,14,NC,591,0.028,1253,0.015
M,2020,Xavier,108,NC,112,0.221,186,0.117
M,2020,Xander,58,NC,208,0.119,373,0.063
M,2020,Xzavier,7,NC,945,0.014,2029,0.008
M,2020,Xaiden,6,NC,1056,0.012,2283,0.006
M,2020,Xion,5,NC,1204,0.01,2599,0.005
M,2021,Xavier,103,NC,127,0.202,214,0.107
M,2021,Xander,67,NC,189,0.131,333,0.07
M,2021,Xzavier,7,NC,1015,0.014,2134,0.007
M,2022,Xavier,94,NC,132,0.185,228,0.098
M,2022,Xander,45,NC,273,0.088,506,0.047
M,2022,Xacari,5,NC,1256,0.01,2703,0.005
M,2023,Xavier,89,NC,143,0.176,244,0.094
M,2023,Xander,54,NC,226,0.107,416,0.057
M,2023,Xavi,5,NC,1278,0.01,2724,0.005
M,2024,Xavier,87,NC,135,0.171,245,0.09
M,2024,Xander,60,NC,199,0.118,377,0.062
M,2024,Xyleek,9,NC,897,0.018,1866,0.009
M,2024,Xavi,6,NC,1155,0.012,2421,0.006
M,2024,Xzavier,5,NC,1291,0.01,2748,0.005
F,1991,Xiomara,6,MD,590,0.022,1068,0.01
F,1995,Xiomara,7,MD,508,0.028,985,0.013
F,1996,Xena,7,MD,542,0.028,1001,0.013
F,2005,Xiomara,9,MD,544,0.036,1009,0.017
F,2007,Xiomara,9,MD,573,0.035,1087,0.016
F,2008,Xiomara,6,MD,777,0.024,1459,0.011
F,2010,Ximena,5,MD,880,0.021,1615,0.01
F,2011,Ximena,6,MD,756,0.025,1401,0.012
F,2012,Ximena,6,MD,762,0.025,1436,0.012
F,2014,Ximena,10,MD,527,0.041,1000,0.019
F,2015,Ximena,13,MD,416,0.054,804,0.025
F,2015,Xiomara,5,MD,889,0.021,1674,0.01
F,2016,Ximena,21,MD,279,0.087,553,0.041
F,2016,Xena,5,MD,894,0.021,1688,0.01
F,2017,Ximena,13,MD,423,0.056,828,0.026
F,2018,Ximena,18,MD,335,0.077,651,0.036
F,2018,Xiomara,6,MD,787,0.026,1485,0.012
F,2019,Ximena,12,MD,443,0.054,864,0.025
F,2020,Ximena,17,MD,345,0.076,662,0.036
F,2021,Ximena,19,MD,300,0.086,594,0.04
F,2021,Xiomara,7,MD,704,0.032,1339,0.015
F,2021,Xena,5,MD,914,0.023,1717,0.011
F,2022,Ximena,18,MD,319,0.081,624,0.038
F,2023,Ximena,12,MD,436,0.058,856,0.027
F,2023,Xena,5,MD,881,0.024,1675,0.011
F,2023,Xiomara,5,MD,881,0.024,1675,0.011
F,2024,Ximena,16,MD,344,0.077,682,0.036
F,2024,Xiomara,6,MD,767,0.029,1478,0.014
F,2024,Xolani,5,MD,878,0.024,1694,0.011
F,2024,Xyla,5,MD,878,0.024,1694,0.011
M,1977,Xavier,5,MD,364,0.023,863,0.012
M,1978,Xavier,5,MD,349,0.023,838,0.013
M,1983,Xavier,5,MD,388,0.019,916,0.01
M,1986,Xavier,5,MD,418,0.018,984,0.009
M,1987,Xavier,13,MD,254,0.045,556,0.024
M,1988,Xavier,18,MD,216,0.059,435,0.032
M,1989,Xavier,13,MD,278,0.041,600,0.022
M,1990,Xavier,27,MD,176,0.081,353,0.044
M,1991,Xavier,22,MD,206,0.067,421,0.036
M,1992,Xavier,35,MD,153,0.11,307,0.06
M,1993,Xavier,34,MD,149,0.112,294,0.061
M,1994,Xavier,35,MD,142,0.116,289,0.063
M,1995,Xavier,42,MD,127,0.142,253,0.078
M,1996,Xavier,35,MD,144,0.122,291,0.065
M,1997,Xavier,41,MD,129,0.146,258,0.079
M,1998,Xavier,49,MD,113,0.172,223,0.093
M,1999,Xavier,55,MD,103,0.194,201,0.105
M,2000,Xavier,61,MD,102,0.212,187,0.114
M,2000,Xzavier,6,MD,581,0.021,1227,0.011
M,2001,Xavier,66,MD,95,0.233,169,0.126
M,2002,Xavier,97,MD,67,0.343,117,0.186
M,2002,Xavion,6,MD,567,0.021,1231,0.012
M,2003,Xavier,95,MD,70,0.326,122,0.178
M,2003,Xander,12,MD,372,0.041,783,0.022
M,2004,Xavier,100,MD,70,0.351,118,0.189
M,2004,Xander,10,MD,430,0.035,909,0.019
M,2005,Xavier,90,MD,78,0.313,134,0.168
M,2005,Xander,11,MD,401,0.038,869,0.021
M,2005,Xzavier,6,MD,604,0.021,1340,0.011
M,2006,Xavier,118,MD,65,0.392,105,0.214
M,2006,Xzavier,11,MD,431,0.037,896,0.02
M,2006,Xander,8,MD,527,0.027,1136,0.014
M,2007,Xavier,115,MD,69,0.382,109,0.206
M,2007,Xander,17,MD,307,0.056,638,0.03
M,2008,Xavier,119,MD,64,0.398,98,0.216
M,2008,Xander,12,MD,405,0.04,860,0.022
M,2008,Xzavier,8,MD,546,0.027,1164,0.014
M,2009,Xavier,145,MD,56,0.504,76,0.271
M,2009,Xander,19,MD,279,0.066,565,0.036
M,2009,Xavi,7,MD,578,0.024,1256,0.013
M,2009,Xzavier,6,MD,664,0.021,1428,0.011
M,2010,Xavier,119,MD,59,0.422,91,0.227
M,2010,Xander,16,MD,321,0.057,674,0.03
M,2010,Xzavier,7,MD,602,0.025,1287,0.013
M,2011,Xavier,122,MD,63,0.435,85,0.235
M,2011,Xander,19,MD,276,0.068,563,0.037
M,2011,Xzavier,8,MD,528,0.029,1136,0.015
M,2011,Xavi,5,MD,751,0.018,1644,0.01
M,2012,Xavier,120,MD,61,0.433,90,0.232
M,2012,Xander,18,MD,307,0.065,615,0.035
M,2012,Xzavier,5,MD,765,0.018,1634,0.01
M,2013,Xavier,98,MD,75,0.357,119,0.192
M,2013,Xander,20,MD,293,0.073,574,0.039
M,2013,Xzavier,5,MD,759,0.018,1619,0.01
M,2014,Xavier,100,MD,75,0.354,115,0.19
M,2014,Xander,15,MD,340,0.053,715,0.029
M,2015,Xavier,93,MD,80,0.334,133,0.179
M,2015,Xander,31,MD,200,0.111,385,0.06
M,2015,Xzavier,8,MD,581,0.029,1212,0.015
M,2016,Xavier,62,MD,116,0.225,200,0.12
M,2016,Xander,24,MD,245,0.087,484,0.047
M,2017,Xavier,87,MD,74,0.328,117,0.175
M,2017,Xander,26,MD,229,0.098,460,0.052
M,2017,Xzavier,7,MD,619,0.026,1322,0.014
M,2018,Xavier,78,MD,85,0.296,139,0.157
M,2018,Xander,30,MD,216,0.114,402,0.06
M,2019,Xavier,86,MD,73,0.33,113,0.178
M,2019,Xander,34,MD,197,0.131,364,0.07
M,2020,Xavier,80,MD,77,0.319,123,0.169
M,2020,Xander,20,MD,283,0.08,570,0.042
M,2021,Xavier,58,MD,113,0.233,191,0.123
M,2021,Xander,26,MD,237,0.104,447,0.055
M,2021,Xavion,6,MD,708,0.024,1494,0.013
M,2022,Xavier,65,MD,90,0.262,151,0.138
M,2022,Xander,24,MD,253,0.097,486,0.051
M,2023,Xavier,63,MD,90,0.271,154,0.143
M,2023,Xander,31,MD,184,0.133,345,0.07
M,2024,Xavier,62,MD,94,0.267,150,0.141
M,2024,Xander,26,MD,225,0.112,429,0.059
M,1998,Xavier,5,ME,181,0.088,382,0.048
M,2000,Xavier,8,ME,147,0.145,293,0.08
M,2001,Xavier,9,ME,136,0.159,261,0.089
M,2002,Xavier,8,ME,145,0.146,294,0.081
M,2003,Xavier,15,ME,103,0.27,183,0.151
M,2003,Xander,7,ME,164,0.126,329,0.071
M,2004,Xavier,17,ME,99,0.303,165,0.169
M,2004,Xander,8,ME,155,0.143,303,0.08
M,2005,Xander,10,ME,141,0.18,269,0.1
M,2005,Xavier,10,ME,141,0.18,269,0.1
M,2006,Xavier,21,ME,78,0.381,131,0.215
M,2006,Xander,8,ME,167,0.145,318,0.082
M,2007,Xavier,16,ME,95,0.296,168,0.164
M,2008,Xavier,18,ME,90,0.353,149,0.195
M,2009,Xavier,11,ME,125,0.219,227,0.123
M,2009,Xander,6,ME,199,0.119,391,0.067
M,2010,Xavier,19,ME,77,0.4,131,0.221
M,2010,Xander,10,ME,139,0.211,248,0.116
M,2011,Xavier,13,ME,111,0.272,189,0.154
M,2011,Xander,9,ME,152,0.189,266,0.107
M,2012,Xavier,12,ME,122,0.253,211,0.143
M,2012,Xander,10,ME,144,0.211,247,0.119
M,2013,Xavier,17,ME,84,0.362,141,0.206
M,2013,Xander,13,ME,112,0.277,197,0.158
M,2014,Xavier,16,ME,90,0.344,154,0.194
M,2014,Xander,10,ME,142,0.215,253,0.121
M,2015,Xander,17,ME,94,0.366,149,0.209
M,2015,Xavier,17,ME,94,0.366,149,0.209
M,2016,Xavier,18,ME,81,0.396,139,0.221
M,2016,Xander,13,ME,108,0.286,187,0.16
M,2017,Xander,19,ME,73,0.446,120,0.247
M,2017,Xavier,13,ME,103,0.305,180,0.169
M,2018,Xander,20,ME,68,0.472,112,0.262
M,2018,Xavier,14,ME,100,0.331,174,0.183
M,2019,Xander,14,ME,93,0.353,159,0.193
M,2019,Xavier,14,ME,93,0.353,159,0.193
M,2020,Xavier,17,ME,68,0.441,121,0.241
M,2021,Xander,9,ME,152,0.222,265,0.125
M,2021,Xavier,9,ME,152,0.222,265,0.125
M,2022,Xavier,11,ME,115,0.272,211,0.152
M,2022,Xander,7,ME,185,0.173,339,0.097
M,2023,Xander,7,ME,175,0.189,330,0.104
M,2023,Xavier,6,ME,200,0.162,376,0.09
M,2024,Xavier,13,ME,92,0.352,161,0.195
F,1962,Xochitl,7,CA,1309,0.004,2161,0.002
F,1965,Xan,5,CA,1643,0.003,2688,0.001
F,1967,Xochitl,10,CA,1122,0.007,1863,0.003
F,1968,Xochitl,8,CA,1337,0.005,2192,0.002
F,1968,Xochilt,5,CA,1729,0.003,2821,0.002
F,1969,Xochitl,10,CA,1190,0.006,2007,0.003
F,1969,Xochilt,6,CA,1648,0.004,2691,0.002
F,1970,Xochitl,15,CA,956,0.009,1623,0.004
F,1971,Xochitl,24,CA,712,0.016,1241,0.008
F,1971,Xiomara,8,CA,1372,0.005,2292,0.003
F,1972,Xochitl,28,CA,613,0.02,1079,0.01
F,1972,Xochilt,8,CA,1349,0.006,2276,0.003
F,1973,Xochitl,29,CA,594,0.022,1058,0.011
F,1973,Xochilt,5,CA,1793,0.004,2947,0.002
F,1974,Xochitl,36,CA,549,0.026,975,0.013
F,1974,Xochilt,10,CA,1200,0.007,2030,0.003
F,1974,Xochil,8,CA,1390,0.006,2329,0.003
F,1975,Xochitl,20,CA,809,0.014,1381,0.007
F,1975,Xochilt,11,CA,1175,0.008,1979,0.004
F,1975,Xiomara,6,CA,1695,0.004,2844,0.002
F,1975,Xochil,5,CA,1918,0.004,3177,0.002
F,1976,Xochitl,39,CA,537,0.027,956,0.013
F,1976,Xochilt,11,CA,1209,0.008,2044,0.004
F,1976,Xiomara,6,CA,1758,0.004,2929,0.002
F,1976,Xochil,6,CA,1758,0.004,2929,0.002
F,1977,Xochitl,39,CA,556,0.026,972,0.012
F,1977,Xochilt,15,CA,1045,0.01,1750,0.005
F,1977,Xochil,8,CA,1513,0.005,2522,0.003
F,1977,Xenia,7,CA,1651,0.005,2735,0.002
F,1977,Xiomara,6,CA,1819,0.004,3000,0.002
F,1978,Xochitl,32,CA,637,0.021,1116,0.01
F,1978,Xenia,10,CA,1356,0.007,2255,0.003
F,1978,Xiomara,5,CA,2090,0.003,3422,0.002
F,1978,Xochilt,5,CA,2090,0.003,3422,0.002
F,1979,Xochitl,32,CA,656,0.02,1142,0.009
F,1979,Xochil,12,CA,1262,0.007,2102,0.003
F,1979,Xiomara,10,CA,1418,0.006,2357,0.003
F,1979,Xochilt,9,CA,1517,0.006,2505,0.003
F,1979,Xenia,6,CA,1969,0.004,3214,0.002
F,1980,Xochitl,28,CA,753,0.016,1294,0.008
F,1980,Xochil,13,CA,1250,0.007,2084,0.004
F,1980,Xochilt,9,CA,1556,0.005,2593,0.002
F,1980,Xiomara,7,CA,1813,0.004,3028,0.002
F,1981,Xochitl,34,CA,678,0.019,1178,0.009
F,1981,Xochilt,15,CA,1150,0.008,1931,0.004
F,1981,Xiomara,12,CA,1332,0.007,2226,0.003
F,1981,Xochil,5,CA,2323,0.003,3828,0.001
F,1982,Xochitl,25,CA,836,0.013,1429,0.006
F,1982,Xochilt,13,CA,1292,0.007,2162,0.003
F,1982,Xiomara,10,CA,1506,0.005,2522,0.003
F,1982,Xenia,8,CA,1738,0.004,2912,0.002
F,1982,Xuan,7,CA,1904,0.004,3179,0.002
F,1982,Xee,5,CA,2339,0.003,3933,0.001
F,1982,Xochil,5,CA,2339,0.003,3933,0.001
F,1983,Xochitl,39,CA,631,0.021,1097,0.01
F,1983,Xiomara,15,CA,1165,0.008,1946,0.004
F,1983,Xochilt,10,CA,1508,0.005,2520,0.003
F,1983,Xee,6,CA,2057,0.003,3443,0.002
F,1983,Xenia,5,CA,2330,0.003,3914,0.001
F,1983,Xia,5,CA,2330,0.003,3914,0.001
F,1983,Xochil,5,CA,2330,0.003,3914,0.001
F,1984,Xochitl,35,CA,684,0.018,1186,0.009
F,1984,Xiomara,15,CA,1192,0.008,1992,0.004
F,1984,Xochilt,11,CA,1448,0.006,2411,0.003
F,1984,Xochil,10,CA,1518,0.005,2539,0.002
F,1984,Xee,6,CA,2137,0.003,3583,0.001
F,1984,Xenia,5,CA,2421,0.003,4039,0.001
F,1984,Xia,5,CA,2421,0.003,4039,0.001
F,1985,Xiomara,23,CA,927,0.011,1576,0.005
F,1985,Xochitl,22,CA,954,0.011,1616,0.005
F,1985,Xochilt,16,CA,1180,0.008,1971,0.004
F,1985,Xenia,14,CA,1290,0.007,2156,0.003
F,1986,Xochitl,30,CA,798,0.014,1379,0.007
F,1986,Xiomara,15,CA,1269,0.007,2112,0.003
F,1986,Xenia,13,CA,1385,0.006,2312,0.003
F,1986,Xochilt,12,CA,1467,0.006,2443,0.003
F,1986,Xylina,5,CA,2601,0.002,4375,0.001
F,1987,Xochitl,21,CA,1046,0.01,1785,0.005
F,1987,Xiomara,20,CA,1076,0.009,1836,0.004
F,1987,Xenia,14,CA,1348,0.007,2277,0.003
F,1987,Xochilt,7,CA,2139,0.003,3596,0.002
F,1987,Xuan,5,CA,2667,0.002,4502,0.001
F,1988,Xochitl,35,CA,783,0.015,1359,0.007
F,1988,Xenia,30,CA,871,0.013,1499,0.006
F,1988,Xiomara,25,CA,973,0.011,1669,0.005
F,1988,Xochilt,13,CA,1508,0.006,2538,0.003
F,1988,Xia,6,CA,2514,0.003,4194,0.001
F,1988,Ximena,6,CA,2514,0.003,4194,0.001
F,1988,Xee,5,CA,2849,0.002,4777,0.001
F,1988,Xochil,5,CA,2849,0.002,4777,0.001
F,1989,Xochitl,39,CA,770,0.016,1336,0.008
F,1989,Xiomara,27,CA,1002,0.011,1690,0.005
F,1989,Xenia,17,CA,1348,0.007,2268,0.003
F,1989,Xochilt,11,CA,1767,0.005,2981,0.002
F,1989,Xia,8,CA,2166,0.003,3664,0.002
F,1989,Ximena,5,CA,3040,0.002,5102,0.001
F,1989,Xochil,5,CA,3040,0.002,5102,0.001
F,1990,Xochitl,47,CA,718,0.018,1257,0.009
F,1990,Xiomara,44,CA,753,0.017,1314,0.008
F,1990,Xenia,18,CA,1364,0.007,2288,0.003
F,1990,Xochilt,17,CA,1412,0.006,2363,0.003
F,1990,Ximena,10,CA,2030,0.004,3373,0.002
F,1990,Xochil,10,CA,2030,0.004,3373,0.002
F,1990,Xee,7,CA,2538,0.003,4284,0.001
F,1990,Xavier,5,CA,3197,0.002,5365,0.001
F,1991,Xochitl,43,CA,767,0.016,1337,0.008
F,1991,Xiomara,34,CA,914,0.013,1567,0.006
F,1991,Xochilt,30,CA,994,0.011,1695,0.005
F,1991,Xenia,16,CA,1470,0.006,2479,0.003
F,1991,Xochil,10,CA,2025,0.004,3369,0.002
F,1991,Xia,8,CA,2347,0.003,3929,0.001
F,1991,Ximena,8,CA,2347,0.003,3929,0.001
F,1991,Xee,7,CA,2576,0.003,4304,0.001
F,1992,Xochitl,58,CA,619,0.023,1082,0.011
F,1992,Xiomara,43,CA,750,0.017,1323,0.008
F,1992,Xochilt,14,CA,1621,0.005,2705,0.003
F,1992,Xochil,13,CA,1694,0.005,2835,0.002
F,1992,Xenia,12,CA,1808,0.005,3012,0.002
F,1992,Ximena,12,CA,1808,0.005,3012,0.002
F,1992,Xaviera,5,CA,3226,0.002,5424,0.001
F,1992,Xia,5,CA,3226,0.002,5424,0.001
F,1992,Xitlali,5,CA,3226,0.002,5424,0.001
F,1992,Xotchil,5,CA,3226,0.002,5424,0.001
F,1993,Xiomara,55,CA,645,0.022,1131,0.01
F,1993,Xochitl,49,CA,694,0.02,1225,0.009
F,1993,Xochilt,23,CA,1168,0.009,1960,0.004
F,1993,Xenia,14,CA,1626,0.006,2697,0.003
F,1993,Xochil,10,CA,2017,0.004,3363,0.002
F,1993,Ximena,7,CA,2538,0.003,4273,0.001
F,1993,Xandria,5,CA,3201,0.002,5394,0.001
F,1993,Xitlali,5,CA,3201,0.002,5394,0.001
F,1994,Xiomara,60,CA,595,0.025,1052,0.012
F,1994,Xochitl,54,CA,636,0.022,1117,0.011
F,1994,Xochilt,31,CA,943,0.013,1608,0.006
F,1994,Xenia,13,CA,1696,0.005,2812,0.003
F,1994,Ximena,13,CA,1696,0.005,2812,0.003
F,1994,Xitlali,9,CA,2127,0.004,3584,0.002
F,1994,Xochil,7,CA,2520,0.003,4252,0.001
F,1994,Xitlaly,5,CA,3167,0.002,5372,0.001
F,1995,Xochitl,63,CA,568,0.027,1012,0.013
F,1995,Xiomara,47,CA,685,0.02,1207,0.01
F,1995,Xochilt,21,CA,1204,0.009,2030,0.004
F,1995,Xena,14,CA,1564,0.006,2598,0.003
F,1995,Xenia,12,CA,1727,0.005,2874,0.002
F,1995,Xitlali,10,CA,1951,0.004,3259,0.002
F,1995,Ximena,9,CA,2099,0.004,3519,0.002
F,1995,Xitlaly,9,CA,2099,0.004,3519,0.002
F,1995,Xochil,8,CA,2264,0.003,3799,0.002
F,1996,Xochitl,62,CA,576,0.027,1020,0.013
F,1996,Xiomara,49,CA,674,0.021,1170,0.01
F,1996,Xena,44,CA,725,0.019,1262,0.009
F,1996,Xochilt,26,CA,1040,0.011,1757,0.005
F,1996,Xenia,19,CA,1266,0.008,2149,0.004
F,1996,Xochil,14,CA,1559,0.006,2603,0.003
F,1996,Xitlali,12,CA,1726,0.005,2891,0.002
F,1996,Ximena,10,CA,1953,0.004,3266,0.002
F,1996,Xitlaly,10,CA,1953,0.004,3266,0.002
F,1996,Xochilth,6,CA,2702,0.003,4540,0.001
F,1997,Xochitl,62,CA,563,0.028,993,0.013
F,1997,Xena,50,CA,662,0.022,1157,0.011
F,1997,Xiomara,40,CA,771,0.018,1330,0.009
F,1997,Xochilt,22,CA,1142,0.01,1924,0.005
F,1997,Ximena,19,CA,1262,0.009,2135,0.004
F,1997,Xenia,17,CA,1371,0.008,2306,0.004
F,1997,Xitlaly,14,CA,1559,0.006,2617,0.003
F,1997,Xitlali,10,CA,1935,0.004,3236,0.002
F,1997,Xochil,10,CA,1935,0.004,3236,0.002
F,1997,Xitlalic,6,CA,2680,0.003,4510,0.001
F,1998,Xochitl,70,CA,515,0.032,919,0.015
F,1998,Xiomara,31,CA,908,0.014,1562,0.007
F,1998,Xena,27,CA,996,0.012,1702,0.006
F,1998,Xochilt,21,CA,1184,0.01,2007,0.005
F,1998,Xenia,13,CA,1627,0.006,2721,0.003
F,1998,Xitlaly,12,CA,1721,0.005,2881,0.003
F,1998,Xitlali,11,CA,1841,0.005,3072,0.002
F,1998,Ximena,8,CA,2279,0.004,3782,0.002
F,1998,Xochil,5,CA,3059,0.002,5145,0.001
F,1999,Xochitl,68,CA,523,0.031,936,0.015
F,1999,Xiomara,48,CA,679,0.022,1182,0.01
F,1999,Xochilt,30,CA,960,0.014,1631,0.007
F,1999,Ximena,25,CA,1084,0.011,1822,0.005
F,1999,Xena,20,CA,1234,0.009,2066,0.004
F,1999,Xitlali,18,CA,1329,0.008,2226,0.004
F,1999,Xenia,11,CA,1833,0.005,3064,0.002
F,1999,Xochil,11,CA,1833,0.005,3064,0.002
F,1999,Xitlalli,10,CA,1954,0.005,3274,0.002
F,1999,Xitlaly,7,CA,2457,0.003,4132,0.002
F,2000,Xochitl,67,CA,543,0.03,965,0.014
F,2000,Xiomara,52,CA,648,0.023,1139,0.011
F,2000,Ximena,38,CA,832,0.017,1425,0.008
F,2000,Xochilt,25,CA,1106,0.011,1865,0.005
F,2000,Xitlaly,23,CA,1172,0.01,1967,0.005
F,2000,Xitlali,22,CA,1199,0.01,2012,0.005
F,2000,Xiana,16,CA,1486,0.007,2479,0.003
F,2000,Xenia,13,CA,1669,0.006,2804,0.003
F,2000,Xitlalli,13,CA,1669,0.006,2804,0.003
F,2000,Xochil,12,CA,1760,0.005,2950,0.003
F,2000,Xena,11,CA,1874,0.005,3138,0.002
F,2000,Xitlalic,8,CA,2354,0.004,3902,0.002
F,2000,Xitlally,7,CA,2595,0.003,4305,0.001
F,2000,Xcaret,5,CA,3231,0.002,5396,0.001
F,2000,Xianna,5,CA,3231,0.002,5396,0.001
F,2001,Ximena,89,CA,456,0.04,827,0.019
F,2001,Xochitl,69,CA,544,0.031,961,0.015
F,2001,Xitlaly,45,CA,748,0.02,1291,0.01
F,2001,Xiomara,42,CA,784,0.019,1351,0.009
F,2001,Xitlali,42,CA,784,0.019,1351,0.009
F,2001,Xochilt,19,CA,1351,0.009,2263,0.004
F,2001,Xitlalic,15,CA,1575,0.007,2632,0.003
F,2001,Xitlalli,12,CA,1825,0.005,3062,0.003
F,2001,Xitlally,11,CA,1946,0.005,3247,0.002
F,2001,Xochil,11,CA,1946,0.005,3247,0.002
F,2001,Xiana,10,CA,2076,0.004,3453,0.002
F,2001,Xenia,9,CA,2229,0.004,3691,0.002
F,2001,Xena,7,CA,2612,0.003,4339,0.001
F,2001,Xotchil,5,CA,3233,0.002,5410,0.001
F,2002,Ximena,133,CA,327,0.06,617,0.028
F,2002,Xochitl,65,CA,573,0.029,1003,0.014
F,2002,Xiomara,55,CA,638,0.025,1109,0.012
F,2002,Xitlali,54,CA,648,0.024,1123,0.012
F,2002,Xitlaly,38,CA,855,0.017,1475,0.008
F,2002,Xochilt,35,CA,904,0.016,1548,0.007
F,2002,Xitlalli,12,CA,1848,0.005,3101,0.003
F,2002,Xitlalic,11,CA,1941,0.005,3263,0.002
F,2002,Xenia,10,CA,2071,0.004,3483,0.002
F,2002,Xandria,8,CA,2391,0.004,3992,0.002
F,2002,Xiana,8,CA,2391,0.004,3992,0.002
F,2002,Xena,5,CA,3286,0.002,5472,0.001
F,2002,Xitllali,5,CA,3286,0.002,5472,0.001
F,2002,Xuan,5,CA,3286,0.002,5472,0.001
F,2003,Ximena,177,CA,254,0.078,495,0.037
F,2003,Xochitl,86,CA,466,0.038,852,0.018
F,2003,Xitlali,51,CA,701,0.023,1217,0.011
F,2003,Xitlaly,48,CA,729,0.021,1263,0.01
F,2003,Xiomara,44,CA,786,0.019,1355,0.009
F,2003,Xochilt,24,CA,1207,0.011,2023,0.005
F,2003,Xitlalic,15,CA,1603,0.007,2714,0.003
F,2003,Xiana,7,CA,2670,0.003,4477,0.001
F,2003,Xochil,7,CA,2670,0.003,4477,0.001
F,2003,Xenia,6,CA,3001,0.003,4999,0.001
F,2003,Xitlalli,6,CA,3001,0.003,4999,0.001
F,2003,Xochilth,5,CA,3359,0.002,5613,0.001
F,2004,Ximena,219,CA,205,0.096,427,0.046
F,2004,Xochitl,78,CA,523,0.034,926,0.016
F,2004,Xiomara,74,CA,546,0.032,960,0.015
F,2004,Xitlali,65,CA,607,0.028,1059,0.014
F,2004,Xitlaly,62,CA,628,0.027,1095,0.013
F,2004,Xochilt,20,CA,1361,0.009,2301,0.004
F,2004,Xenia,16,CA,1580,0.007,2668,0.003
F,2004,Xitlalic,12,CA,1892,0.005,3196,0.002
F,2004,Xitlalli,10,CA,2139,0.004,3612,0.002
F,2004,Xiana,8,CA,2485,0.003,4191,0.002
F,2004,Xiadani,6,CA,3034,0.003,5082,0.001
F,2004,Xochilth,5,CA,3463,0.002,5784,0.001
F,2005,Ximena,260,CA,186,0.113,388,0.054
F,2005,Xiomara,87,CA,482,0.038,875,0.018
F,2005,Xochitl,68,CA,591,0.03,1040,0.014
F,2005,Xitlali,49,CA,753,0.021,1300,0.01
F,2005,Xitlaly,41,CA,854,0.018,1463,0.008
F,2005,Xochilt,28,CA,1108,0.012,1878,0.006
F,2005,Xenia,14,CA,1733,0.006,2951,0.003
F,2005,Xitlalic,13,CA,1825,0.006,3119,0.003
F,2005,Xochil,9,CA,2331,0.004,3962,0.002
F,2005,Xiana,6,CA,3123,0.003,5278,0.001
F,2005,Xiclaly,5,CA,3523,0.002,5941,0.001
F,2006,Ximena,243,CA,193,0.104,407,0.049
F,2006,Xiomara,82,CA,522,0.035,937,0.017
F,2006,Xochitl,74,CA,565,0.032,1009,0.015
F,2006,Xitlali,53,CA,721,0.023,1252,0.011
F,2006,Xitlaly,48,CA,785,0.02,1352,0.01
F,2006,Xochilt,22,CA,1339,0.009,2275,0.004
F,2006,Xenia,10,CA,2271,0.004,3843,0.002
F,2006,Xitlalic,10,CA,2271,0.004,3843,0.002
F,2006,Xena,6,CA,3201,0.003,5369,0.001
F,2007,Ximena,258,CA,187,0.109,402,0.052
F,2007,Xiomara,80,CA,530,0.034,963,0.016
F,2007,Xochitl,78,CA,534,0.033,975,0.016
F,2007,Xitlali,47,CA,810,0.02,1397,0.009
F,2007,Xitlaly,45,CA,836,0.019,1436,0.009
F,2007,Xochilt,19,CA,1500,0.008,2578,0.004
F,2007,Xenia,11,CA,2152,0.005,3659,0.002
F,2007,Xochil,10,CA,2284,0.004,3902,0.002
F,2007,Xitlalic,9,CA,2468,0.004,4183,0.002
F,2007,Xitlally,7,CA,2926,0.003,4936,0.001
F,2007,Xcaret,6,CA,3245,0.003,5491,0.001
F,2007,Xandria,5,CA,3665,0.002,6229,0.001
F,2007,Xitlalli,5,CA,3665,0.002,6229,0.001
F,2008,Ximena,311,CA,147,0.136,329,0.064
F,2008,Xiomara,97,CA,455,0.042,837,0.02
F,2008,Xochitl,60,CA,657,0.026,1180,0.012
F,2008,Xitlali,49,CA,783,0.021,1366,0.01
F,2008,Xitlaly,39,CA,940,0.017,1605,0.008
F,2008,Xochilt,17,CA,1608,0.007,2756,0.004
F,2008,Xochil,13,CA,1938,0.006,3327,0.003
F,2008,Xitlalic,9,CA,2468,0.004,4192,0.002
F,2008,Xitlalli,9,CA,2468,0.004,4192,0.002
F,2008,Xitllali,7,CA,2896,0.003,4919,0.001
F,2008,Xena,5,CA,3637,0.002,6168,0.001
F,2008,Xenia,5,CA,3637,0.002,6168,0.001
F,2008,Xiana,5,CA,3637,0.002,6168,0.001
F,2009,Ximena,300,CA,142,0.137,319,0.065
F,2009,Xiomara,74,CA,539,0.034,983,0.016
F,2009,Xitlali,67,CA,576,0.031,1052,0.015
F,2009,Xochitl,63,CA,608,0.029,1108,0.014
F,2009,Xitlaly,46,CA,809,0.021,1431,0.01
F,2009,Xochilt,14,CA,1818,0.006,3114,0.003
F,2009,Xitlalli,10,CA,2264,0.005,3863,0.002
F,2009,Xitlalic,7,CA,2862,0.003,4894,0.002
F,2009,Xiclaly,6,CA,3207,0.003,5437,0.001
F,2009,Xela,5,CA,3619,0.002,6149,0.001
F,2009,Xenia,5,CA,3619,0.002,6149,0.001
F,2009,Xoe,5,CA,3619,0.002,6149,0.001
F,2009,Xuan,5,CA,3619,0.002,6149,0.001
F,2010,Ximena,357,CA,114,0.169,262,0.08
F,2010,Xitlali,65,CA,587,0.031,1055,0.015
F,2010,Xochitl,60,CA,624,0.028,1128,0.013
F,2010,Xiomara,56,CA,665,0.027,1190,0.013
F,2010,Xitlaly,33,CA,1019,0.016,1767,0.007
F,2010,Xochilt,14,CA,1763,0.007,3050,0.003
F,2010,Xyla,10,CA,2242,0.005,3853,0.002
F,2010,Xenia,8,CA,2600,0.004,4439,0.002
F,2010,Xitlalli,8,CA,2600,0.004,4439,0.002
F,2010,Xitllali,7,CA,2845,0.003,4860,0.002
F,2010,Xena,6,CA,3155,0.003,5397,0.001
F,2010,Xitlalic,6,CA,3155,0.003,5397,0.001
F,2010,Xcaret,5,CA,3535,0.002,6075,0.001
F,2010,Xochil,5,CA,3535,0.002,6075,0.001
F,2010,Xymena,5,CA,3535,0.002,6075,0.001
F,2011,Ximena,443,CA,92,0.213,220,0.101
F,2011,Xiomara,65,CA,581,0.031,1056,0.015
F,2011,Xochitl,45,CA,778,0.022,1398,0.01
F,2011,Xitlali,41,CA,838,0.02,1485,0.009
F,2011,Xitlaly,27,CA,1123,0.013,1971,0.006
F,2011,Xochilt,15,CA,1685,0.007,2904,0.003
F,2011,Xenia,9,CA,2357,0.004,4068,0.002
F,2011,Ximenna,8,CA,2538,0.004,4396,0.002
F,2011,Xena,7,CA,2779,0.003,4804,0.002
F,2011,Xiclaly,7,CA,2779,0.003,4804,0.002
F,2011,Xyla,7,CA,2779,0.003,4804,0.002
F,2012,Ximena,435,CA,93,0.208,217,0.099
F,2012,Xochitl,62,CA,615,0.03,1110,0.014
F,2012,Xiomara,55,CA,680,0.026,1211,0.013
F,2012,Xitlali,46,CA,774,0.022,1377,0.01
F,2012,Xitlaly,22,CA,1308,0.011,2274,0.005
F,2012,Xenia,9,CA,2328,0.004,4041,0.002
F,2012,Xena,8,CA,2537,0.004,4396,0.002
F,2012,Xitlalli,8,CA,2537,0.004,4396,0.002
F,2012,Xochilt,8,CA,2537,0.004,4396,0.002
F,2012,Xiana,5,CA,3535,0.002,6048,0.001
F,2012,Ximenna,5,CA,3535,0.002,6048,0.001
F,2013,Ximena,554,CA,62,0.27,159,0.128
F,2013,Xiomara,47,CA,738,0.023,1349,0.011
F,2013,Xochitl,39,CA,852,0.019,1543,0.009
F,2013,Xitlali,30,CA,1046,0.015,1859,0.007
F,2013,Xitlaly,20,CA,1387,0.01,2402,0.005
F,2013,Xenia,16,CA,1580,0.008,2750,0.004
F,2013,Xena,10,CA,2150,0.005,3722,0.002
F,2013,Ximenna,8,CA,2485,0.004,4300,0.002
F,2013,Xochilt,8,CA,2485,0.004,4300,0.002
F,2013,Xaria,5,CA,3400,0.002,5917,0.001
F,2013,Xylina,5,CA,3400,0.002,5917,0.001
F,2014,Ximena,642,CA,51,0.306,134,0.146
F,2014,Xiomara,54,CA,682,0.026,1260,0.012
F,2014,Xochitl,44,CA,795,0.021,1454,0.01
F,2014,Xitlali,28,CA,1126,0.013,1986,0.006
F,2014,Xitlaly,22,CA,1306,0.01,2291,0.005
F,2014,Xenia,12,CA,1939,0.006,3389,0.003
F,2014,Xena,8,CA,2517,0.004,4425,0.002
F,2014,Xyla,6,CA,3039,0.003,5349,0.001
F,2014,Xia,5,CA,3433,0.002,6004,0.001
F,2014,Xitlalli,5,CA,3433,0.002,6004,0.001
F,2014,Xylia,5,CA,3433,0.002,6004,0.001
F,2015,Ximena,717,CA,40,0.349,112,0.166
F,2015,Xiomara,51,CA,713,0.025,1314,0.012
F,2015,Xitlali,49,CA,746,0.024,1366,0.011
F,2015,Xochitl,32,CA,983,0.016,1776,0.007
F,2015,Xitlaly,20,CA,1381,0.01,2428,0.005
F,2015,Xena,12,CA,1918,0.006,3363,0.003
F,2015,Xyla,10,CA,2152,0.005,3783,0.002
F,2015,Ximenna,7,CA,2717,0.003,4761,0.002
F,2015,Xochilt,7,CA,2717,0.003,4761,0.002
F,2015,Xenia,6,CA,3005,0.003,5278,0.001
F,2015,Xoe,5,CA,3391,0.002,5947,0.001
F,2015,Xylia,5,CA,3391,0.002,5947,0.001
F,2016,Ximena,748,CA,39,0.367,105,0.175
F,2016,Xiomara,57,CA,641,0.028,1198,0.013
F,2016,Xochitl,28,CA,1096,0.014,1953,0.007
F,2016,Xitlali,26,CA,1153,0.013,2053,0.006
F,2016,Xitlaly,24,CA,1221,0.012,2176,0.006
F,2016,Xena,16,CA,1583,0.008,2805,0.004
F,2016,Xyla,13,CA,1816,0.006,3216,0.003
F,2016,Xenia,11,CA,1999,0.005,3559,0.003
F,2016,Ximenna,9,CA,2306,0.004,4090,0.002
F,2016,Xareni,7,CA,2675,0.003,4736,0.002
F,2016,Xaria,6,CA,2970,0.003,5253,0.001
F,2016,Xochilt,6,CA,2970,0.003,5253,0.001
F,2016,Xitlalli,5,CA,3333,0.002,5882,0.001
F,2017,Ximena,703,CA,39,0.359,110,0.171
F,2017,Xiomara,61,CA,601,0.031,1128,0.015
F,2017,Xochitl,51,CA,693,0.026,1283,0.012
F,2017,Xitlali,33,CA,956,0.017,1725,0.008
F,2017,Xena,20,CA,1353,0.01,2403,0.005
F,2017,Xitlaly,15,CA,1639,0.008,2908,0.004
F,2017,Ximenna,11,CA,1995,0.006,3517,0.003
F,2017,Xareni,9,CA,2256,0.005,3980,0.002
F,2017,Xenia,7,CA,2646,0.004,4682,0.002
F,2017,Xyla,7,CA,2646,0.004,4682,0.002
F,2017,Xaria,5,CA,3266,0.003,5821,0.001
F,2018,Ximena,719,CA,33,0.38,97,0.182
F,2018,Xiomara,86,CA,437,0.045,848,0.022
F,2018,Xochitl,38,CA,840,0.02,1527,0.01
F,2018,Xitlali,26,CA,1085,0.014,1970,0.007
F,2018,Xena,24,CA,1156,0.013,2078,0.006
F,2018,Xitlaly,19,CA,1363,0.01,2441,0.005
F,2018,Xyla,12,CA,1852,0.006,3292,0.003
F,2018,Xenia,10,CA,2090,0.005,3730,0.003
F,2018,Ximenna,9,CA,2244,0.005,4006,0.002
F,2018,Xinyi,7,CA,2610,0.004,4641,0.002
F,2018,Xitlalli,7,CA,2610,0.004,4641,0.002
F,2018,Xaria,6,CA,2885,0.003,5132,0.002
F,2018,Xolani,6,CA,2885,0.003,5132,0.002
F,2018,Xandria,5,CA,3222,0.003,5734,0.001
F,2018,Xareni,5,CA,3222,0.003,5734,0.001
F,2018,Xayah,5,CA,3222,0.003,5734,0.001
F,2019,Ximena,612,CA,48,0.332,123,0.158
F,2019,Xiomara,99,CA,375,0.054,744,0.026
F,2019,Xitlali,39,CA,817,0.021,1499,0.01
F,2019,Xochitl,39,CA,817,0.021,1499,0.01
F,2019,Xena,30,CA,987,0.016,1796,0.008
F,2019,Xyla,21,CA,1263,0.011,2264,0.005
F,2019,Xareni,12,CA,1844,0.007,3285,0.003
F,2019,Xia,12,CA,1844,0.007,3285,0.003
F,2019,Xaria,11,CA,1959,0.006,3487,0.003
F,2019,Xenia,11,CA,1959,0.006,3487,0.003
F,2019,Xitlaly,9,CA,2221,0.005,3956,0.002
F,2019,Xitlalli,8,CA,2380,0.004,4251,0.002
F,2019,Ximenna,6,CA,2848,0.003,5059,0.002
F,2019,Xayah,5,CA,3196,0.003,5700,0.001
F,2019,Xiadani,5,CA,3196,0.003,5700,0.001
F,2020,Ximena,547,CA,51,0.314,133,0.15
F,2020,Xiomara,114,CA,307,0.065,643,0.031
F,2020,Xochitl,43,CA,742,0.025,1380,0.012
F,2020,Xena,33,CA,896,0.019,1640,0.009
F,2020,Xyla,24,CA,1142,0.014,2034,0.007
F,2020,Xitlali,19,CA,1335,0.011,2373,0.005
F,2020,Xareni,12,CA,1804,0.007,3246,0.003
F,2020,Xenia,11,CA,1916,0.006,3426,0.003
F,2020,Xitlaly,8,CA,2334,0.005,4165,0.002
F,2020,Xolani,7,CA,2540,0.004,4504,0.002
F,2020,Xitlalli,6,CA,2799,0.003,4960,0.002
F,2020,Xoey,6,CA,2799,0.003,4960,0.002
F,2020,Ximenna,5,CA,3180,0.003,5625,0.001
F,2021,Ximena,503,CA,51,0.288,136,0.138
F,2021,Xiomara,124,CA,273,0.071,583,0.034
F,2021,Xochitl,57,CA,608,0.033,1141,0.016
F,2021,Xyla,36,CA,860,0.021,1587,0.01
F,2021,Xitlali,35,CA,876,0.02,1612,0.01
F,2021,Xena,23,CA,1163,0.013,2141,0.006
F,2021,Xitlaly,17,CA,1446,0.01,2606,0.005
F,2021,Xareni,16,CA,1516,0.009,2722,0.004
F,2021,Xolani,10,CA,2029,0.006,3624,0.003
F,2021,Xaila,8,CA,2380,0.005,4219,0.002
F,2021,Xenia,8,CA,2380,0.005,4219,0.002
F,2021,Xia,7,CA,2583,0.004,4585,0.002
F,2021,Xela,5,CA,3185,0.003,5679,0.001
F,2021,Xenovia,5,CA,3185,0.003,5679,0.001
F,2021,Xiamara,5,CA,3185,0.003,5679,0.001
F,2021,Xylah,5,CA,3185,0.003,5679,0.001
F,2022,Ximena,576,CA,45,0.332,115,0.159
F,2022,Xiomara,124,CA,272,0.071,587,0.034
F,2022,Xochitl,72,CA,504,0.041,966,0.02
F,2022,Xena,43,CA,766,0.025,1423,0.012
F,2022,Xyla,36,CA,872,0.021,1612,0.01
F,2022,Xitlali,30,CA,992,0.017,1811,0.008
F,2022,Xareni,17,CA,1463,0.01,2651,0.005
F,2022,Xitlaly,17,CA,1463,0.01,2651,0.005
F,2022,Xolani,15,CA,1592,0.009,2883,0.004
F,2022,Xela,10,CA,2061,0.006,3698,0.003
F,2022,Xoe,9,CA,2197,0.005,3947,0.002
F,2022,Xenia,7,CA,2592,0.004,4612,0.002
F,2022,Ximenna,7,CA,2592,0.004,4612,0.002
F,2022,Xochilt,7,CA,2592,0.004,4612,0.002
F,2022,Xiana,6,CA,2869,0.003,5098,0.002
F,2022,Xilenia,6,CA,2869,0.003,5098,0.002
F,2022,Xochi,6,CA,2869,0.003,5098,0.002
F,2022,Xylah,6,CA,2869,0.003,5098,0.002
F,2022,Xara,5,CA,3224,0.003,5761,0.001
F,2022,Xaria,5,CA,3224,0.003,5761,0.001
F,2022,Xianna,5,CA,3224,0.003,5761,0.001
F,2023,Ximena,502,CA,45,0.305,125,0.146
F,2023,Xiomara,169,CA,191,0.103,423,0.049
F,2023,Xochitl,66,CA,515,0.04,1005,0.019
F,2023,Xitlali,54,CA,600,0.033,1153,0.016
F,2023,Xolani,34,CA,864,0.021,1614,0.01
F,2023,Xena,33,CA,881,0.02,1652,0.01
F,2023,Xyla,32,CA,904,0.019,1694,0.009
F,2023,Xareni,13,CA,1701,0.008,3069,0.004
F,2023,Xylah,12,CA,1792,0.007,3222,0.003
F,2023,Xitlaly,11,CA,1917,0.007,3421,0.003
F,2023,Xilenia,8,CA,2366,0.005,4216,0.002
F,2023,Xitlalli,8,CA,2366,0.005,4216,0.002
F,2023,Xavia,7,CA,2570,0.004,4581,0.002
F,2023,Xianna,6,CA,2816,0.004,5014,0.002
F,2023,Xochilt,6,CA,2816,0.004,5014,0.002
F,2023,Xara,5,CA,3159,0.003,5617,0.001
F,2023,Xela,5,CA,3159,0.003,5617,0.001
F,2023,Xiamara,5,CA,3159,0.003,5617,0.001
F,2023,Xoe,5,CA,3159,0.003,5617,0.001
F,2024,Ximena,490,CA,48,0.297,130,0.142
F,2024,Xiomara,160,CA,209,0.097,449,0.046
F,2024,Xochitl,77,CA,447,0.047,887,0.022
F,2024,Xitlali,59,CA,570,0.036,1104,0.017
F,2024,Xyla,41,CA,748,0.025,1417,0.012
F,2024,Xolani,35,CA,851,0.021,1589,0.01
F,2024,Xena,34,CA,868,0.021,1618,0.01
F,2024,Xareni,13,CA,1680,0.008,3053,0.004
F,2024,Xitlaly,12,CA,1780,0.007,3226,0.003
F,2024,Xochi,10,CA,2031,0.006,3636,0.003
F,2024,Xitlalli,9,CA,2181,0.005,3899,0.003
F,2024,Xylah,9,CA,2181,0.005,3899,0.003
F,2024,Xaria,7,CA,2558,0.004,4551,0.002
F,2024,Xyra,7,CA,2558,0.004,4551,0.002
F,2024,Xara,6,CA,2826,0.004,5020,0.002
F,2024,Xaelia,5,CA,3161,0.003,5619,0.001
F,2024,Xenia,5,CA,3161,0.003,5619,0.001
F,2024,Xiadani,5,CA,3161,0.003,5619,0.001
F,2024,Xiamara,5,CA,3161,0.003,5619,0.001
F,2024,Xiclali,5,CA,3161,0.003,5619,0.001
F,2024,Ximenna,5,CA,3161,0.003,5619,0.001
M,1933,Xavier,6,CA,416,0.018,901,0.009
M,1939,Xavier,5,CA,520,0.01,1176,0.005
M,1940,Xavier,5,CA,543,0.009,1221,0.005
M,1941,Xavier,6,CA,496,0.01,1139,0.005
M,1942,Xavier,8,CA,501,0.011,1125,0.006
M,1943,Xavier,7,CA,544,0.009,1274,0.004
M,1944,Xavier,6,CA,579,0.007,1375,0.004
M,1945,Xavier,9,CA,490,0.01,1141,0.005
M,1946,Xavier,7,CA,599,0.007,1429,0.003
M,1947,Xavier,11,CA,510,0.009,1182,0.005
M,1948,Xavier,18,CA,400,0.015,918,0.008
M,1949,Xavier,11,CA,527,0.009,1236,0.005
M,1950,Xavier,16,CA,436,0.013,997,0.007
M,1951,Xavier,20,CA,389,0.015,894,0.008
M,1952,Xavier,21,CA,398,0.015,914,0.008
M,1953,Xavier,25,CA,379,0.017,881,0.009
M,1954,Xavier,16,CA,501,0.01,1147,0.005
M,1955,Xavier,34,CA,354,0.021,790,0.011
M,1956,Xavier,16,CA,529,0.01,1248,0.005
M,1957,Xavier,27,CA,432,0.015,985,0.008
M,1958,Xavier,14,CA,591,0.008,1408,0.004
M,1959,Xavier,31,CA,420,0.017,953,0.009
M,1960,Xavier,28,CA,455,0.015,1036,0.008
M,1961,Xavier,42,CA,386,0.022,869,0.012
M,1962,Xavier,32,CA,436,0.017,1005,0.009
M,1963,Xavier,28,CA,472,0.015,1083,0.008
M,1964,Xavier,34,CA,433,0.019,998,0.01
M,1965,Xavier,30,CA,458,0.017,1041,0.009
M,1966,Xavier,41,CA,373,0.025,861,0.013
M,1967,Xavier,34,CA,431,0.02,974,0.011
M,1968,Xavier,41,CA,393,0.025,896,0.013
M,1969,Xavier,38,CA,419,0.022,964,0.011
M,1970,Xavier,38,CA,430,0.021,985,0.011
M,1971,Xavier,44,CA,383,0.027,873,0.014
M,1972,Xavier,34,CA,426,0.023,985,0.012
M,1973,Xavier,36,CA,415,0.025,937,0.013
M,1974,Xavier,51,CA,349,0.034,783,0.018
M,1975,Xavier,45,CA,380,0.03,859,0.015
M,1976,Xavier,53,CA,353,0.033,791,0.018
M,1977,Xavier,55,CA,356,0.033,802,0.017
M,1978,Xavier,60,CA,329,0.036,752,0.019
M,1979,Xavier,43,CA,417,0.024,953,0.013
M,1980,Xavier,46,CA,415,0.024,970,0.013
M,1981,Xavier,51,CA,403,0.025,929,0.013
M,1982,Xavier,56,CA,378,0.027,885,0.014
M,1983,Xavier,57,CA,376,0.028,869,0.014
M,1984,Xavier,74,CA,334,0.035,738,0.018
M,1985,Xavier,87,CA,306,0.039,690,0.02
M,1985,Xue,8,CA,1243,0.004,3071,0.002
M,1986,Xavier,81,CA,329,0.035,735,0.019
M,1987,Xavier,122,CA,267,0.051,570,0.027
M,1987,Xiong,8,CA,1336,0.003,3285,0.002
M,1988,Xavier,155,CA,236,0.061,492,0.032
M,1988,Xiong,6,CA,1681,0.002,4194,0.001
M,1989,Xavier,159,CA,244,0.059,517,0.031
M,1989,Xiong,8,CA,1499,0.003,3664,0.002
M,1989,Xue,8,CA,1499,0.003,3664,0.002
M,1989,Xeng,5,CA,2063,0.002,5102,0.001
M,1990,Xavier,228,CA,214,0.079,426,0.041
M,1990,Xiong,9,CA,1443,0.003,3618,0.002
M,1991,Xavier,218,CA,223,0.076,444,0.04
M,1991,Xeng,8,CA,1583,0.003,3929,0.001
M,1991,Xiong,7,CA,1729,0.002,4304,0.001
M,1991,Xao,5,CA,2174,0.002,5375,0.001
M,1992,Xavier,262,CA,198,0.092,387,0.048
M,1992,Xai,5,CA,2199,0.002,5424,0.001
M,1992,Xiong,5,CA,2199,0.002,5424,0.001
M,1993,Xavier,252,CA,200,0.091,389,0.048
M,1993,Xiong,7,CA,1736,0.003,4273,0.001
M,1993,Xai,5,CA,2194,0.002,5394,0.001
M,1993,Xang,5,CA,2194,0.002,5394,0.001
M,1993,Xue,5,CA,2194,0.002,5394,0.001
M,1994,Xavier,293,CA,177,0.11,346,0.058
M,1994,Xiong,7,CA,1733,0.003,4252,0.001
M,1994,Xai,6,CA,1946,0.002,4720,0.001
M,1995,Xavier,252,CA,199,0.097,390,0.051
M,1995,Xzavier,7,CA,1698,0.003,4169,0.001
M,1995,Xai,6,CA,1867,0.002,4607,0.001
M,1995,Xeng,5,CA,2121,0.002,5230,0.001
M,1996,Xavier,285,CA,181,0.112,350,0.059
M,1997,Xavier,299,CA,174,0.122,337,0.064
M,1997,Xzavier,7,CA,1670,0.003,4099,0.001
M,1997,Xander,5,CA,2084,0.002,5104,0.001
M,1998,Xavier,339,CA,160,0.139,300,0.073
M,1998,Xander,16,CA,977,0.007,2407,0.003
M,1998,Xzavier,7,CA,1651,0.003,4128,0.002
M,1998,Xaiver,5,CA,2087,0.002,5145,0.001
M,1999,Xavier,356,CA,155,0.147,289,0.077
M,1999,Xander,16,CA,956,0.007,2388,0.003
M,1999,Xzavier,7,CA,1676,0.003,4132,0.002
M,2000,Xavier,397,CA,148,0.16,271,0.084
M,2000,Xander,18,CA,924,0.007,2301,0.004
M,2000,Xzavier,12,CA,1191,0.005,2950,0.003
M,2001,Xavier,447,CA,135,0.183,247,0.096
M,2001,Xander,30,CA,691,0.012,1700,0.006
M,2001,Xzavier,15,CA,1058,0.006,2632,0.003
M,2001,Xaiver,5,CA,2178,0.002,5410,0.001
M,2001,Xavior,5,CA,2178,0.002,5410,0.001
M,2002,Xavier,464,CA,128,0.189,232,0.099
M,2002,Xander,40,CA,589,0.016,1413,0.009
M,2002,Xzavier,23,CA,823,0.009,2022,0.005
M,2002,Xaiver,5,CA,2187,0.002,5472,0.001
M,2002,Xavian,5,CA,2187,0.002,5472,0.001
M,2003,Xavier,571,CA,104,0.227,183,0.12
M,2003,Xander,95,CA,371,0.038,804,0.02
M,2003,Xzavier,28,CA,747,0.011,1823,0.006
M,2003,Xavian,5,CA,2255,0.002,5613,0.001
M,2004,Xavier,570,CA,107,0.226,184,0.119
M,2004,Xander,105,CA,348,0.042,758,0.022
M,2004,Xzavier,20,CA,941,0.008,2301,0.004
M,2004,Xaiver,7,CA,1840,0.003,4553,0.001
M,2004,Xavior,7,CA,1840,0.003,4553,0.001
M,2004,Xaviar,5,CA,2322,0.002,5784,0.001
M,2005,Xavier,588,CA,105,0.231,179,0.121
M,2005,Xander,90,CA,387,0.035,852,0.019
M,2005,Xzavier,29,CA,758,0.011,1837,0.006
M,2005,Xaiver,8,CA,1794,0.003,4333,0.002
M,2006,Xavier,704,CA,95,0.27,153,0.142
M,2006,Xander,91,CA,390,0.035,873,0.018
M,2006,Xzavier,36,CA,671,0.014,1624,0.007
M,2006,Xavior,8,CA,1800,0.003,4427,0.002
M,2006,Xavian,7,CA,1955,0.003,4836,0.001
M,2006,Xavi,6,CA,2169,0.002,5369,0.001
M,2007,Xavier,836,CA,73,0.32,117,0.168
M,2007,Xander,97,CA,375,0.037,829,0.019
M,2007,Xzavier,43,CA,629,0.016,1490,0.009
M,2007,Xaiver,6,CA,2247,0.002,5491,0.001
M,2007,Xavi,6,CA,2247,0.002,5491,0.001
M,2007,Xavion,6,CA,2247,0.002,5491,0.001
M,2007,Xavior,6,CA,2247,0.002,5491,0.001
M,2008,Xavier,791,CA,74,0.311,121,0.164
M,2008,Xander,99,CA,375,0.039,819,0.02
M,2008,Xzavier,44,CA,621,0.017,1484,0.009
M,2008,Xavi,10,CA,1631,0.004,3942,0.002
M,2008,Xavior,7,CA,2024,0.003,4919,0.001
M,2008,Xavion,6,CA,2246,0.002,5442,0.001
M,2008,Xavian,5,CA,2532,0.002,6168,0.001
M,2009,Xavier,783,CA,70,0.323,112,0.17
M,2009,Xander,122,CA,313,0.05,657,0.026
M,2009,Xzavier,60,CA,511,0.025,1151,0.013
M,2009,Xavi,25,CA,901,0.01,2136,0.005
M,2009,Xavior,13,CA,1350,0.005,3240,0.003
M,2009,Xavian,9,CA,1715,0.004,4139,0.002
M,2009,Xaiver,7,CA,2033,0.003,4894,0.002
M,2009,Xadrian,6,CA,2231,0.002,5437,0.001
M,2009,Xzavior,5,CA,2531,0.002,6149,0.001
M,2010,Xavier,831,CA,63,0.356,97,0.187
M,2010,Xander,111,CA,337,0.047,715,0.025
M,2010,Xavi,75,CA,425,0.032,944,0.017
M,2010,Xzavier,67,CA,455,0.029,1028,0.015
M,2010,Xaiden,8,CA,1840,0.003,4439,0.002
M,2010,Xavior,7,CA,2016,0.003,4860,0.002
M,2010,Xabi,6,CA,2243,0.003,5397,0.001
M,2010,Xaiver,5,CA,2541,0.002,6075,0.001
M,2011,Xavier,822,CA,63,0.357,96,0.188
M,2011,Xander,130,CA,304,0.056,627,0.03
M,2011,Xavi,80,CA,415,0.035,895,0.018
M,2011,Xzavier,56,CA,524,0.024,1182,0.013
M,2011,Xavian,16,CA,1172,0.007,2781,0.004
M,2011,Xavior,13,CA,1328,0.006,3163,0.003
M,2011,Xayden,6,CA,2255,0.003,5326,0.001
M,2012,Xavier,838,CA,61,0.364,88,0.191
M,2012,Xander,148,CA,287,0.064,575,0.034
M,2012,Xzavier,65,CA,477,0.028,1075,0.015
M,2012,Xavi,61,CA,501,0.026,1124,0.014
M,2012,Xian,12,CA,1437,0.005,3371,0.003
M,2012,Xavior,9,CA,1714,0.004,4041,0.002
M,2012,Xavian,6,CA,2239,0.003,5342,0.001
M,2012,Xayden,5,CA,2514,0.002,6048,0.001
M,2012,Xzander,5,CA,2514,0.002,6048,0.001
M,2013,Xavier,744,CA,70,0.328,108,0.172
M,2013,Xander,153,CA,288,0.067,558,0.035
M,2013,Xzavier,65,CA,488,0.029,1076,0.015
M,2013,Xavi,62,CA,505,0.027,1116,0.014
M,2013,Xaiden,8,CA,1816,0.004,4300,0.002
M,2013,Xzander,8,CA,1816,0.004,4300,0.002
M,2013,Xavian,7,CA,2006,0.003,4734,0.002
M,2013,Xayden,6,CA,2225,0.003,5243,0.001
M,2014,Xavier,732,CA,72,0.317,108,0.166
M,2014,Xander,182,CA,265,0.079,493,0.041
M,2014,Xzavier,56,CA,568,0.024,1230,0.013
M,2014,Xavi,36,CA,740,0.016,1681,0.008
M,2014,Xzander,9,CA,1737,0.004,4072,0.002
M,2014,Xabi,5,CA,2572,0.002,6004,0.001
M,2014,Xaden,5,CA,2572,0.002,6004,0.001
M,2015,Xavier,669,CA,79,0.296,124,0.155
M,2015,Xander,189,CA,252,0.084,469,0.044
M,2015,Xzavier,40,CA,708,0.018,1559,0.009
M,2015,Xavi,30,CA,824,0.013,1849,0.007
M,2015,Xavian,8,CA,1871,0.004,4355,0.002
M,2015,Xzander,7,CA,2045,0.003,4761,0.002
M,2015,Xaiden,5,CA,2557,0.002,5947,0.001
M,2015,Xavion,5,CA,2557,0.002,5947,0.001
M,2016,Xavier,702,CA,76,0.314,119,0.164
M,2016,Xander,199,CA,243,0.089,440,0.047
M,2016,Xzavier,42,CA,689,0.019,1515,0.01
M,2016,Xavi,39,CA,716,0.017,1598,0.009
M,2016,Xzander,9,CA,1785,0.004,4090,0.002
M,2016,Xaiden,6,CA,2284,0.003,5253,0.001
M,2016,Xavien,6,CA,2284,0.003,5253,0.001
M,2016,Xavian,5,CA,2550,0.002,5882,0.001
M,2017,Xavier,720,CA,69,0.334,105,0.175
M,2017,Xander,230,CA,212,0.107,381,0.056
M,2017,Xzavier,44,CA,653,0.02,1419,0.011
M,2017,Xavi,24,CA,934,0.011,2123,0.006
M,2017,Xaiden,10,CA,1609,0.005,3716,0.002
M,2017,Xzander,10,CA,1609,0.005,3716,0.002
M,2017,Xavian,7,CA,2037,0.003,4682,0.002
M,2017,Xayden,6,CA,2263,0.003,5163,0.001
M,2018,Xavier,707,CA,68,0.342,104,0.179
M,2018,Xander,242,CA,190,0.117,338,0.061
M,2018,Xzavier,40,CA,662,0.019,1482,0.01
M,2018,Xavi,28,CA,842,0.014,1874,0.007
M,2018,Xavian,11,CA,1534,0.005,3494,0.003
M,2018,Xaiden,10,CA,1641,0.005,3730,0.003
M,2018,Xion,7,CA,2032,0.003,4641,0.002
M,2018,Xzander,7,CA,2032,0.003,4641,0.002
M,2018,Xavien,5,CA,2513,0.002,5734,0.001
M,2019,Xavier,685,CA,65,0.337,100,0.177
M,2019,Xander,271,CA,169,0.133,300,0.07
M,2019,Xzavier,31,CA,788,0.015,1755,0.008
M,2019,Xavi,17,CA,1164,0.008,2638,0.004
M,2019,Xavian,15,CA,1271,0.007,2870,0.004
M,2019,Xavien,12,CA,1442,0.006,3285,0.003
M,2019,Xaiden,10,CA,1633,0.005,3715,0.003
M,2019,Xion,9,CA,1736,0.004,3956,0.002
M,2019,Xavion,6,CA,2212,0.003,5059,0.002
M,2019,Xayden,5,CA,2505,0.002,5700,0.001
M,2019,Xzander,5,CA,2505,0.002,5700,0.001
M,2020,Xavier,644,CA,64,0.34,102,0.177
M,2020,Xander,241,CA,177,0.127,309,0.066
M,2020,Xzavier,33,CA,745,0.017,1640,0.009
M,2020,Xavi,15,CA,1236,0.008,2785,0.004
M,2020,Xaiden,10,CA,1600,0.005,3635,0.003
M,2020,Xavian,10,CA,1600,0.005,3635,0.003
M,2020,Xayden,9,CA,1711,0.005,3877,0.002
M,2020,Xavien,7,CA,1965,0.004,4504,0.002
M,2020,Xavion,7,CA,1965,0.004,4504,0.002
M,2020,Xzander,5,CA,2446,0.003,5625,0.001
M,2021,Xavier,626,CA,65,0.331,105,0.172
M,2021,Xander,232,CA,184,0.123,321,0.064
M,2021,Xzavier,23,CA,979,0.012,2141,0.006
M,2021,Xavi,22,CA,1006,0.012,2199,0.006
M,2021,Xavion,13,CA,1364,0.007,3078,0.004
M,2021,Xion,13,CA,1364,0.007,3078,0.004
M,2021,Xavian,10,CA,1596,0.005,3624,0.003
M,2021,Xavien,10,CA,1596,0.005,3624,0.003
M,2021,Xayden,9,CA,1704,0.005,3896,0.002
M,2021,Xaiden,6,CA,2213,0.003,5051,0.002
M,2021,Xylo,6,CA,2213,0.003,5051,0.002
M,2022,Xavier,637,CA,62,0.337,98,0.176
M,2022,Xander,220,CA,190,0.116,333,0.061
M,2022,Xzavier,20,CA,1058,0.011,2361,0.006
M,2022,Xavi,18,CA,1147,0.01,2559,0.005
M,2022,Xavian,13,CA,1411,0.007,3175,0.004
M,2022,Xavien,10,CA,1638,0.005,3698,0.003
M,2022,Xavion,10,CA,1638,0.005,3698,0.003
M,2022,Xayden,10,CA,1638,0.005,3698,0.003
M,2022,Xion,10,CA,1638,0.005,3698,0.003
M,2022,Xaiden,8,CA,1875,0.004,4258,0.002
M,2022,Xane,5,CA,2538,0.003,5761,0.001
M,2022,Xen,5,CA,2538,0.003,5761,0.001
M,2023,Xavier,597,CA,67,0.332,104,0.173
M,2023,Xander,214,CA,185,0.119,336,0.062
M,2023,Xzavier,24,CA,930,0.013,2033,0.007
M,2023,Xavi,22,CA,984,0.012,2154,0.006
M,2023,Xavian,14,CA,1293,0.008,2908,0.004
M,2023,Xavien,12,CA,1431,0.007,3222,0.003
M,2023,Xaiden,11,CA,1505,0.006,3421,0.003
M,2023,Xavion,8,CA,1851,0.004,4216,0.002
M,2023,Xion,6,CA,2199,0.003,5014,0.002
M,2023,Xzayvier,6,CA,2199,0.003,5014,0.002
M,2023,Xayden,5,CA,2459,0.003,5617,0.001
M,2023,Xylo,5,CA,2459,0.003,5617,0.001
M,2024,Xavier,599,CA,61,0.334,98,0.174
M,2024,Xander,213,CA,182,0.119,323,0.062
M,2024,Xzavier,26,CA,896,0.014,1933,0.008
M,2024,Xavi,22,CA,978,0.012,2157,0.006
M,2024,Xavian,16,CA,1183,0.009,2647,0.005
M,2024,Xavien,12,CA,1447,0.007,3226,0.003
M,2024,Xaiden,10,CA,1606,0.006,3636,0.003
M,2024,Xylo,6,CA,2195,0.003,5020,0.002
M,2024,Xaden,5,CA,2459,0.003,5619,0.001
M,2024,Xane,5,CA,2459,0.003,5619,0.001
M,2024,Xion,5,CA,2459,0.003,5619,0.001
F,2008,Ximena,8,NE,298,0.096,590,0.043
F,2010,Ximena,12,NE,193,0.152,406,0.068
F,2011,Ximena,8,NE,273,0.103,558,0.046
F,2011,Xiomara,5,NE,409,0.064,817,0.028
F,2012,Ximena,8,NE,285,0.103,581,0.045
F,2013,Ximena,11,NE,212,0.14,443,0.062
F,2014,Ximena,18,NE,114,0.225,280,0.098
F,2015,Ximena,15,NE,151,0.187,343,0.083
F,2016,Ximena,11,NE,215,0.136,464,0.061
F,2017,Ximena,12,NE,186,0.153,417,0.068
F,2018,Ximena,19,NE,102,0.254,242,0.112
F,2019,Ximena,13,NE,166,0.175,371,0.079
F,2020,Ximena,17,NE,107,0.239,261,0.107
F,2021,Ximena,15,NE,142,0.207,322,0.093
F,2021,Xyla,5,NE,415,0.069,842,0.031
F,2022,Ximena,13,NE,159,0.183,361,0.082
F,2023,Xiomara,7,NE,310,0.101,636,0.045
F,2023,Ximena,6,NE,352,0.086,732,0.039
F,2024,Ximena,13,NE,179,0.175,383,0.081
M,1990,Xavier,5,NE,244,0.046,542,0.025
M,1991,Xavier,8,NE,185,0.076,395,0.041
M,1992,Xavier,9,NE,177,0.087,363,0.048
M,1993,Xavier,6,NE,226,0.061,475,0.033
M,1994,Xavier,9,NE,174,0.09,360,0.05
M,1995,Xavier,11,NE,172,0.11,347,0.06
M,1996,Xavier,12,NE,158,0.122,312,0.067
M,1997,Xavier,11,NE,175,0.113,347,0.061
M,1998,Xavier,12,NE,177,0.12,342,0.066
M,1999,Xavier,11,NE,192,0.11,378,0.061
M,2000,Xavier,16,NE,161,0.157,295,0.086
M,2001,Xavier,22,NE,129,0.218,223,0.12
M,2002,Xavier,21,NE,131,0.205,239,0.113
M,2003,Xavier,33,NE,100,0.313,156,0.175
M,2003,Xander,16,NE,171,0.152,307,0.085
M,2004,Xavier,24,NE,128,0.228,219,0.127
M,2004,Xander,18,NE,153,0.171,283,0.095
M,2005,Xavier,26,NE,116,0.252,191,0.14
M,2005,Xander,21,NE,142,0.204,240,0.113
M,2006,Xavier,37,NE,84,0.348,130,0.194
M,2006,Xander,13,NE,200,0.122,368,0.068
M,2007,Xavier,47,NE,69,0.441,104,0.247
M,2007,Xander,18,NE,164,0.169,293,0.095
M,2008,Xavier,40,NE,77,0.387,111,0.214
M,2008,Xander,10,NE,244,0.097,489,0.054
M,2009,Xavier,45,NE,65,0.434,95,0.242
M,2009,Xander,18,NE,165,0.174,289,0.097
M,2010,Xavier,38,NE,78,0.386,116,0.214
M,2010,Xander,16,NE,168,0.162,314,0.09
M,2011,Xavier,37,NE,79,0.378,117,0.211
M,2011,Xander,25,NE,115,0.255,185,0.142
M,2012,Xavier,31,NE,92,0.313,138,0.176
M,2012,Xander,15,NE,189,0.152,339,0.085
M,2013,Xavier,30,NE,100,0.3,155,0.168
M,2013,Xander,12,NE,216,0.12,402,0.067
M,2014,Xavier,35,NE,81,0.338,130,0.191
M,2014,Xander,23,NE,134,0.222,216,0.125
M,2015,Xavier,28,NE,104,0.277,170,0.155
M,2015,Xander,20,NE,147,0.198,249,0.11
M,2016,Xavier,26,NE,117,0.261,186,0.144
M,2016,Xander,13,NE,210,0.131,382,0.072
M,2017,Xavier,27,NE,106,0.277,169,0.153
M,2017,Xander,18,NE,164,0.184,276,0.102
M,2018,Xavier,24,NE,114,0.255,189,0.142
M,2018,Xander,15,NE,187,0.159,327,0.089
M,2019,Xavier,26,NE,102,0.288,169,0.158
M,2019,Xander,15,NE,174,0.166,310,0.091
M,2020,Xavier,21,NE,128,0.24,207,0.132
M,2020,Xander,19,NE,143,0.217,230,0.12
M,2021,Xavier,24,NE,112,0.27,187,0.149
M,2021,Xander,15,NE,181,0.169,322,0.093
M,2022,Xander,15,NE,181,0.173,313,0.095
M,2022,Xavier,14,NE,189,0.162,334,0.089
M,2023,Xavier,19,NE,135,0.224,238,0.123
M,2023,Xander,15,NE,174,0.177,309,0.097
M,2024,Xavier,20,NE,127,0.234,230,0.125
M,2024,Xander,12,NE,221,0.14,418,0.075
F,1981,Xiomara,6,MA,532,0.019,887,0.009
F,1982,Xiomara,8,MA,461,0.025,755,0.012
F,1984,Xiomara,5,MA,599,0.015,984,0.007
F,1985,Xiomara,5,MA,639,0.014,1045,0.007
F,1987,Xiomara,5,MA,678,0.014,1114,0.007
F,1988,Xiomara,9,MA,489,0.024,822,0.011
F,1989,Xiomara,5,MA,733,0.013,1221,0.006
F,1990,Xiomara,13,MA,406,0.034,703,0.016
F,1991,Xiomara,10,MA,476,0.028,815,0.013
F,1992,Xiomara,7,MA,590,0.02,1021,0.009
F,1993,Xiomara,7,MA,560,0.02,979,0.009
F,1994,Xiomara,11,MA,416,0.033,746,0.015
F,1995,Xiomara,6,MA,641,0.018,1101,0.008
F,1997,Xiomara,5,MA,690,0.016,1223,0.007
F,1998,Xiomara,10,MA,471,0.031,824,0.015
F,1999,Xiomara,5,MA,753,0.016,1294,0.007
F,2002,Xiomara,6,MA,696,0.02,1214,0.009
F,2004,Xiomara,6,MA,714,0.02,1243,0.009
F,2006,Xiomara,5,MA,817,0.018,1500,0.008
F,2016,Ximena,7,MA,669,0.027,1254,0.013
F,2018,Xena,5,MA,831,0.02,1542,0.009
F,2018,Ximena,5,MA,831,0.02,1542,0.009
F,2019,Ximena,8,MA,600,0.032,1128,0.015
F,2020,Xena,8,MA,580,0.034,1094,0.016
F,2020,Ximena,7,MA,655,0.029,1216,0.014
F,2021,Xiomara,7,MA,674,0.028,1268,0.013
F,2021,Xena,6,MA,749,0.024,1398,0.011
F,2021,Ximena,6,MA,749,0.024,1398,0.011
F,2022,Xiomara,7,MA,669,0.029,1279,0.013
F,2022,Ximena,6,MA,765,0.024,1437,0.012
F,2023,Ximena,5,MA,841,0.021,1607,0.01
F,2024,Xyla,7,MA,673,0.029,1270,0.014
F,2024,Ximena,5,MA,866,0.021,1617,0.01
F,2024,Xiomara,5,MA,866,0.021,1617,0.01
F,2024,Xolani,5,MA,866,0.021,1617,0.01
M,1975,Xavier,6,MA,336,0.018,831,0.01
M,1979,Xavier,5,MA,370,0.015,955,0.008
M,1984,Xavier,5,MA,386,0.013,984,0.007
M,1985,Xavier,8,MA,327,0.02,808,0.011
M,1986,Xavier,9,MA,312,0.023,761,0.012
M,1987,Xavier,19,MA,208,0.047,501,0.025
M,1988,Xavier,27,MA,169,0.065,393,0.034
M,1989,Xavier,26,MA,181,0.059,412,0.032
M,1990,Xavier,26,MA,182,0.059,427,0.031
M,1991,Xavier,35,MA,151,0.084,337,0.045
M,1992,Xavier,46,MA,122,0.112,268,0.06
M,1993,Xavier,51,MA,113,0.129,244,0.069
M,1994,Xavier,52,MA,118,0.135,254,0.072
M,1995,Xavier,46,MA,124,0.122,267,0.065
M,1996,Xavier,55,MA,117,0.148,242,0.079
M,1997,Xavier,51,MA,125,0.141,264,0.075
M,1998,Xavier,68,MA,109,0.185,218,0.099
M,1999,Xavier,70,MA,101,0.193,206,0.103
M,2000,Xavier,64,MA,113,0.177,226,0.095
M,2001,Xavier,81,MA,95,0.228,189,0.121
M,2002,Xavier,104,MA,85,0.293,154,0.157
M,2002,Xander,5,MA,606,0.014,1389,0.008
M,2002,Xavian,5,MA,606,0.014,1389,0.008
M,2002,Xzavier,5,MA,606,0.014,1389,0.008
M,2003,Xavier,115,MA,76,0.328,136,0.176
M,2003,Xander,6,MA,540,0.017,1234,0.009
M,2004,Xavier,99,MA,84,0.291,155,0.156
M,2005,Xavier,102,MA,78,0.31,140,0.166
M,2005,Xander,13,MA,334,0.04,734,0.021
M,2005,Xzavier,6,MA,549,0.018,1245,0.01
M,2006,Xavier,102,MA,76,0.31,135,0.166
M,2006,Xander,15,MA,314,0.046,688,0.024
M,2006,Xzavier,8,MA,479,0.024,1064,0.013
M,2006,Xavian,6,MA,596,0.018,1330,0.01
M,2007,Xavier,124,MA,67,0.378,109,0.205
M,2007,Xzavier,6,MA,590,0.018,1331,0.01
M,2008,Xavier,120,MA,68,0.375,110,0.203
M,2008,Xander,9,MA,459,0.028,1004,0.015
M,2008,Xavian,8,MA,498,0.025,1097,0.014
M,2009,Xavier,125,MA,65,0.403,101,0.218
M,2009,Xander,13,MA,356,0.042,770,0.023
M,2009,Xzavier,8,MA,489,0.026,1065,0.014
M,2009,Xavian,7,MA,547,0.023,1197,0.012
M,2010,Xavier,116,MA,68,0.387,109,0.209
M,2010,Xander,12,MA,371,0.04,799,0.022
M,2010,Xzavier,8,MA,487,0.027,1091,0.014
M,2010,Xavian,5,MA,674,0.017,1503,0.009
M,2011,Xavier,103,MA,77,0.343,123,0.185
M,2011,Xander,13,MA,337,0.043,737,0.023
M,2011,Xavi,5,MA,682,0.017,1496,0.009
M,2011,Xzavier,5,MA,682,0.017,1496,0.009
M,2012,Xavier,91,MA,80,0.307,134,0.165
M,2012,Xander,11,MA,403,0.037,851,0.02
M,2012,Xavian,6,MA,607,0.02,1349,0.011
M,2012,Xzavier,5,MA,698,0.017,1548,0.009
M,2013,Xavier,85,MA,86,0.29,145,0.155
M,2013,Xander,10,MA,419,0.034,925,0.018
M,2013,Xavi,7,MA,536,0.024,1195,0.013
M,2013,Xzavier,6,MA,615,0.02,1353,0.011
M,2014,Xavier,77,MA,104,0.257,180,0.139
M,2014,Xander,42,MA,158,0.14,304,0.076
M,2015,Xavier,93,MA,85,0.315,141,0.17
M,2015,Xander,21,MA,255,0.071,527,0.038
M,2015,Xzavier,6,MA,622,0.02,1364,0.011
M,2016,Xavier,76,MA,99,0.258,173,0.138
M,2016,Xander,37,MA,177,0.126,337,0.067
M,2017,Xavier,63,MA,116,0.219,204,0.117
M,2017,Xander,41,MA,175,0.142,313,0.076
M,2018,Xavier,69,MA,107,0.244,187,0.13
M,2018,Xander,38,MA,178,0.134,329,0.072
M,2019,Xavier,57,MA,123,0.203,218,0.108
M,2019,Xander,41,MA,170,0.146,305,0.078
M,2020,Xander,52,MA,134,0.194,237,0.103
M,2020,Xavier,47,MA,148,0.175,260,0.093
M,2020,Xavian,5,MA,714,0.019,1554,0.01
M,2021,Xander,53,MA,140,0.186,241,0.099
M,2021,Xavier,50,MA,146,0.175,254,0.094
M,2021,Xavian,5,MA,738,0.018,1590,0.009
M,2022,Xavier,50,MA,146,0.181,258,0.096
M,2022,Xander,33,MA,186,0.119,361,0.063
M,2023,Xavier,50,MA,140,0.183,242,0.099
M,2023,Xander,43,MA,159,0.158,280,0.085
M,2024,Xavier,33,MA,188,0.122,372,0.065
M,2024,Xander,30,MA,198,0.111,394,0.059
F,2004,Xochitl,5,OK,672,0.03,1247,0.013
F,2005,Ximena,10,OK,386,0.06,751,0.027
F,2006,Xiomara,6,OK,626,0.034,1177,0.015
F,2007,Ximena,13,OK,331,0.073,661,0.033
F,2008,Ximena,9,OK,452,0.052,894,0.023
F,2009,Ximena,12,OK,352,0.07,726,0.031
F,2009,Xoe,5,OK,747,0.029,1413,0.013
F,2010,Ximena,12,OK,345,0.071,707,0.032
F,2011,Ximena,14,OK,295,0.086,624,0.038
F,2012,Ximena,18,OK,239,0.109,519,0.049
F,2013,Ximena,19,OK,224,0.114,492,0.05
F,2014,Ximena,39,OK,102,0.231,236,0.104
F,2015,Ximena,22,OK,191,0.131,434,0.059
F,2016,Ximena,22,OK,192,0.131,442,0.059
F,2017,Ximena,24,OK,157,0.153,374,0.068
F,2017,Xiomara,5,OK,718,0.032,1396,0.014
F,2018,Ximena,33,OK,116,0.211,270,0.096
F,2018,Xiomara,9,OK,456,0.058,911,0.026
F,2019,Ximena,25,OK,142,0.162,339,0.074
F,2019,Xiomara,8,OK,504,0.052,991,0.024
F,2020,Ximena,20,OK,185,0.136,423,0.062
F,2020,Xiomara,11,OK,350,0.075,744,0.034
F,2021,Ximena,24,OK,151,0.162,349,0.073
F,2022,Ximena,29,OK,120,0.197,289,0.089
F,2022,Xiomara,7,OK,538,0.048,1079,0.022
F,2023,Ximena,21,OK,175,0.146,404,0.066
F,2023,Xiomara,13,OK,297,0.09,641,0.041
F,2023,Xyla,6,OK,625,0.042,1254,0.019
F,2024,Ximena,17,OK,232,0.117,497,0.053
F,2024,Xiomara,8,OK,471,0.055,982,0.025
F,2024,Xyla,7,OK,530,0.048,1093,0.022
M,1984,Xavier,6,OK,384,0.025,849,0.013
M,1986,Xavier,6,OK,386,0.027,830,0.015
M,1987,Xavier,5,OK,406,0.024,901,0.013
M,1988,Xavier,11,OK,250,0.053,511,0.029
M,1989,Xavier,9,OK,281,0.044,599,0.024
M,1990,Xavier,10,OK,276,0.049,578,0.026
M,1991,Xavier,8,OK,311,0.039,659,0.021
M,1992,Xavier,17,OK,201,0.084,397,0.045
M,1993,Xavier,16,OK,207,0.082,405,0.045
M,1994,Xavier,17,OK,207,0.088,404,0.048
M,1995,Xavier,26,OK,154,0.134,297,0.074
M,1996,Xavier,17,OK,206,0.089,411,0.049
M,1997,Xavier,14,OK,250,0.07,507,0.038
M,1998,Xavier,39,OK,132,0.189,227,0.104
M,1999,Xavier,39,OK,122,0.193,217,0.106
M,2000,Xavier,46,OK,116,0.223,202,0.123
M,2001,Xavier,44,OK,115,0.217,202,0.119
M,2002,Xavier,54,OK,105,0.262,167,0.145
M,2002,Xander,6,OK,492,0.029,1052,0.016
M,2002,Xzavier,5,OK,549,0.024,1205,0.013
M,2003,Xavier,54,OK,107,0.26,172,0.144
M,2003,Xander,37,OK,144,0.178,250,0.099
M,2004,Xavier,63,OK,96,0.305,148,0.168
M,2004,Xander,21,OK,221,0.102,417,0.056
M,2004,Xzavier,7,OK,461,0.034,979,0.019
M,2005,Xavier,53,OK,110,0.257,179,0.142
M,2005,Xander,28,OK,174,0.136,319,0.075
M,2005,Xzavier,6,OK,521,0.029,1109,0.016
M,2006,Xavier,82,OK,72,0.381,107,0.21
M,2006,Xander,29,OK,178,0.135,328,0.074
M,2006,Xzavier,5,OK,627,0.023,1350,0.013
M,2007,Xavier,62,OK,102,0.285,157,0.157
M,2007,Xander,24,OK,214,0.11,395,0.061
M,2008,Xavier,60,OK,96,0.28,152,0.154
M,2008,Xander,24,OK,203,0.112,376,0.062
M,2008,Xzavier,6,OK,605,0.028,1256,0.015
M,2009,Xavier,62,OK,93,0.289,141,0.16
M,2009,Xander,30,OK,182,0.14,322,0.078
M,2009,Xzavier,8,OK,491,0.037,1016,0.021
M,2010,Xavier,71,OK,77,0.345,118,0.189
M,2010,Xander,27,OK,192,0.131,348,0.072
M,2010,Xzavier,12,OK,363,0.058,707,0.032
M,2011,Xavier,69,OK,78,0.339,114,0.188
M,2011,Xander,34,OK,156,0.167,263,0.093
M,2011,Xzavier,9,OK,449,0.044,901,0.025
M,2012,Xavier,53,OK,101,0.262,161,0.144
M,2012,Xander,49,OK,112,0.242,175,0.133
M,2012,Xzavier,11,OK,400,0.054,762,0.03
M,2012,Xzavior,5,OK,676,0.025,1418,0.014
M,2013,Xavier,55,OK,102,0.26,156,0.146
M,2013,Xander,40,OK,140,0.189,232,0.106
M,2014,Xavier,52,OK,105,0.252,166,0.139
M,2014,Xander,29,OK,187,0.141,327,0.077
M,2014,Xzavier,8,OK,520,0.039,1032,0.021
M,2015,Xavier,51,OK,105,0.246,170,0.136
M,2015,Xander,36,OK,158,0.174,264,0.096
M,2016,Xavier,64,OK,79,0.316,122,0.173
M,2016,Xander,35,OK,158,0.173,267,0.094
M,2016,Xzavier,6,OK,642,0.03,1299,0.016
M,2017,Xander,47,OK,110,0.243,174,0.134
M,2017,Xavier,42,OK,126,0.217,207,0.12
M,2018,Xavier,46,OK,108,0.245,178,0.134
M,2018,Xander,33,OK,155,0.176,270,0.096
M,2019,Xavier,49,OK,105,0.266,164,0.145
M,2019,Xander,38,OK,133,0.206,224,0.112
M,2019,Xzavier,6,OK,595,0.033,1225,0.018
M,2020,Xavier,50,OK,93,0.282,143,0.154
M,2020,Xander,28,OK,172,0.158,297,0.086
M,2020,Xzavion,5,OK,685,0.028,1408,0.015
M,2021,Xavier,49,OK,98,0.273,153,0.15
M,2021,Xander,40,OK,121,0.223,201,0.122
M,2022,Xavier,46,OK,96,0.26,155,0.142
M,2022,Xander,15,OK,317,0.085,568,0.046
M,2023,Xavier,55,OK,69,0.316,108,0.173
M,2023,Xander,27,OK,175,0.155,307,0.085
M,2024,Xavier,38,OK,122,0.219,212,0.119
M,2024,Xander,17,OK,266,0.098,497,0.053
F,2005,Ximena,8,KS,397,0.058,771,0.026
F,2006,Ximena,8,KS,391,0.058,760,0.026
F,2007,Ximena,9,KS,366,0.064,730,0.029
F,2008,Ximena,11,KS,314,0.08,639,0.036
F,2009,Ximena,15,KS,236,0.109,495,0.049
F,2010,Ximena,17,KS,201,0.127,438,0.057
F,2011,Ximena,19,KS,173,0.15,395,0.066
F,2012,Ximena,12,KS,287,0.091,597,0.041
F,2013,Ximena,18,KS,191,0.14,413,0.063
F,2014,Ximena,23,KS,146,0.177,327,0.08
F,2015,Ximena,20,KS,164,0.154,373,0.069
F,2016,Ximena,27,KS,108,0.214,264,0.096
F,2017,Ximena,24,KS,121,0.2,300,0.089
F,2018,Ximena,24,KS,128,0.199,295,0.09
F,2018,Xiomara,5,KS,579,0.041,1152,0.019
F,2019,Ximena,25,KS,112,0.211,266,0.096
F,2020,Ximena,23,KS,124,0.201,293,0.091
F,2020,Xiomara,5,KS,571,0.044,1155,0.02
F,2021,Ximena,28,KS,100,0.242,238,0.11
F,2021,Xiomara,8,KS,382,0.069,796,0.032
F,2022,Ximena,26,KS,120,0.226,264,0.103
F,2022,Xiomara,8,KS,390,0.07,803,0.032
F,2023,Ximena,15,KS,213,0.133,451,0.06
F,2023,Xiomara,10,KS,313,0.089,660,0.04
F,2024,Ximena,15,KS,215,0.131,455,0.06
F,2024,Xiomara,12,KS,264,0.105,558,0.048
M,1986,Xavier,7,KS,265,0.041,588,0.022
M,1987,Xavier,13,KS,181,0.079,381,0.042
M,1989,Xavier,7,KS,297,0.041,627,0.022
M,1990,Xavier,12,KS,225,0.071,440,0.039
M,1991,Xavier,10,KS,233,0.062,472,0.034
M,1992,Xavier,24,KS,135,0.15,259,0.082
M,1993,Xavier,18,KS,153,0.115,308,0.063
M,1994,Xavier,21,KS,143,0.136,274,0.074
M,1995,Xavier,20,KS,155,0.131,303,0.071
M,1996,Xavier,26,KS,134,0.173,257,0.095
M,1997,Xavier,14,KS,215,0.091,415,0.05
M,1998,Xavier,39,KS,107,0.247,189,0.136
M,1999,Xavier,39,KS,106,0.241,186,0.133
M,2000,Xavier,42,KS,104,0.255,174,0.141
M,2001,Xavier,35,KS,125,0.217,212,0.119
M,2002,Xavier,53,KS,89,0.323,145,0.177
M,2002,Xander,10,KS,288,0.061,603,0.033
M,2003,Xavier,56,KS,92,0.336,138,0.185
M,2003,Xander,19,KS,207,0.114,389,0.063
M,2004,Xavier,45,KS,108,0.272,175,0.149
M,2004,Xander,18,KS,209,0.109,403,0.06
M,2005,Xavier,53,KS,91,0.323,146,0.176
M,2005,Xander,23,KS,185,0.14,335,0.076
M,2006,Xavier,65,KS,74,0.386,113,0.212
M,2006,Xander,17,KS,230,0.101,439,0.055
M,2007,Xavier,70,KS,70,0.407,102,0.224
M,2007,Xander,16,KS,242,0.093,467,0.051
M,2007,Xavior,5,KS,529,0.029,1137,0.016
M,2007,Xzavier,5,KS,529,0.029,1137,0.016
M,2008,Xavier,66,KS,71,0.39,104,0.215
M,2008,Xander,21,KS,202,0.124,371,0.068
M,2009,Xavier,63,KS,76,0.376,108,0.207
M,2009,Xander,27,KS,161,0.161,287,0.089
M,2010,Xavier,57,KS,73,0.348,107,0.192
M,2010,Xander,42,KS,110,0.257,181,0.141
M,2010,Xzavier,8,KS,402,0.049,815,0.027
M,2011,Xavier,48,KS,93,0.301,141,0.168
M,2011,Xander,21,KS,205,0.132,361,0.073
M,2011,Xzavier,6,KS,495,0.038,994,0.021
M,2012,Xavier,56,KS,81,0.348,117,0.192
M,2012,Xander,24,KS,177,0.149,322,0.082
M,2013,Xavier,55,KS,78,0.353,112,0.193
M,2013,Xander,23,KS,179,0.147,336,0.081
M,2013,Xavi,5,KS,547,0.032,1153,0.018
M,2014,Xavier,40,KS,104,0.253,168,0.139
M,2014,Xander,24,KS,178,0.152,315,0.083
M,2015,Xavier,49,KS,87,0.31,139,0.17
M,2015,Xander,28,KS,159,0.177,265,0.097
M,2016,Xavier,56,KS,70,0.358,109,0.198
M,2016,Xander,26,KS,166,0.166,284,0.092
M,2017,Xavier,37,KS,118,0.246,185,0.137
M,2017,Xander,30,KS,143,0.199,235,0.111
M,2017,Xzavier,5,KS,551,0.033,1137,0.018
M,2018,Xavier,42,KS,100,0.289,159,0.158
M,2018,Xander,17,KS,221,0.117,421,0.064
M,2019,Xavier,41,KS,94,0.29,157,0.158
M,2019,Xander,19,KS,211,0.134,371,0.073
M,2020,Xavier,37,KS,100,0.27,171,0.147
M,2020,Xander,21,KS,178,0.153,314,0.083
M,2021,Xavier,33,KS,114,0.239,198,0.13
M,2021,Xander,20,KS,195,0.145,357,0.079
M,2022,Xavier,36,KS,102,0.264,166,0.143
M,2022,Xander,27,KS,140,0.198,251,0.107
M,2023,Xavier,36,KS,103,0.265,174,0.145
M,2023,Xander,12,KS,303,0.088,562,0.048
M,2024,Xavier,25,KS,154,0.185,274,0.1
M,2024,Xander,11,KS,327,0.082,611,0.044
M,2024,Xavi,5,KS,571,0.037,1152,0.02
F,1995,Xena,5,AZ,824,0.018,1430,0.008
F,1995,Xenia,5,AZ,824,0.018,1430,0.008
F,1995,Xochitl,5,AZ,824,0.018,1430,0.008
F,1996,Xena,9,AZ,565,0.032,1014,0.015
F,1997,Xena,7,AZ,668,0.025,1201,0.011
F,1997,Xenia,5,AZ,868,0.018,1508,0.008
F,1997,Xochitl,5,AZ,868,0.018,1508,0.008
F,1998,Xena,9,AZ,581,0.031,1050,0.014
F,1999,Ximena,7,AZ,754,0.023,1323,0.011
F,1999,Xochitl,6,AZ,848,0.02,1455,0.009
F,1999,Xiomara,5,AZ,950,0.016,1629,0.008
F,2000,Ximena,7,AZ,787,0.022,1365,0.01
F,2000,Xochitl,7,AZ,787,0.022,1365,0.01
F,2000,Xiomara,5,AZ,1002,0.016,1706,0.007
F,2001,Ximena,19,AZ,356,0.059,688,0.027
F,2001,Xiomara,8,AZ,750,0.025,1302,0.011
F,2001,Xochitl,6,AZ,904,0.019,1547,0.009
F,2002,Ximena,30,AZ,252,0.092,505,0.042
F,2002,Xochitl,6,AZ,920,0.018,1571,0.008
F,2003,Ximena,45,AZ,175,0.133,382,0.061
F,2003,Xiomara,9,AZ,713,0.027,1247,0.012
F,2003,Xitlaly,7,AZ,856,0.021,1486,0.009
F,2004,Ximena,54,AZ,151,0.157,340,0.071
F,2004,Xiomara,17,AZ,446,0.049,826,0.022
F,2004,Xitlali,11,AZ,624,0.032,1102,0.015
F,2004,Xochitl,9,AZ,721,0.026,1254,0.012
F,2004,Xitlaly,8,AZ,781,0.023,1359,0.011
F,2004,Xenia,5,AZ,1092,0.015,1892,0.007
F,2005,Ximena,51,AZ,166,0.144,367,0.065
F,2005,Xiomara,10,AZ,685,0.028,1215,0.013
F,2005,Xochitl,8,AZ,806,0.023,1411,0.01
F,2005,Xitlali,6,AZ,1004,0.017,1739,0.008
F,2005,Xitlaly,6,AZ,1004,0.017,1739,0.008
F,2006,Ximena,52,AZ,170,0.136,374,0.062
F,2006,Xiomara,17,AZ,479,0.044,894,0.02
F,2006,Xochitl,8,AZ,882,0.021,1523,0.01
F,2007,Ximena,59,AZ,153,0.155,340,0.071
F,2007,Xiomara,18,AZ,464,0.047,853,0.022
F,2007,Xochitl,9,AZ,813,0.024,1419,0.011
F,2007,Xitlali,6,AZ,1077,0.016,1853,0.007
F,2007,Xitlaly,5,AZ,1235,0.013,2110,0.006
F,2008,Ximena,63,AZ,136,0.173,313,0.079
F,2008,Xochitl,13,AZ,591,0.036,1083,0.016
F,2008,Xiomara,10,AZ,739,0.027,1316,0.013
F,2008,Xitlaly,6,AZ,1074,0.016,1881,0.008
F,2008,Xitlali,5,AZ,1209,0.014,2113,0.006
F,2009,Ximena,64,AZ,121,0.191,284,0.087
F,2009,Xochitl,13,AZ,566,0.039,1042,0.018
F,2009,Xiomara,9,AZ,753,0.027,1358,0.012
F,2009,Xitlali,6,AZ,1019,0.018,1797,0.008
F,2009,Xitlaly,5,AZ,1153,0.015,2031,0.007
F,2009,Xoe,5,AZ,1153,0.015,2031,0.007
F,2010,Ximena,62,AZ,109,0.196,263,0.09
F,2010,Xitlali,8,AZ,788,0.025,1427,0.012
F,2010,Xochitl,7,AZ,866,0.022,1571,0.01
F,2010,Xiomara,6,AZ,959,0.019,1738,0.009
F,2011,Ximena,75,AZ,86,0.246,216,0.112
F,2011,Xiomara,10,AZ,651,0.033,1191,0.015
F,2011,Xenia,6,AZ,943,0.02,1704,0.009
F,2011,Xitlali,6,AZ,943,0.02,1704,0.009
F,2012,Ximena,82,AZ,76,0.265,190,0.121
F,2012,Xochitl,14,AZ,505,0.045,952,0.021
F,2012,Xiomara,9,AZ,705,0.029,1305,0.013
F,2012,Xitlali,6,AZ,981,0.019,1760,0.009
F,2013,Ximena,80,AZ,75,0.26,197,0.119
F,2013,Xiomara,9,AZ,699,0.029,1292,0.013
F,2014,Ximena,128,AZ,36,0.404,112,0.185
F,2014,Xochitl,10,AZ,654,0.032,1234,0.014
F,2014,Xitlali,7,AZ,871,0.022,1598,0.01
F,2014,Xiomara,5,AZ,1102,0.016,1988,0.007
F,2015,Ximena,127,AZ,35,0.411,110,0.187
F,2015,Xiomara,15,AZ,459,0.049,893,0.022
F,2015,Xochitl,7,AZ,842,0.023,1567,0.01
F,2016,Ximena,135,AZ,32,0.436,100,0.202
F,2016,Xiomara,12,AZ,561,0.039,1080,0.018
F,2017,Ximena,138,AZ,28,0.459,91,0.213
F,2017,Xiomara,24,AZ,301,0.08,631,0.037
F,2017,Xitlali,6,AZ,947,0.02,1720,0.009
F,2017,Xochitl,6,AZ,947,0.02,1720,0.009
F,2018,Ximena,135,AZ,26,0.46,89,0.212
F,2018,Xiomara,28,AZ,239,0.095,526,0.044
F,2018,Xena,6,AZ,934,0.02,1715,0.009
F,2018,Xitlali,5,AZ,1069,0.017,1932,0.008
F,2019,Ximena,120,AZ,33,0.42,105,0.193
F,2019,Xiomara,26,AZ,263,0.091,569,0.042
F,2019,Xena,6,AZ,913,0.021,1719,0.01
F,2019,Xochitl,6,AZ,913,0.021,1719,0.01
F,2020,Ximena,97,AZ,46,0.351,128,0.163
F,2020,Xiomara,29,AZ,223,0.105,498,0.049
F,2020,Xena,12,AZ,524,0.043,1054,0.02
F,2020,Xochitl,8,AZ,742,0.029,1400,0.013
F,2020,Xitlali,7,AZ,830,0.025,1545,0.012
F,2020,Xyla,5,AZ,1053,0.018,1929,0.008
F,2021,Ximena,94,AZ,46,0.339,129,0.156
F,2021,Xiomara,20,AZ,330,0.072,698,0.033
F,2021,Xochitl,12,AZ,555,0.043,1087,0.02
F,2021,Xenia,5,AZ,1062,0.018,1969,0.008
F,2021,Xyla,5,AZ,1062,0.018,1969,0.008
F,2022,Ximena,92,AZ,49,0.326,131,0.151
F,2022,Xiomara,40,AZ,166,0.142,379,0.066
F,2022,Xena,9,AZ,693,0.032,1318,0.015
F,2022,Xenia,9,AZ,693,0.032,1318,0.015
F,2022,Xitlali,7,AZ,842,0.025,1574,0.012
F,2022,Xolani,6,AZ,928,0.021,1750,0.01
F,2022,Xyla,5,AZ,1050,0.018,1963,0.008
F,2023,Ximena,97,AZ,46,0.346,127,0.161
F,2023,Xiomara,34,AZ,195,0.121,433,0.056
F,2023,Xena,8,AZ,754,0.029,1438,0.013
F,2023,Xyla,7,AZ,845,0.025,1585,0.012
F,2023,Xitlali,6,AZ,956,0.021,1776,0.01
F,2023,Xochitl,6,AZ,956,0.021,1776,0.01
F,2024,Ximena,83,AZ,55,0.297,156,0.136
F,2024,Xiomara,35,AZ,198,0.125,427,0.058
F,2024,Xochitl,11,AZ,599,0.039,1180,0.018
F,2024,Xena,8,AZ,775,0.029,1485,0.013
F,2024,Xitlali,7,AZ,848,0.025,1608,0.012
F,2024,Xolani,7,AZ,848,0.025,1608,0.012
F,2024,Xyla,7,AZ,848,0.025,1608,0.012
M,1961,Xavier,5,AZ,382,0.03,838,0.015
M,1964,Xavier,6,AZ,343,0.037,765,0.019
M,1966,Xavier,9,AZ,249,0.063,540,0.033
M,1967,Xavier,6,AZ,328,0.042,720,0.022
M,1968,Xavier,5,AZ,370,0.035,812,0.018
M,1970,Xavier,7,AZ,331,0.041,727,0.022
M,1971,Xavier,5,AZ,415,0.029,909,0.015
M,1972,Xavier,5,AZ,402,0.03,886,0.016
M,1973,Xavier,10,AZ,270,0.058,584,0.031
M,1974,Xavier,13,AZ,233,0.072,494,0.039
M,1975,Xavier,13,AZ,236,0.074,490,0.04
M,1976,Xavier,8,AZ,310,0.045,663,0.024
M,1977,Xavier,14,AZ,224,0.075,474,0.041
M,1978,Xavier,12,AZ,251,0.063,527,0.034
M,1979,Xavier,12,AZ,252,0.057,549,0.031
M,1980,Xavier,9,AZ,323,0.04,713,0.022
M,1981,Xavier,14,AZ,256,0.06,532,0.032
M,1982,Xavier,13,AZ,258,0.055,551,0.03
M,1983,Xavier,17,AZ,222,0.072,458,0.039
M,1984,Xavier,21,AZ,201,0.085,390,0.046
M,1985,Xavier,13,AZ,273,0.049,588,0.026
M,1986,Xavier,22,AZ,207,0.081,405,0.043
M,1987,Xavier,22,AZ,210,0.078,431,0.042
M,1988,Xavier,26,AZ,196,0.088,382,0.048
M,1989,Xavier,31,AZ,178,0.102,333,0.056
M,1990,Xavier,32,AZ,174,0.104,340,0.056
M,1991,Xavier,45,AZ,138,0.148,270,0.08
M,1992,Xavier,52,AZ,139,0.166,248,0.091
M,1993,Xavier,62,AZ,120,0.201,214,0.109
M,1994,Xavier,70,AZ,110,0.219,199,0.119
M,1995,Xavier,81,AZ,102,0.249,185,0.136
M,1996,Xavier,74,AZ,117,0.221,212,0.119
M,1997,Xavier,87,AZ,101,0.253,172,0.139
M,1998,Xavier,86,AZ,103,0.247,175,0.134
M,1999,Xavier,83,AZ,106,0.229,185,0.125
M,2000,Xavier,116,AZ,83,0.306,134,0.166
M,2001,Xavier,112,AZ,87,0.296,139,0.16
M,2001,Xander,8,AZ,553,0.021,1302,0.011
M,2002,Xavier,147,AZ,68,0.378,105,0.206
M,2002,Xander,6,AZ,652,0.015,1571,0.008
M,2003,Xavier,161,AZ,62,0.402,91,0.218
M,2003,Xander,48,AZ,194,0.12,353,0.065
M,2003,Xzavier,8,AZ,585,0.02,1365,0.011
M,2004,Xavier,183,AZ,55,0.442,78,0.241
M,2004,Xander,27,AZ,284,0.065,582,0.036
M,2004,Xzavier,9,AZ,534,0.022,1254,0.012
M,2005,Xavier,174,AZ,65,0.41,91,0.223
M,2005,Xander,31,AZ,261,0.073,517,0.04
M,2005,Xzavier,6,AZ,736,0.014,1739,0.008
M,2006,Xavier,248,AZ,41,0.547,56,0.297
M,2006,Xander,39,AZ,245,0.086,472,0.047
M,2006,Xzavier,10,AZ,555,0.022,1292,0.012
M,2006,Xavior,6,AZ,765,0.013,1834,0.007
M,2007,Xavier,225,AZ,48,0.497,63,0.27
M,2007,Xander,42,AZ,232,0.093,440,0.05
M,2007,Xzavier,6,AZ,777,0.013,1853,0.007
M,2008,Xavier,217,AZ,46,0.5,63,0.272
M,2008,Xander,35,AZ,255,0.081,491,0.044
M,2008,Xzavier,12,AZ,519,0.028,1158,0.015
M,2009,Xavier,212,AZ,43,0.531,55,0.289
M,2009,Xander,49,AZ,205,0.123,365,0.067
M,2009,Xzavier,18,AZ,372,0.045,794,0.025
M,2009,Xavion,5,AZ,879,0.013,2031,0.007
M,2010,Xavier,199,AZ,41,0.534,55,0.289
M,2010,Xander,33,AZ,253,0.089,471,0.048
M,2010,Xzavier,20,AZ,336,0.054,695,0.029
M,2010,Xavi,7,AZ,706,0.019,1571,0.01
M,2011,Xavier,190,AZ,43,0.518,56,0.283
M,2011,Xander,61,AZ,157,0.166,271,0.091
M,2011,Xzavier,17,AZ,378,0.046,780,0.025
M,2011,Xavi,8,AZ,639,0.022,1403,0.012
M,2011,Xavian,5,AZ,847,0.014,1936,0.007
M,2012,Xavier,189,AZ,42,0.511,56,0.278
M,2012,Xander,58,AZ,168,0.157,287,0.085
M,2012,Xzavier,12,AZ,487,0.032,1063,0.018
M,2013,Xavier,146,AZ,61,0.397,88,0.216
M,2013,Xander,45,AZ,206,0.122,349,0.067
M,2013,Xzavier,14,AZ,456,0.038,936,0.021
M,2014,Xavier,135,AZ,70,0.359,102,0.195
M,2014,Xander,64,AZ,152,0.17,262,0.092
M,2014,Xzavier,14,AZ,461,0.037,945,0.02
M,2015,Xavier,169,AZ,52,0.457,72,0.249
M,2015,Xander,64,AZ,156,0.173,265,0.094
M,2015,Xzavier,14,AZ,458,0.038,947,0.021
M,2015,Xayden,6,AZ,782,0.016,1737,0.009
M,2016,Xavier,164,AZ,49,0.455,68,0.245
M,2016,Xander,67,AZ,143,0.186,240,0.1
M,2016,Xzavier,8,AZ,669,0.022,1442,0.012
M,2017,Xavier,154,AZ,53,0.445,75,0.238
M,2017,Xander,68,AZ,131,0.196,221,0.105
M,2017,Xzavier,8,AZ,655,0.023,1425,0.012
M,2018,Xavier,151,AZ,54,0.442,76,0.238
M,2018,Xander,64,AZ,140,0.187,239,0.101
M,2018,Xzavier,10,AZ,567,0.029,1204,0.016
M,2019,Xavier,146,AZ,54,0.437,75,0.235
M,2019,Xander,51,AZ,167,0.153,279,0.082
M,2019,Xzavier,8,AZ,663,0.024,1408,0.013
M,2019,Xavi,5,AZ,883,0.015,1927,0.008
M,2020,Xavier,129,AZ,56,0.404,82,0.217
M,2020,Xander,43,AZ,191,0.135,323,0.072
M,2021,Xavier,115,AZ,68,0.353,103,0.191
M,2021,Xander,56,AZ,149,0.172,245,0.093
M,2021,Xzavier,7,AZ,749,0.021,1566,0.012
M,2021,Xavion,5,AZ,908,0.015,1969,0.008
M,2022,Xavier,96,AZ,79,0.295,124,0.158
M,2022,Xander,55,AZ,156,0.169,264,0.09
M,2022,Xavian,5,AZ,914,0.015,1963,0.008
M,2023,Xavier,123,AZ,60,0.379,90,0.204
M,2023,Xander,53,AZ,166,0.163,278,0.088
M,2023,Xavian,6,AZ,821,0.019,1776,0.01
M,2023,Xzavier,6,AZ,821,0.019,1776,0.01
M,2024,Xavier,118,AZ,63,0.358,98,0.194
M,2024,Xander,41,AZ,203,0.125,362,0.067
F,1997,Xena,6,IN,714,0.018,1293,0.009
F,1998,Xena,5,IN,830,0.015,1484,0.007
F,2003,Ximena,6,IN,818,0.019,1480,0.008
F,2005,Ximena,12,IN,504,0.037,959,0.017
F,2006,Ximena,11,IN,566,0.033,1044,0.015
F,2006,Xochitl,5,IN,1024,0.015,1855,0.007
F,2007,Ximena,12,IN,543,0.036,1011,0.017
F,2007,Xiomara,6,IN,916,0.018,1677,0.008
F,2008,Ximena,6,IN,914,0.018,1673,0.008
F,2008,Xiomara,5,IN,1030,0.015,1874,0.007
F,2009,Ximena,7,IN,845,0.022,1539,0.01
F,2009,Xiomara,6,IN,942,0.019,1710,0.009
F,2010,Ximena,13,IN,484,0.043,923,0.02
F,2010,Xochitl,6,IN,904,0.02,1680,0.009
F,2010,Xiomara,5,IN,1043,0.016,1898,0.008
F,2011,Ximena,12,IN,517,0.04,986,0.018
F,2012,Ximena,11,IN,555,0.037,1068,0.017
F,2013,Ximena,24,IN,287,0.08,599,0.037
F,2014,Ximena,18,IN,383,0.059,769,0.027
F,2015,Ximena,26,IN,278,0.085,578,0.039
F,2015,Xiomara,8,IN,767,0.026,1433,0.012
F,2016,Ximena,33,IN,223,0.109,467,0.05
F,2017,Ximena,22,IN,311,0.073,646,0.034
F,2018,Ximena,26,IN,283,0.088,575,0.041
F,2019,Ximena,28,IN,255,0.097,533,0.045
F,2019,Xiomara,9,IN,687,0.031,1331,0.014
F,2020,Ximena,22,IN,317,0.079,640,0.036
F,2020,Xiomara,9,IN,684,0.032,1316,0.015
F,2020,Xena,8,IN,743,0.029,1436,0.013
F,2021,Ximena,20,IN,348,0.071,710,0.033
F,2021,Xiomara,6,IN,943,0.021,1784,0.01
F,2021,Xyla,5,IN,1054,0.018,1991,0.008
F,2022,Ximena,26,IN,272,0.092,567,0.043
F,2023,Ximena,18,IN,381,0.065,774,0.03
F,2023,Xiomara,11,IN,587,0.04,1157,0.019
F,2023,Xena,9,IN,691,0.032,1337,0.015
F,2023,Xyla,5,IN,1050,0.018,2006,0.008
F,2024,Ximena,21,IN,338,0.075,698,0.035
F,2024,Xiomara,12,IN,560,0.043,1097,0.02
M,1974,Xavier,6,IN,450,0.015,1034,0.008
M,1982,Xavier,8,IN,368,0.02,857,0.011
M,1984,Xavier,6,IN,419,0.016,974,0.008
M,1986,Xavier,6,IN,431,0.016,1005,0.009
M,1987,Xavier,7,IN,401,0.019,928,0.01
M,1988,Xavier,11,IN,315,0.028,716,0.015
M,1989,Xavier,5,IN,528,0.013,1244,0.007
M,1990,Xavier,16,IN,270,0.039,580,0.021
M,1991,Xavier,26,IN,200,0.065,421,0.035
M,1992,Xavier,39,IN,161,0.1,323,0.054
M,1993,Xavier,25,IN,209,0.065,434,0.035
M,1994,Xavier,38,IN,163,0.101,328,0.054
M,1995,Xavier,32,IN,187,0.084,384,0.045
M,1996,Xavier,39,IN,167,0.104,336,0.055
M,1997,Xavier,34,IN,191,0.091,382,0.049
M,1998,Xavier,44,IN,163,0.116,321,0.062
M,1999,Xavier,64,IN,130,0.167,246,0.089
M,1999,Xander,8,IN,517,0.021,1128,0.011
M,2000,Xavier,60,IN,148,0.153,270,0.083
M,2000,Xander,8,IN,529,0.02,1167,0.011
M,2001,Xavier,86,IN,107,0.224,192,0.12
M,2001,Xander,9,IN,500,0.023,1078,0.013
M,2002,Xavier,95,IN,94,0.255,165,0.137
M,2002,Xander,10,IN,464,0.027,1004,0.014
M,2003,Xavier,103,IN,96,0.268,159,0.145
M,2003,Xander,49,IN,172,0.128,323,0.069
M,2003,Xzavier,7,IN,595,0.018,1320,0.01
M,2004,Xavier,115,IN,91,0.297,149,0.161
M,2004,Xander,49,IN,177,0.126,326,0.069
M,2005,Xavier,114,IN,89,0.298,149,0.161
M,2005,Xander,48,IN,181,0.125,336,0.068
M,2005,Xzavier,6,IN,708,0.016,1525,0.008
M,2006,Xavier,127,IN,77,0.327,123,0.177
M,2006,Xander,48,IN,177,0.124,326,0.067
M,2006,Xzavier,13,IN,431,0.034,924,0.018
M,2006,Xavior,5,IN,832,0.013,1855,0.007
M,2007,Xavier,137,IN,74,0.35,113,0.189
M,2007,Xander,45,IN,194,0.115,360,0.062
M,2007,Xzavier,7,IN,689,0.018,1494,0.01
M,2007,Xavion,5,IN,850,0.013,1883,0.007
M,2008,Xavier,152,IN,68,0.397,97,0.215
M,2008,Xander,34,IN,234,0.089,446,0.048
M,2008,Xzavier,11,IN,500,0.029,1077,0.016
M,2008,Xavior,6,IN,760,0.016,1673,0.008
M,2008,Xzavion,5,IN,845,0.013,1874,0.007
M,2009,Xavier,128,IN,75,0.342,111,0.185
M,2009,Xander,45,IN,194,0.12,356,0.065
M,2009,Xzavier,9,IN,589,0.024,1275,0.013
M,2009,Xavion,5,IN,883,0.013,1937,0.007
M,2010,Xavier,158,IN,60,0.437,81,0.238
M,2010,Xander,45,IN,184,0.125,341,0.068
M,2010,Xzavier,13,IN,440,0.036,923,0.02
M,2011,Xavier,141,IN,69,0.392,99,0.213
M,2011,Xander,62,IN,140,0.172,250,0.093
M,2011,Xzavier,16,IN,392,0.044,791,0.024
M,2012,Xavier,126,IN,76,0.353,112,0.192
M,2012,Xander,51,IN,164,0.143,305,0.078
M,2012,Xzavier,9,IN,597,0.025,1255,0.014
M,2013,Xavier,121,IN,82,0.34,119,0.185
M,2013,Xander,66,IN,133,0.185,242,0.101
M,2013,Xzavier,14,IN,436,0.039,888,0.021
M,2014,Xavier,146,IN,63,0.404,89,0.219
M,2014,Xander,47,IN,192,0.13,340,0.071
M,2014,Xzavier,12,IN,511,0.033,1038,0.018
M,2014,Xavi,5,IN,873,0.014,1899,0.008
M,2015,Xavier,120,IN,75,0.332,115,0.18
M,2015,Xander,50,IN,184,0.138,327,0.075
M,2015,Xzavier,9,IN,624,0.025,1304,0.013
M,2016,Xavier,138,IN,64,0.388,94,0.21
M,2016,Xander,65,IN,141,0.183,236,0.099
M,2016,Xzavier,5,IN,900,0.014,1955,0.008
M,2017,Xavier,130,IN,61,0.378,96,0.201
M,2017,Xander,81,IN,111,0.235,187,0.126
M,2017,Xzavier,8,IN,662,0.023,1429,0.012
M,2017,Xaiden,5,IN,914,0.015,1955,0.008
M,2018,Xavier,136,IN,52,0.401,80,0.214
M,2018,Xander,71,IN,132,0.209,220,0.112
M,2018,Xzavier,5,IN,920,0.015,1966,0.008
M,2019,Xavier,118,IN,67,0.35,105,0.189
M,2019,Xander,66,IN,134,0.196,222,0.106
M,2019,Xzavier,5,IN,918,0.015,1948,0.008
M,2020,Xavier,81,IN,100,0.25,171,0.134
M,2020,Xander,62,IN,137,0.191,224,0.103
M,2020,Xzavier,5,IN,908,0.015,1921,0.008
M,2021,Xavier,104,IN,72,0.318,117,0.17
M,2021,Xander,50,IN,174,0.153,304,0.082
M,2021,Xzavier,5,IN,938,0.015,1991,0.008
M,2022,Xavier,80,IN,112,0.249,181,0.133
M,2022,Xander,48,IN,170,0.149,311,0.08
M,2022,Xaiden,5,IN,949,0.016,1989,0.008
M,2023,Xavier,83,IN,99,0.263,167,0.14
M,2023,Xander,34,IN,239,0.108,435,0.057
M,2024,Xavier,81,IN,95,0.253,159,0.135
M,2024,Xander,38,IN,209,0.119,392,0.063
F,1977,Xavier,5,GA,757,0.015,1339,0.007
F,1988,Xavier,5,GA,858,0.012,1567,0.006
F,1997,Xena,10,GA,616,0.023,1214,0.011
F,1997,Xiomara,5,GA,1072,0.012,2004,0.005
F,2001,Xiomara,6,GA,1142,0.012,2065,0.006
F,2002,Ximena,6,GA,1140,0.012,2093,0.006
F,2002,Xiomara,6,GA,1140,0.012,2093,0.006
F,2003,Ximena,19,GA,488,0.038,955,0.018
F,2003,Xiomara,6,GA,1215,0.012,2176,0.006
F,2004,Ximena,19,GA,516,0.038,990,0.017
F,2004,Xochitl,7,GA,1109,0.014,1999,0.006
F,2004,Xitlali,5,GA,1427,0.01,2543,0.005
F,2005,Ximena,28,GA,365,0.054,732,0.025
F,2005,Xiomara,7,GA,1137,0.014,2077,0.006
F,2005,Xochitl,6,GA,1299,0.012,2343,0.005
F,2006,Ximena,21,GA,510,0.039,970,0.018
F,2006,Xiomara,11,GA,861,0.02,1593,0.009
F,2006,Xochitl,5,GA,1561,0.009,2798,0.004
F,2007,Ximena,29,GA,392,0.053,770,0.025
F,2007,Xiomara,9,GA,1028,0.017,1873,0.008
F,2008,Ximena,26,GA,425,0.049,837,0.023
F,2008,Xiomara,13,GA,758,0.025,1422,0.011
F,2009,Ximena,28,GA,394,0.055,769,0.026
F,2009,Xiomara,11,GA,851,0.022,1597,0.01
F,2010,Ximena,25,GA,415,0.052,805,0.024
F,2010,Xiomara,8,GA,1052,0.017,1955,0.008
F,2011,Ximena,35,GA,299,0.073,597,0.034
F,2012,Ximena,26,GA,390,0.055,772,0.026
F,2013,Ximena,43,GA,229,0.092,492,0.043
F,2013,Xiomara,10,GA,868,0.021,1621,0.01
F,2014,Ximena,39,GA,274,0.081,561,0.038
F,2015,Ximena,57,GA,190,0.117,417,0.055
F,2015,Xiomara,5,GA,1495,0.01,2707,0.005
F,2016,Ximena,54,GA,206,0.112,441,0.053
F,2017,Ximena,62,GA,168,0.132,376,0.062
F,2017,Xena,5,GA,1473,0.011,2711,0.005
F,2017,Xyla,5,GA,1473,0.011,2711,0.005
F,2018,Ximena,61,GA,167,0.132,372,0.062
F,2018,Xiomara,7,GA,1165,0.015,2184,0.007
F,2018,Xena,5,GA,1502,0.011,2764,0.005
F,2019,Ximena,40,GA,276,0.086,573,0.041
F,2019,Xiomara,11,GA,844,0.024,1578,0.011
F,2019,Xena,7,GA,1178,0.015,2202,0.007
F,2020,Ximena,55,GA,184,0.124,405,0.058
F,2020,Xena,8,GA,1044,0.018,1978,0.008
F,2020,Xiomara,6,GA,1279,0.014,2427,0.006
F,2021,Ximena,65,GA,154,0.144,342,0.068
F,2021,Xiomara,14,GA,709,0.031,1344,0.015
F,2021,Xyla,11,GA,845,0.024,1607,0.012
F,2021,Xena,8,GA,1071,0.018,2035,0.008
F,2021,Xolani,6,GA,1307,0.013,2463,0.006
F,2022,Ximena,42,GA,267,0.092,558,0.043
F,2022,Xiomara,12,GA,798,0.026,1563,0.012
F,2022,Xyla,12,GA,798,0.026,1563,0.012
F,2022,Xolani,7,GA,1176,0.015,2280,0.007
F,2022,Xena,6,GA,1334,0.013,2547,0.006
F,2023,Ximena,50,GA,204,0.11,448,0.052
F,2023,Xyla,18,GA,585,0.04,1143,0.019
F,2023,Xiomara,15,GA,689,0.033,1338,0.016
F,2023,Xolani,7,GA,1196,0.015,2274,0.007
F,2023,Xochitl,6,GA,1326,0.013,2537,0.006
F,2023,Xena,5,GA,1538,0.011,2904,0.005
F,2023,Xoe,5,GA,1538,0.011,2904,0.005
F,2024,Ximena,39,GA,275,0.086,580,0.041
F,2024,Xiomara,17,GA,596,0.038,1177,0.018
F,2024,Xyla,17,GA,596,0.038,1177,0.018
F,2024,Xolani,7,GA,1208,0.015,2319,0.007
F,2024,Xena,6,GA,1353,0.013,2584,0.006
F,2024,Xylah,6,GA,1353,0.013,2584,0.006
F,2024,Xavia,5,GA,1536,0.011,2933,0.005
F,2024,Xuri,5,GA,1536,0.011,2933,0.005
M,1961,Xavier,6,GA,498,0.013,1126,0.006
M,1963,Xavier,9,GA,421,0.019,926,0.01
M,1964,Xavier,9,GA,412,0.019,914,0.01
M,1965,Xavier,8,GA,433,0.018,960,0.009
M,1966,Xavier,18,GA,290,0.043,609,0.022
M,1967,Xavier,11,GA,354,0.027,770,0.014
M,1968,Xavier,16,GA,302,0.039,652,0.02
M,1969,Xavier,20,GA,274,0.047,582,0.025
M,1970,Xavier,12,GA,373,0.027,809,0.014
M,1971,Xavier,23,GA,268,0.052,556,0.028
M,1972,Xavier,19,GA,280,0.047,594,0.025
M,1973,Xavier,22,GA,246,0.056,525,0.03
M,1974,Xavier,27,GA,217,0.071,452,0.038
M,1975,Xavier,26,GA,227,0.071,470,0.039
M,1976,Xavier,19,GA,252,0.053,544,0.029
M,1977,Xavier,21,GA,260,0.055,548,0.03
M,1978,Xavier,27,GA,209,0.071,447,0.039
M,1979,Xavier,17,GA,293,0.043,613,0.023
M,1980,Xavier,26,GA,236,0.063,475,0.034
M,1981,Xavier,30,GA,205,0.074,415,0.04
M,1982,Xavier,43,GA,161,0.106,324,0.057
M,1983,Xavier,24,GA,228,0.059,469,0.032
M,1984,Xavier,33,GA,193,0.079,379,0.043
M,1985,Xavier,51,GA,144,0.118,283,0.064
M,1986,Xavier,52,GA,144,0.118,274,0.064
M,1987,Xavier,75,GA,108,0.165,199,0.088
M,1988,Xavier,77,GA,109,0.165,203,0.089
M,1989,Xavier,107,GA,82,0.216,156,0.117
M,1990,Xavier,110,GA,83,0.219,156,0.119
M,1991,Xavier,93,GA,92,0.191,180,0.103
M,1991,Xzavier,7,GA,652,0.014,1403,0.008
M,1992,Xavier,125,GA,72,0.256,140,0.139
M,1992,Xavius,6,GA,752,0.012,1595,0.007
M,1993,Xavier,126,GA,72,0.262,145,0.142
M,1994,Xavier,141,GA,68,0.293,131,0.159
M,1994,Xzavier,7,GA,696,0.015,1451,0.008
M,1995,Xavier,132,GA,71,0.273,135,0.148
M,1995,Xzavier,5,GA,869,0.01,1834,0.006
M,1996,Xavier,133,GA,78,0.275,142,0.148
M,1996,Xzavier,6,GA,802,0.012,1685,0.007
M,1997,Xavier,115,GA,90,0.229,165,0.124
M,1997,Xzavier,8,GA,689,0.016,1413,0.009
M,1998,Xavier,122,GA,89,0.237,166,0.127
M,1999,Xavier,140,GA,84,0.26,150,0.141
M,1999,Xzavier,12,GA,565,0.022,1158,0.012
M,1999,Xander,5,GA,986,0.009,2186,0.005
M,2000,Xavier,135,GA,87,0.244,158,0.13
M,2000,Xzavier,21,GA,400,0.038,813,0.02
M,2000,Xander,5,GA,1046,0.009,2319,0.005
M,2001,Xavier,160,GA,76,0.288,133,0.154
M,2001,Xzavier,5,GA,1043,0.009,2363,0.005
M,2002,Xavier,161,GA,75,0.288,128,0.154
M,2002,Xavion,13,GA,583,0.023,1210,0.012
M,2002,Xander,11,GA,644,0.02,1347,0.011
M,2002,Xzavier,10,GA,686,0.018,1459,0.01
M,2003,Xavier,174,GA,72,0.304,121,0.163
M,2003,Xander,25,GA,383,0.044,775,0.023
M,2003,Xzavier,8,GA,794,0.014,1764,0.007
M,2003,Xaiver,5,GA,1100,0.009,2519,0.005
M,2004,Xavier,143,GA,92,0.245,157,0.131
M,2004,Xander,28,GA,353,0.048,716,0.026
M,2004,Xzavier,9,GA,766,0.015,1690,0.008
M,2004,Xavion,8,GA,822,0.014,1836,0.007
M,2005,Xavier,166,GA,77,0.278,130,0.149
M,2005,Xander,19,GA,492,0.032,1012,0.017
M,2005,Xzavier,11,GA,697,0.018,1522,0.01
M,2005,Xavion,7,GA,941,0.012,2077,0.006
M,2005,Xzavion,6,GA,1045,0.01,2343,0.005
M,2006,Xavier,199,GA,71,0.319,115,0.171
M,2006,Xander,22,GA,450,0.035,942,0.019
M,2006,Xzavier,15,GA,591,0.024,1258,0.013
M,2006,Xavion,12,GA,695,0.019,1496,0.01
M,2006,Xzavion,6,GA,1096,0.01,2461,0.005
M,2007,Xavier,212,GA,68,0.336,109,0.181
M,2007,Xander,17,GA,559,0.027,1186,0.014
M,2007,Xzavier,11,GA,740,0.017,1637,0.009
M,2007,Xzavion,8,GA,913,0.013,2021,0.007
M,2008,Xavier,191,GA,73,0.312,118,0.168
M,2008,Xander,26,GA,413,0.042,837,0.023
M,2008,Xzavier,8,GA,923,0.013,2018,0.007
M,2008,Xavion,6,GA,1119,0.01,2499,0.005
M,2008,Xaiver,5,GA,1274,0.008,2841,0.004
M,2008,Xavi,5,GA,1274,0.008,2841,0.004
M,2008,Xzavion,5,GA,1274,0.008,2841,0.004
M,2009,Xavier,185,GA,73,0.313,117,0.169
M,2009,Xander,29,GA,367,0.049,745,0.026
M,2009,Xzavier,12,GA,703,0.02,1499,0.011
M,2009,Xavi,6,GA,1124,0.01,2483,0.005
M,2010,Xavier,152,GA,84,0.272,142,0.146
M,2010,Xander,23,GA,416,0.041,874,0.022
M,2010,Xzavier,10,GA,764,0.018,1648,0.01
M,2010,Xavi,8,GA,904,0.014,1955,0.008
M,2010,Xavion,5,GA,1224,0.009,2702,0.005
M,2011,Xavier,147,GA,88,0.267,146,0.143
M,2011,Xander,32,GA,311,0.058,632,0.031
M,2011,Xzavier,16,GA,546,0.029,1174,0.016
M,2011,Xavi,11,GA,710,0.02,1529,0.011
M,2011,Xavian,5,GA,1202,0.009,2689,0.005
M,2011,Xavion,5,GA,1202,0.009,2689,0.005
M,2012,Xavier,114,GA,111,0.211,197,0.113
M,2012,Xander,34,GA,308,0.063,602,0.034
M,2012,Xavi,14,GA,587,0.026,1266,0.014
M,2012,Xavion,8,GA,862,0.015,1911,0.008
M,2012,Xzavier,7,GA,959,0.013,2111,0.007
M,2012,Xaiden,5,GA,1207,0.009,2670,0.005
M,2013,Xavier,126,GA,101,0.235,172,0.126
M,2013,Xander,34,GA,312,0.063,609,0.034
M,2013,Xzavier,14,GA,597,0.026,1252,0.014
M,2013,Xavi,10,GA,754,0.019,1621,0.01
M,2013,Xavion,6,GA,1059,0.011,2340,0.006
M,2014,Xavier,150,GA,93,0.273,152,0.145
M,2014,Xander,33,GA,331,0.06,653,0.032
M,2014,Xzavier,7,GA,959,0.013,2109,0.007
M,2014,Xavi,5,GA,1203,0.009,2656,0.005
M,2015,Xavier,119,GA,111,0.217,190,0.115
M,2015,Xander,36,GA,312,0.066,614,0.035
M,2015,Xzavier,10,GA,786,0.018,1675,0.01
M,2015,Xavi,6,GA,1096,0.011,2412,0.006
M,2015,Xavion,5,GA,1213,0.009,2707,0.005
M,2016,Xavier,114,GA,113,0.212,195,0.112
M,2016,Xander,61,GA,212,0.113,389,0.06
M,2016,Xzavier,13,GA,660,0.024,1401,0.013
M,2016,Xaiden,5,GA,1208,0.009,2705,0.005
M,2017,Xavier,107,GA,121,0.199,203,0.106
M,2017,Xander,71,GA,190,0.132,334,0.07
M,2018,Xavier,101,GA,126,0.194,211,0.103
M,2018,Xander,51,GA,232,0.098,439,0.052
M,2018,Xaiden,9,GA,858,0.017,1808,0.009
M,2018,Xzavier,8,GA,931,0.015,1979,0.008
M,2018,Xavion,5,GA,1263,0.01,2764,0.005
M,2018,Xion,5,GA,1263,0.01,2764,0.005
M,2019,Xavier,91,GA,145,0.175,247,0.093
M,2019,Xander,60,GA,206,0.116,373,0.061
M,2019,Xaiden,6,GA,1128,0.012,2435,0.006
M,2019,Xzavier,6,GA,1128,0.012,2435,0.006
M,2020,Xavier,95,GA,128,0.189,219,0.1
M,2020,Xander,51,GA,237,0.102,438,0.054
M,2020,Xavion,7,GA,1032,0.014,2184,0.007
M,2020,Xion,6,GA,1149,0.012,2427,0.006
M,2020,Xzavier,6,GA,1149,0.012,2427,0.006
M,2021,Xavier,99,GA,126,0.197,206,0.104
M,2021,Xander,50,GA,241,0.099,454,0.052
M,2021,Xzavier,6,GA,1157,0.012,2463,0.006
M,2021,Xion,5,GA,1301,0.01,2784,0.005
M,2022,Xavier,97,GA,132,0.19,220,0.1
M,2022,Xander,61,GA,206,0.119,366,0.063
M,2022,Xavion,7,GA,1105,0.014,2280,0.007
M,2022,Xavi,5,GA,1335,0.01,2863,0.005
M,2022,Xion,5,GA,1335,0.01,2863,0.005
M,2023,Xavier,82,GA,144,0.163,251,0.086
M,2023,Xander,45,GA,264,0.089,497,0.047
M,2023,Xion,7,GA,1079,0.014,2274,0.007
M,2023,Xavion,6,GA,1212,0.012,2537,0.006
M,2023,Xzavier,5,GA,1367,0.01,2904,0.005
M,2024,Xavier,107,GA,117,0.21,194,0.111
M,2024,Xander,54,GA,230,0.106,424,0.056
M,2024,Xyleek,9,GA,935,0.018,1932,0.009
M,2024,Xylan,6,GA,1232,0.012,2584,0.006
M,2024,Xzavier,6,GA,1232,0.012,2584,0.006
M,2024,Xavi,5,GA,1398,0.01,2933,0.005
M,2024,Xylo,5,GA,1398,0.01,2933,0.005
F,2007,Ximena,5,SC,775,0.026,1447,0.012
F,2008,Ximena,10,SC,438,0.052,856,0.024
F,2009,Ximena,10,SC,415,0.054,810,0.025
F,2010,Ximena,5,SC,733,0.028,1386,0.013
F,2011,Ximena,5,SC,732,0.029,1345,0.013
F,2011,Xiomara,5,SC,732,0.029,1345,0.013
F,2013,Ximena,10,SC,403,0.057,799,0.026
F,2014,Ximena,11,SC,379,0.06,764,0.028
F,2015,Ximena,17,SC,262,0.093,540,0.043
F,2016,Ximena,11,SC,395,0.062,772,0.028
F,2017,Ximena,14,SC,312,0.079,632,0.036
F,2018,Ximena,13,SC,356,0.074,712,0.034
F,2019,Ximena,14,SC,336,0.079,663,0.037
F,2019,Xiomara,6,SC,666,0.034,1270,0.016
F,2020,Ximena,16,SC,281,0.093,579,0.043
F,2021,Ximena,9,SC,485,0.051,947,0.024
F,2021,Xiomara,7,SC,609,0.04,1156,0.018
F,2022,Ximena,10,SC,466,0.056,911,0.026
F,2023,Ximena,9,SC,503,0.05,988,0.024
F,2023,Xyla,6,SC,697,0.034,1334,0.016
F,2023,Xiomara,5,SC,809,0.028,1534,0.013
F,2024,Ximena,14,SC,357,0.077,720,0.036
F,2024,Xyla,11,SC,434,0.061,868,0.028
F,2024,Xiomara,6,SC,706,0.033,1361,0.015
M,1968,Xavier,6,SC,362,0.027,806,0.014
M,1970,Xavier,5,SC,399,0.021,905,0.011
M,1972,Xavier,5,SC,407,0.023,893,0.012
M,1973,Xavier,10,SC,291,0.047,604,0.025
M,1974,Xavier,5,SC,411,0.024,884,0.013
M,1975,Xavier,8,SC,316,0.04,664,0.022
M,1977,Xavier,12,SC,243,0.058,525,0.031
M,1978,Xavier,7,SC,345,0.034,745,0.019
M,1979,Xavier,5,SC,438,0.024,942,0.013
M,1980,Xavier,9,SC,318,0.042,646,0.023
M,1981,Xavier,10,SC,288,0.047,595,0.026
M,1983,Xavier,6,SC,374,0.029,792,0.016
M,1985,Xavier,17,SC,198,0.08,391,0.043
M,1986,Xavier,23,SC,158,0.109,304,0.059
M,1987,Xavier,24,SC,163,0.112,303,0.061
M,1988,Xavier,28,SC,154,0.125,278,0.068
M,1989,Xavier,39,SC,118,0.165,211,0.09
M,1990,Xavier,52,SC,84,0.214,156,0.117
M,1991,Xavier,53,SC,85,0.228,164,0.125
M,1992,Xavier,52,SC,82,0.23,164,0.125
M,1993,Xavier,58,SC,73,0.269,143,0.148
M,1994,Xavier,56,SC,73,0.271,137,0.15
M,1995,Xavier,41,SC,92,0.206,176,0.113
M,1996,Xavier,58,SC,68,0.295,132,0.162
M,1997,Xavier,57,SC,72,0.282,135,0.157
M,1997,Xzavier,6,SC,458,0.03,923,0.017
M,1998,Xavier,59,SC,67,0.287,126,0.158
M,1999,Xavier,45,SC,102,0.219,189,0.12
M,2000,Xavier,55,SC,80,0.263,150,0.145
M,2000,Xzavier,6,SC,510,0.029,1004,0.016
M,2001,Xavier,60,SC,77,0.292,138,0.161
M,2001,Xzavier,7,SC,452,0.034,907,0.019
M,2002,Xavier,68,SC,64,0.339,113,0.186
M,2002,Xavion,6,SC,503,0.03,1023,0.016
M,2002,Xzavier,6,SC,503,0.03,1023,0.016
M,2003,Xavier,71,SC,63,0.345,110,0.189
M,2003,Xander,11,SC,331,0.053,683,0.029
M,2003,Xzavier,8,SC,421,0.039,868,0.021
M,2004,Xavier,77,SC,61,0.367,102,0.202
M,2004,Xander,14,SC,284,0.067,563,0.037
M,2004,Xzavier,6,SC,524,0.029,1084,0.016
M,2005,Xavier,55,SC,89,0.259,157,0.142
M,2005,Xander,16,SC,246,0.075,511,0.041
M,2005,Xzavier,13,SC,304,0.061,616,0.034
M,2005,Xavion,12,SC,329,0.057,657,0.031
M,2006,Xavier,91,SC,53,0.402,93,0.219
M,2006,Xander,15,SC,297,0.066,595,0.036
M,2006,Xzavier,12,SC,367,0.053,729,0.029
M,2006,Xzavion,7,SC,535,0.031,1108,0.017
M,2007,Xavier,105,SC,54,0.457,85,0.251
M,2007,Xander,16,SC,267,0.07,542,0.038
M,2007,Xzavier,12,SC,364,0.052,734,0.029
M,2008,Xavier,74,SC,68,0.322,118,0.175
M,2008,Xavion,6,SC,589,0.026,1265,0.014
M,2008,Xander,5,SC,677,0.022,1450,0.012
M,2009,Xavier,71,SC,77,0.327,125,0.176
M,2009,Xander,11,SC,368,0.051,756,0.027
M,2009,Xzavion,9,SC,432,0.041,878,0.022
M,2010,Xavier,68,SC,79,0.323,132,0.176
M,2010,Xander,10,SC,384,0.048,776,0.026
M,2010,Xavion,6,SC,571,0.029,1214,0.015
M,2011,Xavier,56,SC,93,0.266,159,0.145
M,2011,Xander,18,SC,244,0.086,476,0.047
M,2011,Xzavier,9,SC,412,0.043,848,0.023
M,2011,Xavi,6,SC,549,0.029,1182,0.016
M,2011,Xavion,6,SC,549,0.029,1182,0.016
M,2012,Xavier,52,SC,99,0.249,174,0.136
M,2012,Xander,21,SC,209,0.1,406,0.055
M,2013,Xavier,50,SC,107,0.236,191,0.129
M,2013,Xander,23,SC,216,0.108,403,0.059
M,2013,Xzavier,5,SC,651,0.024,1385,0.013
M,2014,Xavier,33,SC,154,0.154,282,0.083
M,2014,Xander,24,SC,205,0.112,390,0.06
M,2015,Xavier,38,SC,141,0.177,258,0.095
M,2015,Xander,13,SC,325,0.06,664,0.033
M,2016,Xavier,46,SC,121,0.217,206,0.118
M,2016,Xander,22,SC,226,0.104,437,0.056
M,2017,Xavier,40,SC,138,0.191,247,0.103
M,2017,Xander,29,SC,190,0.138,345,0.075
M,2018,Xavier,51,SC,108,0.244,180,0.132
M,2018,Xander,34,SC,165,0.163,290,0.088
M,2018,Xzavier,7,SC,535,0.034,1127,0.018
M,2019,Xavier,52,SC,103,0.252,171,0.136
M,2019,Xander,35,SC,159,0.17,278,0.091
M,2019,Xaiden,6,SC,605,0.029,1270,0.016
M,2020,Xavier,52,SC,103,0.26,166,0.139
M,2020,Xander,33,SC,161,0.165,284,0.089
M,2021,Xavier,34,SC,153,0.168,274,0.09
M,2021,Xander,30,SC,166,0.148,306,0.079
M,2021,Xzavier,5,SC,696,0.025,1481,0.013
M,2022,Xavier,25,SC,208,0.122,385,0.065
M,2022,Xander,24,SC,217,0.117,403,0.063
M,2022,Xavion,6,SC,654,0.029,1329,0.016
M,2023,Xavier,45,SC,120,0.221,205,0.118
M,2023,Xander,19,SC,285,0.093,534,0.05
M,2024,Xavier,40,SC,135,0.192,235,0.103
M,2024,Xander,13,SC,385,0.062,768,0.033
M,2024,Xyleek,7,SC,592,0.034,1222,0.018
M,2024,Xzavier,6,SC,656,0.029,1361,0.015
F,2005,Xiomara,7,UT,533,0.038,1017,0.017
F,2005,Ximena,6,UT,600,0.033,1135,0.015
F,2006,Ximena,5,UT,720,0.027,1352,0.012
F,2008,Ximena,8,UT,524,0.04,1024,0.018
F,2008,Xiomara,6,UT,657,0.03,1276,0.014
F,2009,Ximena,12,UT,370,0.063,746,0.029
F,2010,Ximena,7,UT,565,0.039,1086,0.017
F,2011,Ximena,17,UT,249,0.095,547,0.043
F,2012,Ximena,14,UT,316,0.078,654,0.035
F,2012,Xiomara,5,UT,732,0.028,1404,0.013
F,2013,Ximena,11,UT,384,0.062,788,0.028
F,2014,Ximena,23,UT,208,0.127,446,0.058
F,2015,Ximena,20,UT,225,0.112,492,0.051
F,2016,Ximena,19,UT,243,0.105,521,0.049
F,2016,Xiomara,9,UT,458,0.05,927,0.023
F,2016,Xitlali,5,UT,724,0.028,1403,0.013
F,2017,Ximena,18,UT,229,0.106,516,0.048
F,2017,Xiomara,9,UT,448,0.053,906,0.024
F,2018,Ximena,23,UT,180,0.138,410,0.064
F,2018,Xiomara,5,UT,666,0.03,1321,0.014
F,2019,Ximena,17,UT,254,0.101,545,0.047
F,2019,Xiomara,7,UT,559,0.042,1089,0.019
F,2020,Ximena,21,UT,190,0.13,443,0.059
F,2021,Ximena,28,UT,154,0.166,349,0.078
F,2021,Xiomara,8,UT,499,0.047,1003,0.022
F,2022,Ximena,17,UT,241,0.105,522,0.049
F,2022,Xiomara,5,UT,683,0.031,1359,0.014
F,2023,Ximena,19,UT,222,0.118,466,0.055
F,2023,Xiomara,10,UT,408,0.062,838,0.029
F,2024,Ximena,18,UT,247,0.107,525,0.05
F,2024,Xiomara,8,UT,483,0.048,1005,0.022
M,1989,Xavier,5,UT,363,0.03,824,0.017
M,1991,Xavier,7,UT,318,0.042,678,0.023
M,1992,Xavier,11,UT,248,0.066,496,0.036
M,1993,Xavier,11,UT,242,0.065,492,0.036
M,1994,Xavier,11,UT,256,0.063,514,0.035
M,1995,Xavier,12,UT,251,0.068,510,0.037
M,1996,Xavier,9,UT,327,0.048,670,0.026
M,1997,Xavier,10,UT,317,0.052,636,0.029
M,1998,Xavier,13,UT,274,0.066,555,0.036
M,1999,Xavier,9,UT,370,0.044,751,0.024
M,1999,Xander,7,UT,441,0.034,900,0.019
M,2000,Xavier,14,UT,274,0.067,548,0.037
M,2000,Xander,5,UT,531,0.024,1144,0.013
M,2001,Xavier,19,UT,238,0.09,461,0.049
M,2001,Xander,7,UT,451,0.033,944,0.018
M,2002,Xavier,20,UT,236,0.093,446,0.051
M,2002,Xander,11,UT,337,0.051,684,0.028
M,2003,Xander,40,UT,134,0.185,246,0.101
M,2003,Xavier,31,UT,176,0.143,317,0.078
M,2004,Xander,37,UT,157,0.168,280,0.092
M,2004,Xavier,17,UT,259,0.077,518,0.042
M,2005,Xander,40,UT,153,0.179,262,0.098
M,2005,Xavier,20,UT,239,0.089,464,0.049
M,2006,Xavier,37,UT,166,0.159,285,0.088
M,2006,Xander,30,UT,190,0.129,353,0.071
M,2007,Xander,52,UT,127,0.219,204,0.12
M,2007,Xavier,35,UT,173,0.147,312,0.081
M,2008,Xander,54,UT,123,0.228,202,0.124
M,2008,Xavier,44,UT,144,0.186,254,0.101
M,2009,Xavier,46,UT,134,0.2,236,0.109
M,2009,Xander,45,UT,137,0.196,243,0.107
M,2010,Xander,43,UT,136,0.195,236,0.107
M,2010,Xavier,38,UT,156,0.172,275,0.094
M,2011,Xander,58,UT,98,0.271,160,0.147
M,2011,Xavier,29,UT,196,0.136,358,0.074
M,2011,Xzavier,8,UT,480,0.037,980,0.02
M,2011,Xavi,5,UT,648,0.023,1368,0.013
M,2012,Xander,56,UT,100,0.259,163,0.142
M,2012,Xavier,32,UT,190,0.148,324,0.081
M,2012,Xavi,6,UT,608,0.028,1240,0.015
M,2013,Xander,29,UT,202,0.134,358,0.074
M,2013,Xavier,23,UT,244,0.107,438,0.059
M,2013,Xavian,5,UT,681,0.023,1378,0.013
M,2014,Xander,61,UT,94,0.283,154,0.154
M,2014,Xavier,25,UT,225,0.116,410,0.063
M,2015,Xavier,50,UT,115,0.235,193,0.128
M,2015,Xander,48,UT,121,0.226,201,0.123
M,2016,Xander,47,UT,130,0.224,216,0.12
M,2016,Xavier,30,UT,190,0.143,342,0.077
M,2017,Xander,42,UT,135,0.207,223,0.112
M,2017,Xavier,29,UT,181,0.143,331,0.078
M,2018,Xander,40,UT,129,0.205,228,0.111
M,2018,Xavier,30,UT,175,0.154,305,0.083
M,2019,Xander,35,UT,150,0.181,265,0.097
M,2019,Xavier,31,UT,175,0.16,303,0.086
M,2020,Xavier,37,UT,151,0.192,255,0.105
M,2020,Xander,25,UT,202,0.13,360,0.071
M,2021,Xavier,32,UT,170,0.167,302,0.089
M,2021,Xander,27,UT,196,0.141,355,0.075
M,2022,Xavier,27,UT,191,0.143,345,0.077
M,2022,Xander,24,UT,220,0.127,387,0.068
M,2023,Xavier,34,UT,144,0.185,272,0.098
M,2023,Xander,19,UT,245,0.103,466,0.055
M,2024,Xander,25,UT,197,0.131,375,0.07
M,2024,Xavier,20,UT,248,0.105,475,0.056
M,2002,Xavier,5,VT,122,0.221,225,0.129
M,2003,Xavier,9,VT,85,0.393,143,0.231
M,2004,Xavier,7,VT,104,0.309,178,0.182
M,2005,Xavier,10,VT,75,0.456,122,0.265
M,2006,Xavier,8,VT,89,0.383,151,0.225
M,2007,Xavier,11,VT,66,0.544,103,0.307
M,2008,Xavier,6,VT,111,0.309,186,0.179
M,2011,Xavier,10,VT,61,0.574,98,0.33
M,2012,Xavier,8,VT,82,0.45,129,0.271
M,2014,Xavier,13,VT,47,0.715,78,0.416
M,2014,Xander,7,VT,96,0.385,158,0.224
M,2015,Xavier,8,VT,79,0.472,132,0.275
M,2016,Xavier,7,VT,92,0.424,147,0.253
M,2017,Xander,5,VT,114,0.329,205,0.19
M,2018,Xander,7,VT,80,0.479,143,0.273
M,2024,Xander,6,VT,73,0.533,139,0.289
F,1997,Xena,6,KY,472,0.03,838,0.014
F,2004,Xavier,10,KY,422,0.051,799,0.024
F,2004,Xander,6,KY,606,0.031,1136,0.014
F,2005,Ximena,6,KY,574,0.03,1038,0.014
F,2011,Xiomara,5,KY,693,0.027,1249,0.012
F,2013,Ximena,10,KY,403,0.054,782,0.025
F,2014,Ximena,6,KY,621,0.032,1172,0.015
F,2015,Ximena,10,KY,428,0.054,829,0.025
F,2016,Ximena,7,KY,568,0.038,1098,0.017
F,2017,Ximena,10,KY,427,0.056,842,0.025
F,2018,Ximena,6,KY,646,0.034,1210,0.016
F,2019,Ximena,8,KY,497,0.046,980,0.021
F,2020,Ximena,10,KY,426,0.059,844,0.027
F,2021,Ximena,9,KY,463,0.053,913,0.024
F,2022,Xena,6,KY,628,0.036,1223,0.016
F,2022,Ximena,5,KY,733,0.03,1401,0.014
F,2024,Ximena,8,KY,516,0.046,1025,0.021
F,2024,Xyla,5,KY,741,0.029,1431,0.013
M,1988,Xavier,7,KY,287,0.03,668,0.016
M,1989,Xavier,7,KY,309,0.029,708,0.015
M,1990,Xavier,9,KY,270,0.036,595,0.02
M,1991,Xavier,6,KY,344,0.024,796,0.013
M,1992,Xavier,8,KY,300,0.033,654,0.018
M,1993,Xavier,15,KY,215,0.063,431,0.034
M,1994,Xavier,11,KY,254,0.047,535,0.025
M,1995,Xavier,13,KY,227,0.056,475,0.03
M,1996,Xavier,15,KY,212,0.065,444,0.035
M,1997,Xavier,19,KY,188,0.082,387,0.044
M,1998,Xavier,11,KY,277,0.047,595,0.025
M,1999,Xavier,29,KY,145,0.124,299,0.067
M,2000,Xavier,19,KY,211,0.079,421,0.043
M,2001,Xavier,34,KY,143,0.146,279,0.079
M,2002,Xavier,50,KY,112,0.216,203,0.118
M,2003,Xavier,49,KY,115,0.213,207,0.115
M,2003,Xander,19,KY,211,0.082,433,0.044
M,2004,Xavier,39,KY,132,0.178,261,0.094
M,2004,Xander,16,KY,274,0.073,570,0.039
M,2005,Xavier,38,KY,136,0.162,261,0.088
M,2005,Xander,24,KY,192,0.102,374,0.056
M,2005,Xavion,5,KY,517,0.021,1167,0.012
M,2006,Xavier,59,KY,110,0.246,183,0.133
M,2006,Xander,25,KY,185,0.104,373,0.056
M,2007,Xavier,61,KY,102,0.253,180,0.137
M,2007,Xander,21,KY,212,0.087,434,0.047
M,2007,Xzavier,7,KY,462,0.029,981,0.016
M,2007,Xavion,5,KY,555,0.021,1241,0.011
M,2008,Xavier,60,KY,106,0.254,183,0.137
M,2008,Xander,17,KY,248,0.072,505,0.039
M,2009,Xavier,91,KY,70,0.389,106,0.213
M,2009,Xander,31,KY,175,0.132,330,0.073
M,2009,Xzavier,6,KY,533,0.026,1136,0.014
M,2010,Xavier,76,KY,80,0.338,125,0.186
M,2010,Xander,21,KY,222,0.093,425,0.051
M,2010,Xavi,5,KY,588,0.022,1272,0.012
M,2011,Xavier,74,KY,84,0.334,129,0.183
M,2011,Xander,30,KY,174,0.135,323,0.074
M,2011,Xzavier,5,KY,557,0.023,1249,0.012
M,2012,Xavier,68,KY,90,0.307,144,0.169
M,2012,Xander,30,KY,169,0.135,312,0.074
M,2013,Xavier,76,KY,78,0.342,123,0.187
M,2013,Xander,33,KY,167,0.149,303,0.081
M,2013,Xzavier,6,KY,524,0.027,1141,0.015
M,2014,Xavier,72,KY,87,0.323,141,0.177
M,2014,Xander,38,KY,151,0.171,263,0.093
M,2015,Xavier,67,KY,92,0.305,152,0.165
M,2015,Xander,32,KY,177,0.146,314,0.079
M,2015,Xzavier,5,KY,601,0.023,1319,0.012
M,2016,Xavier,80,KY,75,0.367,117,0.2
M,2016,Xander,51,KY,114,0.234,193,0.127
M,2017,Xavier,65,KY,85,0.301,138,0.165
M,2017,Xander,53,KY,102,0.245,175,0.134
M,2018,Xavier,68,KY,80,0.325,130,0.176
M,2018,Xander,39,KY,141,0.186,245,0.101
M,2019,Xavier,85,KY,57,0.415,88,0.224
M,2019,Xander,38,KY,141,0.186,243,0.1
M,2020,Xavier,72,KY,61,0.367,105,0.197
M,2020,Xander,36,KY,146,0.184,252,0.099
M,2021,Xavier,60,KY,87,0.303,135,0.163
M,2021,Xander,43,KY,127,0.217,217,0.117
M,2021,Xavion,5,KY,656,0.025,1383,0.014
M,2022,Xavier,60,KY,84,0.304,139,0.164
M,2022,Xander,29,KY,182,0.147,329,0.079
M,2023,Xavier,61,KY,85,0.308,140,0.166
M,2023,Xander,32,KY,165,0.162,296,0.087
M,2024,Xavier,48,KY,117,0.237,200,0.128
M,2024,Xander,32,KY,174,0.158,303,0.085
F,1971,Xochitl,6,IL,1071,0.007,1815,0.003
F,1974,Xiomara,5,IL,1137,0.007,1961,0.003
F,1976,Xochitl,7,IL,950,0.01,1660,0.005
F,1976,Xiomara,6,IL,1070,0.009,1841,0.004
F,1977,Xochitl,8,IL,901,0.011,1564,0.005
F,1978,Xochitl,8,IL,894,0.011,1544,0.005
F,1979,Xochitl,9,IL,897,0.012,1537,0.006
F,1980,Xiomara,5,IL,1316,0.006,2206,0.003
F,1981,Xochitl,6,IL,1102,0.008,1897,0.004
F,1982,Xochitl,5,IL,1238,0.007,2105,0.003
F,1984,Xiomara,5,IL,1211,0.007,2067,0.003
F,1987,Xiomara,7,IL,1018,0.01,1744,0.005
F,1988,Xiomara,6,IL,1173,0.008,1998,0.004
F,1989,Xenia,7,IL,1088,0.009,1880,0.004
F,1989,Xiomara,5,IL,1373,0.006,2357,0.003
F,1991,Xochitl,13,IL,728,0.017,1330,0.008
F,1991,Xiomara,9,IL,945,0.012,1666,0.005
F,1992,Xiomara,10,IL,874,0.013,1565,0.006
F,1992,Xochitl,9,IL,948,0.012,1685,0.006
F,1993,Xiomara,6,IL,1276,0.008,2232,0.004
F,1994,Xochitl,9,IL,962,0.012,1721,0.006
F,1994,Xiomara,8,IL,1064,0.011,1879,0.005
F,1994,Xenia,7,IL,1168,0.009,2042,0.004
F,1995,Xiomara,11,IL,833,0.015,1531,0.007
F,1995,Xochitl,7,IL,1139,0.01,2061,0.005
F,1995,Xochilt,6,IL,1267,0.008,2263,0.004
F,1996,Xena,15,IL,661,0.021,1244,0.01
F,1996,Xochitl,11,IL,837,0.015,1532,0.007
F,1996,Xiomara,6,IL,1265,0.008,2249,0.004
F,1997,Xochitl,9,IL,960,0.013,1718,0.006
F,1997,Xiomara,6,IL,1266,0.009,2272,0.004
F,1997,Xitlali,6,IL,1266,0.009,2272,0.004
F,1997,Xochilt,6,IL,1266,0.009,2272,0.004
F,1998,Xiomara,13,IL,753,0.018,1383,0.009
F,1998,Xochitl,8,IL,1059,0.011,1934,0.005
F,1998,Xena,6,IL,1288,0.009,2322,0.004
F,1999,Xochitl,11,IL,860,0.016,1571,0.007
F,1999,Ximena,10,IL,924,0.014,1672,0.007
F,1999,Xiomara,7,IL,1200,0.01,2130,0.005
F,2000,Ximena,15,IL,718,0.021,1318,0.01
F,2000,Xochitl,13,IL,792,0.018,1439,0.009
F,2000,Xiomara,9,IL,1027,0.013,1845,0.006
F,2000,Xena,7,IL,1216,0.01,2194,0.005
F,2000,Xitlali,6,IL,1362,0.008,2439,0.004
F,2001,Ximena,17,IL,662,0.024,1207,0.011
F,2001,Xochitl,12,IL,873,0.017,1554,0.008
F,2001,Xitlali,8,IL,1152,0.011,2061,0.005
F,2001,Xiomara,6,IL,1382,0.009,2456,0.004
F,2002,Ximena,30,IL,417,0.044,799,0.02
F,2002,Xiomara,16,IL,677,0.023,1253,0.011
F,2002,Xitlali,14,IL,733,0.02,1357,0.01
F,2002,Xitlaly,11,IL,890,0.016,1622,0.007
F,2002,Xochitl,5,IL,1562,0.007,2761,0.003
F,2003,Ximena,30,IL,423,0.043,809,0.02
F,2003,Xitlali,11,IL,932,0.016,1689,0.007
F,2003,Xochitl,10,IL,1003,0.014,1803,0.007
F,2003,Xitlaly,8,IL,1156,0.012,2076,0.005
F,2003,Xiomara,7,IL,1272,0.01,2264,0.005
F,2004,Ximena,46,IL,299,0.067,589,0.031
F,2004,Xiomara,27,IL,467,0.039,882,0.018
F,2004,Xochitl,19,IL,628,0.028,1156,0.013
F,2004,Xitlali,15,IL,752,0.022,1379,0.01
F,2004,Xitlaly,8,IL,1153,0.012,2082,0.005
F,2005,Ximena,46,IL,302,0.068,593,0.032
F,2005,Xiomara,15,IL,744,0.022,1390,0.01
F,2005,Xochitl,13,IL,835,0.019,1541,0.009
F,2005,Xitlaly,10,IL,1018,0.015,1830,0.007
F,2005,Xochilt,6,IL,1441,0.009,2575,0.004
F,2005,Xitlali,5,IL,1640,0.007,2911,0.003
F,2006,Ximena,37,IL,365,0.054,706,0.025
F,2006,Xiomara,24,IL,518,0.035,965,0.017
F,2006,Xitlali,12,IL,901,0.018,1661,0.008
F,2006,Xochitl,12,IL,901,0.018,1661,0.008
F,2006,Xitlaly,10,IL,1045,0.015,1907,0.007
F,2007,Ximena,41,IL,326,0.061,652,0.028
F,2007,Xiomara,20,IL,607,0.03,1148,0.014
F,2007,Xitlaly,12,IL,915,0.018,1678,0.008
F,2007,Xitlali,9,IL,1147,0.013,2082,0.006
F,2007,Xochitl,7,IL,1375,0.01,2479,0.005
F,2007,Xochilt,5,IL,1712,0.007,3091,0.003
F,2008,Ximena,60,IL,235,0.091,470,0.043
F,2008,Xiomara,18,IL,679,0.027,1270,0.013
F,2008,Xitlaly,14,IL,831,0.021,1533,0.01
F,2008,Xochitl,9,IL,1130,0.014,2051,0.006
F,2008,Xitlali,7,IL,1365,0.011,2452,0.005
F,2009,Ximena,51,IL,261,0.081,526,0.038
F,2009,Xiomara,15,IL,756,0.024,1422,0.011
F,2009,Xitlali,9,IL,1117,0.014,2048,0.007
F,2009,Xochitl,9,IL,1117,0.014,2048,0.007
F,2009,Xitlaly,8,IL,1212,0.013,2203,0.006
F,2010,Ximena,80,IL,164,0.132,347,0.061
F,2010,Xiomara,17,IL,678,0.028,1281,0.013
F,2010,Xochitl,9,IL,1074,0.015,2000,0.007
F,2010,Xitlali,7,IL,1299,0.012,2398,0.005
F,2010,Xitlaly,5,IL,1653,0.008,3009,0.004
F,2011,Ximena,68,IL,190,0.114,398,0.053
F,2011,Xiomara,8,IL,1168,0.013,2132,0.006
F,2011,Xitlali,7,IL,1283,0.012,2338,0.006
F,2011,Xitlaly,6,IL,1430,0.01,2601,0.005
F,2011,Xochitl,6,IL,1430,0.01,2601,0.005
F,2011,Xoe,5,IL,1634,0.008,2976,0.004
F,2012,Ximena,72,IL,178,0.123,371,0.057
F,2012,Xiomara,12,IL,862,0.02,1587,0.01
F,2012,Xitlali,7,IL,1304,0.012,2376,0.006
F,2012,Xitlaly,6,IL,1450,0.01,2641,0.005
F,2012,Xochitl,6,IL,1450,0.01,2641,0.005
F,2013,Ximena,92,IL,140,0.159,298,0.074
F,2013,Xiomara,13,IL,790,0.022,1478,0.01
F,2013,Xochitl,6,IL,1432,0.01,2592,0.005
F,2013,Xitlaly,5,IL,1604,0.009,2913,0.004
F,2014,Ximena,116,IL,110,0.197,248,0.093
F,2014,Xitlaly,6,IL,1414,0.01,2585,0.005
F,2014,Xochitl,6,IL,1414,0.01,2585,0.005
F,2014,Xiomara,5,IL,1605,0.008,2911,0.004
F,2015,Ximena,152,IL,73,0.26,174,0.122
F,2015,Xiomara,13,IL,803,0.022,1511,0.01
F,2015,Xochitl,13,IL,803,0.022,1511,0.01
F,2015,Xitlaly,5,IL,1634,0.009,2952,0.004
F,2016,Ximena,135,IL,86,0.234,203,0.111
F,2016,Xiomara,14,IL,759,0.024,1435,0.011
F,2016,Xitlali,9,IL,1088,0.016,1992,0.007
F,2016,Xitlaly,6,IL,1428,0.01,2595,0.005
F,2017,Ximena,129,IL,87,0.232,201,0.11
F,2017,Xiomara,22,IL,519,0.04,1004,0.019
F,2017,Xena,8,IL,1153,0.014,2120,0.007
F,2017,Xochitl,5,IL,1605,0.009,2926,0.004
F,2018,Ximena,121,IL,92,0.226,210,0.107
F,2018,Xiomara,25,IL,467,0.047,905,0.022
F,2018,Xitlali,7,IL,1203,0.013,2269,0.006
F,2018,Xareni,5,IL,1543,0.009,2866,0.004
F,2018,Xochitl,5,IL,1543,0.009,2866,0.004
F,2019,Ximena,107,IL,99,0.208,226,0.098
F,2019,Xiomara,18,IL,591,0.035,1141,0.017
F,2019,Xitlali,12,IL,818,0.023,1529,0.011
F,2019,Xochitl,7,IL,1200,0.014,2230,0.006
F,2019,Xena,5,IL,1517,0.01,2833,0.005
F,2020,Ximena,106,IL,89,0.218,208,0.103
F,2020,Xiomara,24,IL,451,0.049,889,0.023
F,2020,Xochitl,9,IL,985,0.018,1858,0.009
F,2020,Xyla,6,IL,1326,0.012,2485,0.006
F,2021,Ximena,112,IL,81,0.232,199,0.11
F,2021,Xiomara,20,IL,535,0.041,1032,0.02
F,2021,Xochitl,9,IL,997,0.019,1872,0.009
F,2021,Xitlali,7,IL,1186,0.014,2213,0.007
F,2021,Xyla,6,IL,1309,0.012,2452,0.006
F,2021,Xoe,5,IL,1506,0.01,2801,0.005
F,2022,Ximena,87,IL,110,0.186,260,0.088
F,2022,Xiomara,31,IL,349,0.066,707,0.032
F,2022,Xochitl,11,IL,854,0.024,1622,0.011
F,2022,Xitlali,9,IL,969,0.019,1840,0.009
F,2022,Xyla,7,IL,1151,0.015,2198,0.007
F,2022,Xena,6,IL,1290,0.013,2439,0.006
F,2022,Xareni,5,IL,1464,0.011,2745,0.005
F,2023,Ximena,65,IL,146,0.146,334,0.069
F,2023,Xiomara,41,IL,251,0.092,524,0.043
F,2023,Xochitl,14,IL,681,0.031,1323,0.015
F,2023,Xyla,8,IL,1027,0.018,1964,0.008
F,2023,Xena,7,IL,1136,0.016,2172,0.007
F,2023,Xitlali,5,IL,1432,0.011,2712,0.005
F,2023,Xolani,5,IL,1432,0.011,2712,0.005
F,2023,Xylah,5,IL,1432,0.011,2712,0.005
F,2024,Ximena,77,IL,124,0.172,275,0.081
F,2024,Xiomara,22,IL,461,0.049,926,0.023
F,2024,Xyla,14,IL,665,0.031,1309,0.015
F,2024,Xitlali,12,IL,759,0.027,1470,0.013
F,2024,Xolani,11,IL,820,0.025,1577,0.012
F,2024,Xochitl,9,IL,951,0.02,1813,0.009
F,2024,Xena,6,IL,1255,0.013,2410,0.006
F,2024,Xareni,5,IL,1411,0.011,2679,0.005
F,2024,Xitlaly,5,IL,1411,0.011,2679,0.005
M,1949,Xavier,6,IL,526,0.007,1244,0.003
M,1951,Xavier,6,IL,521,0.006,1247,0.003
M,1953,Xavier,9,IL,468,0.009,1083,0.005
M,1954,Xavier,5,IL,634,0.005,1515,0.002
M,1955,Xavier,9,IL,483,0.008,1147,0.004
M,1956,Xavier,5,IL,678,0.004,1626,0.002
M,1958,Xavier,5,IL,706,0.004,1716,0.002
M,1959,Xavier,9,IL,553,0.008,1312,0.004
M,1960,Xavier,11,IL,508,0.009,1183,0.005
M,1961,Xavier,8,IL,593,0.007,1431,0.004
M,1962,Xavier,9,IL,549,0.008,1307,0.004
M,1963,Xavier,10,IL,537,0.009,1236,0.005
M,1964,Xavier,8,IL,594,0.008,1406,0.004
M,1965,Xavier,8,IL,570,0.008,1359,0.004
M,1966,Xavier,14,IL,447,0.015,1018,0.008
M,1967,Xavier,10,IL,526,0.011,1224,0.006
M,1968,Xavier,10,IL,515,0.011,1216,0.006
M,1969,Xavier,14,IL,452,0.015,1051,0.008
M,1970,Xavier,11,IL,546,0.011,1268,0.006
M,1971,Xavier,24,IL,363,0.026,811,0.014
M,1972,Xavier,14,IL,484,0.017,1071,0.009
M,1973,Xavier,15,IL,450,0.019,1017,0.01
M,1974,Xavier,16,IL,441,0.02,993,0.011
M,1975,Xavier,19,IL,404,0.024,900,0.013
M,1976,Xavier,19,IL,395,0.024,902,0.013
M,1977,Xavier,24,IL,369,0.029,807,0.016
M,1978,Xavier,21,IL,377,0.026,851,0.014
M,1979,Xavier,17,IL,441,0.02,1008,0.011
M,1980,Xavier,24,IL,364,0.028,813,0.015
M,1981,Xavier,15,IL,472,0.018,1067,0.009
M,1982,Xavier,23,IL,364,0.027,802,0.015
M,1983,Xavier,22,IL,371,0.027,814,0.014
M,1984,Xavier,37,IL,269,0.045,560,0.024
M,1985,Xavier,27,IL,325,0.033,718,0.017
M,1986,Xavier,33,IL,288,0.041,607,0.022
M,1987,Xavier,50,IL,232,0.061,468,0.032
M,1988,Xavier,71,IL,190,0.085,366,0.045
M,1989,Xavier,86,IL,165,0.099,325,0.052
M,1990,Xavier,99,IL,155,0.111,298,0.059
M,1991,Xavier,104,IL,145,0.119,288,0.063
M,1992,Xavier,118,IL,136,0.137,263,0.073
M,1993,Xavier,135,IL,122,0.158,236,0.084
M,1994,Xavier,141,IL,126,0.167,237,0.089
M,1995,Xavier,136,IL,124,0.165,237,0.088
M,1996,Xavier,140,IL,124,0.173,234,0.092
M,1997,Xavier,150,IL,114,0.188,220,0.1
M,1997,Xzavier,9,IL,759,0.011,1718,0.006
M,1998,Xavier,168,IL,109,0.209,196,0.111
M,1998,Xander,6,IL,1035,0.007,2322,0.004
M,1998,Xzavier,5,IL,1156,0.006,2642,0.003
M,1999,Xavier,156,IL,116,0.195,213,0.104
M,1999,Xander,8,IL,857,0.01,1942,0.005
M,2000,Xavier,189,IL,94,0.235,167,0.125
M,2000,Xander,8,IL,884,0.01,1982,0.005
M,2000,Xzavier,8,IL,884,0.01,1982,0.005
M,2001,Xavier,213,IL,89,0.266,151,0.141
M,2001,Xzavier,10,IL,771,0.012,1758,0.007
M,2001,Xander,8,IL,910,0.01,2061,0.005
M,2002,Xavier,190,IL,94,0.242,169,0.129
M,2002,Xander,12,IL,699,0.015,1530,0.008
M,2003,Xavier,244,IL,76,0.308,127,0.164
M,2003,Xander,72,IL,217,0.091,416,0.048
M,2003,Xzavier,9,IL,851,0.011,1913,0.006
M,2004,Xavier,190,IL,92,0.243,167,0.129
M,2004,Xander,52,IL,266,0.066,534,0.035
M,2004,Xzavier,9,IL,868,0.011,1943,0.006
M,2005,Xavier,202,IL,89,0.262,150,0.14
M,2005,Xander,47,IL,287,0.061,587,0.033
M,2006,Xavier,245,IL,82,0.318,129,0.169
M,2006,Xander,52,IL,271,0.068,540,0.036
M,2006,Xzavier,11,IL,812,0.014,1783,0.008
M,2006,Xavion,7,IL,1056,0.009,2395,0.005
M,2007,Xavier,278,IL,67,0.36,102,0.192
M,2007,Xander,41,IL,327,0.053,652,0.028
M,2007,Xzavier,13,IL,723,0.017,1595,0.009
M,2007,Xavion,5,IL,1380,0.006,3091,0.003
M,2008,Xavier,278,IL,65,0.372,96,0.197
M,2008,Xander,40,IL,336,0.054,671,0.028
M,2008,Xzavier,10,IL,870,0.013,1926,0.007
M,2008,Xavion,5,IL,1371,0.007,3111,0.004
M,2009,Xavier,264,IL,67,0.364,98,0.194
M,2009,Xander,59,IL,238,0.081,464,0.043
M,2009,Xzavier,16,IL,637,0.022,1361,0.012
M,2009,Xavion,7,IL,1089,0.01,2419,0.005
M,2010,Xavier,241,IL,68,0.345,105,0.185
M,2010,Xander,49,IL,266,0.07,526,0.038
M,2010,Xzavier,16,IL,631,0.023,1352,0.012
M,2010,Xavi,14,IL,694,0.02,1486,0.011
M,2010,Xavion,7,IL,1100,0.01,2398,0.005
M,2011,Xavier,224,IL,70,0.331,110,0.176
M,2011,Xander,61,IL,228,0.09,441,0.048
M,2011,Xzavier,17,IL,574,0.025,1240,0.013
M,2011,Xavi,14,IL,671,0.021,1447,0.011
M,2011,Xavian,5,IL,1343,0.007,2976,0.004
M,2012,Xavier,211,IL,77,0.317,118,0.168
M,2012,Xander,52,IL,260,0.078,507,0.042
M,2012,Xavi,15,IL,617,0.023,1359,0.012
M,2012,Xzavier,15,IL,617,0.023,1359,0.012
M,2012,Xaiden,5,IL,1352,0.008,2982,0.004
M,2013,Xavier,193,IL,81,0.293,124,0.156
M,2013,Xander,46,IL,284,0.07,555,0.037
M,2013,Xzavier,8,IL,954,0.012,2097,0.006
M,2013,Xavi,6,IL,1161,0.009,2592,0.005
M,2013,Xavian,5,IL,1310,0.008,2913,0.004
M,2014,Xavier,166,IL,100,0.25,164,0.132
M,2014,Xander,57,IL,245,0.086,470,0.045
M,2014,Xavi,7,IL,1068,0.011,2330,0.006
M,2015,Xavier,178,IL,90,0.268,146,0.143
M,2015,Xander,76,IL,211,0.115,374,0.061
M,2015,Xzavier,13,IL,709,0.02,1511,0.01
M,2015,Xavi,7,IL,1074,0.011,2363,0.006
M,2016,Xavier,176,IL,84,0.274,140,0.145
M,2016,Xander,73,IL,205,0.114,377,0.06
M,2016,Xzavier,12,IL,753,0.019,1617,0.01
M,2016,Xavian,6,IL,1168,0.009,2595,0.005
M,2016,Xavi,5,IL,1310,0.008,2916,0.004
M,2017,Xavier,192,IL,70,0.31,112,0.164
M,2017,Xander,80,IL,187,0.129,333,0.068
M,2017,Xavi,7,IL,1054,0.011,2301,0.006
M,2017,Xaiden,6,IL,1179,0.01,2577,0.005
M,2017,Xzavier,5,IL,1322,0.008,2926,0.004
M,2018,Xavier,162,IL,87,0.272,141,0.143
M,2018,Xander,66,IL,216,0.111,387,0.058
M,2018,Xzavier,11,IL,770,0.018,1642,0.01
M,2019,Xavier,153,IL,88,0.266,145,0.14
M,2019,Xander,74,IL,192,0.129,339,0.068
M,2019,Xzavier,6,IL,1155,0.01,2489,0.006
M,2019,Xaiden,5,IL,1317,0.009,2833,0.005
M,2020,Xavier,126,IL,106,0.231,172,0.122
M,2020,Xander,64,IL,207,0.117,367,0.062
M,2020,Xavion,8,IL,944,0.015,2023,0.008
M,2020,Xzavier,5,IL,1309,0.009,2807,0.005
M,2021,Xavier,125,IL,104,0.232,176,0.122
M,2021,Xander,54,IL,233,0.1,425,0.053
M,2021,Xavion,7,IL,1028,0.013,2213,0.007
M,2021,Xzavier,6,IL,1144,0.011,2452,0.006
M,2022,Xavier,132,IL,95,0.255,158,0.134
M,2022,Xander,59,IL,208,0.114,374,0.06
M,2022,Xzavier,6,IL,1150,0.012,2439,0.006
M,2023,Xavier,114,IL,105,0.227,175,0.12
M,2023,Xander,58,IL,214,0.116,374,0.061
M,2023,Xzavier,7,IL,1037,0.014,2172,0.007
M,2023,Xion,6,IL,1143,0.012,2407,0.006
M,2023,Xavi,5,IL,1281,0.01,2712,0.005
M,2024,Xavier,114,IL,105,0.228,176,0.12
M,2024,Xander,47,IL,249,0.094,468,0.05
M,2024,Xavi,10,IL,803,0.02,1677,0.011
M,2024,Xzavier,7,IL,1037,0.014,2167,0.007
M,2024,Xavion,5,IL,1269,0.01,2679,0.005
M,2024,Xion,5,IL,1269,0.01,2679,0.005
F,1997,Xena,6,WI,576,0.024,1048,0.011
F,2000,Xiomara,5,WI,710,0.02,1275,0.009
F,2002,Ximena,5,WI,709,0.02,1315,0.009
F,2003,Ximena,6,WI,620,0.024,1167,0.011
F,2004,Ximena,8,WI,538,0.032,1012,0.015
F,2004,Xiomara,5,WI,734,0.02,1391,0.009
F,2005,Ximena,8,WI,566,0.032,1057,0.015
F,2005,Xiomara,5,WI,777,0.02,1424,0.009
F,2006,Ximena,8,WI,564,0.032,1068,0.015
F,2007,Ximena,5,WI,822,0.02,1530,0.009
F,2008,Ximena,11,WI,465,0.044,887,0.02
F,2008,Xiomara,7,WI,657,0.028,1241,0.013
F,2009,Xiomara,10,WI,492,0.041,932,0.019
F,2009,Ximena,7,WI,663,0.029,1225,0.013
F,2010,Ximena,9,WI,541,0.038,1018,0.018
F,2011,Ximena,11,WI,467,0.047,883,0.022
F,2011,Xiomara,5,WI,845,0.021,1570,0.01
F,2012,Ximena,10,WI,491,0.043,940,0.02
F,2012,Xiomara,7,WI,660,0.03,1225,0.014
F,2013,Ximena,20,WI,275,0.087,554,0.04
F,2014,Ximena,23,WI,243,0.1,500,0.046
F,2014,Xiomara,6,WI,724,0.026,1375,0.012
F,2015,Ximena,19,WI,288,0.082,587,0.038
F,2016,Ximena,26,WI,224,0.112,471,0.052
F,2017,Ximena,30,WI,183,0.133,398,0.062
F,2017,Xiomara,5,WI,826,0.022,1583,0.01
F,2018,Ximena,27,WI,201,0.121,425,0.056
F,2018,Xiomara,5,WI,832,0.022,1592,0.01
F,2019,Ximena,19,WI,282,0.087,584,0.041
F,2020,Ximena,14,WI,371,0.067,746,0.031
F,2020,Xiomara,9,WI,524,0.043,1042,0.02
F,2021,Ximena,26,WI,200,0.121,433,0.057
F,2022,Ximena,25,WI,211,0.122,435,0.057
F,2022,Xyla,8,WI,582,0.039,1151,0.018
F,2022,Xena,5,WI,813,0.024,1593,0.011
F,2022,Xiomara,5,WI,813,0.024,1593,0.011
F,2023,Ximena,22,WI,234,0.108,497,0.05
F,2023,Xiomara,11,WI,448,0.054,895,0.025
F,2024,Ximena,18,WI,284,0.089,586,0.041
F,2024,Xiomara,6,WI,723,0.03,1406,0.014
F,2024,Xyla,6,WI,723,0.03,1406,0.014
M,1984,Xavier,6,WI,378,0.018,875,0.009
M,1985,Xavier,5,WI,424,0.015,998,0.008
M,1986,Xavier,5,WI,426,0.015,1000,0.008
M,1987,Xavier,14,WI,223,0.043,512,0.023
M,1988,Xavier,17,WI,208,0.052,459,0.028
M,1989,Xavier,16,WI,219,0.048,488,0.026
M,1990,Xavier,25,WI,170,0.075,364,0.04
M,1990,Xai,5,WI,490,0.015,1128,0.008
M,1991,Xavier,21,WI,200,0.064,419,0.034
M,1992,Xavier,26,WI,166,0.082,353,0.044
M,1993,Xavier,31,WI,153,0.1,312,0.053
M,1994,Xavier,43,WI,126,0.142,252,0.076
M,1995,Xavier,35,WI,143,0.119,295,0.063
M,1996,Xavier,30,WI,159,0.102,326,0.055
M,1996,Xue,6,WI,483,0.02,1039,0.011
M,1997,Xavier,28,WI,167,0.097,341,0.052
M,1998,Xavier,33,WI,164,0.114,321,0.061
M,1999,Xavier,43,WI,143,0.147,271,0.079
M,2000,Xavier,43,WI,156,0.146,290,0.078
M,2001,Xavier,56,WI,118,0.193,220,0.103
M,2001,Xander,6,WI,537,0.021,1173,0.011
M,2002,Xavier,64,WI,109,0.222,201,0.119
M,2002,Xander,9,WI,417,0.031,898,0.017
M,2003,Xavier,64,WI,112,0.219,196,0.118
M,2003,Xander,34,WI,181,0.116,350,0.063
M,2003,Xzavier,5,WI,611,0.017,1335,0.009
M,2004,Xavier,82,WI,94,0.279,157,0.151
M,2004,Xander,30,WI,199,0.102,389,0.055
M,2004,Xzavier,7,WI,529,0.024,1121,0.013
M,2005,Xavier,75,WI,101,0.256,172,0.138
M,2005,Xander,24,WI,231,0.082,459,0.044
M,2005,Xavion,5,WI,648,0.017,1424,0.009
M,2006,Xavier,81,WI,97,0.271,162,0.147
M,2006,Xander,29,WI,205,0.097,405,0.053
M,2006,Xzavier,5,WI,682,0.017,1489,0.009
M,2007,Xavier,106,WI,76,0.355,120,0.192
M,2007,Xander,29,WI,217,0.097,426,0.052
M,2007,Xzavier,8,WI,514,0.027,1079,0.014
M,2008,Xavier,90,WI,86,0.307,139,0.165
M,2008,Xander,29,WI,221,0.099,415,0.053
M,2008,Xzavier,6,WI,640,0.02,1377,0.011
M,2008,Xavior,5,WI,726,0.017,1584,0.009
M,2009,Xavier,113,WI,70,0.394,105,0.212
M,2009,Xander,39,WI,170,0.136,315,0.073
M,2009,Xaiden,5,WI,730,0.017,1594,0.009
M,2010,Xavier,80,WI,88,0.288,146,0.156
M,2010,Xander,38,WI,172,0.137,315,0.074
M,2010,Xzavier,5,WI,733,0.018,1579,0.01
M,2011,Xavier,76,WI,92,0.278,157,0.15
M,2011,Xander,36,WI,179,0.132,332,0.071
M,2011,Xavi,5,WI,726,0.018,1570,0.01
M,2012,Xavier,92,WI,81,0.337,121,0.183
M,2012,Xander,37,WI,183,0.136,336,0.074
M,2013,Xavier,79,WI,95,0.291,154,0.157
M,2013,Xander,35,WI,186,0.129,341,0.07
M,2014,Xavier,74,WI,102,0.27,166,0.147
M,2014,Xander,32,WI,203,0.117,379,0.063
M,2014,Xzavier,6,WI,652,0.022,1375,0.012
M,2015,Xavier,65,WI,119,0.239,196,0.129
M,2015,Xander,36,WI,183,0.132,342,0.071
M,2015,Xzavier,7,WI,600,0.026,1279,0.014
M,2016,Xavier,64,WI,116,0.238,193,0.127
M,2016,Xander,38,WI,180,0.141,321,0.076
M,2017,Xavier,66,WI,112,0.254,181,0.136
M,2017,Xander,44,WI,152,0.169,269,0.091
M,2018,Xavier,50,WI,140,0.194,240,0.104
M,2018,Xander,38,WI,172,0.148,316,0.079
M,2019,Xavier,54,WI,128,0.215,215,0.115
M,2019,Xander,39,WI,164,0.156,295,0.083
M,2020,Xavier,61,WI,108,0.255,182,0.136
M,2020,Xander,44,WI,148,0.184,257,0.098
M,2021,Xavier,56,WI,115,0.23,197,0.122
M,2021,Xander,26,WI,234,0.107,433,0.057
M,2022,Xavier,56,WI,112,0.237,193,0.127
M,2022,Xander,32,WI,187,0.135,354,0.072
M,2022,Xzavier,5,WI,781,0.021,1593,0.011
M,2023,Xavier,48,WI,130,0.204,224,0.109
M,2023,Xander,29,WI,210,0.123,390,0.066
M,2024,Xavier,41,WI,156,0.175,271,0.094
M,2024,Xander,27,WI,222,0.115,411,0.062
F,1963,Xochitl,5,TX,1287,0.005,2287,0.002
F,1964,Xochitl,5,TX,1277,0.005,2261,0.002
F,1966,Xan,5,TX,1240,0.005,2185,0.003
F,1969,Xochitl,5,TX,1363,0.005,2356,0.002
F,1971,Xochitl,6,TX,1298,0.006,2263,0.003
F,1972,Xochitl,8,TX,1070,0.008,1892,0.004
F,1973,Xochitl,12,TX,836,0.013,1502,0.006
F,1974,Xochitl,9,TX,1016,0.009,1779,0.004
F,1975,Xochitl,16,TX,732,0.017,1322,0.008
F,1976,Xochitl,20,TX,646,0.021,1161,0.01
F,1977,Xochitl,19,TX,674,0.019,1219,0.009
F,1978,Xochitl,14,TX,843,0.014,1483,0.006
F,1979,Xochitl,18,TX,759,0.016,1343,0.008
F,1979,Xochilt,6,TX,1500,0.005,2581,0.003
F,1980,Xochitl,10,TX,1110,0.008,1947,0.004
F,1980,Xiomara,5,TX,1727,0.004,2922,0.002
F,1981,Xochitl,9,TX,1207,0.007,2105,0.003
F,1981,Xaviera,6,TX,1575,0.005,2706,0.002
F,1981,Xuan,5,TX,1770,0.004,3019,0.002
F,1982,Xochitl,18,TX,792,0.014,1416,0.007
F,1983,Xochitl,8,TX,1333,0.006,2284,0.003
F,1984,Xochitl,9,TX,1219,0.007,2123,0.003
F,1985,Xochitl,6,TX,1660,0.004,2815,0.002
F,1985,Xenia,5,TX,1875,0.004,3179,0.002
F,1986,Xochitl,8,TX,1396,0.006,2386,0.003
F,1986,Xiomara,5,TX,1878,0.004,3192,0.002
F,1987,Xochitl,9,TX,1281,0.007,2213,0.003
F,1987,Xenia,8,TX,1397,0.006,2388,0.003
F,1987,Xavier,6,TX,1676,0.005,2846,0.002
F,1987,Xiomara,6,TX,1676,0.005,2846,0.002
F,1988,Xenia,9,TX,1298,0.007,2248,0.003
F,1988,Ximena,5,TX,1874,0.004,3221,0.002
F,1988,Xochitl,5,TX,1874,0.004,3221,0.002
F,1989,Xenia,13,TX,1091,0.01,1885,0.005
F,1989,Xiomara,9,TX,1385,0.007,2355,0.003
F,1989,Xavier,6,TX,1780,0.004,3000,0.002
F,1989,Xochitl,6,TX,1780,0.004,3000,0.002
F,1990,Xenia,12,TX,1174,0.009,2027,0.004
F,1990,Xochitl,10,TX,1331,0.007,2269,0.003
F,1990,Xiomara,9,TX,1425,0.007,2420,0.003
F,1990,Ximena,6,TX,1823,0.004,3079,0.002
F,1991,Xenia,11,TX,1258,0.008,2150,0.004
F,1991,Xiomara,11,TX,1258,0.008,2150,0.004
F,1991,Xochitl,11,TX,1258,0.008,2150,0.004
F,1991,Xochil,5,TX,2075,0.004,3524,0.002
F,1992,Xochitl,13,TX,1171,0.009,2005,0.004
F,1992,Xiomara,11,TX,1292,0.008,2198,0.004
F,1992,Xenia,10,TX,1366,0.007,2333,0.003
F,1992,Ximena,10,TX,1366,0.007,2333,0.003
F,1993,Xiomara,19,TX,919,0.014,1629,0.007
F,1993,Xochitl,14,TX,1107,0.01,1936,0.005
F,1993,Xenia,7,TX,1727,0.005,2941,0.002
F,1994,Xiomara,21,TX,847,0.015,1525,0.007
F,1994,Xochitl,20,TX,875,0.015,1568,0.007
F,1994,Xenia,12,TX,1235,0.009,2130,0.004
F,1994,Ximena,7,TX,1752,0.005,2983,0.002
F,1994,Xochilt,5,TX,2195,0.004,3700,0.002
F,1995,Xiomara,25,TX,756,0.018,1366,0.009
F,1995,Ximena,18,TX,937,0.013,1668,0.006
F,1995,Xochitl,18,TX,937,0.013,1668,0.006
F,1995,Xenia,9,TX,1480,0.007,2566,0.003
F,1995,Xochilt,8,TX,1594,0.006,2753,0.003
F,1996,Xena,31,TX,665,0.022,1208,0.01
F,1996,Xochitl,18,TX,986,0.013,1721,0.006
F,1996,Xiomara,15,TX,1098,0.011,1922,0.005
F,1996,Xenia,12,TX,1277,0.009,2214,0.004
F,1996,Ximena,9,TX,1546,0.006,2658,0.003
F,1996,Xandria,6,TX,2004,0.004,3417,0.002
F,1996,Xochilt,6,TX,2004,0.004,3417,0.002
F,1997,Xena,44,TX,507,0.031,958,0.015
F,1997,Xochitl,22,TX,860,0.016,1516,0.007
F,1997,Xiomara,19,TX,956,0.014,1678,0.006
F,1997,Ximena,16,TX,1086,0.011,1884,0.005
F,1997,Xenia,5,TX,2293,0.004,3910,0.002
F,1998,Xena,19,TX,980,0.013,1712,0.006
F,1998,Xochitl,19,TX,980,0.013,1712,0.006
F,1998,Xiomara,11,TX,1435,0.008,2465,0.004
F,1998,Ximena,10,TX,1521,0.007,2608,0.003
F,1998,Xandria,8,TX,1779,0.006,3019,0.003
F,1998,Xochilt,7,TX,1931,0.005,3256,0.002
F,1998,Xitlaly,6,TX,2149,0.004,3625,0.002
F,1998,Xenia,5,TX,2427,0.003,4076,0.002
F,1999,Xochitl,23,TX,891,0.016,1567,0.007
F,1999,Xiomara,21,TX,951,0.014,1664,0.007
F,1999,Ximena,17,TX,1094,0.012,1899,0.005
F,1999,Xena,14,TX,1261,0.01,2174,0.004
F,1999,Xenia,8,TX,1815,0.005,3108,0.003
F,1999,Xitlally,5,TX,2500,0.003,4228,0.002
F,1999,Xochilt,5,TX,2500,0.003,4228,0.002
F,2000,Ximena,33,TX,731,0.022,1301,0.01
F,2000,Xiomara,32,TX,746,0.021,1326,0.01
F,2000,Xochitl,20,TX,1046,0.013,1800,0.006
F,2000,Xena,13,TX,1371,0.008,2368,0.004
F,2000,Xandria,6,TX,2312,0.004,3914,0.002
F,2000,Xenia,6,TX,2312,0.004,3914,0.002
F,2000,Xitlali,6,TX,2312,0.004,3914,0.002
F,2001,Ximena,67,TX,415,0.044,794,0.021
F,2001,Xiomara,25,TX,903,0.016,1563,0.008
F,2001,Xochitl,24,TX,930,0.016,1603,0.007
F,2001,Xitlali,14,TX,1330,0.009,2303,0.004
F,2001,Xitlaly,9,TX,1799,0.006,3096,0.003
F,2001,Xenia,8,TX,1936,0.005,3312,0.002
F,2001,Xena,7,TX,2143,0.005,3637,0.002
F,2001,Xitlally,5,TX,2698,0.003,4541,0.002
F,2002,Ximena,117,TX,273,0.075,555,0.035
F,2002,Xiomara,32,TX,768,0.021,1371,0.01
F,2002,Xochitl,22,TX,1025,0.014,1772,0.007
F,2002,Xitlali,18,TX,1177,0.012,2013,0.005
F,2002,Xochilt,11,TX,1630,0.007,2785,0.003
F,2002,Xenia,9,TX,1860,0.006,3194,0.003
F,2002,Xitlaly,9,TX,1860,0.006,3194,0.003
F,2002,Xena,7,TX,2205,0.004,3745,0.002
F,2002,Xandria,5,TX,2768,0.003,4637,0.002
F,2003,Ximena,154,TX,217,0.097,446,0.046
F,2003,Xochitl,29,TX,854,0.018,1507,0.009
F,2003,Xiomara,28,TX,880,0.018,1546,0.008
F,2003,Xitlali,22,TX,1050,0.014,1803,0.007
F,2003,Xitlaly,14,TX,1410,0.009,2415,0.004
F,2003,Xena,10,TX,1744,0.006,2981,0.003
F,2003,Xandria,9,TX,1881,0.006,3210,0.003
F,2003,Xenia,5,TX,2823,0.003,4726,0.001
F,2003,Xitlally,5,TX,2823,0.003,4726,0.001
F,2004,Ximena,229,TX,151,0.144,329,0.068
F,2004,Xiomara,39,TX,693,0.024,1250,0.012
F,2004,Xitlaly,32,TX,806,0.02,1424,0.009
F,2004,Xochitl,30,TX,852,0.019,1496,0.009
F,2004,Xitlali,27,TX,918,0.017,1590,0.008
F,2004,Xaria,6,TX,2512,0.004,4273,0.002
F,2004,Xochilt,5,TX,2858,0.003,4839,0.001
F,2005,Ximena,240,TX,146,0.149,322,0.07
F,2005,Xiomara,54,TX,545,0.034,996,0.016
F,2005,Xitlaly,20,TX,1145,0.012,1985,0.006
F,2005,Xochitl,20,TX,1145,0.012,1985,0.006
F,2005,Xitlali,18,TX,1233,0.011,2138,0.005
F,2005,Xenia,14,TX,1446,0.009,2510,0.004
F,2005,Xandria,8,TX,2143,0.005,3652,0.002
F,2005,Xochilt,7,TX,2346,0.004,4009,0.002
F,2006,Ximena,260,TX,137,0.156,308,0.074
F,2006,Xiomara,40,TX,707,0.024,1275,0.011
F,2006,Xochitl,25,TX,1043,0.015,1809,0.007
F,2006,Xitlali,14,TX,1542,0.008,2655,0.004
F,2006,Xitlaly,14,TX,1542,0.008,2655,0.004
F,2006,Xenia,7,TX,2431,0.004,4140,0.002
F,2006,Xandra,6,TX,2687,0.004,4557,0.002
F,2006,Xochilt,6,TX,2687,0.004,4557,0.002
F,2006,Xoe,6,TX,2687,0.004,4557,0.002
F,2006,Xitlalli,5,TX,3060,0.003,5165,0.001
F,2007,Ximena,249,TX,138,0.147,319,0.069
F,2007,Xiomara,47,TX,647,0.028,1171,0.013
F,2007,Xochitl,26,TX,1026,0.015,1811,0.007
F,2007,Xitlali,19,TX,1275,0.011,2229,0.005
F,2007,Xitlaly,18,TX,1329,0.011,2312,0.005
F,2007,Xochilt,8,TX,2297,0.005,3939,0.002
F,2007,Xenia,5,TX,3147,0.003,5363,0.001
F,2008,Ximena,286,TX,115,0.171,273,0.08
F,2008,Xiomara,49,TX,627,0.029,1142,0.014
F,2008,Xochitl,27,TX,1003,0.016,1767,0.008
F,2008,Xitlaly,15,TX,1530,0.009,2645,0.004
F,2008,Xitlali,13,TX,1665,0.008,2887,0.004
F,2009,Ximena,309,TX,103,0.185,249,0.088
F,2009,Xiomara,52,TX,600,0.031,1110,0.015
F,2009,Xochitl,24,TX,1105,0.014,1954,0.007
F,2009,Xitlaly,22,TX,1180,0.013,2082,0.006
F,2009,Xitlali,21,TX,1217,0.013,2136,0.006
F,2009,Xoe,9,TX,2133,0.005,3678,0.003
F,2009,Xochilt,8,TX,2309,0.005,3970,0.002
F,2009,Xenia,5,TX,3201,0.003,5455,0.001
F,2009,Ximenna,5,TX,3201,0.003,5455,0.001
F,2010,Ximena,349,TX,82,0.219,204,0.103
F,2010,Xiomara,54,TX,570,0.034,1057,0.016
F,2010,Xochitl,28,TX,955,0.018,1718,0.008
F,2010,Xitlaly,9,TX,2083,0.006,3620,0.003
F,2010,Xitlali,8,TX,2256,0.005,3906,0.002
F,2010,Xoe,7,TX,2481,0.004,4282,0.002
F,2010,Xandria,5,TX,3160,0.003,5404,0.001
F,2010,Xena,5,TX,3160,0.003,5404,0.001
F,2010,Xenia,5,TX,3160,0.003,5404,0.001
F,2010,Xochil,5,TX,3160,0.003,5404,0.001
F,2010,Xochilt,5,TX,3160,0.003,5404,0.001
F,2011,Ximena,467,TX,53,0.3,141,0.141
F,2011,Xiomara,40,TX,706,0.026,1298,0.012
F,2011,Xitlali,21,TX,1176,0.013,2069,0.006
F,2011,Xenia,17,TX,1352,0.011,2378,0.005
F,2011,Xochitl,16,TX,1403,0.01,2467,0.005
F,2011,Xitlaly,10,TX,1932,0.006,3367,0.003
F,2011,Xoe,7,TX,2442,0.004,4236,0.002
F,2012,Ximena,467,TX,49,0.295,141,0.139
F,2012,Xiomara,40,TX,723,0.025,1331,0.012
F,2012,Xochitl,31,TX,879,0.02,1599,0.009
F,2012,Xitlali,15,TX,1476,0.009,2610,0.004
F,2012,Xena,8,TX,2294,0.005,3970,0.002
F,2012,Xoe,5,TX,3182,0.003,5432,0.001
F,2013,Ximena,627,TX,29,0.39,96,0.184
F,2013,Xiomara,27,TX,978,0.017,1782,0.008
F,2013,Xochitl,24,TX,1050,0.015,1909,0.007
F,2013,Xitlali,12,TX,1755,0.007,3055,0.004
F,2013,Xena,11,TX,1868,0.007,3244,0.003
F,2013,Xitlaly,11,TX,1868,0.007,3244,0.003
F,2013,Xenia,6,TX,2794,0.004,4838,0.002
F,2013,Xayla,5,TX,3165,0.003,5452,0.001
F,2013,Xoey,5,TX,3165,0.003,5452,0.001
F,2013,Xyla,5,TX,3165,0.003,5452,0.001
F,2014,Ximena,696,TX,27,0.417,87,0.197
F,2014,Xiomara,26,TX,1034,0.016,1874,0.007
F,2014,Xochitl,16,TX,1471,0.01,2620,0.005
F,2014,Xena,13,TX,1695,0.008,2986,0.004
F,2014,Xyla,10,TX,2023,0.006,3516,0.003
F,2014,Xitlali,9,TX,2144,0.005,3720,0.003
F,2014,Xitlaly,8,TX,2336,0.005,4036,0.002
F,2014,Xaylee,6,TX,2854,0.004,4933,0.002
F,2014,Ximenna,6,TX,2854,0.004,4933,0.002
F,2014,Xoe,5,TX,3203,0.003,5529,0.001
F,2014,Xylia,5,TX,3203,0.003,5529,0.001
F,2015,Ximena,796,TX,21,0.469,74,0.223
F,2015,Xiomara,39,TX,780,0.023,1441,0.011
F,2015,Xitlali,26,TX,1065,0.015,1921,0.007
F,2015,Xena,15,TX,1535,0.009,2731,0.004
F,2015,Xochitl,12,TX,1803,0.007,3165,0.003
F,2015,Xyla,10,TX,2047,0.006,3579,0.003
F,2015,Xitlaly,9,TX,2200,0.005,3846,0.003
F,2015,Xaria,7,TX,2584,0.004,4489,0.002
F,2015,Xenia,6,TX,2858,0.004,4979,0.002
F,2016,Ximena,768,TX,23,0.459,77,0.218
F,2016,Xiomara,57,TX,575,0.034,1102,0.016
F,2016,Xena,21,TX,1225,0.013,2202,0.006
F,2016,Xitlali,17,TX,1404,0.01,2514,0.005
F,2016,Xochitl,16,TX,1470,0.01,2618,0.005
F,2016,Ximenna,11,TX,1928,0.007,3375,0.003
F,2016,Xenia,8,TX,2350,0.005,4118,0.002
F,2016,Xandria,6,TX,2855,0.004,4989,0.002
F,2016,Xareni,6,TX,2855,0.004,4989,0.002
F,2016,Xia,5,TX,3261,0.003,5649,0.001
F,2016,Xyla,5,TX,3261,0.003,5649,0.001
F,2017,Ximena,704,TX,22,0.44,81,0.21
F,2017,Xiomara,61,TX,524,0.038,1010,0.018
F,2017,Xitlali,21,TX,1204,0.013,2154,0.006
F,2017,Xochitl,21,TX,1204,0.013,2154,0.006
F,2017,Xena,19,TX,1290,0.012,2301,0.006
F,2017,Xitlaly,17,TX,1384,0.011,2475,0.005
F,2017,Xareni,11,TX,1863,0.007,3290,0.003
F,2017,Xyla,8,TX,2327,0.005,4096,0.002
F,2017,Ximenna,7,TX,2561,0.004,4456,0.002
F,2017,Xia,6,TX,2811,0.004,4888,0.002
F,2018,Ximena,711,TX,22,0.448,77,0.213
F,2018,Xiomara,79,TX,404,0.05,823,0.024
F,2018,Xena,18,TX,1318,0.011,2393,0.005
F,2018,Xochitl,16,TX,1432,0.01,2575,0.005
F,2018,Xitlali,14,TX,1570,0.009,2808,0.004
F,2018,Xitlaly,9,TX,2119,0.006,3778,0.003
F,2018,Xareni,8,TX,2285,0.005,4068,0.002
F,2018,Xyla,7,TX,2499,0.004,4441,0.002
F,2018,Xandria,6,TX,2786,0.004,4934,0.002
F,2018,Ximenna,6,TX,2786,0.004,4934,0.002
F,2018,Xylah,5,TX,3140,0.003,5525,0.001
F,2019,Ximena,569,TX,31,0.359,103,0.171
F,2019,Xiomara,106,TX,313,0.067,656,0.032
F,2019,Xena,29,TX,954,0.018,1759,0.009
F,2019,Xochitl,21,TX,1206,0.013,2175,0.006
F,2019,Xyla,14,TX,1569,0.009,2833,0.004
F,2019,Xareni,12,TX,1756,0.008,3144,0.004
F,2019,Xitlali,12,TX,1756,0.008,3144,0.004
F,2019,Xitlaly,8,TX,2308,0.005,4117,0.002
F,2019,Xylah,6,TX,2804,0.004,4932,0.002
F,2020,Ximena,508,TX,37,0.332,110,0.158
F,2020,Xiomara,101,TX,318,0.066,671,0.031
F,2020,Xitlali,24,TX,1084,0.016,1989,0.007
F,2020,Xena,19,TX,1255,0.012,2317,0.006
F,2020,Xochitl,18,TX,1294,0.012,2384,0.006
F,2020,Xyla,17,TX,1349,0.011,2484,0.005
F,2020,Xaria,14,TX,1541,0.009,2825,0.004
F,2020,Xitlaly,14,TX,1541,0.009,2825,0.004
F,2020,Xareni,7,TX,2460,0.005,4421,0.002
F,2020,Ximenna,7,TX,2460,0.005,4421,0.002
F,2020,Xenia,6,TX,2723,0.004,4881,0.002
F,2020,Xia,5,TX,3100,0.003,5515,0.002
F,2021,Ximena,513,TX,42,0.33,117,0.157
F,2021,Xiomara,104,TX,316,0.067,662,0.032
F,2021,Xochitl,28,TX,998,0.018,1850,0.009
F,2021,Xitlali,25,TX,1073,0.016,1980,0.008
F,2021,Xyla,21,TX,1196,0.014,2204,0.006
F,2021,Xareni,14,TX,1618,0.009,2912,0.004
F,2021,Xena,11,TX,1890,0.007,3387,0.003
F,2021,Xolani,11,TX,1890,0.007,3387,0.003
F,2021,Xoe,7,TX,2555,0.005,4556,0.002
F,2021,Xaila,6,TX,2852,0.004,5045,0.002
F,2021,Xenia,6,TX,2852,0.004,5045,0.002
F,2021,Xitlaly,6,TX,2852,0.004,5045,0.002
F,2021,Xuri,6,TX,2852,0.004,5045,0.002
F,2021,Xela,5,TX,3204,0.003,5656,0.002
F,2021,Xylah,5,TX,3204,0.003,5656,0.002
F,2022,Ximena,509,TX,43,0.313,121,0.149
F,2022,Xiomara,153,TX,216,0.094,474,0.045
F,2022,Xochitl,28,TX,1029,0.017,1911,0.008
F,2022,Xyla,27,TX,1061,0.017,1964,0.008
F,2022,Xena,25,TX,1123,0.015,2063,0.007
F,2022,Xareni,21,TX,1266,0.013,2321,0.006
F,2022,Xolani,17,TX,1451,0.01,2651,0.005
F,2022,Xitlali,16,TX,1498,0.01,2738,0.005
F,2022,Xoe,10,TX,2067,0.006,3735,0.003
F,2022,Xariah,7,TX,2652,0.004,4781,0.002
F,2022,Xela,7,TX,2652,0.004,4781,0.002
F,2022,Xitlaly,7,TX,2652,0.004,4781,0.002
F,2022,Xaria,6,TX,2951,0.004,5268,0.002
F,2022,Xiamara,6,TX,2951,0.004,5268,0.002
F,2022,Xayla,5,TX,3314,0.003,5906,0.001
F,2022,Xenia,5,TX,3314,0.003,5906,0.001
F,2022,Xia,5,TX,3314,0.003,5906,0.001
F,2022,Xuri,5,TX,3314,0.003,5906,0.001
F,2022,Xylah,5,TX,3314,0.003,5906,0.001
F,2023,Ximena,487,TX,44,0.301,123,0.144
F,2023,Xiomara,158,TX,214,0.098,465,0.047
F,2023,Xochitl,46,TX,693,0.028,1340,0.014
F,2023,Xyla,39,TX,812,0.024,1544,0.011
F,2023,Xitlali,33,TX,926,0.02,1736,0.01
F,2023,Xolani,29,TX,1006,0.018,1884,0.009
F,2023,Xena,26,TX,1091,0.016,2017,0.008
F,2023,Xareni,12,TX,1868,0.007,3347,0.004
F,2023,Xavia,11,TX,1977,0.007,3551,0.003
F,2023,Xenia,11,TX,1977,0.007,3551,0.003
F,2023,Xylah,11,TX,1977,0.007,3551,0.003
F,2023,Xitlaly,8,TX,2444,0.005,4364,0.002
F,2023,Xaria,7,TX,2659,0.004,4771,0.002
F,2023,Xia,7,TX,2659,0.004,4771,0.002
F,2023,Xuri,7,TX,2659,0.004,4771,0.002
F,2023,Xilenia,6,TX,2939,0.004,5270,0.002
F,2023,Xalia,5,TX,3296,0.003,5922,0.001
F,2023,Xela,5,TX,3296,0.003,5922,0.001
F,2023,Xiamara,5,TX,3296,0.003,5922,0.001
F,2023,Xilena,5,TX,3296,0.003,5922,0.001
F,2023,Xoey,5,TX,3296,0.003,5922,0.001
F,2024,Ximena,423,TX,53,0.26,141,0.124
F,2024,Xiomara,169,TX,207,0.104,444,0.05
F,2024,Xochitl,42,TX,750,0.026,1439,0.012
F,2024,Xyla,32,TX,929,0.02,1748,0.009
F,2024,Xolani,31,TX,951,0.019,1780,0.009
F,2024,Xitlali,30,TX,975,0.018,1823,0.009
F,2024,Xena,19,TX,1339,0.012,2460,0.006
F,2024,Xareni,15,TX,1564,0.009,2893,0.004
F,2024,Xylah,13,TX,1723,0.008,3159,0.004
F,2024,Xayla,10,TX,2104,0.006,3798,0.003
F,2024,Xitlaly,10,TX,2104,0.006,3798,0.003
F,2024,Xaria,9,TX,2267,0.006,4082,0.003
F,2024,Xamira,8,TX,2431,0.005,4388,0.002
F,2024,Xiara,7,TX,2667,0.004,4790,0.002
F,2024,Xariah,6,TX,2960,0.004,5273,0.002
F,2024,Xavia,6,TX,2960,0.004,5273,0.002
F,2024,Xela,6,TX,2960,0.004,5273,0.002
F,2024,Xenia,6,TX,2960,0.004,5273,0.002
F,2024,Xia,6,TX,2960,0.004,5273,0.002
F,2024,Xiadani,6,TX,2960,0.004,5273,0.002
F,2024,Xianna,6,TX,2960,0.004,5273,0.002
F,2024,Xandria,5,TX,3325,0.003,5929,0.001
F,2024,Xenayla,5,TX,3325,0.003,5929,0.001
F,2024,Xoe,5,TX,3325,0.003,5929,0.001
F,2024,Xoey,5,TX,3325,0.003,5929,0.001
F,2024,Xylie,5,TX,3325,0.003,5929,0.001
M,1928,Xavier,6,TX,794,0.01,1622,0.005
M,1929,Xavier,5,TX,888,0.009,1803,0.004
M,1936,Xavier,7,TX,676,0.013,1406,0.006
M,1937,Xavier,8,TX,631,0.014,1317,0.007
M,1938,Xavier,6,TX,738,0.01,1534,0.005
M,1939,Xavier,5,TX,813,0.008,1683,0.004
M,1940,Xavier,5,TX,839,0.008,1719,0.004
M,1941,Xavier,5,TX,863,0.008,1757,0.004
M,1942,Xavier,9,TX,620,0.013,1285,0.007
M,1943,Xavier,5,TX,880,0.006,1843,0.003
M,1944,Xavier,8,TX,681,0.01,1448,0.005
M,1945,Xavier,11,TX,571,0.014,1198,0.007
M,1946,Xavier,9,TX,660,0.01,1393,0.005
M,1947,Xavier,17,TX,503,0.017,1054,0.009
M,1948,Xavier,13,TX,564,0.013,1190,0.007
M,1949,Xavier,20,TX,464,0.02,978,0.01
M,1950,Xavier,25,TX,408,0.024,865,0.013
M,1951,Xavier,24,TX,432,0.022,914,0.011
M,1952,Xavier,33,TX,380,0.029,774,0.015
M,1953,Xavier,32,TX,380,0.027,795,0.014
M,1954,Xavier,35,TX,374,0.029,778,0.015
M,1955,Xavier,26,TX,436,0.021,923,0.011
M,1956,Xavier,23,TX,466,0.019,1002,0.01
M,1957,Xavier,40,TX,360,0.032,741,0.017
M,1958,Xavier,27,TX,449,0.022,937,0.011
M,1959,Xavier,37,TX,388,0.03,807,0.016
M,1960,Xavier,31,TX,415,0.025,875,0.013
M,1961,Xavier,39,TX,382,0.033,782,0.017
M,1962,Xavier,35,TX,402,0.029,841,0.015
M,1963,Xavier,42,TX,361,0.036,753,0.019
M,1964,Xavier,41,TX,362,0.036,756,0.019
M,1965,Xavier,31,TX,404,0.03,865,0.016
M,1966,Xavier,40,TX,338,0.04,720,0.021
M,1967,Xavier,37,TX,354,0.037,761,0.019
M,1968,Xavier,46,TX,323,0.045,677,0.023
M,1969,Xavier,56,TX,302,0.051,621,0.027
M,1970,Xavier,39,TX,367,0.034,790,0.018
M,1971,Xavier,46,TX,345,0.04,733,0.021
M,1972,Xavier,41,TX,339,0.039,743,0.02
M,1973,Xavier,53,TX,296,0.051,623,0.027
M,1974,Xavier,46,TX,327,0.044,689,0.023
M,1975,Xavier,57,TX,285,0.053,600,0.028
M,1976,Xavier,54,TX,302,0.05,629,0.026
M,1977,Xavier,62,TX,282,0.055,590,0.029
M,1978,Xavier,56,TX,296,0.049,625,0.026
M,1979,Xavier,40,TX,386,0.032,814,0.017
M,1980,Xavier,58,TX,320,0.043,667,0.023
M,1981,Xavier,67,TX,295,0.049,617,0.026
M,1982,Xavier,71,TX,290,0.049,608,0.026
M,1983,Xavier,68,TX,293,0.048,601,0.025
M,1984,Xavier,78,TX,272,0.055,553,0.029
M,1985,Xavier,106,TX,235,0.072,452,0.038
M,1986,Xavier,106,TX,237,0.072,455,0.038
M,1987,Xavier,123,TX,212,0.086,401,0.045
M,1988,Xavier,186,TX,158,0.129,282,0.068
M,1989,Xavier,158,TX,186,0.107,334,0.056
M,1990,Xavier,207,TX,156,0.135,283,0.071
M,1990,Xzavier,6,TX,1257,0.004,3079,0.002
M,1991,Xavier,276,TX,121,0.18,223,0.095
M,1991,Xaiver,7,TX,1186,0.005,2857,0.002
M,1991,Xzavier,6,TX,1301,0.004,3151,0.002
M,1992,Xavier,288,TX,119,0.188,220,0.099
M,1992,Xzavier,9,TX,1034,0.006,2497,0.003
M,1992,Xaiver,7,TX,1202,0.005,2924,0.002
M,1992,Xavion,5,TX,1497,0.003,3664,0.002
M,1993,Xavier,361,TX,101,0.236,182,0.124
M,1993,Xzavier,8,TX,1120,0.005,2694,0.003
M,1993,Xaiver,5,TX,1492,0.003,3632,0.002
M,1994,Xavier,359,TX,101,0.234,183,0.124
M,1994,Xzavier,11,TX,944,0.007,2235,0.004
M,1995,Xavier,349,TX,106,0.228,194,0.121
M,1995,Xzavier,10,TX,1024,0.007,2418,0.003
M,1996,Xavier,384,TX,106,0.246,189,0.13
M,1996,Xzavier,15,TX,825,0.01,1922,0.005
M,1996,Xaiver,6,TX,1414,0.004,3417,0.002
M,1997,Xavier,411,TX,96,0.262,167,0.138
M,1997,Xzavier,18,TX,748,0.011,1746,0.006
M,1997,Xavion,5,TX,1618,0.003,3910,0.002
M,1998,Xavier,410,TX,95,0.255,168,0.135
M,1998,Xzavier,17,TX,786,0.011,1835,0.006
M,1998,Xander,12,TX,984,0.007,2328,0.004
M,1998,Xavion,6,TX,1477,0.004,3625,0.002
M,1999,Xavier,437,TX,91,0.265,154,0.14
M,1999,Xzavier,16,TX,837,0.01,1975,0.005
M,1999,Xander,14,TX,914,0.009,2174,0.004
M,1999,Xavion,10,TX,1134,0.006,2696,0.003
M,1999,Xavian,6,TX,1553,0.004,3755,0.002
M,2000,Xavier,519,TX,75,0.303,121,0.16
M,2000,Xzavier,20,TX,755,0.012,1800,0.006
M,2000,Xander,13,TX,998,0.008,2368,0.004
M,2000,Xavior,8,TX,1349,0.005,3276,0.002
M,2000,Xavien,6,TX,1603,0.004,3914,0.002
M,2000,Xavion,5,TX,1801,0.003,4416,0.002
M,2000,Xzavion,5,TX,1801,0.003,4416,0.002
M,2001,Xavier,536,TX,72,0.312,117,0.165
M,2001,Xzavier,21,TX,749,0.012,1765,0.006
M,2001,Xander,17,TX,858,0.01,2037,0.005
M,2001,Xavion,8,TX,1377,0.005,3312,0.002
M,2001,Xaiver,7,TX,1495,0.004,3637,0.002
M,2001,Xavian,5,TX,1844,0.003,4541,0.002
M,2002,Xavier,583,TX,66,0.334,109,0.176
M,2002,Xander,38,TX,545,0.022,1229,0.011
M,2002,Xzavier,33,TX,594,0.019,1349,0.01
M,2002,Xavion,11,TX,1156,0.006,2785,0.003
M,2002,Xavian,6,TX,1682,0.003,4124,0.002
M,2002,Xavien,6,TX,1682,0.003,4124,0.002
M,2003,Xavier,641,TX,65,0.363,99,0.191
M,2003,Xander,111,TX,284,0.063,569,0.033
M,2003,Xzavier,33,TX,599,0.019,1373,0.01
M,2003,Xavian,9,TX,1330,0.005,3210,0.003
M,2003,Xavien,9,TX,1330,0.005,3210,0.003
M,2003,Xavion,9,TX,1330,0.005,3210,0.003
M,2003,Xaiver,6,TX,1690,0.003,4176,0.002
M,2003,Xavior,5,TX,1904,0.003,4726,0.001
M,2004,Xavier,597,TX,70,0.333,105,0.176
M,2004,Xander,84,TX,348,0.047,715,0.025
M,2004,Xzavier,32,TX,619,0.018,1424,0.009
M,2004,Xadrian,7,TX,1572,0.004,3850,0.002
M,2004,Xaiver,6,TX,1762,0.003,4273,0.002
M,2004,Xavien,6,TX,1762,0.003,4273,0.002
M,2004,Xavian,5,TX,1982,0.003,4839,0.001
M,2004,Xavion,5,TX,1982,0.003,4839,0.001
M,2005,Xavier,579,TX,73,0.32,111,0.169
M,2005,Xander,92,TX,337,0.051,687,0.027
M,2005,Xzavier,28,TX,689,0.015,1590,0.008
M,2005,Xavian,12,TX,1180,0.007,2796,0.004
M,2005,Xavion,11,TX,1249,0.006,2953,0.003
M,2005,Xavien,9,TX,1404,0.005,3382,0.003
M,2005,Xzander,6,TX,1831,0.003,4410,0.002
M,2005,Xzavion,6,TX,1831,0.003,4410,0.002
M,2006,Xavier,716,TX,64,0.384,92,0.203
M,2006,Xander,86,TX,358,0.046,733,0.024
M,2006,Xzavier,42,TX,547,0.023,1229,0.012
M,2006,Xavian,11,TX,1291,0.006,3094,0.003
M,2006,Xavior,10,TX,1379,0.005,3298,0.003
M,2006,Xavien,8,TX,1579,0.004,3801,0.002
M,2006,Xaiver,6,TX,1871,0.003,4557,0.002
M,2006,Xavion,6,TX,1871,0.003,4557,0.002
M,2006,Xaden,5,TX,2106,0.003,5165,0.001
M,2006,Xadrian,5,TX,2106,0.003,5165,0.001
M,2006,Xzavian,5,TX,2106,0.003,5165,0.001
M,2007,Xavier,705,TX,63,0.37,92,0.196
M,2007,Xander,91,TX,345,0.048,712,0.025
M,2007,Xzavier,39,TX,590,0.02,1339,0.011
M,2007,Xavion,12,TX,1257,0.006,3002,0.003
M,2007,Xavian,10,TX,1414,0.005,3375,0.003
M,2007,Xzavion,9,TX,1517,0.005,3620,0.003
M,2007,Xavien,8,TX,1643,0.004,3939,0.002
M,2007,Xavior,7,TX,1802,0.004,4298,0.002
M,2007,Xzavien,6,TX,1972,0.003,4739,0.002
M,2008,Xavier,653,TX,65,0.345,97,0.183
M,2008,Xander,91,TX,350,0.048,719,0.025
M,2008,Xzavier,38,TX,627,0.02,1398,0.011
M,2008,Xzavion,14,TX,1165,0.007,2753,0.004
M,2008,Xavion,11,TX,1345,0.006,3220,0.003
M,2008,Xavior,10,TX,1437,0.005,3432,0.003
M,2008,Xavien,9,TX,1542,0.005,3669,0.003
M,2008,Xaiden,8,TX,1635,0.004,3950,0.002
M,2008,Xavian,8,TX,1635,0.004,3950,0.002
M,2008,Xadrian,7,TX,1817,0.004,4320,0.002
M,2008,Xane,5,TX,2255,0.003,5433,0.001
M,2008,Xzavian,5,TX,2255,0.003,5433,0.001
M,2009,Xavier,628,TX,65,0.337,98,0.178
M,2009,Xander,117,TX,291,0.063,588,0.033
M,2009,Xzavier,49,TX,532,0.026,1154,0.014
M,2009,Xavian,17,TX,1045,0.009,2438,0.005
M,2009,Xavion,13,TX,1220,0.007,2886,0.004
M,2009,Xavi,12,TX,1288,0.006,3052,0.003
M,2009,Xavien,12,TX,1288,0.006,3052,0.003
M,2009,Xavior,12,TX,1288,0.006,3052,0.003
M,2009,Xzavian,7,TX,1828,0.004,4367,0.002
M,2010,Xavier,599,TX,65,0.335,100,0.177
M,2010,Xander,105,TX,308,0.059,619,0.031
M,2010,Xzavier,46,TX,542,0.026,1185,0.014
M,2010,Xavi,31,TX,711,0.017,1591,0.009
M,2010,Xavion,13,TX,1224,0.007,2846,0.004
M,2010,Xavian,10,TX,1445,0.006,3392,0.003
M,2010,Xavior,9,TX,1538,0.005,3620,0.003
M,2010,Xaiden,8,TX,1651,0.004,3906,0.002
M,2010,Xavien,6,TX,1987,0.003,4748,0.002
M,2010,Xayden,6,TX,1987,0.003,4748,0.002
M,2010,Xzavien,6,TX,1987,0.003,4748,0.002
M,2010,Xzavion,5,TX,2245,0.003,5404,0.001
M,2011,Xavier,524,TX,75,0.299,121,0.158
M,2011,Xander,144,TX,257,0.082,477,0.044
M,2011,Xzavier,51,TX,502,0.029,1098,0.015
M,2011,Xavi,37,TX,625,0.021,1377,0.011
M,2011,Xavian,17,TX,1027,0.01,2378,0.005
M,2011,Xavion,15,TX,1110,0.009,2568,0.005
M,2011,Xzavion,9,TX,1545,0.005,3603,0.003
M,2011,Xzavian,8,TX,1668,0.005,3900,0.002
M,2011,Xzander,7,TX,1795,0.004,4236,0.002
M,2011,Xzavien,7,TX,1795,0.004,4236,0.002
M,2011,Xadrian,6,TX,1974,0.003,4694,0.002
M,2011,Xayden,6,TX,1974,0.003,4694,0.002
M,2011,Xaiden,5,TX,2224,0.003,5333,0.002
M,2012,Xavier,532,TX,76,0.3,118,0.158
M,2012,Xander,136,TX,266,0.077,500,0.04
M,2012,Xzavier,45,TX,562,0.025,1216,0.013
M,2012,Xavi,38,TX,632,0.021,1385,0.011
M,2012,Xavian,13,TX,1235,0.007,2881,0.004
M,2012,Xavien,9,TX,1562,0.005,3680,0.003
M,2012,Xayden,8,TX,1677,0.005,3970,0.002
M,2012,Xzander,8,TX,1677,0.005,3970,0.002
M,2012,Xaiden,7,TX,1834,0.004,4353,0.002
M,2012,Xavion,7,TX,1834,0.004,4353,0.002
M,2012,Xavior,7,TX,1834,0.004,4353,0.002
M,2013,Xavier,524,TX,80,0.291,125,0.154
M,2013,Xander,133,TX,280,0.074,522,0.039
M,2013,Xzavier,44,TX,587,0.024,1256,0.013
M,2013,Xavi,38,TX,639,0.021,1387,0.011
M,2013,Xaiden,11,TX,1377,0.006,3244,0.003
M,2013,Xavien,11,TX,1377,0.006,3244,0.003
M,2013,Xavian,10,TX,1464,0.006,3445,0.003
M,2013,Xayden,10,TX,1464,0.006,3445,0.003
M,2013,Xzavian,10,TX,1464,0.006,3445,0.003
M,2013,Xadrian,8,TX,1683,0.004,3980,0.002
M,2013,Xavion,8,TX,1683,0.004,3980,0.002
M,2013,Xane,5,TX,2288,0.003,5452,0.001
M,2013,Xzander,5,TX,2288,0.003,5452,0.001
M,2014,Xavier,500,TX,87,0.268,134,0.142
M,2014,Xander,176,TX,234,0.094,428,0.05
M,2014,Xzavier,36,TX,701,0.019,1505,0.01
M,2014,Xavi,20,TX,1007,0.011,2256,0.006
M,2014,Xavian,15,TX,1192,0.008,2731,0.004
M,2014,Xaiden,12,TX,1352,0.006,3140,0.003
M,2014,Xavien,12,TX,1352,0.006,3140,0.003
M,2014,Xzander,8,TX,1701,0.004,4036,0.002
M,2014,Xzavian,8,TX,1701,0.004,4036,0.002
M,2014,Xayden,7,TX,1869,0.004,4435,0.002
M,2014,Xavion,6,TX,2080,0.003,4933,0.002
M,2014,Xane,5,TX,2327,0.003,5529,0.001
M,2015,Xavier,457,TX,99,0.243,152,0.128
M,2015,Xander,184,TX,232,0.098,413,0.051
M,2015,Xzavier,31,TX,762,0.016,1688,0.009
M,2015,Xavi,23,TX,917,0.012,2059,0.006
M,2015,Xaiden,7,TX,1906,0.004,4489,0.002
M,2015,Xayden,7,TX,1906,0.004,4489,0.002
M,2015,Xzavien,7,TX,1906,0.004,4489,0.002
M,2015,Xavien,6,TX,2122,0.003,4979,0.002
M,2015,Xzander,6,TX,2122,0.003,4979,0.002
M,2015,Xzavian,6,TX,2122,0.003,4979,0.002
M,2015,Xabi,5,TX,2391,0.003,5641,0.001
M,2016,Xavier,463,TX,95,0.25,148,0.131
M,2016,Xander,171,TX,244,0.092,439,0.049
M,2016,Xzavier,46,TX,600,0.025,1293,0.013
M,2016,Xavian,14,TX,1246,0.008,2866,0.004
M,2016,Xavi,13,TX,1304,0.007,2999,0.004
M,2016,Xavien,11,TX,1448,0.006,3375,0.003
M,2016,Xaiden,7,TX,1941,0.004,4502,0.002
M,2016,Xayden,5,TX,2389,0.003,5649,0.001
M,2017,Xavier,456,TX,87,0.259,137,0.136
M,2017,Xander,187,TX,220,0.106,386,0.056
M,2017,Xzavier,21,TX,951,0.012,2154,0.006
M,2017,Xaiden,13,TX,1275,0.007,2940,0.004
M,2017,Xayden,12,TX,1350,0.007,3098,0.004
M,2017,Xavi,11,TX,1428,0.006,3290,0.003
M,2017,Xavian,9,TX,1641,0.005,3780,0.003
M,2017,Xavion,7,TX,1896,0.004,4456,0.002
M,2017,Xavior,7,TX,1896,0.004,4456,0.002
M,2018,Xavier,410,TX,94,0.235,155,0.123
M,2018,Xander,240,TX,172,0.137,299,0.072
M,2018,Xzavier,25,TX,875,0.014,1927,0.007
M,2018,Xavi,15,TX,1190,0.009,2689,0.004
M,2018,Xaiden,14,TX,1239,0.008,2808,0.004
M,2018,Xavian,8,TX,1784,0.005,4068,0.002
M,2018,Xavien,8,TX,1784,0.005,4068,0.002
M,2018,Xavion,8,TX,1784,0.005,4068,0.002
M,2018,Xayden,8,TX,1784,0.005,4068,0.002
M,2018,Xzavion,7,TX,1943,0.004,4441,0.002
M,2018,Xion,6,TX,2149,0.003,4934,0.002
M,2018,Xane,5,TX,2386,0.003,5525,0.001
M,2019,Xavier,430,TX,85,0.246,140,0.129
M,2019,Xander,243,TX,171,0.139,292,0.073
M,2019,Xzavier,27,TX,845,0.015,1840,0.008
M,2019,Xaiden,15,TX,1204,0.009,2699,0.005
M,2019,Xavien,12,TX,1389,0.007,3144,0.004
M,2019,Xavian,11,TX,1476,0.006,3339,0.003
M,2019,Xayden,9,TX,1682,0.005,3799,0.003
M,2019,Xavi,8,TX,1810,0.005,4117,0.002
M,2019,Xavion,8,TX,1810,0.005,4117,0.002
M,2019,Xzander,7,TX,1970,0.004,4514,0.002
M,2019,Xion,6,TX,2129,0.003,4932,0.002
M,2019,Xzavion,5,TX,2392,0.003,5546,0.002
M,2019,Xzayvian,5,TX,2392,0.003,5546,0.002
M,2020,Xavier,407,TX,90,0.241,147,0.126
M,2020,Xander,224,TX,179,0.132,303,0.07
M,2020,Xzavier,25,TX,875,0.015,1941,0.008
M,2020,Xavian,12,TX,1411,0.007,3134,0.004
M,2020,Xaiden,11,TX,1479,0.007,3307,0.003
M,2020,Xavien,9,TX,1655,0.005,3744,0.003
M,2020,Xavion,9,TX,1655,0.005,3744,0.003
M,2020,Xzander,7,TX,1962,0.004,4421,0.002
M,2020,Xavi,6,TX,2159,0.004,4881,0.002
M,2020,Xayden,6,TX,2159,0.004,4881,0.002
M,2020,Xzavian,5,TX,2416,0.003,5515,0.002
M,2020,Xzavien,5,TX,2416,0.003,5515,0.002
M,2021,Xavier,402,TX,92,0.235,146,0.123
M,2021,Xander,211,TX,189,0.123,327,0.065
M,2021,Xzavier,14,TX,1295,0.008,2912,0.004
M,2021,Xavian,13,TX,1367,0.008,3059,0.004
M,2021,Xavien,13,TX,1367,0.008,3059,0.004
M,2021,Xayden,11,TX,1498,0.006,3387,0.003
M,2021,Xavion,10,TX,1587,0.006,3598,0.003
M,2021,Xavi,7,TX,2002,0.004,4556,0.002
M,2021,Xane,6,TX,2194,0.004,5045,0.002
M,2021,Xyon,6,TX,2194,0.004,5045,0.002
M,2021,Xaiden,5,TX,2453,0.003,5656,0.002
M,2021,Xzander,5,TX,2453,0.003,5656,0.002
M,2022,Xavier,410,TX,95,0.23,154,0.12
M,2022,Xander,191,TX,218,0.107,375,0.056
M,2022,Xzavier,29,TX,860,0.016,1869,0.008
M,2022,Xavi,19,TX,1131,0.011,2489,0.006
M,2022,Xavian,13,TX,1421,0.007,3150,0.004
M,2022,Xavion,13,TX,1421,0.007,3150,0.004
M,2022,Xaiden,11,TX,1566,0.006,3492,0.003
M,2022,Xavien,10,TX,1669,0.006,3735,0.003
M,2022,Xane,7,TX,2130,0.004,4781,0.002
M,2022,Xayden,7,TX,2130,0.004,4781,0.002
M,2022,Xion,7,TX,2130,0.004,4781,0.002
M,2023,Xavier,405,TX,92,0.229,146,0.119
M,2023,Xander,191,TX,214,0.108,384,0.056
M,2023,Xavi,20,TX,1084,0.011,2411,0.006
M,2023,Xzavier,20,TX,1084,0.011,2411,0.006
M,2023,Xavien,19,TX,1114,0.011,2478,0.006
M,2023,Xayden,15,TX,1306,0.008,2894,0.004
M,2023,Xaiden,14,TX,1357,0.008,3032,0.004
M,2023,Xavion,13,TX,1417,0.007,3180,0.004
M,2023,Xavian,12,TX,1480,0.007,3347,0.004
M,2023,Xion,11,TX,1575,0.006,3551,0.003
M,2023,Xane,6,TX,2332,0.003,5270,0.002
M,2023,Xayne,6,TX,2332,0.003,5270,0.002
M,2023,Xzavien,5,TX,2627,0.003,5922,0.001
M,2024,Xavier,458,TX,84,0.257,132,0.134
M,2024,Xander,173,TX,233,0.097,432,0.051
M,2024,Xavi,24,TX,976,0.013,2121,0.007
M,2024,Xzavier,19,TX,1122,0.011,2460,0.006
M,2024,Xaiden,18,TX,1170,0.01,2546,0.005
M,2024,Xavien,16,TX,1273,0.009,2771,0.005
M,2024,Xavian,15,TX,1330,0.008,2893,0.004
M,2024,Xion,12,TX,1510,0.007,3330,0.004
M,2024,Xyleek,10,TX,1695,0.006,3798,0.003
M,2024,Xaden,9,TX,1816,0.005,4082,0.003
M,2024,Xavion,8,TX,1958,0.004,4388,0.002
M,2024,Xyaire,7,TX,2124,0.004,4790,0.002
M,2024,Xaire,6,TX,2314,0.003,5273,0.002
M,2024,Xayden,6,TX,2314,0.003,5273,0.002
M,2024,Xzavien,6,TX,2314,0.003,5273,0.002
M,2024,Xael,5,TX,2605,0.003,5929,0.001
M,2024,Xerxes,5,TX,2605,0.003,5929,0.001
F,1996,Xena,8,TN,527,0.027,973,0.013
F,1997,Xena,7,TN,591,0.024,1094,0.011
F,2004,Ximena,7,TN,715,0.023,1324,0.011
F,2004,Xiomara,6,TN,790,0.02,1445,0.009
F,2005,Ximena,8,TN,677,0.026,1272,0.012
F,2006,Ximena,7,TN,780,0.022,1445,0.01
F,2007,Xiomara,6,TN,879,0.018,1617,0.008
F,2008,Ximena,8,TN,723,0.025,1355,0.011
F,2009,Ximena,8,TN,723,0.026,1353,0.012
F,2010,Ximena,5,TN,1004,0.017,1844,0.008
F,2011,Ximena,9,TN,644,0.03,1221,0.014
F,2012,Ximena,15,TN,427,0.05,846,0.023
F,2013,Ximena,16,TN,417,0.054,807,0.025
F,2014,Ximena,25,TN,285,0.08,597,0.037
F,2015,Ximena,19,TN,383,0.061,752,0.028
F,2016,Ximena,21,TN,341,0.068,708,0.031
F,2017,Ximena,18,TN,408,0.059,800,0.027
F,2018,Ximena,29,TN,252,0.093,539,0.044
F,2018,Xiomara,6,TN,971,0.019,1829,0.009
F,2019,Ximena,16,TN,464,0.052,909,0.024
F,2019,Xena,7,TN,846,0.023,1604,0.011
F,2020,Ximena,23,TN,316,0.076,657,0.036
F,2020,Xyla,6,TN,970,0.02,1806,0.009
F,2020,Xena,5,TN,1100,0.016,2063,0.008
F,2021,Ximena,14,TN,519,0.045,1022,0.021
F,2021,Xyla,7,TN,890,0.022,1700,0.01
F,2021,Xena,6,TN,990,0.019,1886,0.009
F,2021,Xiomara,5,TN,1124,0.016,2139,0.007
F,2022,Ximena,29,TN,259,0.092,538,0.043
F,2022,Xyla,7,TN,909,0.022,1734,0.01
F,2022,Xena,6,TN,1015,0.019,1926,0.009
F,2022,Xiomara,6,TN,1015,0.019,1926,0.009
F,2023,Ximena,15,TN,507,0.048,986,0.022
F,2023,Xyla,9,TN,761,0.029,1463,0.013
F,2023,Xolani,5,TN,1159,0.016,2185,0.007
F,2024,Ximena,12,TN,612,0.038,1192,0.018
F,2024,Xiomara,9,TN,779,0.028,1484,0.013
F,2024,Xena,6,TN,1027,0.019,1942,0.009
F,2024,Xyla,6,TN,1027,0.019,1942,0.009
M,1961,Xavier,5,TN,445,0.013,1045,0.007
M,1968,Xavier,5,TN,435,0.015,980,0.008
M,1973,Xavier,10,TN,309,0.032,694,0.017
M,1975,Xavier,5,TN,456,0.017,1054,0.009
M,1978,Xavier,7,TN,386,0.022,883,0.012
M,1979,Xavier,9,TN,348,0.027,778,0.015
M,1981,Xavier,8,TN,346,0.025,780,0.013
M,1982,Xavier,7,TN,385,0.021,852,0.012
M,1983,Xavier,8,TN,340,0.025,753,0.013
M,1984,Xavier,12,TN,282,0.038,603,0.02
M,1985,Xavier,7,TN,374,0.022,865,0.012
M,1986,Xavier,13,TN,273,0.042,578,0.022
M,1987,Xavier,20,TN,208,0.062,431,0.033
M,1988,Xavier,37,TN,141,0.109,285,0.059
M,1989,Xavier,33,TN,162,0.095,318,0.051
M,1990,Xavier,36,TN,153,0.101,305,0.055
M,1991,Xavier,32,TN,179,0.09,348,0.049
M,1992,Xavier,41,TN,138,0.117,286,0.063
M,1993,Xavier,50,TN,122,0.145,242,0.079
M,1994,Xavier,49,TN,131,0.142,258,0.077
M,1995,Xavier,53,TN,121,0.153,238,0.083
M,1996,Xavier,44,TN,137,0.128,277,0.069
M,1996,Xzavier,5,TN,604,0.015,1339,0.008
M,1997,Xavier,47,TN,135,0.136,274,0.073
M,1998,Xavier,47,TN,142,0.13,277,0.071
M,1999,Xavier,46,TN,146,0.127,291,0.069
M,2000,Xavier,68,TN,112,0.186,211,0.1
M,2001,Xavier,80,TN,102,0.224,181,0.121
M,2002,Xavier,83,TN,99,0.237,172,0.128
M,2002,Xander,5,TN,693,0.014,1545,0.008
M,2003,Xavier,86,TN,101,0.241,175,0.13
M,2003,Xander,44,TN,163,0.123,306,0.067
M,2004,Xavier,80,TN,112,0.223,195,0.121
M,2004,Xander,30,TN,215,0.084,430,0.045
M,2005,Xavier,83,TN,109,0.225,185,0.122
M,2005,Xander,27,TN,251,0.073,491,0.04
M,2005,Xzavier,9,TN,555,0.024,1172,0.013
M,2006,Xavier,86,TN,104,0.23,181,0.124
M,2006,Xander,23,TN,297,0.061,590,0.033
M,2006,Xzavier,10,TN,521,0.027,1122,0.014
M,2007,Xavier,110,TN,87,0.285,148,0.155
M,2007,Xander,33,TN,221,0.085,443,0.046
M,2007,Xzavier,6,TN,739,0.016,1617,0.008
M,2007,Xavion,5,TN,831,0.013,1837,0.007
M,2008,Xavier,101,TN,89,0.268,153,0.145
M,2008,Xander,39,TN,196,0.103,379,0.056
M,2008,Xzavier,11,TN,520,0.029,1098,0.016
M,2008,Xavion,7,TN,693,0.019,1498,0.01
M,2009,Xavier,101,TN,89,0.278,144,0.151
M,2009,Xander,35,TN,210,0.096,401,0.052
M,2009,Xzavier,6,TN,752,0.017,1654,0.009
M,2010,Xavier,88,TN,99,0.25,164,0.137
M,2010,Xander,28,TN,247,0.08,484,0.043
M,2010,Xzavier,10,TN,523,0.028,1109,0.016
M,2011,Xavier,59,TN,137,0.169,245,0.092
M,2011,Xander,46,TN,171,0.132,319,0.071
M,2011,Xzavier,6,TN,754,0.017,1635,0.009
M,2012,Xavier,84,TN,105,0.235,177,0.128
M,2012,Xander,40,TN,202,0.112,369,0.061
M,2012,Xzavier,5,TN,871,0.014,1921,0.008
M,2013,Xavier,63,TN,132,0.177,232,0.097
M,2013,Xander,26,TN,291,0.073,559,0.04
M,2013,Xzavier,9,TN,588,0.025,1242,0.014
M,2014,Xavier,73,TN,118,0.201,211,0.108
M,2014,Xander,49,TN,176,0.135,317,0.073
M,2014,Xzavier,5,TN,894,0.014,1959,0.007
M,2015,Xavier,76,TN,122,0.208,214,0.112
M,2015,Xander,47,TN,188,0.129,337,0.069
M,2015,Xavion,8,TN,671,0.022,1414,0.012
M,2016,Xavier,70,TN,121,0.194,210,0.104
M,2016,Xander,41,TN,217,0.113,394,0.061
M,2016,Xzavier,5,TN,926,0.014,2012,0.007
M,2017,Xavier,81,TN,115,0.224,189,0.121
M,2017,Xander,69,TN,138,0.19,231,0.103
M,2017,Xzavier,6,TN,832,0.017,1762,0.009
M,2018,Xavier,63,TN,146,0.178,256,0.095
M,2018,Xander,48,TN,184,0.135,328,0.072
M,2019,Xavier,69,TN,131,0.196,225,0.105
M,2019,Xander,51,TN,173,0.145,305,0.078
M,2019,Xaiden,5,TN,959,0.014,2050,0.008
M,2020,Xavier,68,TN,129,0.2,224,0.106
M,2020,Xander,38,TN,227,0.112,408,0.059
M,2020,Xzavier,7,TN,749,0.021,1610,0.011
M,2021,Xavier,62,TN,139,0.173,248,0.093
M,2021,Xander,45,TN,190,0.126,348,0.067
M,2021,Xzavier,5,TN,1016,0.014,2139,0.007
M,2022,Xavier,71,TN,134,0.198,229,0.105
M,2022,Xander,37,TN,229,0.103,423,0.055
M,2023,Xavier,58,TN,155,0.163,282,0.086
M,2023,Xander,30,TN,285,0.084,532,0.045
M,2024,Xavier,66,TN,133,0.183,235,0.097
M,2024,Xander,39,TN,225,0.108,419,0.057
M,2024,Xavi,5,TN,1016,0.014,2192,0.007
M,2024,Xyleek,5,TN,1016,0.014,2192,0.007
F,1970,Xiomara,5,NJ,807,0.01,1382,0.005
F,1973,Xiomara,6,NJ,689,0.016,1194,0.007
F,1976,Xiomara,6,NJ,678,0.017,1183,0.008
F,1977,Xiomara,7,NJ,625,0.019,1092,0.009
F,1978,Xiomara,6,NJ,705,0.017,1221,0.008
F,1979,Xiomara,11,NJ,467,0.03,830,0.014
F,1980,Xiomara,9,NJ,536,0.024,934,0.011
F,1981,Xiomara,9,NJ,520,0.024,917,0.011
F,1982,Xiomara,13,NJ,405,0.034,736,0.016
F,1983,Xiomara,10,NJ,489,0.026,865,0.012
F,1984,Xiomara,7,NJ,617,0.018,1084,0.008
F,1985,Xiomara,13,NJ,428,0.032,762,0.015
F,1986,Xiomara,10,NJ,512,0.024,911,0.011
F,1987,Xiomara,10,NJ,542,0.023,954,0.011
F,1988,Xiomara,11,NJ,515,0.024,917,0.011
F,1989,Xiomara,12,NJ,516,0.025,929,0.012
F,1990,Xiomara,13,NJ,477,0.027,875,0.013
F,1991,Xiomara,14,NJ,459,0.03,849,0.014
F,1992,Xiomara,13,NJ,477,0.029,881,0.013
F,1993,Xiomara,11,NJ,549,0.025,998,0.012
F,1994,Xiomara,12,NJ,512,0.027,941,0.013
F,1995,Xiomara,8,NJ,686,0.019,1252,0.009
F,1996,Xiomara,9,NJ,640,0.021,1170,0.01
F,1996,Xena,8,NJ,691,0.019,1266,0.009
F,1997,Xiomara,10,NJ,590,0.024,1081,0.011
F,1997,Xena,9,NJ,653,0.022,1176,0.01
F,1998,Xiomara,9,NJ,652,0.022,1203,0.01
F,2000,Xiomara,8,NJ,717,0.019,1344,0.009
F,2001,Xiomara,8,NJ,765,0.019,1399,0.009
F,2002,Xiomara,6,NJ,932,0.015,1717,0.007
F,2003,Xiomara,9,NJ,733,0.021,1335,0.01
F,2003,Ximena,7,NJ,889,0.017,1584,0.008
F,2004,Xiomara,19,NJ,413,0.046,768,0.021
F,2004,Ximena,5,NJ,1114,0.012,2050,0.006
F,2005,Xiomara,19,NJ,410,0.047,763,0.022
F,2005,Ximena,10,NJ,676,0.025,1230,0.011
F,2005,Xochitl,5,NJ,1115,0.012,2057,0.006
F,2006,Xiomara,21,NJ,378,0.052,713,0.024
F,2006,Ximena,9,NJ,739,0.022,1387,0.01
F,2007,Xiomara,12,NJ,630,0.029,1143,0.014
F,2008,Xiomara,17,NJ,471,0.043,874,0.02
F,2008,Ximena,8,NJ,836,0.02,1531,0.009
F,2009,Xiomara,11,NJ,649,0.029,1210,0.013
F,2009,Ximena,9,NJ,768,0.023,1411,0.011
F,2010,Xiomara,12,NJ,596,0.032,1116,0.015
F,2011,Ximena,11,NJ,646,0.03,1209,0.014
F,2011,Xiomara,5,NJ,1155,0.014,2114,0.006
F,2012,Xiomara,12,NJ,595,0.033,1107,0.015
F,2012,Ximena,7,NJ,904,0.019,1679,0.009
F,2013,Ximena,21,NJ,365,0.058,697,0.027
F,2013,Xiomara,7,NJ,887,0.019,1658,0.009
F,2014,Ximena,22,NJ,359,0.059,701,0.028
F,2014,Xiomara,7,NJ,928,0.019,1702,0.009
F,2014,Xena,5,NJ,1165,0.013,2147,0.006
F,2015,Ximena,17,NJ,455,0.046,870,0.022
F,2015,Xiomara,6,NJ,1056,0.016,1905,0.008
F,2015,Xena,5,NJ,1183,0.013,2142,0.006
F,2016,Ximena,28,NJ,289,0.077,585,0.036
F,2017,Ximena,27,NJ,298,0.075,598,0.035
F,2017,Xiomara,6,NJ,1006,0.017,1872,0.008
F,2018,Ximena,29,NJ,282,0.081,573,0.038
F,2018,Xiomara,5,NJ,1184,0.014,2145,0.007
F,2018,Xyla,5,NJ,1184,0.014,2145,0.007
F,2019,Ximena,22,NJ,360,0.063,712,0.029
F,2019,Xiomara,6,NJ,1019,0.017,1890,0.008
F,2020,Ximena,19,NJ,432,0.055,826,0.026
F,2020,Xiomara,7,NJ,933,0.02,1732,0.009
F,2021,Ximena,20,NJ,419,0.055,801,0.026
F,2021,Xiomara,13,NJ,592,0.036,1113,0.017
F,2021,Xyla,9,NJ,795,0.025,1475,0.012
F,2022,Ximena,13,NJ,607,0.035,1151,0.017
F,2022,Xiomara,8,NJ,862,0.022,1602,0.01
F,2023,Ximena,21,NJ,382,0.059,768,0.028
F,2023,Xiomara,11,NJ,681,0.031,1298,0.014
F,2023,Xyla,6,NJ,1038,0.017,1952,0.008
F,2023,Xena,5,NJ,1181,0.014,2226,0.007
F,2024,Ximena,15,NJ,526,0.041,1025,0.02
F,2024,Xiomara,13,NJ,592,0.036,1152,0.017
F,2024,Xyla,9,NJ,795,0.025,1497,0.012
F,2024,Xena,5,NJ,1217,0.014,2231,0.007
F,2024,Xolani,5,NJ,1217,0.014,2231,0.007
M,1964,Xavier,8,NJ,414,0.013,987,0.007
M,1966,Xavier,7,NJ,419,0.012,1017,0.006
M,1968,Xavier,5,NJ,516,0.009,1256,0.005
M,1972,Xavier,9,NJ,398,0.02,929,0.01
M,1974,Xavier,6,NJ,518,0.014,1198,0.007
M,1977,Xavier,7,NJ,468,0.017,1092,0.009
M,1978,Xavier,8,NJ,428,0.019,1012,0.01
M,1982,Xavier,13,NJ,332,0.03,736,0.016
M,1983,Xavier,32,NJ,175,0.073,378,0.039
M,1984,Xavier,23,NJ,230,0.052,491,0.028
M,1985,Xavier,24,NJ,231,0.052,484,0.028
M,1986,Xavier,31,NJ,188,0.065,402,0.035
M,1987,Xavier,35,NJ,186,0.07,390,0.037
M,1988,Xavier,39,NJ,182,0.076,371,0.04
M,1989,Xavier,43,NJ,173,0.078,354,0.042
M,1990,Xavier,43,NJ,176,0.079,352,0.042
M,1991,Xavier,44,NJ,164,0.082,338,0.044
M,1992,Xavier,65,NJ,120,0.123,253,0.066
M,1993,Xavier,74,NJ,105,0.145,227,0.078
M,1994,Xavier,66,NJ,119,0.131,254,0.07
M,1995,Xavier,66,NJ,117,0.133,248,0.071
M,1996,Xavier,69,NJ,115,0.142,248,0.076
M,1997,Xavier,77,NJ,111,0.16,223,0.086
M,1998,Xavier,86,NJ,107,0.177,210,0.095
M,1999,Xavier,94,NJ,88,0.198,186,0.106
M,2000,Xavier,113,NJ,86,0.236,166,0.126
M,2001,Xavier,119,NJ,85,0.247,158,0.133
M,2001,Xzavier,6,NJ,787,0.012,1758,0.007
M,2002,Xavier,165,NJ,63,0.345,117,0.185
M,2002,Xzavier,8,NJ,627,0.017,1386,0.009
M,2002,Xander,6,NJ,786,0.013,1717,0.007
M,2003,Xavier,149,NJ,75,0.308,137,0.165
M,2003,Xander,15,NJ,409,0.031,892,0.017
M,2003,Xzavier,13,NJ,458,0.027,991,0.014
M,2004,Xavier,163,NJ,67,0.343,118,0.183
M,2004,Xander,13,NJ,460,0.027,1027,0.015
M,2004,Xzavier,6,NJ,809,0.013,1788,0.007
M,2005,Xavier,154,NJ,70,0.328,119,0.176
M,2005,Xander,8,NJ,659,0.017,1465,0.009
M,2005,Xzavier,8,NJ,659,0.017,1465,0.009
M,2006,Xavier,176,NJ,66,0.374,107,0.201
M,2006,Xander,10,NJ,595,0.021,1266,0.011
M,2006,Xzavier,9,NJ,649,0.019,1387,0.01
M,2007,Xavier,208,NJ,52,0.444,81,0.236
M,2007,Xander,20,NJ,353,0.043,765,0.023
M,2007,Xzavier,10,NJ,604,0.021,1322,0.011
M,2008,Xavier,195,NJ,56,0.428,84,0.23
M,2008,Xander,19,NJ,377,0.042,796,0.022
M,2008,Xzavier,7,NJ,774,0.015,1703,0.008
M,2009,Xavier,203,NJ,52,0.455,77,0.245
M,2009,Xander,15,NJ,446,0.034,951,0.018
M,2009,Xzavier,12,NJ,529,0.027,1131,0.014
M,2009,Xzavion,6,NJ,862,0.013,1889,0.007
M,2010,Xavier,156,NJ,61,0.364,101,0.195
M,2010,Xander,17,NJ,391,0.04,830,0.021
M,2010,Xzavier,10,NJ,597,0.023,1297,0.012
M,2010,Xavi,6,NJ,845,0.014,1872,0.007
M,2011,Xavier,135,NJ,71,0.318,117,0.17
M,2011,Xander,22,NJ,327,0.052,681,0.028
M,2011,Xzavier,16,NJ,415,0.038,888,0.02
M,2012,Xavier,152,NJ,64,0.367,99,0.195
M,2012,Xander,27,NJ,270,0.065,568,0.035
M,2012,Xzavier,8,NJ,703,0.019,1515,0.01
M,2012,Xavi,5,NJ,955,0.012,2124,0.006
M,2013,Xavier,141,NJ,69,0.34,109,0.181
M,2013,Xander,24,NJ,308,0.058,628,0.031
M,2013,Xavi,8,NJ,697,0.019,1502,0.01
M,2013,Xzavier,7,NJ,772,0.017,1658,0.009
M,2014,Xavier,135,NJ,72,0.322,122,0.171
M,2014,Xander,19,NJ,378,0.045,788,0.024
M,2014,Xzavier,8,NJ,701,0.019,1537,0.01
M,2014,Xavi,5,NJ,983,0.012,2147,0.006
M,2015,Xavier,125,NJ,76,0.301,130,0.159
M,2015,Xander,22,NJ,342,0.053,705,0.028
M,2015,Xzavier,7,NJ,777,0.017,1718,0.009
M,2016,Xavier,95,NJ,102,0.229,179,0.122
M,2016,Xander,35,NJ,256,0.084,485,0.045
M,2016,Xion,5,NJ,986,0.012,2153,0.006
M,2017,Xavier,100,NJ,96,0.245,166,0.13
M,2017,Xander,36,NJ,239,0.088,461,0.047
M,2017,Xzavier,8,NJ,714,0.02,1529,0.01
M,2018,Xavier,109,NJ,90,0.271,150,0.143
M,2018,Xander,40,NJ,227,0.1,419,0.053
M,2019,Xavier,96,NJ,100,0.241,169,0.128
M,2019,Xander,40,NJ,228,0.101,418,0.053
M,2020,Xavier,88,NJ,107,0.224,185,0.119
M,2020,Xander,38,NJ,237,0.097,440,0.051
M,2021,Xavier,90,NJ,112,0.222,191,0.117
M,2021,Xander,40,NJ,232,0.099,426,0.052
M,2022,Xavier,96,NJ,102,0.236,173,0.124
M,2022,Xander,35,NJ,270,0.086,507,0.045
M,2023,Xavier,66,NJ,153,0.164,266,0.087
M,2023,Xander,37,NJ,249,0.092,462,0.049
M,2024,Xavier,66,NJ,147,0.166,267,0.087
M,2024,Xander,44,NJ,224,0.11,411,0.058
M,1997,Xavier,6,MT,166,0.149,304,0.086
M,1999,Xavier,5,MT,189,0.125,354,0.074
M,2000,Xavier,6,MT,179,0.15,321,0.087
M,2001,Xavier,5,MT,199,0.131,368,0.076
M,2002,Xavier,5,MT,205,0.128,377,0.075
M,2003,Xander,14,MT,101,0.349,160,0.203
M,2004,Xander,13,MT,100,0.322,166,0.19
M,2004,Xavier,9,MT,130,0.223,225,0.132
M,2005,Xavier,10,MT,123,0.254,206,0.148
M,2005,Xander,6,MT,186,0.152,342,0.089
M,2006,Xavier,13,MT,110,0.299,176,0.177
M,2006,Xander,5,MT,235,0.115,425,0.068
M,2007,Xavier,11,MT,123,0.266,196,0.157
M,2007,Xander,7,MT,178,0.169,317,0.1
M,2008,Xander,11,MT,120,0.261,193,0.152
M,2008,Xavier,10,MT,135,0.237,225,0.138
M,2009,Xander,10,MT,122,0.25,214,0.144
M,2009,Xavier,10,MT,122,0.25,214,0.144
M,2010,Xavier,15,MT,77,0.385,127,0.221
M,2010,Xander,9,MT,138,0.231,237,0.133
M,2011,Xander,16,MT,76,0.42,113,0.241
M,2011,Xavier,8,MT,152,0.21,269,0.121
M,2012,Xander,9,MT,131,0.231,228,0.135
M,2012,Xavier,6,MT,210,0.154,366,0.09
M,2013,Xander,12,MT,109,0.297,169,0.175
M,2013,Xavier,10,MT,137,0.248,221,0.146
M,2014,Xavier,12,MT,107,0.301,178,0.172
M,2014,Xander,7,MT,190,0.176,331,0.1
M,2015,Xavier,14,MT,88,0.348,144,0.2
M,2015,Xander,13,MT,96,0.323,157,0.185
M,2016,Xavier,13,MT,94,0.331,158,0.193
M,2016,Xander,9,MT,138,0.229,237,0.133
M,2017,Xavier,13,MT,91,0.358,147,0.204
M,2017,Xander,11,MT,113,0.303,184,0.173
M,2018,Xander,14,MT,84,0.388,139,0.221
M,2018,Xavier,14,MT,84,0.388,139,0.221
M,2019,Xander,12,MT,89,0.36,152,0.204
M,2019,Xavier,9,MT,123,0.27,216,0.153
M,2020,Xander,10,MT,113,0.303,186,0.173
M,2020,Xavier,7,MT,167,0.212,293,0.121
M,2021,Xavier,9,MT,127,0.258,230,0.147
M,2022,Xavier,7,MT,171,0.206,299,0.117
M,2022,Xander,6,MT,198,0.177,355,0.1
M,2023,Xavier,13,MT,81,0.387,140,0.217
M,2024,Xavier,10,MT,111,0.277,205,0.155
F,2005,Ximena,8,MN,554,0.031,1035,0.014
F,2006,Ximena,6,MN,718,0.022,1341,0.01
F,2007,Ximena,6,MN,731,0.022,1363,0.01
F,2008,Ximena,7,MN,647,0.027,1213,0.013
F,2008,Xiomara,6,MN,744,0.023,1375,0.011
F,2010,Ximena,8,MN,597,0.033,1110,0.015
F,2011,Ximena,12,MN,420,0.05,822,0.023
F,2012,Ximena,10,MN,505,0.042,946,0.019
F,2013,Ximena,12,MN,433,0.05,851,0.023
F,2013,Xochitl,5,MN,842,0.021,1584,0.01
F,2014,Ximena,13,MN,427,0.053,810,0.025
F,2015,Ximena,12,MN,444,0.049,871,0.023
F,2016,Ximena,15,MN,385,0.061,769,0.029
F,2017,Ximena,13,MN,426,0.054,838,0.026
F,2018,Ximena,17,MN,348,0.072,698,0.034
F,2019,Ximena,10,MN,516,0.044,1009,0.02
F,2019,Xiomara,5,MN,869,0.022,1667,0.01
F,2020,Ximena,15,MN,344,0.069,712,0.032
F,2020,Xiomara,7,MN,673,0.032,1320,0.015
F,2021,Ximena,14,MN,396,0.063,799,0.03
F,2021,Xiomara,10,MN,520,0.045,1022,0.021
F,2021,Xena,7,MN,692,0.031,1335,0.015
F,2022,Ximena,12,MN,438,0.055,897,0.026
F,2022,Xiomara,5,MN,847,0.023,1674,0.011
F,2023,Ximena,12,MN,427,0.057,861,0.027
F,2023,Xiomara,5,MN,839,0.024,1652,0.011
F,2024,Ximena,17,MN,316,0.08,646,0.038
F,2024,Xiomara,8,MN,600,0.038,1189,0.018
M,1989,Xavier,5,MN,414,0.016,1009,0.008
M,1990,Xavier,9,MN,300,0.028,687,0.015
M,1990,Xai,5,MN,424,0.016,1010,0.008
M,1991,Xai,7,MN,336,0.023,798,0.012
M,1991,Xavier,7,MN,336,0.023,798,0.012
M,1992,Xavier,10,MN,283,0.033,645,0.018
M,1993,Xavier,13,MN,241,0.044,547,0.023
M,1993,Xai,5,MN,458,0.017,1050,0.009
M,1994,Xavier,17,MN,217,0.058,465,0.031
M,1995,Xavier,20,MN,202,0.071,420,0.038
M,1996,Xavier,18,MN,216,0.063,465,0.034
M,1997,Xavier,15,MN,254,0.052,558,0.028
M,1998,Xavier,26,MN,180,0.091,373,0.048
M,1999,Xavier,28,MN,183,0.096,371,0.052
M,2000,Xavier,20,MN,242,0.068,494,0.036
M,2000,Xander,5,MN,545,0.017,1237,0.009
M,2001,Xavier,37,MN,158,0.127,306,0.068
M,2002,Xavier,39,MN,161,0.133,305,0.071
M,2002,Xander,5,MN,593,0.017,1297,0.009
M,2003,Xavier,57,MN,118,0.19,223,0.102
M,2003,Xander,25,MN,217,0.083,447,0.045
M,2004,Xavier,38,MN,168,0.127,330,0.068
M,2004,Xander,33,MN,186,0.11,369,0.059
M,2005,Xavier,41,MN,160,0.137,308,0.073
M,2005,Xander,21,MN,264,0.07,542,0.038
M,2006,Xavier,71,MN,102,0.231,184,0.123
M,2006,Xander,26,MN,232,0.085,470,0.045
M,2007,Xavier,63,MN,112,0.207,204,0.11
M,2007,Xander,24,MN,243,0.079,499,0.042
M,2007,Xavion,5,MN,702,0.016,1575,0.009
M,2008,Xavier,67,MN,104,0.225,188,0.121
M,2008,Xander,37,MN,181,0.124,335,0.067
M,2009,Xavier,66,MN,110,0.226,196,0.122
M,2009,Xander,27,MN,234,0.092,445,0.05
M,2009,Xzavier,6,MN,633,0.021,1367,0.011
M,2010,Xavier,52,MN,128,0.188,239,0.1
M,2010,Xander,27,MN,224,0.097,438,0.052
M,2011,Xavier,59,MN,118,0.209,213,0.113
M,2011,Xander,26,MN,233,0.092,460,0.05
M,2012,Xavier,64,MN,110,0.231,196,0.124
M,2012,Xander,38,MN,179,0.137,333,0.073
M,2012,Xzavier,7,MN,582,0.025,1249,0.014
M,2013,Xavier,53,MN,133,0.189,243,0.102
M,2013,Xander,24,MN,260,0.086,506,0.046
M,2013,Xzavier,7,MN,600,0.025,1265,0.013
M,2014,Xavier,56,MN,131,0.2,237,0.106
M,2014,Xander,34,MN,211,0.121,382,0.065
M,2015,Xavier,55,MN,133,0.194,232,0.104
M,2015,Xander,35,MN,207,0.123,372,0.066
M,2015,Xzavier,5,MN,783,0.018,1652,0.009
M,2016,Xavier,69,MN,110,0.246,182,0.131
M,2016,Xander,36,MN,188,0.129,351,0.069
M,2017,Xavier,57,MN,127,0.211,217,0.112
M,2017,Xander,43,MN,168,0.159,299,0.084
M,2017,Xzavier,5,MN,772,0.018,1631,0.01
M,2018,Xavier,69,MN,98,0.259,164,0.138
M,2018,Xander,36,MN,191,0.135,341,0.072
M,2019,Xavier,68,MN,106,0.26,177,0.138
M,2019,Xander,39,MN,172,0.149,311,0.079
M,2020,Xavier,57,MN,118,0.228,198,0.122
M,2020,Xander,35,MN,184,0.14,340,0.075
M,2021,Xavier,42,MN,151,0.167,279,0.089
M,2021,Xander,36,MN,177,0.143,332,0.076
M,2022,Xavier,53,MN,121,0.213,218,0.113
M,2022,Xander,33,MN,192,0.132,355,0.071
M,2023,Xavier,35,MN,179,0.146,329,0.078
M,2023,Xander,29,MN,215,0.121,403,0.065
M,2024,Xavier,38,MN,165,0.158,297,0.084
M,2024,Xander,26,MN,234,0.108,440,0.057
F,1995,Xena,5,VA,786,0.015,1479,0.007
F,1999,Xavia,5,VA,896,0.015,1630,0.007
F,2000,Xiomara,7,VA,718,0.02,1355,0.009
F,2002,Xiomara,5,VA,976,0.014,1755,0.007
F,2003,Ximena,5,VA,1017,0.014,1835,0.006
F,2005,Ximena,12,VA,541,0.032,1036,0.015
F,2005,Xiomara,8,VA,778,0.022,1429,0.01
F,2006,Ximena,9,VA,723,0.024,1349,0.011
F,2006,Xiomara,6,VA,997,0.016,1811,0.007
F,2007,Ximena,11,VA,651,0.029,1196,0.013
F,2007,Xiomara,8,VA,819,0.021,1513,0.01
F,2008,Ximena,5,VA,1188,0.013,2127,0.006
F,2009,Ximena,8,VA,810,0.022,1495,0.01
F,2010,Ximena,9,VA,719,0.025,1338,0.012
F,2011,Ximena,8,VA,827,0.022,1497,0.01
F,2011,Xiomara,5,VA,1133,0.014,2064,0.006
F,2012,Ximena,10,VA,674,0.027,1262,0.013
F,2013,Ximena,14,VA,517,0.039,990,0.018
F,2014,Ximena,13,VA,568,0.035,1059,0.016
F,2015,Ximena,22,VA,389,0.059,748,0.028
F,2015,Xiomara,6,VA,1063,0.016,1947,0.008
F,2015,Xena,5,VA,1218,0.013,2207,0.006
F,2016,Ximena,29,VA,294,0.078,592,0.037
F,2017,Ximena,23,VA,349,0.064,692,0.03
F,2017,Xena,5,VA,1201,0.014,2163,0.007
F,2018,Ximena,23,VA,357,0.064,721,0.03
F,2018,Xiomara,7,VA,930,0.019,1729,0.009
F,2018,Xena,5,VA,1172,0.014,2179,0.007
F,2019,Ximena,27,VA,313,0.077,625,0.036
F,2020,Ximena,26,VA,316,0.076,633,0.036
F,2020,Xiomara,6,VA,1014,0.018,1923,0.008
F,2021,Ximena,19,VA,437,0.055,854,0.026
F,2021,Xena,6,VA,1049,0.017,1971,0.008
F,2021,Xyla,5,VA,1176,0.014,2223,0.007
F,2022,Ximena,13,VA,601,0.037,1145,0.018
F,2022,Xiomara,12,VA,642,0.034,1229,0.016
F,2022,Xena,9,VA,793,0.026,1506,0.012
F,2022,Xyla,9,VA,793,0.026,1506,0.012
F,2023,Ximena,23,VA,354,0.069,705,0.033
F,2023,Xiomara,11,VA,665,0.033,1292,0.016
F,2023,Xyla,11,VA,665,0.033,1292,0.016
F,2023,Xena,8,VA,835,0.024,1610,0.011
F,2023,Xolani,5,VA,1171,0.015,2238,0.007
F,2024,Ximena,20,VA,400,0.059,792,0.028
F,2024,Xiomara,14,VA,543,0.041,1064,0.02
F,2024,Xena,7,VA,945,0.021,1758,0.01
F,2024,Xyla,7,VA,945,0.021,1758,0.01
F,2024,Xolani,6,VA,1048,0.018,1978,0.008
M,1964,Xavier,5,VA,489,0.012,1107,0.006
M,1967,Xavier,5,VA,467,0.014,1044,0.007
M,1969,Xavier,5,VA,464,0.014,1057,0.007
M,1972,Xavier,10,VA,323,0.03,705,0.016
M,1974,Xavier,7,VA,381,0.022,839,0.012
M,1975,Xavier,5,VA,466,0.016,1039,0.009
M,1977,Xavier,8,VA,375,0.025,831,0.013
M,1978,Xavier,6,VA,426,0.019,966,0.01
M,1979,Xavier,7,VA,416,0.021,927,0.011
M,1981,Xavier,5,VA,483,0.014,1126,0.008
M,1982,Xavier,9,VA,352,0.026,771,0.014
M,1984,Xavier,9,VA,349,0.025,781,0.013
M,1985,Xavier,5,VA,518,0.013,1198,0.007
M,1986,Xavier,18,VA,255,0.048,554,0.025
M,1987,Xavier,15,VA,294,0.038,628,0.02
M,1988,Xavier,26,VA,214,0.065,434,0.034
M,1989,Xavier,27,VA,216,0.064,433,0.034
M,1990,Xavier,53,VA,129,0.122,261,0.065
M,1991,Xavier,51,VA,130,0.121,275,0.065
M,1992,Xavier,53,VA,125,0.126,266,0.067
M,1993,Xavier,68,VA,103,0.166,214,0.089
M,1994,Xavier,69,VA,108,0.168,220,0.09
M,1995,Xavier,66,VA,112,0.166,229,0.089
M,1996,Xavier,60,VA,120,0.154,243,0.082
M,1997,Xavier,65,VA,113,0.168,221,0.09
M,1998,Xavier,72,VA,107,0.181,208,0.098
M,1999,Xavier,91,VA,95,0.228,175,0.123
M,1999,Xzavier,7,VA,600,0.018,1305,0.009
M,2000,Xavier,101,VA,84,0.246,160,0.132
M,2000,Xzavier,7,VA,638,0.017,1355,0.009
M,2001,Xavier,107,VA,84,0.262,151,0.141
M,2001,Xzavier,7,VA,634,0.017,1384,0.009
M,2001,Xander,6,VA,708,0.015,1550,0.008
M,2002,Xavier,128,VA,70,0.316,127,0.168
M,2002,Xzavier,9,VA,551,0.022,1185,0.012
M,2002,Xander,6,VA,711,0.015,1572,0.008
M,2002,Xavion,6,VA,711,0.015,1572,0.008
M,2003,Xavier,139,VA,67,0.335,118,0.179
M,2003,Xander,29,VA,240,0.07,500,0.037
M,2003,Xzavier,7,VA,662,0.017,1453,0.009
M,2004,Xavier,150,VA,66,0.352,111,0.188
M,2004,Xander,20,VA,327,0.047,704,0.025
M,2004,Xavion,14,VA,427,0.033,912,0.018
M,2004,Xzavier,9,VA,596,0.021,1274,0.011
M,2005,Xavier,132,VA,76,0.307,131,0.165
M,2005,Xander,20,VA,332,0.046,718,0.025
M,2005,Xzavier,14,VA,443,0.033,922,0.017
M,2005,Xavion,11,VA,528,0.026,1099,0.014
M,2005,Xzavion,5,VA,881,0.012,1967,0.006
M,2006,Xavier,172,VA,63,0.391,97,0.21
M,2006,Xander,26,VA,290,0.059,604,0.032
M,2006,Xzavier,11,VA,547,0.025,1162,0.013
M,2006,Xavion,9,VA,627,0.02,1349,0.011
M,2007,Xavier,179,VA,62,0.404,94,0.216
M,2007,Xander,18,VA,380,0.041,816,0.022
M,2007,Xzavier,10,VA,597,0.023,1297,0.012
M,2007,Xavion,9,VA,636,0.02,1383,0.011
M,2007,Xzavion,5,VA,950,0.011,2137,0.006
M,2008,Xavier,138,VA,72,0.321,122,0.171
M,2008,Xander,29,VA,262,0.067,546,0.036
M,2008,Xzavier,9,VA,641,0.021,1404,0.011
M,2008,Xavion,7,VA,752,0.016,1672,0.009
M,2008,Xzavion,5,VA,940,0.012,2127,0.006
M,2009,Xavier,145,VA,69,0.344,116,0.184
M,2009,Xander,32,VA,245,0.076,501,0.041
M,2009,Xzavier,11,VA,554,0.026,1205,0.014
M,2009,Xavion,9,VA,631,0.021,1373,0.011
M,2009,Xzavion,5,VA,969,0.012,2124,0.006
M,2010,Xavier,142,VA,72,0.342,115,0.184
M,2010,Xander,31,VA,248,0.075,506,0.04
M,2010,Xavi,10,VA,572,0.024,1238,0.013
M,2010,Xzavier,9,VA,620,0.022,1338,0.012
M,2011,Xavier,141,VA,75,0.341,121,0.182
M,2011,Xander,34,VA,233,0.082,467,0.044
M,2011,Xzavier,12,VA,514,0.029,1107,0.016
M,2011,Xavi,9,VA,611,0.022,1379,0.012
M,2012,Xavier,145,VA,73,0.347,115,0.185
M,2012,Xander,36,VA,238,0.086,467,0.046
M,2012,Xzavier,12,VA,520,0.029,1120,0.015
M,2012,Xavion,6,VA,846,0.014,1860,0.008
M,2013,Xavier,115,VA,90,0.276,158,0.147
M,2013,Xander,31,VA,268,0.074,527,0.04
M,2013,Xavi,7,VA,765,0.017,1654,0.009
M,2013,Xavion,6,VA,835,0.014,1833,0.008
M,2013,Xzavier,5,VA,946,0.012,2090,0.006
M,2014,Xavier,117,VA,87,0.277,150,0.147
M,2014,Xander,39,VA,231,0.092,444,0.049
M,2014,Xzavier,8,VA,701,0.019,1518,0.01
M,2014,Xavion,5,VA,994,0.012,2157,0.006
M,2015,Xavier,108,VA,95,0.255,165,0.135
M,2015,Xander,31,VA,285,0.073,551,0.039
M,2015,Xzavier,7,VA,789,0.017,1736,0.009
M,2016,Xavier,92,VA,113,0.221,200,0.117
M,2016,Xander,33,VA,270,0.079,530,0.042
M,2016,Xavion,5,VA,969,0.012,2168,0.006
M,2017,Xavier,109,VA,93,0.268,158,0.142
M,2017,Xander,34,VA,260,0.083,501,0.044
M,2018,Xavier,103,VA,98,0.253,161,0.134
M,2018,Xander,43,VA,212,0.106,402,0.056
M,2019,Xavier,93,VA,109,0.236,186,0.124
M,2019,Xander,50,VA,189,0.127,344,0.067
M,2020,Xavier,92,VA,105,0.238,181,0.126
M,2020,Xander,38,VA,238,0.098,448,0.052
M,2020,Xzavier,5,VA,1023,0.013,2183,0.007
M,2021,Xavier,77,VA,126,0.197,219,0.105
M,2021,Xander,34,VA,262,0.087,490,0.046
M,2021,Xzavier,5,VA,1048,0.013,2223,0.007
M,2022,Xavier,65,VA,143,0.169,258,0.089
M,2022,Xander,38,VA,231,0.099,442,0.052
M,2022,Xion,7,VA,854,0.018,1794,0.01
M,2022,Xzavier,7,VA,854,0.018,1794,0.01
M,2023,Xavier,69,VA,129,0.185,225,0.098
M,2023,Xander,42,VA,209,0.113,392,0.06
M,2024,Xavier,71,VA,128,0.189,221,0.1
M,2024,Xander,37,VA,242,0.099,468,0.052
M,2024,Xyaire,5,VA,1042,0.013,2256,0.007
F,2013,Ximena,7,MS,413,0.064,813,0.029
F,2016,Ximena,7,MS,425,0.063,822,0.029
F,2019,Ximena,5,MS,566,0.048,1103,0.021
F,2021,Ximena,5,MS,541,0.051,1080,0.023
F,2024,Ximena,6,MS,437,0.068,895,0.03
F,2024,Xyla,5,MS,507,0.056,1026,0.025
M,1968,Xavier,8,MS,314,0.04,668,0.021
M,1971,Xavier,7,MS,341,0.033,758,0.018
M,1972,Xavier,13,MS,246,0.065,499,0.035
M,1973,Xavier,10,MS,281,0.053,576,0.028
M,1974,Xavier,5,MS,392,0.027,877,0.014
M,1975,Xavier,8,MS,311,0.044,664,0.024
M,1976,Xavier,8,MS,317,0.044,662,0.024
M,1977,Xavier,8,MS,322,0.042,691,0.023
M,1979,Xavier,8,MS,313,0.042,673,0.023
M,1980,Xavier,7,MS,353,0.035,756,0.019
M,1981,Xavier,10,MS,275,0.052,564,0.029
M,1982,Xavier,14,MS,223,0.073,457,0.04
M,1983,Xavier,9,MS,277,0.05,593,0.027
M,1984,Xavier,13,MS,229,0.073,453,0.04
M,1985,Xavier,23,MS,152,0.132,288,0.072
M,1986,Xavier,16,MS,187,0.094,363,0.052
M,1987,Xavier,23,MS,139,0.141,252,0.078
M,1988,Xavier,26,MS,134,0.159,239,0.087
M,1989,Xavier,36,MS,99,0.21,170,0.117
M,1990,Xavier,27,MS,133,0.157,239,0.087
M,1991,Xavier,57,MS,62,0.34,113,0.189
M,1992,Xavier,47,MS,77,0.287,136,0.161
M,1993,Xavier,57,MS,62,0.36,108,0.202
M,1994,Xavier,59,MS,61,0.377,109,0.212
M,1995,Xavier,47,MS,68,0.312,124,0.173
M,1996,Xavier,60,MS,55,0.396,94,0.224
M,1996,Xzavier,6,MS,415,0.04,793,0.022
M,1997,Xavier,40,MS,78,0.267,143,0.151
M,1997,Xzavier,5,MS,457,0.033,888,0.019
M,1998,Xavier,52,MS,60,0.339,107,0.189
M,1999,Xavier,58,MS,55,0.381,93,0.215
M,1999,Xzavier,7,MS,373,0.046,733,0.026
M,2000,Xavier,71,MS,46,0.456,79,0.257
M,2001,Xavier,48,MS,70,0.327,122,0.183
M,2001,Xzavier,6,MS,432,0.041,863,0.023
M,2002,Xavier,65,MS,46,0.446,77,0.251
M,2003,Xavier,55,MS,60,0.367,98,0.207
M,2003,Xander,10,MS,294,0.067,570,0.038
M,2003,Xavian,5,MS,521,0.033,1029,0.019
M,2004,Xavier,49,MS,72,0.328,115,0.184
M,2005,Xavier,40,MS,90,0.271,150,0.152
M,2005,Xander,8,MS,347,0.054,695,0.03
M,2005,Xzavier,5,MS,515,0.034,1032,0.019
M,2006,Xavier,52,MS,70,0.324,113,0.182
M,2006,Xander,11,MS,315,0.069,608,0.039
M,2006,Xzavier,8,MS,407,0.05,799,0.028
M,2007,Xavier,43,MS,85,0.261,146,0.147
M,2007,Xander,9,MS,366,0.055,717,0.031
M,2007,Xzavier,6,MS,509,0.036,1028,0.021
M,2007,Xzavion,6,MS,509,0.036,1028,0.021
M,2008,Xavier,41,MS,90,0.261,155,0.145
M,2008,Xzavier,6,MS,499,0.038,986,0.021
M,2008,Xzavion,6,MS,499,0.038,986,0.021
M,2009,Xavier,47,MS,83,0.315,128,0.176
M,2009,Xander,8,MS,367,0.054,737,0.03
M,2009,Xavion,7,MS,424,0.047,848,0.026
M,2010,Xavier,26,MS,127,0.188,223,0.105
M,2010,Xzavier,7,MS,399,0.051,811,0.028
M,2011,Xavier,25,MS,136,0.18,241,0.1
M,2011,Xander,7,MS,404,0.05,821,0.028
M,2012,Xavier,38,MS,94,0.283,159,0.158
M,2012,Xander,8,MS,340,0.059,679,0.033
M,2013,Xavier,24,MS,134,0.178,247,0.098
M,2013,Xander,10,MS,292,0.074,584,0.041
M,2014,Xavier,26,MS,142,0.189,247,0.104
M,2014,Xander,6,MS,463,0.044,920,0.024
M,2015,Xavier,23,MS,157,0.166,274,0.092
M,2015,Xander,8,MS,371,0.058,733,0.032
M,2015,Xzavier,6,MS,471,0.043,955,0.024
M,2016,Xavier,20,MS,172,0.149,310,0.082
M,2016,Xander,7,MS,398,0.052,822,0.029
M,2017,Xavier,26,MS,137,0.195,233,0.107
M,2017,Xander,12,MS,267,0.09,513,0.049
M,2018,Xavier,24,MS,143,0.185,249,0.101
M,2018,Xander,14,MS,243,0.108,455,0.059
M,2018,Xzavier,7,MS,398,0.054,826,0.03
M,2019,Xavier,20,MS,181,0.156,316,0.086
M,2019,Xander,12,MS,271,0.094,512,0.051
M,2020,Xavier,34,MS,98,0.281,162,0.153
M,2020,Xander,16,MS,206,0.132,381,0.072
M,2021,Xavier,17,MS,191,0.142,341,0.078
M,2021,Xander,10,MS,315,0.083,618,0.046
M,2022,Xavier,28,MS,116,0.243,189,0.132
M,2022,Xander,14,MS,231,0.121,444,0.066
M,2023,Xavier,12,MS,251,0.105,485,0.057
M,2023,Xander,6,MS,466,0.052,916,0.029
M,2023,Xzavier,5,MS,533,0.044,1070,0.024
M,2024,Xavier,20,MS,160,0.183,274,0.101
M,2024,Xander,12,MS,249,0.11,467,0.061
F,1994,Xiomara,5,DC,260,0.108,541,0.046
M,1967,Xavier,7,DC,236,0.057,510,0.031
M,1972,Xavier,5,DC,259,0.054,566,0.03
M,1974,Xavier,5,DC,243,0.063,517,0.036
M,1980,Xavier,6,DC,227,0.076,451,0.044
M,1984,Xavier,6,DC,226,0.079,445,0.045
M,1986,Xavier,5,DC,255,0.067,514,0.038
M,1988,Xavier,10,DC,170,0.12,313,0.069
M,1989,Xavier,13,DC,240,0.099,270,0.089
M,1990,Xavier,11,DC,185,0.118,297,0.079
M,1991,Xavier,17,DC,111,0.215,196,0.124
M,1992,Xavier,18,DC,97,0.24,178,0.141
M,1993,Xavier,26,DC,64,0.379,117,0.218
M,1994,Xavier,9,DC,172,0.143,315,0.082
M,1995,Xavier,13,DC,105,0.235,190,0.136
M,1996,Xavier,14,DC,91,0.28,168,0.163
M,1997,Xavier,11,DC,118,0.221,212,0.13
M,1998,Xavier,14,DC,91,0.284,159,0.166
M,1999,Xavier,29,DC,43,0.618,69,0.357
M,2000,Xavier,20,DC,61,0.411,99,0.238
M,2001,Xavier,22,DC,57,0.476,94,0.267
M,2002,Xavier,30,DC,42,0.638,66,0.366
M,2003,Xavier,19,DC,75,0.409,125,0.237
M,2004,Xavier,24,DC,56,0.519,91,0.295
M,2005,Xavier,13,DC,105,0.296,176,0.173
M,2006,Xavier,36,DC,28,0.771,35,0.452
M,2007,Xavier,27,DC,42,0.592,60,0.343
M,2008,Xavier,31,DC,36,0.732,48,0.417
M,2009,Xavier,29,DC,37,0.683,49,0.4
M,2010,Xavier,25,DC,45,0.641,64,0.364
M,2011,Xavier,28,DC,41,0.692,53,0.401
M,2012,Xavier,19,DC,68,0.46,109,0.259
M,2013,Xavier,25,DC,43,0.582,62,0.328
M,2014,Xavier,13,DC,97,0.309,171,0.17
M,2015,Xavier,21,DC,59,0.48,90,0.265
M,2016,Xavier,20,DC,66,0.447,99,0.249
M,2017,Xavier,23,DC,53,0.531,81,0.295
M,2018,Xavier,15,DC,78,0.38,131,0.215
M,2019,Xavier,10,DC,111,0.267,199,0.144
M,2020,Xavier,8,DC,138,0.229,247,0.125
M,2021,Xavier,14,DC,65,0.417,116,0.229
M,2022,Xavier,13,DC,76,0.421,129,0.233
M,2022,Xander,5,DC,204,0.162,375,0.09
M,2023,Xavier,14,DC,57,0.471,103,0.267
M,2024,Xavier,6,DC,152,0.215,297,0.119
F,2010,Ximena,5,LA,797,0.025,1561,0.011
F,2013,Ximena,6,LA,716,0.03,1418,0.013
F,2015,Ximena,14,LA,368,0.066,754,0.03
F,2016,Ximena,13,LA,401,0.062,802,0.029
F,2017,Ximena,8,LA,587,0.04,1155,0.018
F,2018,Ximena,7,LA,648,0.036,1267,0.017
F,2019,Ximena,11,LA,452,0.058,907,0.026
F,2020,Ximena,7,LA,632,0.038,1261,0.017
F,2021,Xyla,5,LA,844,0.027,1646,0.012
F,2022,Ximena,9,LA,516,0.05,1055,0.023
F,2022,Xolani,5,LA,844,0.028,1657,0.013
F,2022,Xyla,5,LA,844,0.028,1657,0.013
F,2024,Ximena,9,LA,499,0.053,1000,0.025
F,2024,Xyla,7,LA,608,0.041,1214,0.019
M,1954,Xavier,5,LA,540,0.012,1167,0.006
M,1972,Xavier,6,LA,505,0.019,1098,0.01
M,1974,Xavier,5,LA,557,0.017,1216,0.009
M,1975,Xavier,8,LA,437,0.027,952,0.014
M,1977,Xavier,7,LA,511,0.021,1108,0.011
M,1978,Xavier,10,LA,417,0.03,859,0.017
M,1979,Xavier,5,LA,627,0.014,1421,0.008
M,1980,Xavier,9,LA,453,0.025,971,0.013
M,1982,Xavier,6,LA,585,0.016,1267,0.009
M,1983,Xavier,7,LA,531,0.019,1108,0.01
M,1984,Xavier,11,LA,398,0.031,827,0.017
M,1985,Xavier,14,LA,349,0.039,705,0.021
M,1986,Xavier,19,LA,289,0.056,555,0.031
M,1987,Xavier,19,LA,276,0.059,527,0.032
M,1988,Xavier,29,LA,208,0.092,377,0.05
M,1989,Xavier,24,LA,243,0.075,436,0.042
M,1990,Xavier,33,LA,198,0.106,338,0.058
M,1991,Xavier,32,LA,194,0.103,345,0.057
M,1992,Xavier,47,LA,133,0.154,237,0.087
M,1993,Xavier,44,LA,137,0.15,241,0.084
M,1994,Xavier,36,LA,159,0.128,290,0.071
M,1995,Xavier,38,LA,146,0.14,271,0.077
M,1996,Xavier,48,LA,117,0.18,216,0.1
M,1997,Xavier,50,LA,122,0.186,218,0.103
M,1997,Xzavier,6,LA,615,0.022,1192,0.012
M,1998,Xavier,53,LA,112,0.195,205,0.108
M,1998,Xzavier,5,LA,702,0.018,1397,0.01
M,1999,Xavier,49,LA,123,0.179,222,0.099
M,1999,Xzavier,5,LA,712,0.018,1428,0.01
M,2000,Xavier,68,LA,96,0.25,163,0.138
M,2000,Xzavier,8,LA,533,0.029,1041,0.016
M,2001,Xavier,46,LA,129,0.177,226,0.098
M,2002,Xavier,68,LA,88,0.264,154,0.147
M,2003,Xavier,60,LA,100,0.233,177,0.129
M,2003,Xander,18,LA,280,0.07,526,0.039
M,2003,Xzavier,5,LA,742,0.019,1475,0.011
M,2004,Xavier,75,LA,79,0.294,139,0.162
M,2004,Xander,10,LA,456,0.039,894,0.022
M,2004,Xzavier,6,LA,648,0.024,1302,0.013
M,2005,Xavier,66,LA,88,0.274,154,0.151
M,2005,Xander,16,LA,302,0.066,576,0.037
M,2005,Xzavier,6,LA,621,0.025,1254,0.014
M,2006,Xavier,87,LA,74,0.347,119,0.193
M,2006,Xander,10,LA,456,0.04,893,0.022
M,2006,Xzavier,6,LA,654,0.024,1326,0.013
M,2007,Xavier,87,LA,73,0.336,120,0.185
M,2007,Xander,13,LA,386,0.05,750,0.028
M,2007,Xzavier,7,LA,631,0.027,1266,0.015
M,2008,Xavier,76,LA,82,0.302,130,0.168
M,2008,Xander,22,LA,238,0.087,448,0.048
M,2008,Xzavier,8,LA,572,0.032,1120,0.018
M,2009,Xavier,70,LA,88,0.28,147,0.153
M,2009,Xander,21,LA,253,0.084,488,0.046
M,2009,Xzavier,8,LA,556,0.032,1113,0.018
M,2010,Xavier,45,LA,136,0.189,229,0.103
M,2010,Xander,13,LA,360,0.055,718,0.03
M,2010,Xaiden,7,LA,613,0.029,1217,0.016
M,2010,Xavion,6,LA,684,0.025,1371,0.014
M,2011,Xavier,48,LA,119,0.202,213,0.111
M,2011,Xander,24,LA,220,0.101,408,0.055
M,2011,Xzavier,5,LA,766,0.021,1584,0.012
M,2012,Xavier,55,LA,110,0.227,188,0.125
M,2012,Xander,14,LA,364,0.058,703,0.032
M,2012,Xzavier,9,LA,513,0.037,1022,0.021
M,2013,Xavier,57,LA,111,0.231,187,0.127
M,2013,Xander,18,LA,289,0.073,567,0.04
M,2013,Xzavier,5,LA,791,0.02,1609,0.011
M,2014,Xavier,50,LA,127,0.198,223,0.108
M,2014,Xander,19,LA,296,0.075,567,0.041
M,2014,Xzavier,6,LA,703,0.024,1437,0.013
M,2015,Xavier,55,LA,114,0.216,188,0.118
M,2015,Xander,24,LA,256,0.094,481,0.051
M,2016,Xavier,55,LA,113,0.224,185,0.121
M,2016,Xander,19,LA,305,0.077,593,0.042
M,2016,Xzavier,6,LA,722,0.024,1476,0.013
M,2017,Xavier,51,LA,120,0.214,197,0.117
M,2017,Xander,33,LA,196,0.138,339,0.075
M,2018,Xavier,44,LA,136,0.193,230,0.104
M,2018,Xander,41,LA,151,0.18,252,0.097
M,2018,Xzavier,5,LA,810,0.022,1669,0.012
M,2019,Xavier,47,LA,126,0.208,212,0.113
M,2019,Xander,31,LA,189,0.137,337,0.075
M,2019,Xzavier,7,LA,642,0.031,1289,0.017
M,2020,Xavier,43,LA,133,0.2,225,0.107
M,2020,Xander,29,LA,196,0.135,353,0.072
M,2020,Xayden,6,LA,712,0.028,1438,0.015
M,2021,Xavier,40,LA,149,0.184,248,0.099
M,2021,Xander,28,LA,205,0.129,376,0.069
M,2022,Xavier,55,LA,102,0.258,162,0.14
M,2022,Xander,21,LA,252,0.099,482,0.054
M,2023,Xavier,56,LA,90,0.275,149,0.148
M,2023,Xander,18,LA,290,0.088,554,0.047
M,2024,Xavier,47,LA,101,0.241,179,0.129
M,2024,Xander,31,LA,170,0.159,302,0.085
M,1996,Xavier,5,NH,181,0.081,381,0.045
M,1997,Xavier,5,NH,180,0.084,390,0.046
M,1998,Xavier,8,NH,142,0.132,293,0.073
M,2000,Xavier,8,NH,145,0.134,294,0.076
M,2001,Xavier,5,NH,196,0.087,419,0.047
M,2002,Xavier,16,NH,96,0.279,174,0.156
M,2003,Xavier,22,NH,77,0.394,134,0.216
M,2004,Xavier,8,NH,147,0.142,307,0.078
M,2004,Xander,7,NH,168,0.124,345,0.068
M,2005,Xavier,16,NH,93,0.286,168,0.16
M,2005,Xander,9,NH,143,0.161,271,0.09
M,2006,Xavier,17,NH,92,0.311,160,0.171
M,2006,Xander,7,NH,183,0.128,349,0.07
M,2007,Xavier,15,NH,97,0.274,174,0.153
M,2008,Xavier,14,NH,105,0.265,184,0.147
M,2009,Xavier,20,NH,79,0.392,128,0.221
M,2010,Xavier,13,NH,112,0.259,196,0.146
M,2010,Xander,5,NH,222,0.1,445,0.056
M,2011,Xavier,18,NH,82,0.367,135,0.203
M,2011,Xander,10,NH,134,0.204,250,0.113
M,2012,Xavier,14,NH,105,0.296,183,0.166
M,2013,Xavier,21,NH,80,0.431,116,0.244
M,2013,Xander,8,NH,162,0.164,305,0.093
M,2014,Xavier,24,NH,65,0.523,102,0.287
M,2015,Xavier,11,NH,120,0.24,221,0.132
M,2015,Xander,8,NH,155,0.174,301,0.096
M,2016,Xavier,11,NH,125,0.238,222,0.134
M,2016,Xander,10,NH,139,0.216,247,0.122
M,2017,Xander,16,NH,93,0.373,160,0.205
M,2017,Xavier,8,NH,155,0.186,283,0.103
M,2018,Xavier,6,NH,185,0.141,362,0.077
M,2018,Xander,5,NH,213,0.118,425,0.064
M,2019,Xander,9,NH,148,0.209,271,0.115
M,2019,Xavier,9,NH,148,0.209,271,0.115
M,2020,Xavier,15,NH,93,0.346,165,0.193
M,2020,Xander,8,NH,159,0.185,293,0.103
M,2021,Xavier,12,NH,123,0.258,220,0.144
M,2021,Xander,8,NH,174,0.172,321,0.096
M,2022,Xander,9,NH,152,0.206,283,0.114
M,2022,Xavier,7,NH,188,0.16,350,0.088
M,2023,Xavier,7,NH,175,0.162,355,0.087
M,2023,Xander,5,NH,228,0.116,457,0.062
M,2024,Xander,8,NH,158,0.185,314,0.1
M,2024,Xavier,5,NH,240,0.115,460,0.062
F,2004,Ximena,11,OR,344,0.069,679,0.031
F,2005,Ximena,5,OR,625,0.031,1165,0.014
F,2005,Xiomara,5,OR,625,0.031,1165,0.014
F,2006,Ximena,6,OR,583,0.036,1108,0.016
F,2007,Ximena,11,OR,362,0.066,716,0.03
F,2008,Ximena,10,OR,402,0.06,783,0.027
F,2009,Ximena,8,OR,467,0.051,900,0.023
F,2009,Xochitl,6,OR,583,0.038,1111,0.017
F,2010,Ximena,12,OR,328,0.08,668,0.036
F,2011,Ximena,13,OR,289,0.088,601,0.039
F,2011,Xiomara,6,OR,565,0.04,1098,0.018
F,2012,Ximena,19,OR,201,0.128,441,0.058
F,2013,Ximena,26,OR,143,0.173,330,0.079
F,2014,Ximena,22,OR,177,0.142,393,0.065
F,2015,Ximena,24,OR,154,0.158,355,0.072
F,2016,Ximena,38,OR,88,0.25,215,0.113
F,2016,Xiomara,8,OR,436,0.053,891,0.024
F,2017,Ximena,33,OR,102,0.228,247,0.104
F,2018,Ximena,37,OR,84,0.264,208,0.121
F,2018,Xiomara,7,OR,479,0.05,960,0.023
F,2019,Ximena,29,OR,117,0.209,270,0.096
F,2019,Xiomara,10,OR,374,0.072,747,0.033
F,2020,Ximena,18,OR,191,0.138,427,0.063
F,2021,Ximena,30,OR,104,0.218,248,0.101
F,2021,Xiomara,12,OR,295,0.087,623,0.041
F,2022,Ximena,25,OR,136,0.195,299,0.089
F,2022,Xiomara,7,OR,463,0.055,938,0.025
F,2023,Ximena,24,OR,143,0.195,311,0.089
F,2023,Xiomara,8,OR,409,0.065,844,0.03
F,2024,Ximena,22,OR,157,0.168,332,0.079
F,2024,Xiomara,10,OR,362,0.077,730,0.036
F,2024,Xochitl,7,OR,494,0.054,978,0.025
F,2024,Xena,5,OR,647,0.038,1251,0.018
M,1988,Xavier,5,OR,363,0.027,848,0.015
M,1989,Xavier,8,OR,290,0.041,639,0.023
M,1990,Xavier,10,OR,262,0.049,555,0.027
M,1991,Xavier,10,OR,268,0.051,564,0.027
M,1992,Xavier,13,OR,237,0.067,469,0.036
M,1993,Xavier,14,OR,223,0.073,454,0.04
M,1994,Xavier,10,OR,280,0.052,594,0.028
M,1995,Xavier,16,OR,228,0.083,445,0.045
M,1996,Xavier,9,OR,324,0.046,678,0.025
M,1997,Xavier,9,OR,328,0.047,683,0.025
M,1998,Xavier,17,OR,238,0.085,471,0.047
M,1999,Xavier,22,OR,204,0.111,381,0.061
M,1999,Xander,7,OR,399,0.035,876,0.019
M,2000,Xavier,29,OR,166,0.147,302,0.08
M,2001,Xavier,18,OR,242,0.093,462,0.051
M,2001,Xander,5,OR,497,0.026,1102,0.014
M,2002,Xavier,31,OR,160,0.161,290,0.088
M,2002,Xander,11,OR,322,0.057,651,0.031
M,2003,Xavier,32,OR,161,0.163,285,0.089
M,2003,Xander,24,OR,194,0.122,367,0.067
M,2004,Xavier,25,OR,189,0.129,346,0.071
M,2004,Xander,24,OR,191,0.124,355,0.068
M,2005,Xavier,25,OR,186,0.129,343,0.071
M,2005,Xander,16,OR,264,0.082,511,0.045
M,2006,Xavier,39,OR,139,0.192,238,0.106
M,2006,Xander,20,OR,243,0.098,451,0.054
M,2007,Xavier,33,OR,160,0.161,282,0.089
M,2007,Xander,27,OR,194,0.132,347,0.073
M,2008,Xavier,41,OR,124,0.204,218,0.112
M,2008,Xander,24,OR,214,0.119,391,0.065
M,2009,Xavier,42,OR,123,0.217,208,0.12
M,2009,Xander,30,OR,173,0.155,297,0.086
M,2009,Xavi,5,OR,588,0.026,1248,0.014
M,2010,Xavier,39,OR,128,0.213,218,0.117
M,2010,Xander,28,OR,175,0.153,307,0.084
M,2011,Xavier,44,OR,113,0.242,176,0.133
M,2011,Xander,25,OR,191,0.138,337,0.076
M,2011,Xavi,8,OR,422,0.044,876,0.024
M,2012,Xavier,47,OR,103,0.26,161,0.143
M,2012,Xander,29,OR,170,0.16,298,0.088
M,2013,Xavier,55,OR,92,0.306,144,0.167
M,2013,Xander,32,OR,161,0.178,276,0.097
M,2013,Xzavier,5,OR,587,0.028,1244,0.015
M,2014,Xavier,43,OR,121,0.234,198,0.127
M,2014,Xander,19,OR,245,0.104,447,0.056
M,2014,Xzavier,5,OR,616,0.027,1313,0.015
M,2015,Xavier,48,OR,100,0.265,164,0.144
M,2015,Xander,31,OR,160,0.171,276,0.093
M,2015,Xavi,6,OR,548,0.033,1132,0.018
M,2016,Xavier,57,OR,82,0.31,135,0.17
M,2016,Xander,26,OR,186,0.142,332,0.077
M,2017,Xavier,52,OR,89,0.299,144,0.163
M,2017,Xander,31,OR,153,0.178,267,0.097
M,2018,Xavier,41,OR,110,0.247,183,0.134
M,2018,Xander,38,OR,122,0.229,203,0.124
M,2019,Xavier,42,OR,110,0.255,182,0.139
M,2019,Xander,23,OR,195,0.14,349,0.076
M,2020,Xavier,34,OR,130,0.22,215,0.119
M,2020,Xander,21,OR,208,0.136,369,0.074
M,2021,Xavier,45,OR,94,0.283,160,0.152
M,2021,Xander,26,OR,168,0.164,307,0.088
M,2022,Xavier,39,OR,103,0.255,178,0.139
M,2022,Xander,30,OR,135,0.196,242,0.107
M,2023,Xavier,36,OR,110,0.244,186,0.133
M,2023,Xander,24,OR,169,0.162,311,0.089
M,2024,Xavier,31,OR,128,0.209,225,0.111
M,2024,Xander,18,OR,220,0.122,423,0.065
F,1980,Xiomara,5,FL,1049,0.01,1794,0.004
F,1982,Xiomara,6,FL,966,0.011,1677,0.005
F,1983,Xiomara,5,FL,1091,0.008,1920,0.004
F,1984,Xiomara,8,FL,809,0.013,1428,0.006
F,1985,Xiomara,6,FL,1060,0.009,1833,0.004
F,1986,Xiomara,9,FL,807,0.014,1433,0.006
F,1987,Xiomara,5,FL,1244,0.007,2166,0.003
F,1988,Xiomara,5,FL,1304,0.007,2250,0.003
F,1989,Xiomara,5,FL,1365,0.006,2364,0.003
F,1991,Xiomara,8,FL,1036,0.01,1828,0.005
F,1992,Xiomara,5,FL,1443,0.007,2496,0.003
F,1993,Xiomara,8,FL,1018,0.011,1837,0.005
F,1994,Xiomara,9,FL,956,0.012,1741,0.006
F,1995,Xiomara,10,FL,870,0.014,1603,0.006
F,1995,Xena,9,FL,928,0.012,1703,0.006
F,1995,Xenia,5,FL,1448,0.007,2548,0.003
F,1996,Xena,12,FL,791,0.016,1469,0.008
F,1996,Xiomara,11,FL,846,0.015,1562,0.007
F,1996,Xenia,6,FL,1304,0.008,2337,0.004
F,1996,Xochitl,6,FL,1304,0.008,2337,0.004
F,1997,Xena,15,FL,674,0.02,1276,0.009
F,1997,Xenia,6,FL,1314,0.008,2370,0.004
F,1997,Xiomara,6,FL,1314,0.008,2370,0.004
F,1998,Xena,9,FL,1035,0.012,1890,0.006
F,1998,Xiomara,6,FL,1342,0.008,2425,0.004
F,1999,Xiomara,13,FL,800,0.017,1497,0.008
F,1999,Xena,8,FL,1168,0.011,2093,0.005
F,2000,Xiomara,13,FL,830,0.017,1535,0.008
F,2000,Xena,5,FL,1686,0.006,2963,0.003
F,2001,Ximena,10,FL,1045,0.013,1898,0.006
F,2001,Xiomara,10,FL,1045,0.013,1898,0.006
F,2002,Xiomara,19,FL,651,0.025,1219,0.011
F,2002,Ximena,15,FL,771,0.019,1443,0.009
F,2003,Xiomara,17,FL,740,0.021,1387,0.01
F,2003,Ximena,11,FL,1021,0.014,1859,0.006
F,2003,Xaria,5,FL,1806,0.006,3220,0.003
F,2003,Xochitl,5,FL,1806,0.006,3220,0.003
F,2004,Ximena,21,FL,651,0.026,1231,0.012
F,2004,Xiomara,14,FL,877,0.017,1612,0.008
F,2004,Xitlali,6,FL,1642,0.007,2929,0.003
F,2004,Xaria,5,FL,1879,0.006,3331,0.003
F,2005,Xiomara,30,FL,524,0.035,997,0.016
F,2005,Ximena,17,FL,775,0.02,1455,0.009
F,2005,Xaria,6,FL,1721,0.007,3073,0.003
F,2005,Xenia,5,FL,1967,0.006,3499,0.003
F,2005,Xitlaly,5,FL,1967,0.006,3499,0.003
F,2006,Xiomara,26,FL,614,0.029,1161,0.014
F,2006,Ximena,20,FL,747,0.022,1405,0.01
F,2006,Xochilt,5,FL,2023,0.006,3639,0.003
F,2007,Xiomara,22,FL,693,0.025,1305,0.011
F,2007,Ximena,15,FL,950,0.017,1739,0.008
F,2007,Xochitl,6,FL,1870,0.007,3329,0.003
F,2008,Ximena,20,FL,759,0.023,1422,0.011
F,2008,Xiomara,17,FL,852,0.02,1596,0.009
F,2008,Xaria,5,FL,2056,0.006,3649,0.003
F,2009,Ximena,23,FL,656,0.028,1249,0.013
F,2009,Xiomara,14,FL,969,0.017,1811,0.008
F,2009,Xena,5,FL,2019,0.006,3652,0.003
F,2010,Ximena,24,FL,594,0.03,1151,0.014
F,2010,Xiomara,15,FL,900,0.019,1693,0.009
F,2011,Ximena,28,FL,536,0.035,1041,0.016
F,2011,Xiomara,11,FL,1138,0.014,2098,0.006
F,2011,Xaria,6,FL,1757,0.008,3169,0.003
F,2011,Xolani,5,FL,2003,0.006,3598,0.003
F,2012,Ximena,22,FL,663,0.028,1268,0.013
F,2012,Xiomara,9,FL,1296,0.011,2383,0.005
F,2012,Xyla,5,FL,1987,0.006,3572,0.003
F,2013,Ximena,31,FL,497,0.038,966,0.018
F,2013,Xiomara,5,FL,1994,0.006,3607,0.003
F,2014,Ximena,45,FL,383,0.054,749,0.025
F,2014,Xiomara,9,FL,1322,0.011,2466,0.005
F,2014,Xena,5,FL,2002,0.006,3646,0.003
F,2015,Ximena,43,FL,401,0.05,806,0.023
F,2015,Xiomara,9,FL,1355,0.01,2535,0.005
F,2015,Xena,5,FL,2073,0.006,3756,0.003
F,2015,Xenia,5,FL,2073,0.006,3756,0.003
F,2016,Ximena,52,FL,346,0.06,701,0.028
F,2016,Xiomara,14,FL,1007,0.016,1873,0.008
F,2016,Xyla,8,FL,1498,0.009,2731,0.004
F,2016,Xena,7,FL,1630,0.008,2977,0.004
F,2016,Xochitl,5,FL,2070,0.006,3754,0.003
F,2017,Ximena,62,FL,295,0.072,600,0.034
F,2017,Xiomara,15,FL,956,0.017,1783,0.008
F,2017,Xena,11,FL,1198,0.013,2229,0.006
F,2017,Xaria,7,FL,1639,0.008,3000,0.004
F,2017,Xyla,6,FL,1829,0.007,3319,0.003
F,2018,Ximena,66,FL,274,0.078,570,0.036
F,2018,Xiomara,14,FL,995,0.016,1879,0.008
F,2018,Xena,6,FL,1769,0.007,3280,0.003
F,2019,Ximena,57,FL,338,0.067,665,0.032
F,2019,Xiomara,17,FL,872,0.02,1657,0.009
F,2019,Xena,10,FL,1285,0.012,2407,0.006
F,2019,Xia,5,FL,2062,0.006,3811,0.003
F,2020,Ximena,56,FL,321,0.07,641,0.033
F,2020,Xiomara,19,FL,784,0.024,1495,0.011
F,2020,Xyla,10,FL,1268,0.012,2371,0.006
F,2020,Xena,9,FL,1352,0.011,2525,0.005
F,2020,Xolani,7,FL,1580,0.009,2950,0.004
F,2020,Xareni,6,FL,1747,0.007,3256,0.004
F,2021,Ximena,58,FL,318,0.069,649,0.033
F,2021,Xiomara,24,FL,683,0.029,1311,0.014
F,2021,Xyla,17,FL,877,0.02,1679,0.01
F,2021,Xena,14,FL,1026,0.017,1945,0.008
F,2021,Xolani,10,FL,1266,0.012,2400,0.006
F,2021,Xuri,6,FL,1849,0.007,3428,0.003
F,2022,Ximena,60,FL,316,0.07,637,0.033
F,2022,Xiomara,25,FL,688,0.029,1300,0.014
F,2022,Xyla,24,FL,706,0.028,1342,0.013
F,2022,Xena,13,FL,1115,0.015,2112,0.007
F,2022,Xolani,8,FL,1539,0.009,2884,0.004
F,2022,Xia,5,FL,2117,0.006,3935,0.003
F,2022,Xuri,5,FL,2117,0.006,3935,0.003
F,2023,Ximena,40,FL,458,0.047,908,0.022
F,2023,Xiomara,36,FL,496,0.042,980,0.02
F,2023,Xena,21,FL,754,0.025,1467,0.012
F,2023,Xolani,12,FL,1157,0.014,2208,0.007
F,2023,Xyla,11,FL,1227,0.013,2334,0.006
F,2023,Xara,6,FL,1889,0.007,3499,0.003
F,2023,Xylah,6,FL,1889,0.007,3499,0.003
F,2023,Xenia,5,FL,2151,0.006,3961,0.003
F,2024,Ximena,51,FL,369,0.059,745,0.028
F,2024,Xiomara,31,FL,572,0.036,1123,0.017
F,2024,Xyla,31,FL,572,0.036,1123,0.017
F,2024,Xena,15,FL,984,0.017,1885,0.008
F,2024,Xolani,14,FL,1037,0.016,1977,0.008
F,2024,Xia,7,FL,1670,0.008,3139,0.004
M,1962,Xavier,6,FL,557,0.011,1264,0.006
M,1963,Xavier,10,FL,438,0.019,954,0.01
M,1964,Xavier,5,FL,601,0.009,1412,0.005
M,1965,Xavier,7,FL,504,0.014,1113,0.007
M,1966,Xavier,7,FL,501,0.015,1128,0.008
M,1968,Xavier,8,FL,466,0.017,1058,0.009
M,1969,Xavier,12,FL,401,0.024,884,0.013
M,1970,Xavier,6,FL,588,0.011,1369,0.006
M,1971,Xavier,22,FL,310,0.041,667,0.022
M,1972,Xavier,19,FL,321,0.038,696,0.02
M,1973,Xavier,19,FL,319,0.038,690,0.021
M,1974,Xavier,26,FL,261,0.051,566,0.028
M,1975,Xavier,21,FL,299,0.044,646,0.024
M,1976,Xavier,21,FL,280,0.045,609,0.024
M,1977,Xavier,20,FL,324,0.04,695,0.021
M,1978,Xavier,26,FL,275,0.051,560,0.027
M,1979,Xavier,23,FL,305,0.042,637,0.023
M,1980,Xavier,48,FL,201,0.08,394,0.043
M,1981,Xavier,31,FL,278,0.049,561,0.026
M,1982,Xavier,42,FL,244,0.064,478,0.034
M,1983,Xavier,50,FL,210,0.073,406,0.039
M,1984,Xavier,39,FL,250,0.055,497,0.029
M,1985,Xavier,48,FL,230,0.064,444,0.034
M,1986,Xavier,61,FL,192,0.08,371,0.043
M,1987,Xavier,80,FL,161,0.101,308,0.054
M,1988,Xavier,84,FL,168,0.099,313,0.053
M,1989,Xavier,89,FL,160,0.1,316,0.054
M,1990,Xavier,108,FL,139,0.118,269,0.063
M,1991,Xavier,99,FL,149,0.111,284,0.06
M,1991,Xzavier,6,FL,946,0.007,2204,0.004
M,1992,Xavier,140,FL,111,0.16,218,0.086
M,1993,Xavier,129,FL,122,0.147,239,0.079
M,1994,Xavier,141,FL,119,0.165,223,0.088
M,1994,Xzavier,7,FL,914,0.008,2052,0.004
M,1995,Xavier,123,FL,139,0.145,259,0.078
M,1996,Xavier,127,FL,134,0.15,249,0.081
M,1997,Xavier,131,FL,132,0.153,254,0.082
M,1997,Xzavier,6,FL,1057,0.007,2370,0.004
M,1998,Xavier,152,FL,117,0.175,227,0.094
M,1998,Xzavier,7,FL,987,0.008,2200,0.004
M,1999,Xavier,179,FL,104,0.206,188,0.111
M,1999,Xander,12,FL,737,0.014,1582,0.007
M,1999,Xzavier,9,FL,868,0.01,1926,0.006
M,2000,Xavier,176,FL,107,0.197,200,0.106
M,2000,Xander,14,FL,677,0.016,1460,0.008
M,2000,Xzavier,7,FL,1037,0.008,2361,0.004
M,2001,Xavier,212,FL,94,0.236,170,0.127
M,2001,Xander,9,FL,906,0.01,2029,0.005
M,2001,Xzavier,8,FL,977,0.009,2203,0.005
M,2001,Xavian,5,FL,1298,0.006,3040,0.003
M,2002,Xavier,284,FL,75,0.316,126,0.17
M,2002,Xander,25,FL,483,0.028,1005,0.015
M,2002,Xzavier,12,FL,772,0.013,1685,0.007
M,2002,Xavian,5,FL,1325,0.006,3051,0.003
M,2003,Xavier,276,FL,82,0.295,136,0.159
M,2003,Xander,57,FL,277,0.061,554,0.033
M,2003,Xzavier,9,FL,955,0.01,2137,0.005
M,2003,Xavian,7,FL,1140,0.007,2561,0.004
M,2004,Xavier,288,FL,82,0.301,138,0.162
M,2004,Xander,61,FL,276,0.064,545,0.034
M,2004,Xzavier,21,FL,581,0.022,1231,0.012
M,2004,Xavion,7,FL,1158,0.007,2634,0.004
M,2004,Xzavion,7,FL,1158,0.007,2634,0.004
M,2004,Xavian,5,FL,1453,0.005,3331,0.003
M,2005,Xavier,303,FL,80,0.306,131,0.164
M,2005,Xander,51,FL,321,0.052,641,0.028
M,2005,Xzavier,16,FL,706,0.016,1525,0.009
M,2005,Xavion,8,FL,1138,0.008,2532,0.004
M,2005,Xavior,5,FL,1533,0.005,3499,0.003
M,2005,Xzavion,5,FL,1533,0.005,3499,0.003
M,2006,Xavier,396,FL,63,0.383,95,0.206
M,2006,Xander,67,FL,265,0.065,519,0.035
M,2006,Xzavier,25,FL,565,0.024,1191,0.013
M,2006,Xavion,10,FL,1016,0.01,2274,0.005
M,2006,Xavian,5,FL,1617,0.005,3639,0.003
M,2007,Xavier,430,FL,57,0.413,85,0.222
M,2007,Xander,54,FL,325,0.052,641,0.028
M,2007,Xzavier,24,FL,578,0.023,1217,0.012
M,2007,Xavion,10,FL,1041,0.01,2322,0.005
M,2007,Xzavion,5,FL,1621,0.005,3730,0.003
M,2008,Xavier,386,FL,62,0.384,90,0.207
M,2008,Xander,61,FL,281,0.061,550,0.033
M,2008,Xzavier,31,FL,492,0.031,1013,0.017
M,2008,Xavion,6,FL,1431,0.006,3258,0.003
M,2009,Xavier,362,FL,59,0.38,88,0.204
M,2009,Xander,55,FL,295,0.058,591,0.031
M,2009,Xzavier,21,FL,626,0.022,1333,0.012
M,2009,Xavion,10,FL,1054,0.01,2276,0.006
M,2009,Xavi,7,FL,1302,0.007,2905,0.004
M,2009,Xzavion,6,FL,1452,0.006,3229,0.003
M,2010,Xavier,322,FL,64,0.348,97,0.187
M,2010,Xander,55,FL,290,0.059,567,0.032
M,2010,Xzavier,25,FL,545,0.027,1123,0.015
M,2010,Xavion,16,FL,758,0.017,1620,0.009
M,2010,Xavi,12,FL,935,0.013,2007,0.007
M,2010,Xzavion,6,FL,1436,0.006,3178,0.003
M,2011,Xavier,338,FL,62,0.367,89,0.197
M,2011,Xander,73,FL,248,0.079,471,0.043
M,2011,Xzavier,32,FL,446,0.035,916,0.019
M,2011,Xavi,6,FL,1413,0.007,3169,0.003
M,2011,Xavion,6,FL,1413,0.007,3169,0.003
M,2011,Xzavion,6,FL,1413,0.007,3169,0.003
M,2011,Xavian,5,FL,1596,0.005,3598,0.003
M,2012,Xavier,277,FL,73,0.301,116,0.161
M,2012,Xander,89,FL,207,0.097,391,0.052
M,2012,Xzavier,23,FL,588,0.025,1230,0.013
M,2012,Xavi,10,FL,1013,0.011,2230,0.006
M,2012,Xavion,9,FL,1088,0.01,2383,0.005
M,2012,Xzavion,5,FL,1586,0.005,3572,0.003
M,2013,Xavier,283,FL,75,0.303,117,0.162
M,2013,Xander,99,FL,198,0.106,367,0.057
M,2013,Xzavier,29,FL,497,0.031,1034,0.017
M,2013,Xavi,9,FL,1090,0.01,2384,0.005
M,2013,Xavion,7,FL,1291,0.007,2837,0.004
M,2013,Xadrian,5,FL,1614,0.005,3607,0.003
M,2013,Xayden,5,FL,1614,0.005,3607,0.003
M,2014,Xavier,275,FL,81,0.287,125,0.153
M,2014,Xander,97,FL,200,0.101,384,0.054
M,2014,Xzavier,23,FL,626,0.024,1309,0.013
M,2014,Xavian,6,FL,1476,0.006,3228,0.003
M,2014,Xion,6,FL,1476,0.006,3228,0.003
M,2014,Xavi,5,FL,1645,0.005,3646,0.003
M,2014,Xavion,5,FL,1645,0.005,3646,0.003
M,2015,Xavier,279,FL,80,0.284,127,0.151
M,2015,Xander,102,FL,206,0.104,381,0.055
M,2015,Xzavier,16,FL,801,0.016,1705,0.009
M,2015,Xaiden,7,FL,1375,0.007,3015,0.004
M,2015,Xavian,6,FL,1531,0.006,3361,0.003
M,2016,Xavier,298,FL,76,0.304,118,0.161
M,2016,Xander,133,FL,173,0.136,302,0.072
M,2016,Xzavier,12,FL,971,0.012,2079,0.007
M,2016,Xavi,7,FL,1348,0.007,2977,0.004
M,2016,Xaiden,6,FL,1485,0.006,3296,0.003
M,2016,Xavian,6,FL,1485,0.006,3296,0.003
M,2016,Xayden,6,FL,1485,0.006,3296,0.003
M,2017,Xavier,286,FL,78,0.296,120,0.157
M,2017,Xander,137,FL,163,0.142,288,0.075
M,2017,Xzavier,10,FL,1076,0.01,2357,0.005
M,2017,Xavion,7,FL,1362,0.007,3000,0.004
M,2017,Xavian,6,FL,1491,0.006,3319,0.003
M,2018,Xavier,270,FL,84,0.282,129,0.149
M,2018,Xander,154,FL,145,0.161,258,0.085
M,2018,Xzavier,12,FL,982,0.013,2076,0.007
M,2018,Xion,7,FL,1385,0.007,2974,0.004
M,2018,Xaiden,5,FL,1708,0.005,3729,0.003
M,2018,Xayden,5,FL,1708,0.005,3729,0.003
M,2019,Xavier,249,FL,88,0.263,139,0.139
M,2019,Xander,139,FL,163,0.147,279,0.078
M,2019,Xaiden,8,FL,1285,0.008,2773,0.004
M,2019,Xzavier,8,FL,1285,0.008,2773,0.004
M,2019,Xavion,7,FL,1406,0.007,3053,0.004
M,2019,Xion,6,FL,1564,0.006,3394,0.003
M,2019,Xavien,5,FL,1750,0.005,3811,0.003
M,2019,Xian,5,FL,1750,0.005,3811,0.003
M,2020,Xavier,246,FL,80,0.273,128,0.144
M,2020,Xander,131,FL,167,0.145,288,0.077
M,2020,Xzavier,14,FL,887,0.016,1881,0.008
M,2020,Xayden,10,FL,1104,0.011,2371,0.006
M,2020,Xavion,8,FL,1257,0.009,2696,0.005
M,2020,Xion,7,FL,1371,0.008,2950,0.004
M,2020,Xaiden,6,FL,1510,0.007,3256,0.004
M,2020,Xavian,5,FL,1724,0.006,3728,0.003
M,2021,Xavier,207,FL,99,0.223,164,0.117
M,2021,Xander,132,FL,164,0.142,285,0.075
M,2021,Xavien,10,FL,1135,0.011,2400,0.006
M,2021,Xaiden,9,FL,1225,0.01,2570,0.005
M,2021,Xavion,9,FL,1225,0.01,2570,0.005
M,2021,Xion,8,FL,1313,0.009,2774,0.005
M,2021,Xzavier,8,FL,1313,0.009,2774,0.005
M,2021,Xavian,6,FL,1580,0.006,3428,0.003
M,2021,Xzavion,6,FL,1580,0.006,3428,0.003
M,2022,Xavier,199,FL,108,0.209,181,0.11
M,2022,Xander,137,FL,165,0.144,287,0.076
M,2022,Xion,9,FL,1252,0.009,2676,0.005
M,2022,Xavien,8,FL,1346,0.008,2884,0.004
M,2022,Xavian,6,FL,1605,0.006,3486,0.003
M,2022,Xavion,6,FL,1605,0.006,3486,0.003
M,2022,Xzavier,6,FL,1605,0.006,3486,0.003
M,2022,Xavi,5,FL,1819,0.005,3935,0.003
M,2022,Xyaire,5,FL,1819,0.005,3935,0.003
M,2023,Xavier,199,FL,110,0.211,182,0.111
M,2023,Xander,120,FL,184,0.127,329,0.067
M,2023,Xavi,12,FL,1052,0.013,2208,0.007
M,2023,Xavien,10,FL,1160,0.011,2484,0.006
M,2023,Xion,10,FL,1160,0.011,2484,0.006
M,2023,Xavion,9,FL,1255,0.01,2693,0.005
M,2023,Xzavier,8,FL,1347,0.008,2905,0.004
M,2023,Xane,6,FL,1611,0.006,3499,0.003
M,2023,Xavian,6,FL,1611,0.006,3499,0.003
M,2023,Xayden,6,FL,1611,0.006,3499,0.003
M,2023,Xylo,6,FL,1611,0.006,3499,0.003
M,2023,Xaiden,5,FL,1811,0.005,3961,0.003
M,2024,Xavier,188,FL,115,0.197,191,0.104
M,2024,Xander,124,FL,177,0.13,323,0.068
M,2024,Xyleek,13,FL,996,0.014,2095,0.007
M,2024,Xaiden,12,FL,1054,0.013,2217,0.007
M,2024,Xavien,9,FL,1265,0.009,2674,0.005
M,2024,Xavion,9,FL,1265,0.009,2674,0.005
M,2024,Xion,9,FL,1265,0.009,2674,0.005
M,2024,Xzavier,9,FL,1265,0.009,2674,0.005
M,2024,Xavi,8,FL,1364,0.008,2888,0.004
M,2024,Xian,7,FL,1470,0.007,3139,0.004
M,2024,Xavian,6,FL,1623,0.006,3498,0.003
M,2024,Xyaire,6,FL,1623,0.006,3498,0.003
M,2024,Xaden,5,FL,1826,0.005,3942,0.003
M,2024,Xayden,5,FL,1826,0.005,3942,0.003
M,1993,Xavier,5,ND,159,0.122,318,0.068
M,1994,Xavier,5,ND,154,0.126,300,0.072
M,1998,Xavier,5,ND,159,0.142,307,0.081
M,1999,Xavier,8,ND,112,0.237,210,0.134
M,2000,Xavier,5,ND,160,0.146,302,0.086
M,2001,Xavier,9,ND,108,0.291,198,0.16
M,2002,Xavier,13,ND,87,0.387,141,0.229
M,2003,Xander,8,ND,120,0.247,221,0.138
M,2003,Xavier,8,ND,120,0.247,221,0.138
M,2004,Xavier,14,ND,84,0.419,132,0.24
M,2004,Xander,10,ND,104,0.299,178,0.171
M,2005,Xander,11,ND,109,0.312,178,0.185
M,2005,Xavier,9,ND,124,0.255,211,0.151
M,2006,Xander,8,ND,127,0.233,229,0.133
M,2006,Xavier,8,ND,127,0.233,229,0.133
M,2007,Xavier,15,ND,81,0.425,122,0.245
M,2007,Xander,6,ND,172,0.17,319,0.098
M,2008,Xavier,10,ND,110,0.287,196,0.161
M,2008,Xander,9,ND,126,0.258,226,0.145
M,2009,Xavier,9,ND,122,0.271,215,0.151
M,2009,Xander,6,ND,171,0.18,312,0.101
M,2010,Xander,7,ND,155,0.198,285,0.112
M,2010,Xavier,7,ND,155,0.198,285,0.112
M,2011,Xavier,11,ND,102,0.309,174,0.176
M,2011,Xander,6,ND,177,0.169,328,0.096
M,2012,Xavier,12,ND,100,0.312,174,0.18
M,2012,Xander,5,ND,220,0.13,406,0.075
M,2013,Xavier,15,ND,82,0.387,137,0.213
M,2013,Xander,7,ND,172,0.181,327,0.099
M,2014,Xander,8,ND,160,0.19,300,0.105
M,2014,Xavier,8,ND,160,0.19,300,0.105
M,2015,Xavier,15,ND,93,0.352,147,0.2
M,2015,Xander,10,ND,149,0.235,244,0.133
M,2016,Xavier,15,ND,91,0.365,149,0.202
M,2016,Xander,12,ND,118,0.292,199,0.162
M,2017,Xander,9,ND,150,0.223,253,0.127
M,2017,Xavier,9,ND,150,0.223,253,0.127
M,2018,Xander,9,ND,137,0.231,247,0.131
M,2018,Xavier,8,ND,154,0.205,279,0.116
M,2019,Xavier,13,ND,96,0.342,151,0.196
M,2019,Xander,9,ND,146,0.237,246,0.136
M,2020,Xavier,10,ND,121,0.297,212,0.162
M,2020,Xander,7,ND,164,0.208,305,0.114
M,2021,Xavier,11,ND,111,0.312,183,0.173
M,2021,Xander,7,ND,184,0.199,323,0.11
M,2022,Xander,11,ND,101,0.32,171,0.185
M,2022,Xavier,7,ND,167,0.204,308,0.117
M,2023,Xavier,14,ND,70,0.405,119,0.236
M,2024,Xander,5,ND,225,0.153,418,0.086
M,2024,Xavier,5,ND,225,0.153,418,0.086
M,1993,Xavier,6,SD,142,0.137,281,0.077
M,2001,Xavier,5,SD,192,0.13,383,0.073
M,2002,Xavier,18,SD,75,0.455,119,0.261
M,2003,Xavier,9,SD,130,0.223,241,0.124
M,2004,Xavier,16,SD,92,0.378,139,0.22
M,2004,Xander,8,SD,144,0.189,257,0.11
M,2005,Xavier,8,SD,153,0.192,285,0.108
M,2005,Xander,7,SD,161,0.168,310,0.095
M,2006,Xavier,12,SD,108,0.284,176,0.162
M,2006,Xander,5,SD,222,0.118,429,0.067
M,2007,Xavier,15,SD,94,0.35,145,0.199
M,2007,Xander,11,SD,132,0.257,217,0.146
M,2008,Xavier,22,SD,63,0.528,92,0.301
M,2008,Xander,14,SD,101,0.336,155,0.192
M,2009,Xavier,17,SD,81,0.413,120,0.238
M,2009,Xander,10,SD,137,0.243,231,0.14
M,2010,Xander,8,SD,158,0.201,281,0.114
M,2010,Xavier,8,SD,158,0.201,281,0.114
M,2011,Xavier,13,SD,102,0.327,169,0.185
M,2011,Xander,9,SD,146,0.226,252,0.128
M,2012,Xavier,13,SD,101,0.319,162,0.184
M,2012,Xander,6,SD,205,0.147,380,0.085
M,2013,Xander,12,SD,113,0.291,189,0.165
M,2013,Xavier,10,SD,140,0.242,237,0.138
M,2014,Xavier,9,SD,143,0.214,250,0.122
M,2014,Xander,6,SD,215,0.143,390,0.082
M,2015,Xavier,12,SD,119,0.287,187,0.166
M,2015,Xander,8,SD,182,0.191,311,0.111
M,2016,Xander,10,SD,134,0.245,230,0.139
M,2016,Xavier,10,SD,134,0.245,230,0.139
M,2017,Xander,14,SD,89,0.356,148,0.199
M,2017,Xavier,11,SD,118,0.28,200,0.157
M,2018,Xander,12,SD,110,0.316,186,0.175
M,2018,Xavier,11,SD,120,0.29,208,0.16
M,2019,Xander,12,SD,100,0.319,167,0.181
M,2019,Xavier,11,SD,112,0.293,189,0.166
M,2020,Xavier,10,SD,115,0.299,194,0.167
M,2020,Xander,8,SD,140,0.239,248,0.133
M,2021,Xander,6,SD,215,0.159,378,0.091
M,2022,Xavier,12,SD,99,0.328,167,0.192
M,2022,Xander,7,SD,174,0.191,308,0.112
M,2023,Xander,8,SD,153,0.221,266,0.125
M,2023,Xavier,6,SD,201,0.166,367,0.094
M,2024,Xander,5,SD,248,0.135,466,0.074
M,2024,Xavier,5,SD,248,0.135,466,0.074
M,1990,Xavier,6,RI,143,0.09,329,0.049
M,1992,Xavier,7,RI,135,0.109,302,0.06
M,1994,Xavier,8,RI,127,0.135,279,0.075
M,1995,Xavier,11,RI,100,0.196,214,0.108
M,1996,Xavier,10,RI,113,0.181,231,0.102
M,1998,Xavier,11,RI,111,0.204,227,0.115
M,1999,Xavier,8,RI,132,0.156,272,0.086
M,2000,Xavier,17,RI,79,0.323,144,0.187
M,2001,Xavier,18,RI,81,0.356,143,0.199
M,2002,Xavier,29,RI,53,0.559,84,0.319
M,2003,Xavier,26,RI,63,0.495,94,0.284
M,2004,Xavier,21,RI,67,0.417,114,0.234
M,2005,Xavier,25,RI,62,0.505,97,0.287
M,2006,Xavier,14,RI,96,0.289,164,0.167
M,2007,Xavier,32,RI,49,0.67,71,0.389
M,2008,Xavier,35,RI,36,0.777,50,0.452
M,2009,Xavier,33,RI,44,0.781,58,0.453
M,2009,Xzavier,5,RI,197,0.118,391,0.069
M,2010,Xavier,25,RI,52,0.62,73,0.355
M,2011,Xavier,29,RI,45,0.72,62,0.418
M,2012,Xavier,14,RI,90,0.356,145,0.203
M,2013,Xavier,22,RI,57,0.567,87,0.324
M,2013,Xander,7,RI,148,0.181,277,0.103
M,2014,Xavier,18,RI,66,0.467,102,0.267
M,2014,Xander,13,RI,100,0.337,162,0.193
M,2015,Xavier,16,RI,74,0.417,120,0.236
M,2015,Xander,10,RI,117,0.261,206,0.148
M,2016,Xavier,24,RI,49,0.613,72,0.354
M,2016,Xander,7,RI,157,0.179,293,0.103
M,2017,Xavier,17,RI,70,0.478,111,0.266
M,2018,Xavier,10,RI,112,0.284,191,0.159
M,2018,Xander,9,RI,121,0.256,223,0.143
M,2019,Xander,16,RI,72,0.478,116,0.265
M,2019,Xavier,11,RI,98,0.329,173,0.183
M,2020,Xavier,19,RI,54,0.565,88,0.32
M,2020,Xander,9,RI,121,0.268,212,0.151
M,2021,Xander,10,RI,116,0.294,198,0.163
M,2021,Xavier,10,RI,116,0.294,198,0.163
M,2022,Xavier,13,RI,80,0.384,140,0.219
M,2022,Xander,7,RI,165,0.207,291,0.118
M,2023,Xander,8,RI,126,0.248,220,0.142
M,2023,Xavier,6,RI,168,0.186,297,0.107
M,2024,Xander,8,RI,124,0.255,228,0.144
M,2024,Xavier,5,RI,199,0.159,370,0.09
F,1996,Xena,7,OH,913,0.011,1613,0.005
F,1997,Xena,8,OH,859,0.013,1521,0.006
F,1998,Xena,6,OH,1060,0.01,1878,0.005
F,2003,Ximena,5,OH,1303,0.009,2322,0.004
F,2003,Xiomara,5,OH,1303,0.009,2322,0.004
F,2007,Ximena,5,OH,1433,0.009,2562,0.004
F,2009,Xiomara,7,OH,1113,0.013,2070,0.006
F,2010,Ximena,8,OH,998,0.015,1825,0.007
F,2012,Ximena,5,OH,1419,0.01,2594,0.004
F,2012,Xiomara,5,OH,1419,0.01,2594,0.004
F,2013,Ximena,12,OH,751,0.023,1403,0.011
F,2014,Ximena,13,OH,723,0.025,1368,0.011
F,2015,Ximena,13,OH,740,0.025,1388,0.012
F,2016,Ximena,18,OH,555,0.035,1077,0.016
F,2016,Xena,5,OH,1462,0.01,2660,0.004
F,2017,Ximena,16,OH,637,0.031,1205,0.015
F,2018,Ximena,17,OH,610,0.033,1156,0.016
F,2018,Xiomara,7,OH,1142,0.014,2128,0.006
F,2018,Xena,5,OH,1449,0.01,2663,0.005
F,2018,Xyla,5,OH,1449,0.01,2663,0.005
F,2019,Ximena,19,OH,565,0.038,1072,0.018
F,2020,Ximena,19,OH,533,0.04,1041,0.019
F,2020,Xena,13,OH,705,0.027,1377,0.013
F,2020,Xyla,5,OH,1440,0.01,2676,0.005
F,2021,Ximena,13,OH,728,0.027,1391,0.013
F,2021,Xiomara,6,OH,1283,0.012,2387,0.006
F,2022,Ximena,19,OH,540,0.04,1055,0.019
F,2022,Xiomara,13,OH,741,0.027,1403,0.013
F,2022,Xyla,8,OH,1016,0.017,1947,0.008
F,2022,Xena,7,OH,1126,0.015,2164,0.007
F,2023,Ximena,10,OH,881,0.021,1684,0.01
F,2023,Xiomara,9,OH,953,0.019,1814,0.009
F,2023,Xolani,7,OH,1132,0.015,2153,0.007
F,2023,Xyla,7,OH,1132,0.015,2153,0.007
F,2023,Xena,5,OH,1434,0.011,2718,0.005
F,2024,Xyla,9,OH,944,0.019,1796,0.009
F,2024,Ximena,8,OH,1020,0.017,1954,0.008
F,2024,Xiomara,5,OH,1428,0.011,2715,0.005
M,1971,Xavier,6,OH,631,0.007,1548,0.003
M,1983,Xavier,10,OH,444,0.013,1070,0.007
M,1984,Xavier,6,OH,598,0.008,1476,0.004
M,1986,Xavier,13,OH,394,0.017,948,0.009
M,1987,Xavier,11,OH,459,0.014,1065,0.008
M,1988,Xavier,12,OH,433,0.016,1033,0.008
M,1989,Xavier,20,OH,333,0.026,756,0.014
M,1990,Xavier,36,OH,238,0.045,523,0.024
M,1991,Xavier,46,OH,209,0.058,441,0.031
M,1992,Xavier,45,OH,220,0.058,459,0.031
M,1993,Xavier,60,OH,173,0.08,365,0.043
M,1994,Xavier,63,OH,167,0.086,350,0.046
M,1995,Xavier,68,OH,161,0.095,336,0.05
M,1996,Xavier,54,OH,188,0.077,386,0.041
M,1997,Xavier,70,OH,158,0.1,329,0.053
M,1998,Xavier,78,OH,156,0.111,313,0.059
M,1999,Xavier,107,OH,132,0.154,252,0.082
M,2000,Xavier,102,OH,139,0.145,267,0.077
M,2000,Xander,9,OH,673,0.013,1480,0.007
M,2000,Xzavier,5,OH,959,0.007,2257,0.004
M,2001,Xavier,115,OH,127,0.169,234,0.09
M,2001,Xander,6,OH,868,0.009,1957,0.005
M,2001,Xzavier,6,OH,868,0.009,1957,0.005
M,2001,Xavior,5,OH,971,0.007,2222,0.004
M,2002,Xavier,158,OH,98,0.236,171,0.126
M,2002,Xander,18,OH,419,0.027,908,0.014
M,2002,Xavior,6,OH,891,0.009,2002,0.005
M,2003,Xavier,188,OH,88,0.28,153,0.15
M,2003,Xander,76,OH,169,0.113,323,0.061
M,2003,Xzavier,11,OH,605,0.016,1328,0.009
M,2003,Xavion,5,OH,1020,0.007,2322,0.004
M,2004,Xavier,219,OH,75,0.329,129,0.176
M,2004,Xander,57,OH,206,0.086,412,0.046
M,2004,Xzavier,12,OH,580,0.018,1271,0.01
M,2005,Xavier,219,OH,74,0.334,127,0.178
M,2005,Xander,78,OH,173,0.119,332,0.064
M,2005,Xzavier,17,OH,477,0.026,1029,0.014
M,2006,Xavier,233,OH,73,0.351,120,0.188
M,2006,Xander,74,OH,173,0.111,340,0.06
M,2006,Xzavier,8,OH,821,0.012,1817,0.006
M,2006,Xavior,5,OH,1095,0.008,2488,0.004
M,2007,Xavier,264,OH,69,0.402,101,0.215
M,2007,Xander,61,OH,202,0.093,397,0.05
M,2007,Xzavier,16,OH,535,0.024,1134,0.013
M,2007,Xzavion,6,OH,1017,0.009,2273,0.005
M,2007,Xavion,5,OH,1130,0.008,2562,0.004
M,2008,Xavier,253,OH,69,0.393,111,0.209
M,2008,Xander,69,OH,185,0.107,356,0.057
M,2008,Xzavier,20,OH,445,0.031,948,0.017
M,2008,Xavior,6,OH,1021,0.009,2268,0.005
M,2008,Xavion,5,OH,1159,0.008,2573,0.004
M,2009,Xavier,257,OH,63,0.41,96,0.22
M,2009,Xander,72,OH,181,0.115,346,0.061
M,2009,Xzavier,16,OH,540,0.026,1174,0.014
M,2009,Xavior,10,OH,758,0.016,1619,0.009
M,2009,Xavion,6,OH,1048,0.01,2292,0.005
M,2009,Xzavion,5,OH,1157,0.008,2590,0.004
M,2010,Xavier,234,OH,70,0.387,104,0.208
M,2010,Xander,75,OH,169,0.124,317,0.067
M,2010,Xzavier,19,OH,457,0.031,943,0.017
M,2010,Xavior,10,OH,709,0.017,1556,0.009
M,2011,Xavier,241,OH,67,0.404,100,0.217
M,2011,Xander,90,OH,150,0.151,277,0.081
M,2011,Xzavier,19,OH,464,0.032,974,0.017
M,2011,Xavior,6,OH,1013,0.01,2219,0.005
M,2011,Xayden,5,OH,1137,0.008,2538,0.004
M,2012,Xavier,231,OH,70,0.387,106,0.208
M,2012,Xander,74,OH,175,0.124,334,0.066
M,2012,Xzavier,14,OH,591,0.023,1257,0.013
M,2012,Xavion,6,OH,1044,0.01,2267,0.005
M,2013,Xavier,219,OH,74,0.367,110,0.195
M,2013,Xander,80,OH,168,0.134,317,0.071
M,2013,Xzavier,14,OH,593,0.023,1253,0.012
M,2013,Xavion,5,OH,1180,0.008,2637,0.004
M,2014,Xavier,184,OH,83,0.305,133,0.163
M,2014,Xander,84,OH,165,0.139,307,0.074
M,2014,Xzavier,7,OH,980,0.012,2122,0.006
M,2014,Xavion,6,OH,1075,0.01,2362,0.005
M,2014,Xaiden,5,OH,1189,0.008,2647,0.004
M,2015,Xavier,212,OH,74,0.352,110,0.188
M,2015,Xander,92,OH,163,0.153,287,0.081
M,2015,Xzavier,13,OH,649,0.022,1388,0.012
M,2016,Xavier,181,OH,86,0.305,131,0.163
M,2016,Xander,93,OH,157,0.157,278,0.084
M,2016,Xzavier,7,OH,961,0.012,2111,0.006
M,2017,Xavier,208,OH,67,0.357,106,0.189
M,2017,Xander,134,OH,111,0.23,187,0.122
M,2017,Xzavier,12,OH,698,0.021,1467,0.011
M,2017,Xayden,5,OH,1202,0.009,2660,0.005
M,2018,Xavier,187,OH,72,0.327,121,0.173
M,2018,Xander,107,OH,139,0.187,233,0.099
M,2018,Xzavier,10,OH,784,0.017,1673,0.009
M,2018,Xaiden,5,OH,1215,0.009,2663,0.005
M,2019,Xavier,194,OH,69,0.343,112,0.181
M,2019,Xander,105,OH,135,0.186,229,0.098
M,2019,Xzavier,11,OH,750,0.019,1570,0.01
M,2019,Xaiden,5,OH,1256,0.009,2699,0.005
M,2020,Xavier,159,OH,82,0.292,132,0.155
M,2020,Xander,76,OH,181,0.14,308,0.074
M,2020,Xion,6,OH,1115,0.011,2388,0.006
M,2020,Xavion,5,OH,1237,0.009,2676,0.005
M,2020,Xzavier,5,OH,1237,0.009,2676,0.005
M,2021,Xavier,163,OH,80,0.301,131,0.159
M,2021,Xander,71,OH,196,0.131,345,0.069
M,2021,Xavion,6,OH,1105,0.011,2387,0.006
M,2021,Xayvion,5,OH,1232,0.009,2689,0.005
M,2022,Xavier,134,OH,98,0.253,161,0.133
M,2022,Xander,84,OH,161,0.158,285,0.083
M,2022,Xaiden,5,OH,1281,0.009,2703,0.005
M,2022,Xzavier,5,OH,1281,0.009,2703,0.005
M,2023,Xavier,146,OH,82,0.279,135,0.147
M,2023,Xander,80,OH,164,0.153,290,0.081
M,2023,Xzavier,10,OH,804,0.019,1684,0.01
M,2024,Xavier,108,OH,125,0.206,213,0.109
M,2024,Xander,51,OH,249,0.097,459,0.051
M,2024,Xzavier,8,OH,935,0.015,1954,0.008
M,2024,Xaden,5,OH,1288,0.01,2715,0.005
M,2024,Xaiden,5,OH,1288,0.01,2715,0.005
M,2024,Xavion,5,OH,1288,0.01,2715,0.005
F,1993,Xavier,5,AL,610,0.023,1142,0.011
F,1996,Xena,5,AL,618,0.024,1181,0.011
F,2005,Ximena,6,AL,620,0.03,1189,0.014
F,2007,Ximena,5,AL,805,0.023,1477,0.011
F,2008,Ximena,6,AL,694,0.029,1309,0.013
F,2008,Xiomara,6,AL,694,0.029,1309,0.013
F,2009,Ximena,5,AL,797,0.025,1472,0.011
F,2010,Ximena,8,AL,533,0.042,1032,0.019
F,2011,Ximena,6,AL,665,0.032,1262,0.014
F,2012,Ximena,6,AL,635,0.033,1206,0.015
F,2013,Ximena,12,AL,357,0.064,720,0.029
F,2014,Ximena,13,AL,340,0.067,682,0.031
F,2015,Ximena,10,AL,449,0.051,894,0.023
F,2016,Ximena,13,AL,366,0.067,741,0.031
F,2017,Ximena,18,AL,260,0.094,543,0.043
F,2018,Ximena,13,AL,375,0.07,745,0.031
F,2020,Ximena,15,AL,331,0.08,662,0.037
F,2021,Ximena,9,AL,529,0.047,1028,0.022
F,2021,Xyla,6,AL,734,0.031,1400,0.015
F,2022,Ximena,8,AL,588,0.042,1150,0.019
F,2023,Ximena,10,AL,482,0.054,960,0.025
F,2023,Xiomara,8,AL,559,0.043,1122,0.02
F,2023,Xyla,5,AL,809,0.027,1579,0.012
F,2024,Ximena,12,AL,412,0.064,827,0.03
F,2024,Xyla,7,AL,633,0.038,1270,0.017
M,1962,Xavier,6,AL,446,0.016,987,0.009
M,1963,Xavier,5,AL,479,0.014,1087,0.007
M,1966,Xavier,5,AL,441,0.016,1019,0.009
M,1968,Xavier,8,AL,352,0.028,789,0.015
M,1970,Xavier,9,AL,349,0.029,758,0.016
M,1971,Xavier,9,AL,338,0.03,745,0.016
M,1972,Xavier,8,AL,354,0.029,775,0.015
M,1973,Xavier,7,AL,373,0.026,820,0.014
M,1974,Xavier,7,AL,384,0.026,833,0.014
M,1975,Xavier,11,AL,296,0.043,638,0.023
M,1976,Xavier,9,AL,321,0.036,698,0.019
M,1977,Xavier,10,AL,320,0.037,685,0.02
M,1978,Xavier,9,AL,314,0.035,702,0.019
M,1979,Xavier,11,AL,286,0.041,633,0.022
M,1980,Xavier,12,AL,280,0.044,595,0.024
M,1981,Xavier,12,AL,274,0.046,590,0.024
M,1982,Xavier,10,AL,300,0.038,639,0.021
M,1983,Xavier,14,AL,245,0.055,511,0.03
M,1984,Xavier,10,AL,299,0.039,646,0.021
M,1985,Xavier,16,AL,227,0.063,454,0.034
M,1986,Xavier,20,AL,196,0.079,382,0.043
M,1987,Xavier,27,AL,164,0.107,313,0.058
M,1988,Xavier,35,AL,132,0.136,248,0.074
M,1989,Xavier,27,AL,180,0.1,329,0.054
M,1990,Xavier,36,AL,150,0.133,272,0.073
M,1991,Xavier,33,AL,151,0.125,276,0.068
M,1992,Xavier,42,AL,131,0.159,241,0.088
M,1993,Xavier,60,AL,91,0.232,162,0.127
M,1994,Xavier,58,AL,84,0.23,163,0.126
M,1995,Xavier,41,AL,115,0.166,228,0.09
M,1996,Xavier,45,AL,114,0.18,208,0.099
M,1997,Xavier,49,AL,105,0.199,194,0.108
M,1998,Xavier,57,AL,95,0.226,176,0.124
M,1999,Xavier,57,AL,97,0.229,176,0.124
M,2000,Xavier,53,AL,106,0.21,193,0.114
M,2000,Xzavier,10,AL,383,0.04,789,0.022
M,2001,Xavier,66,AL,90,0.274,151,0.15
M,2001,Xzavier,8,AL,447,0.033,912,0.018
M,2002,Xavier,65,AL,81,0.28,145,0.152
M,2002,Xzavier,9,AL,401,0.039,823,0.021
M,2002,Xander,5,AL,587,0.022,1248,0.012
M,2003,Xavier,72,AL,77,0.305,133,0.166
M,2003,Xander,22,AL,211,0.093,402,0.051
M,2003,Xzavier,9,AL,409,0.038,844,0.021
M,2004,Xavier,63,AL,87,0.268,151,0.147
M,2004,Xander,18,AL,245,0.077,482,0.042
M,2004,Xzavier,9,AL,424,0.038,875,0.021
M,2005,Xavier,64,AL,91,0.27,155,0.147
M,2005,Xander,10,AL,405,0.042,829,0.023
M,2005,Xzavier,5,AL,646,0.021,1362,0.012
M,2006,Xavier,83,AL,71,0.329,115,0.182
M,2006,Xander,17,AL,275,0.067,555,0.037
M,2006,Xzavier,11,AL,386,0.044,812,0.024
M,2006,Xavion,6,AL,578,0.024,1228,0.013
M,2007,Xavier,73,AL,77,0.291,130,0.157
M,2007,Xzavier,11,AL,404,0.044,843,0.024
M,2007,Xander,10,AL,436,0.04,919,0.022
M,2008,Xavier,60,AL,102,0.239,177,0.13
M,2008,Xander,10,AL,444,0.04,901,0.022
M,2008,Xzavier,6,AL,616,0.024,1309,0.013
M,2008,Xavion,5,AL,692,0.02,1491,0.011
M,2009,Xavier,61,AL,98,0.253,171,0.138
M,2009,Xander,13,AL,343,0.054,706,0.029
M,2009,Xzavier,8,AL,504,0.033,1058,0.018
M,2009,Xavion,7,AL,551,0.029,1161,0.016
M,2010,Xavier,64,AL,94,0.274,154,0.151
M,2010,Xander,16,AL,277,0.069,560,0.038
M,2010,Xzavier,6,AL,636,0.026,1298,0.014
M,2011,Xavier,58,AL,102,0.253,166,0.139
M,2011,Xander,20,AL,238,0.087,453,0.048
M,2011,Xzavier,5,AL,683,0.022,1458,0.012
M,2012,Xavier,53,AL,98,0.239,173,0.13
M,2012,Xander,17,AL,274,0.077,537,0.042
M,2013,Xavier,44,AL,126,0.197,226,0.107
M,2013,Xander,23,AL,222,0.103,416,0.056
M,2013,Xzavier,5,AL,664,0.022,1429,0.012
M,2014,Xavier,38,AL,149,0.165,268,0.09
M,2014,Xander,20,AL,255,0.087,490,0.047
M,2014,Xzavier,7,AL,534,0.03,1138,0.016
M,2015,Xavier,38,AL,150,0.164,268,0.089
M,2015,Xander,20,AL,263,0.086,505,0.047
M,2015,Xaiden,6,AL,618,0.026,1303,0.014
M,2016,Xavier,47,AL,119,0.204,207,0.111
M,2016,Xander,27,AL,205,0.117,375,0.064
M,2016,Xzavier,6,AL,627,0.026,1297,0.014
M,2017,Xavier,41,AL,141,0.179,239,0.098
M,2017,Xander,23,AL,246,0.101,448,0.055
M,2018,Xavier,46,AL,125,0.203,213,0.111
M,2018,Xander,26,AL,225,0.115,399,0.063
M,2018,Xzavier,7,AL,584,0.031,1212,0.017
M,2019,Xavier,49,AL,127,0.216,204,0.118
M,2019,Xander,42,AL,145,0.186,243,0.101
M,2020,Xavier,39,AL,153,0.179,256,0.096
M,2020,Xander,23,AL,243,0.106,450,0.057
M,2020,Xzavion,5,AL,727,0.023,1524,0.012
M,2021,Xavier,42,AL,135,0.191,236,0.102
M,2021,Xander,33,AL,174,0.15,304,0.08
M,2022,Xavier,56,AL,106,0.254,175,0.136
M,2022,Xander,34,AL,170,0.154,312,0.083
M,2023,Xavier,33,AL,167,0.151,307,0.082
M,2023,Xander,20,AL,274,0.091,513,0.049
M,2024,Xavier,39,AL,140,0.179,255,0.096
M,2024,Xander,25,AL,226,0.115,402,0.062
F,1978,Xiomara,5,CT,396,0.035,702,0.016
F,1984,Xiomara,5,CT,402,0.031,729,0.014
F,1985,Xiomara,5,CT,419,0.029,739,0.014
F,1989,Xiomara,7,CT,370,0.037,677,0.017
F,1990,Xiomara,5,CT,490,0.026,879,0.012
F,1991,Xiomara,10,CT,295,0.054,540,0.025
F,1992,Xiomara,6,CT,418,0.034,755,0.015
F,1993,Xiomara,5,CT,478,0.028,852,0.013
F,1999,Xiomara,5,CT,478,0.033,852,0.015
F,2000,Xiomara,5,CT,464,0.033,850,0.015
F,2003,Xiomara,5,CT,509,0.034,919,0.015
F,2007,Xiomara,7,CT,411,0.051,761,0.023
F,2008,Xiomara,5,CT,514,0.038,966,0.017
F,2014,Ximena,5,CT,500,0.041,972,0.019
F,2017,Xena,5,CT,508,0.042,969,0.019
F,2019,Ximena,5,CT,516,0.043,950,0.02
M,1983,Xavier,8,CT,227,0.043,522,0.023
M,1984,Xavier,6,CT,292,0.031,653,0.017
M,1985,Xavier,12,CT,187,0.06,406,0.032
M,1986,Xavier,10,CT,214,0.049,471,0.027
M,1987,Xavier,9,CT,238,0.042,533,0.023
M,1988,Xavier,18,CT,160,0.083,336,0.044
M,1989,Xavier,12,CT,219,0.054,461,0.029
M,1990,Xavier,23,CT,141,0.102,289,0.055
M,1991,Xavier,21,CT,138,0.097,297,0.052
M,1992,Xavier,25,CT,127,0.119,270,0.064
M,1993,Xavier,29,CT,116,0.143,240,0.076
M,1994,Xavier,26,CT,124,0.132,257,0.071
M,1995,Xavier,25,CT,124,0.129,264,0.07
M,1996,Xavier,33,CT,114,0.172,233,0.093
M,1997,Xavier,27,CT,126,0.146,264,0.08
M,1998,Xavier,37,CT,107,0.199,209,0.108
M,1999,Xavier,44,CT,89,0.241,172,0.131
M,2000,Xavier,45,CT,98,0.247,180,0.135
M,2001,Xavier,51,CT,88,0.283,163,0.155
M,2002,Xavier,80,CT,56,0.452,94,0.247
M,2002,Xander,5,CT,405,0.028,888,0.015
M,2003,Xavier,65,CT,71,0.365,120,0.199
M,2003,Xander,8,CT,298,0.045,652,0.025
M,2004,Xavier,71,CT,68,0.408,112,0.224
M,2004,Xander,8,CT,300,0.046,658,0.025
M,2005,Xavier,56,CT,80,0.334,137,0.181
M,2005,Xander,5,CT,420,0.03,922,0.016
M,2005,Xzavier,5,CT,420,0.03,922,0.016
M,2006,Xavier,89,CT,56,0.529,83,0.291
M,2007,Xavier,82,CT,57,0.494,87,0.27
M,2007,Xander,5,CT,443,0.03,983,0.016
M,2008,Xavier,71,CT,62,0.439,99,0.243
M,2008,Xander,6,CT,406,0.037,853,0.021
M,2009,Xavier,84,CT,51,0.549,73,0.301
M,2009,Xander,6,CT,402,0.039,844,0.021
M,2009,Xzavier,6,CT,402,0.039,844,0.021
M,2010,Xavier,85,CT,49,0.579,68,0.316
M,2010,Xander,12,CT,232,0.082,492,0.045
M,2010,Xzavier,9,CT,284,0.061,612,0.033
M,2011,Xavier,68,CT,62,0.465,90,0.255
M,2011,Xander,10,CT,265,0.068,555,0.037
M,2012,Xavier,67,CT,61,0.467,90,0.257
M,2012,Xander,11,CT,254,0.077,521,0.042
M,2013,Xavier,60,CT,66,0.42,101,0.23
M,2013,Xander,15,CT,210,0.105,405,0.058
M,2014,Xavier,55,CT,68,0.376,114,0.206
M,2014,Xander,10,CT,284,0.068,585,0.037
M,2015,Xavier,49,CT,86,0.34,138,0.185
M,2015,Xander,13,CT,233,0.09,483,0.049
M,2016,Xavier,36,CT,106,0.255,184,0.136
M,2016,Xander,22,CT,159,0.156,298,0.083
M,2017,Xavier,52,CT,75,0.37,121,0.201
M,2017,Xander,20,CT,175,0.142,329,0.077
M,2018,Xavier,49,CT,76,0.353,127,0.193
M,2018,Xander,24,CT,154,0.173,272,0.094
M,2019,Xavier,26,CT,129,0.197,242,0.105
M,2019,Xander,17,CT,193,0.129,374,0.068
M,2020,Xavier,26,CT,139,0.198,240,0.107
M,2020,Xander,19,CT,185,0.145,326,0.078
M,2021,Xavier,37,CT,104,0.265,176,0.142
M,2021,Xander,23,CT,165,0.165,296,0.089
M,2022,Xavier,30,CT,131,0.215,222,0.116
M,2022,Xander,21,CT,170,0.151,304,0.081
M,2023,Xavier,39,CT,94,0.295,162,0.158
M,2023,Xander,19,CT,186,0.144,341,0.077
M,2024,Xavier,25,CT,146,0.188,263,0.101
M,2024,Xander,19,CT,185,0.143,334,0.077
F,1997,Xena,6,WA,720,0.021,1305,0.01
F,1998,Xochitl,5,WA,857,0.017,1544,0.008
F,2002,Xiomara,5,WA,889,0.018,1606,0.008
F,2003,Ximena,5,WA,908,0.017,1630,0.008
F,2003,Xiomara,5,WA,908,0.017,1630,0.008
F,2004,Ximena,8,WA,659,0.028,1224,0.013
F,2004,Xitlali,5,WA,910,0.017,1659,0.008
F,2005,Ximena,16,WA,390,0.055,762,0.025
F,2006,Ximena,7,WA,772,0.023,1426,0.01
F,2007,Ximena,11,WA,577,0.035,1097,0.016
F,2007,Xiomara,7,WA,817,0.022,1514,0.01
F,2007,Xitlaly,7,WA,817,0.022,1514,0.01
F,2008,Ximena,17,WA,429,0.053,828,0.025
F,2008,Xiomara,9,WA,697,0.028,1302,0.013
F,2009,Ximena,19,WA,375,0.061,752,0.028
F,2009,Xiomara,10,WA,643,0.032,1208,0.015
F,2010,Ximena,23,WA,309,0.076,619,0.035
F,2010,Xiomara,6,WA,930,0.02,1716,0.009
F,2010,Xochitl,5,WA,1079,0.016,1982,0.008
F,2011,Ximena,26,WA,277,0.086,573,0.039
F,2011,Xiomara,5,WA,1074,0.017,1974,0.008
F,2012,Ximena,21,WA,348,0.069,689,0.032
F,2013,Ximena,33,WA,210,0.111,469,0.05
F,2014,Ximena,51,WA,140,0.162,317,0.075
F,2014,Xitlali,5,WA,1100,0.016,2031,0.007
F,2015,Ximena,61,WA,112,0.195,255,0.09
F,2015,Xiomara,5,WA,1110,0.016,2056,0.007
F,2016,Ximena,53,WA,130,0.165,307,0.077
F,2016,Xiomara,11,WA,597,0.034,1183,0.016
F,2017,Ximena,65,WA,95,0.209,229,0.098
F,2017,Xiomara,7,WA,836,0.023,1603,0.011
F,2018,Ximena,59,WA,100,0.194,246,0.091
F,2018,Xyla,5,WA,1071,0.016,1999,0.008
F,2019,Ximena,48,WA,140,0.161,322,0.075
F,2019,Xiomara,11,WA,604,0.037,1183,0.017
F,2019,Xena,5,WA,1057,0.017,1994,0.008
F,2019,Xochitl,5,WA,1057,0.017,1994,0.008
F,2020,Ximena,59,WA,103,0.203,249,0.095
F,2020,Xiomara,15,WA,456,0.052,920,0.024
F,2020,Xochitl,7,WA,842,0.024,1609,0.011
F,2021,Ximena,53,WA,117,0.18,271,0.084
F,2021,Xiomara,11,WA,591,0.037,1177,0.017
F,2021,Xena,5,WA,1092,0.017,2064,0.008
F,2022,Ximena,45,WA,141,0.157,324,0.073
F,2022,Xiomara,15,WA,451,0.052,927,0.024
F,2022,Xyla,8,WA,738,0.028,1479,0.013
F,2022,Xochitl,5,WA,1071,0.017,2067,0.008
F,2023,Ximena,39,WA,168,0.138,368,0.065
F,2023,Xiomara,19,WA,363,0.067,736,0.032
F,2023,Xochitl,7,WA,854,0.025,1649,0.012
F,2024,Ximena,46,WA,145,0.159,323,0.075
F,2024,Xiomara,26,WA,283,0.09,575,0.042
F,2024,Xyla,7,WA,829,0.024,1624,0.011
M,1961,Xavier,6,WA,359,0.019,841,0.01
M,1976,Xavier,5,WA,407,0.021,967,0.011
M,1983,Xavier,5,WA,465,0.016,1110,0.009
M,1985,Xavier,5,WA,475,0.016,1133,0.008
M,1986,Xavier,7,WA,397,0.022,937,0.012
M,1987,Xavier,11,WA,295,0.035,679,0.019
M,1988,Xavier,13,WA,287,0.04,634,0.021
M,1989,Xavier,15,WA,275,0.044,599,0.024
M,1990,Xavier,23,WA,220,0.064,460,0.034
M,1991,Xavier,18,WA,276,0.05,574,0.027
M,1992,Xavier,18,WA,282,0.05,582,0.027
M,1993,Xavier,25,WA,229,0.072,457,0.039
M,1994,Xavier,21,WA,254,0.062,518,0.034
M,1995,Xavier,32,WA,196,0.096,383,0.052
M,1996,Xavier,26,WA,233,0.077,472,0.042
M,1997,Xavier,40,WA,176,0.119,337,0.064
M,1998,Xavier,40,WA,181,0.116,336,0.063
M,1999,Xavier,50,WA,153,0.145,282,0.078
M,1999,Xander,8,WA,528,0.023,1161,0.013
M,2000,Xavier,59,WA,141,0.17,254,0.092
M,2000,Xander,6,WA,621,0.017,1390,0.009
M,2001,Xavier,53,WA,154,0.157,272,0.085
M,2001,Xander,11,WA,435,0.033,935,0.018
M,2002,Xavier,55,WA,144,0.164,262,0.089
M,2002,Xander,16,WA,331,0.048,707,0.026
M,2003,Xavier,77,WA,117,0.228,194,0.123
M,2003,Xander,32,WA,226,0.095,430,0.051
M,2004,Xavier,89,WA,104,0.258,166,0.141
M,2004,Xander,39,WA,192,0.113,362,0.062
M,2005,Xavier,75,WA,117,0.216,196,0.117
M,2005,Xander,42,WA,192,0.121,349,0.066
M,2005,Xzavier,5,WA,807,0.014,1765,0.008
M,2006,Xavier,89,WA,101,0.245,171,0.133
M,2006,Xander,39,WA,213,0.107,395,0.058
M,2007,Xavier,92,WA,104,0.248,170,0.134
M,2007,Xander,41,WA,207,0.11,382,0.06
M,2007,Xzavier,6,WA,770,0.016,1674,0.009
M,2008,Xavier,97,WA,97,0.26,160,0.14
M,2008,Xander,42,WA,205,0.113,375,0.061
M,2008,Xzavier,10,WA,572,0.027,1217,0.014
M,2009,Xavier,107,WA,87,0.29,137,0.157
M,2009,Xander,37,WA,228,0.1,425,0.054
M,2009,Xzavier,13,WA,479,0.035,1003,0.019
M,2010,Xavier,92,WA,95,0.259,154,0.14
M,2010,Xander,44,WA,194,0.124,345,0.067
M,2010,Xzavier,6,WA,787,0.017,1716,0.009
M,2011,Xavier,93,WA,95,0.259,152,0.141
M,2011,Xander,46,WA,190,0.128,342,0.07
M,2011,Xavi,8,WA,671,0.022,1416,0.012
M,2011,Xzavier,7,WA,721,0.019,1557,0.011
M,2012,Xavier,99,WA,92,0.276,141,0.149
M,2012,Xander,55,WA,161,0.153,287,0.083
M,2012,Xavi,7,WA,729,0.019,1577,0.011
M,2012,Xzavier,7,WA,729,0.019,1577,0.011
M,2013,Xavier,80,WA,116,0.224,190,0.122
M,2013,Xander,34,WA,251,0.095,453,0.052
M,2013,Xzavier,13,WA,492,0.036,987,0.02
M,2014,Xavier,77,WA,125,0.212,205,0.114
M,2014,Xander,57,WA,151,0.157,270,0.084
M,2014,Xavi,5,WA,932,0.014,2031,0.007
M,2014,Xzavier,5,WA,932,0.014,2031,0.007
M,2015,Xavier,104,WA,96,0.283,152,0.153
M,2015,Xander,61,WA,144,0.166,255,0.09
M,2015,Xzavier,6,WA,844,0.016,1774,0.009
M,2016,Xavier,84,WA,116,0.227,189,0.121
M,2016,Xander,45,WA,202,0.122,366,0.065
M,2016,Xzavier,9,WA,667,0.024,1383,0.013
M,2017,Xavier,85,WA,103,0.239,176,0.128
M,2017,Xander,59,WA,151,0.166,260,0.089
M,2017,Xzavier,6,WA,858,0.017,1803,0.009
M,2018,Xavier,90,WA,99,0.261,162,0.139
M,2018,Xander,49,WA,181,0.142,318,0.075
M,2018,Xzavier,9,WA,646,0.026,1348,0.014
M,2019,Xavier,82,WA,107,0.241,175,0.128
M,2019,Xander,56,WA,158,0.164,273,0.088
M,2019,Xavi,5,WA,938,0.015,1994,0.008
M,2020,Xavier,65,WA,135,0.196,222,0.104
M,2020,Xander,46,WA,182,0.139,332,0.074
M,2020,Xzavier,7,WA,768,0.021,1609,0.011
M,2021,Xavier,80,WA,108,0.24,176,0.127
M,2021,Xander,33,WA,252,0.099,466,0.052
M,2022,Xavier,81,WA,101,0.244,166,0.131
M,2022,Xander,37,WA,214,0.111,388,0.06
M,2022,Xaiden,5,WA,997,0.015,2067,0.008
M,2023,Xavier,68,WA,113,0.215,189,0.114
M,2023,Xander,34,WA,226,0.107,423,0.057
M,2023,Xayden,6,WA,881,0.019,1822,0.01
M,2024,Xavier,66,WA,117,0.204,207,0.107
M,2024,Xander,34,WA,236,0.105,434,0.055
M,2024,Xavi,7,WA,796,0.022,1624,0.011
M,2024,Xavian,6,WA,883,0.019,1832,0.01
M,1988,Xavier,6,AK,155,0.139,297,0.079
M,1989,Xavier,5,AK,170,0.115,351,0.063
M,1993,Xavier,7,AK,135,0.177,266,0.1
M,1995,Xavier,5,AK,165,0.139,316,0.08
M,1996,Xavier,7,AK,126,0.197,239,0.115
M,1997,Xavier,7,AK,126,0.209,235,0.119
M,1999,Xavier,8,AK,116,0.236,220,0.139
M,2000,Xavier,7,AK,129,0.211,239,0.125
M,2001,Xavier,7,AK,135,0.213,248,0.124
M,2002,Xavier,7,AK,135,0.219,238,0.128
M,2003,Xander,8,AK,122,0.249,215,0.147
M,2003,Xavier,7,AK,137,0.218,247,0.129
M,2004,Xander,13,AK,85,0.397,133,0.232
M,2004,Xavier,6,AK,158,0.183,298,0.107
M,2005,Xander,5,AK,185,0.151,354,0.089
M,2005,Xavier,5,AK,185,0.151,354,0.089
M,2006,Xavier,12,AK,87,0.359,146,0.209
M,2007,Xavier,16,AK,68,0.462,101,0.275
M,2007,Xander,10,AK,113,0.289,189,0.172
M,2008,Xavier,15,AK,76,0.427,113,0.252
M,2009,Xavier,11,AK,101,0.317,165,0.189
M,2009,Xander,7,AK,155,0.201,270,0.121
M,2010,Xavier,16,AK,70,0.464,104,0.273
M,2010,Xander,6,AK,170,0.174,309,0.102
M,2011,Xavier,9,AK,124,0.264,205,0.152
M,2011,Xander,5,AK,204,0.147,385,0.084
M,2012,Xavier,9,AK,119,0.268,200,0.159
M,2012,Xander,8,AK,136,0.238,233,0.141
M,2013,Xavier,9,AK,131,0.257,216,0.152
M,2013,Xander,5,AK,214,0.143,399,0.084
M,2014,Xander,13,AK,88,0.369,143,0.212
M,2014,Xavier,12,AK,92,0.341,153,0.196
M,2015,Xander,10,AK,113,0.293,189,0.171
M,2015,Xavier,7,AK,167,0.205,283,0.12
M,2016,Xavier,7,AK,167,0.213,292,0.123
M,2016,Xander,5,AK,217,0.152,394,0.088
M,2017,Xander,8,AK,138,0.264,228,0.152
M,2017,Xavier,8,AK,138,0.264,228,0.152
M,2018,Xavier,10,AK,90,0.34,152,0.2
M,2018,Xander,8,AK,115,0.272,205,0.16
M,2019,Xander,11,AK,85,0.38,140,0.225
M,2019,Xavier,8,AK,121,0.276,203,0.163
M,2020,Xavier,8,AK,103,0.313,186,0.179
M,2021,Xavier,8,AK,109,0.313,187,0.184
M,2021,Xander,6,AK,159,0.235,270,0.138
M,2022,Xavier,10,AK,81,0.408,137,0.234
M,2022,Xander,6,AK,151,0.245,265,0.14
M,2023,Xavier,7,AK,127,0.298,213,0.177
M,2024,Xavier,7,AK,124,0.314,209,0.181
M,2024,Xander,5,AK,161,0.225,294,0.129
